base_no,direction,period,day_type,tzon,n_days,n_obs,cgst_mean_raw,cgst_p90,level,est_pax,grade,grade_name,congested_days_ratio,duration_hours,peak_sttn_label,peak_sttn_level
111,상행,학기,평일,20,14,15,3.21,6.1,3.27,1,T1,여유,0.0,,건강보험심사평가원(상행),3.33
111,상행,학기,평일,21,24,155,4.62,7.8,4.42,2,T1,여유,0.0,,KTX만종역(상행),8.54
111,상행,학기,평일,22,38,56,2.77,7.0,2.85,1,T1,여유,0.0,,중흥2단지(상행),3.47
111,상행,학기,평일,23,1,1,2.0,2.0,3.18,1,T1,여유,0.0,,부영아파트사거리(상행),4.91
111,상행,학기,토요일,21,2,10,4.4,4.72,4.69,2,T1,여유,0.0,,부영아파트(상행),5.0
111,상행,학기,토요일,22,9,11,4.89,7.4,4.86,2,T1,여유,0.0,,시외.고속버스터미널(상행),6.38
111,상행,학기,일요일·공휴일,21,5,26,3.87,5.44,4.44,2,T1,여유,0.0,,부영아파트(상행),4.49
111,상행,학기,일요일·공휴일,22,11,13,5.55,11.0,5.38,2,T1,여유,0.0,,부영아파트사거리(상행),10.26
111,상행,시험,평일,20,3,3,3.33,4.0,4.07,2,T1,여유,0.0,,국민건강보험공단(상행),3.52
111,상행,시험,평일,21,3,25,6.86,8.43,5.39,2,T1,여유,0.0,,KTX만종역(상행),9.0
111,상행,시험,평일,22,3,3,3.33,4.0,4.07,2,T1,여유,0.0,,시외.고속버스터미널(상행),4.75
111,상행,시험,토요일,21,1,6,5.17,5.17,7.6,3,T1,여유,0.0,,KTX만종역(상행),6.14
111,상행,시험,토요일,22,1,1,11.0,11.0,8.57,4,T1,여유,0.0,,KTX만종역(상행),9.12
111,상행,시험,일요일·공휴일,20,1,1,2.0,2.0,3.62,2,T1,여유,0.0,,국민건강보험공단(상행),2.0
111,상행,시험,일요일·공휴일,21,1,6,7.83,7.83,4.59,2,T1,여유,0.0,,KTX만종역(상행),9.53
111,상행,시험,일요일·공휴일,22,1,1,2.0,2.0,3.62,2,T1,여유,0.0,,부영아파트사거리(상행),8.92
111,상행,계절학기,평일,20,1,1,2.0,2.0,2.62,1,T1,여유,0.0,,국민건강보험공단(상행),2.0
111,상행,계절학기,평일,21,1,3,3.0,3.0,2.79,1,T1,여유,0.0,,KTX만종역(상행),3.67
111,상행,계절학기,평일,22,2,2,3.0,3.8,2.82,1,T1,여유,0.0,,시외.고속버스터미널(상행),4.67
111,상행,방학,평일,20,12,15,2.92,5.35,3.36,2,T1,여유,0.0,,원주여고(상행),3.44
111,상행,방학,평일,21,15,104,7.33,10.55,6.61,3,T1,여유,0.0667,1.0,KTX만종역(상행),12.49
111,상행,방학,평일,22,11,16,2.16,2.75,2.87,1,T1,여유,0.0,,반도유보라2단지(상행),5.55
111,상행,방학,토요일,20,1,1,2.0,2.0,3.24,1,T1,여유,0.0,,국민건강보험공단(상행),2.0
111,상행,방학,토요일,21,5,34,4.47,5.93,3.98,2,T1,여유,0.0,,KTX만종역(상행),7.55
111,상행,방학,토요일,22,5,5,2.8,4.0,3.14,1,T1,여유,0.0,,시외.고속버스터미널(상행),7.31
111,상행,방학,일요일·공휴일,20,3,6,3.11,4.07,3.59,2,T1,여유,0.0,,국민건강보험공단(상행),3.79
111,상행,방학,일요일·공휴일,21,5,33,5.44,6.83,4.66,2,T1,여유,0.0,,KTX만종역(상행),9.17
111,상행,방학,일요일·공휴일,22,4,5,2.5,3.4,3.26,1,T1,여유,0.0,,부영아파트사거리(상행),9.07
111,하행,학기,평일,22,52,144,4.39,8.27,4.33,2,T1,여유,0.0192,1.0,반도유보라1단지(하행),6.32
111,하행,학기,평일,23,56,229,3.13,5.65,3.18,1,T1,여유,0.0,,원주역(시내방면.승차전용)(하행),5.86
111,하행,학기,토요일,22,12,25,7.79,18.4,7.35,3,T1,여유,0.25,1.0,원주역(시내방면.승차전용)(하행),11.67
111,하행,학기,토요일,23,12,58,4.78,7.65,5.22,2,T1,여유,0.0,,원주역(시내방면.승차전용)(하행),7.57
111,하행,학기,일요일·공휴일,22,12,28,9.3,15.85,8.86,4,T1,여유,0.4167,1.0,원주역(시내방면.승차전용)(하행),12.11
111,하행,학기,일요일·공휴일,23,13,78,6.43,9.36,6.81,3,T1,여유,0.0,,원주역(시내방면.승차전용)(하행),10.09
111,하행,시험,평일,22,5,16,6.15,10.17,5.58,3,T1,여유,0.2,1.0,반도유보라1단지(하행),6.57
111,하행,시험,평일,23,4,16,3.6,6.06,4.39,2,T1,여유,0.0,,원주역(시내방면.승차전용)(하행),5.17
111,하행,시험,토요일,22,1,7,6.86,6.86,7.06,3,T1,여유,0.0,,원주역(시내방면.승차전용)(하행),10.62
111,하행,시험,토요일,23,1,3,7.33,7.33,7.13,3,T1,여유,0.0,,원주역(시내방면.승차전용)(하행),8.28
111,하행,시험,일요일·공휴일,22,1,5,10.2,10.2,7.3,3,T1,여유,0.0,,원주역(시내방면.승차전용)(하행),14.58
111,하행,시험,일요일·공휴일,23,1,4,3.25,3.25,6.15,3,T1,여유,0.0,,원주역(시내방면.승차전용)(하행),3.88
111,하행,계절학기,평일,22,5,16,4.52,7.94,4.5,2,T1,여유,0.0,,원주역(시내방면.승차전용)(하행),5.88
111,하행,계절학기,평일,23,5,19,4.45,8.1,4.47,2,T1,여유,0.0,,원주역(시내방면.승차전용)(하행),7.06
111,하행,계절학기,일요일·공휴일,22,1,2,10.0,10.0,11.88,5,T2,보통,0.0,,,
111,하행,계절학기,일요일·공휴일,23,1,6,14.5,14.5,12.62,6,T3,혼잡,1.0,1.0,원주역(시내방면.승차전용)(하행),18.08
111,하행,방학,평일,22,25,93,5.62,8.55,5.51,2,T1,여유,0.0,,원주역(시내방면.승차전용)(하행),11.54
111,하행,방학,평일,23,24,82,4.21,7.32,4.33,2,T1,여유,0.0,,원주역(시내방면.승차전용)(하행),9.33
111,하행,방학,토요일,22,6,19,9.35,14.42,8.26,4,T1,여유,0.3333,1.0,원주역(시내방면.승차전용)(하행),12.19
111,하행,방학,토요일,23,6,25,4.56,7.64,5.65,3,T1,여유,0.0,,원주역(시내방면.승차전용)(하행),8.68
111,하행,방학,일요일·공휴일,22,11,27,8.7,15.5,8.17,4,T1,여유,0.2727,1.0,원주역(시내방면.승차전용)(하행),19.95
111,하행,방학,일요일·공휴일,23,12,50,5.43,10.69,5.89,3,T1,여유,0.0,,원주역(시내방면.승차전용)(하행),11.13
30,상행,학기,평일,06,57,778,7.15,9.89,7.73,3,T1,여유,0.0351,2.5,뜨란채(상행),15.53
30,상행,학기,평일,07,57,1568,10.25,13.39,10.59,5,T2,보통,0.1404,5.5,자감교.한라대입구(상행),18.31
30,상행,학기,평일,08,57,2160,16.33,19.85,16.18,7,T3,혼잡,0.8772,4.02,대성고등학교(상행),26.34
30,상행,학기,평일,09,57,1589,18.69,26.06,18.35,8,T3,혼잡,0.8246,4.4,원주역(흥업방면.승차전용)(상행),31.95
30,상행,학기,평일,10,57,1384,11.09,15.66,11.36,5,T2,보통,0.3333,7.79,원주역(흥업방면.승차전용)(상행),21.51
30,상행,학기,평일,11,57,2130,15.58,27.25,15.49,7,T3,혼잡,0.614,6.46,마재길(상행·9471),25.12
30,상행,학기,평일,12,57,1805,19.09,27.64,18.72,8,T3,혼잡,0.9298,5.13,원주역(흥업방면.승차전용)(상행),31.93
30,상행,학기,평일,13,57,1949,15.58,20.96,15.49,7,T3,혼잡,0.7544,6.33,원주역(흥업방면.승차전용)(상행),28.44
30,상행,학기,평일,14,57,1777,12.01,16.78,12.21,5,T3,혼잡,0.4035,9.0,장양리차고지(상행),25.52
30,상행,학기,평일,15,57,1757,16.98,22.97,16.78,8,T3,혼잡,0.8947,6.35,단계은행아파트(상행),27.81
30,상행,학기,평일,16,57,1975,17.66,23.17,17.4,8,T3,혼잡,0.8947,6.59,e편한세상아파트(상행),26.38
30,상행,학기,평일,17,57,2000,16.21,19.84,16.07,7,T3,혼잡,0.8772,6.56,원주원예농협(상행),28.47
30,상행,학기,평일,18,57,2033,19.7,27.22,19.28,9,T3,혼잡,0.9474,6.07,마재길(상행·9461),32.73
30,상행,학기,평일,19,57,1950,12.48,16.62,12.64,6,T3,혼잡,0.4912,7.64,원주역(흥업방면.승차전용)(상행),21.76
30,상행,학기,평일,20,57,1003,16.5,22.34,16.34,7,T3,혼잡,0.8246,5.04,부영아파트사거리(상행),27.14
30,상행,학기,평일,21,57,729,16.11,24.77,15.98,7,T3,혼잡,0.6842,5.0,원주역(흥업방면.승차전용)(상행),29.57
30,상행,학기,평일,22,57,642,12.98,17.99,13.1,6,T3,혼잡,0.5789,4.67,원주역(흥업방면.승차전용)(상행),24.41
30,상행,학기,평일,23,54,263,5.2,10.35,5.99,3,T1,여유,0.0556,2.0,대성고등학교(상행),13.06
30,상행,학기,토요일,06,12,143,6.71,8.2,7.73,3,T1,여유,0.0,,부영아파트사거리(상행),10.94
30,상행,학기,토요일,07,12,219,5.24,6.32,6.7,3,T1,여유,0.0,,e편한세상아파트(상행),9.48
30,상행,학기,토요일,08,12,278,8.24,12.54,8.81,4,T1,여유,0.1667,1.0,단계현진아파트(상행),13.68
30,상행,학기,토요일,09,12,212,6.94,8.23,7.89,4,T1,여유,0.0,,e편한세상아파트(상행),10.57
30,상행,학기,토요일,10,12,235,8.5,12.09,8.99,4,T2,보통,0.1667,1.0,대성고등학교(상행),16.66
30,상행,학기,토요일,11,12,380,8.99,10.63,9.34,4,T2,보통,0.0,,e편한세상아파트(상행),14.77
30,상행,학기,토요일,12,12,302,9.49,12.16,9.7,4,T2,보통,0.1667,2.0,단계은행아파트(상행),14.44
30,상행,학기,토요일,13,12,353,10.86,12.62,10.66,5,T2,보통,0.1667,2.0,부영아파트사거리(상행),15.99
30,상행,학기,토요일,14,12,321,9.37,11.53,9.61,4,T2,보통,0.0833,4.0,부영아파트사거리(상행),14.18
30,상행,학기,토요일,15,12,343,13.33,18.48,12.4,6,T3,혼잡,0.5833,3.43,원주교도소(상행),20.55
30,상행,학기,토요일,16,12,371,14.0,17.62,12.88,6,T3,혼잡,0.6667,3.62,원주역(흥업방면.승차전용)(상행),22.34
30,상행,학기,토요일,17,12,380,13.22,14.94,12.33,6,T3,혼잡,0.8333,3.1,부영아파트사거리(상행),18.89
30,상행,학기,토요일,18,12,327,11.96,14.82,11.44,5,T2,보통,0.3333,4.5,원주역(흥업방면.승차전용)(상행),18.19
30,상행,학기,토요일,19,12,298,11.47,16.78,11.09,5,T2,보통,0.25,4.67,부영아파트사거리(상행),17.25
30,상행,학기,토요일,20,12,172,12.89,21.66,12.09,5,T2,보통,0.5,3.33,부영아파트사거리(상행),19.92
30,상행,학기,토요일,21,12,135,12.22,17.56,11.62,5,T2,보통,0.5833,2.86,부영아파트사거리(상행),20.1
30,상행,학기,토요일,22,12,133,12.66,16.78,11.93,5,T2,보통,0.6667,2.5,행가리(상행),19.1
30,상행,학기,토요일,23,8,52,5.8,10.93,7.49,3,T1,여유,0.0,,부영아파트사거리(상행),10.25
30,상행,학기,일요일·공휴일,06,13,122,4.81,7.53,8.17,4,T1,여유,0.0,,원주역(흥업방면.승차전용)(상행),8.63
30,상행,학기,일요일·공휴일,07,13,140,3.98,7.0,7.57,3,T1,여유,0.0769,1.0,원주원예농협(상행),10.1
30,상행,학기,일요일·공휴일,08,13,207,5.41,8.69,8.61,4,T1,여유,0.0,,부영아파트사거리(상행),10.82
30,상행,학기,일요일·공휴일,09,13,182,4.61,6.44,8.03,4,T1,여유,0.0,,원주역(흥업방면.승차전용)(상행),7.97
30,상행,학기,일요일·공휴일,10,13,224,5.12,7.0,8.4,4,T1,여유,0.0,,단계현진아파트(상행),9.35
30,상행,학기,일요일·공휴일,11,13,355,7.85,10.66,10.37,5,T2,보통,0.0769,13.0,시외.고속버스터미널(상행),11.65
30,상행,학기,일요일·공휴일,12,13,329,10.99,14.65,12.64,6,T3,혼잡,0.2308,11.67,원주역(흥업방면.승차전용)(상행),17.07
30,상행,학기,일요일·공휴일,13,13,356,15.11,19.74,15.61,7,T3,혼잡,0.7692,8.5,원주역(흥업방면.승차전용)(상행),31.56
30,상행,학기,일요일·공휴일,14,13,398,14.59,19.99,15.24,7,T3,혼잡,0.6923,10.22,베스파타운(상행),20.91
30,상행,학기,일요일·공휴일,15,13,392,18.16,23.43,17.81,8,T3,혼잡,0.9231,9.08,원주역(흥업방면.승차전용)(상행),32.45
30,상행,학기,일요일·공휴일,16,13,412,28.07,37.76,24.97,11,T3,혼잡,0.9231,9.08,원주역(흥업방면.승차전용)(상행),47.47
30,상행,학기,일요일·공휴일,17,13,414,25.24,33.93,22.93,10,T3,혼잡,0.9231,9.17,원주역(흥업방면.승차전용)(상행),45.21
30,상행,학기,일요일·공휴일,18,13,370,27.06,39.44,24.24,11,T3,혼잡,0.9231,9.17,자감교.한라대입구(상행),38.94
30,상행,학기,일요일·공휴일,19,13,363,26.0,34.13,23.48,11,T3,혼잡,0.9231,9.33,원주역(흥업방면.승차전용)(상행),38.11
30,상행,학기,일요일·공휴일,20,13,232,35.92,47.29,30.64,14,T3,혼잡,0.9231,9.33,마재길(상행·9471),45.63
30,상행,학기,일요일·공휴일,21,13,154,33.17,43.55,28.65,13,T3,혼잡,0.9231,8.83,원주역(흥업방면.승차전용)(상행),47.54
30,상행,학기,일요일·공휴일,22,13,160,28.62,40.74,25.37,11,T3,혼잡,1.0,8.23,원주역(흥업방면.승차전용)(상행),40.53
30,상행,학기,일요일·공휴일,23,10,45,7.62,12.02,10.72,5,T2,보통,0.1,13.0,부영아파트사거리(상행),16.33
30,상행,시험,평일,06,5,69,8.64,11.21,11.27,5,T2,보통,0.2,1.0,베스파타운(상행),13.67
30,상행,시험,평일,07,5,131,9.15,11.38,11.52,5,T2,보통,0.0,,부영아파트사거리(상행),16.59
30,상행,시험,평일,08,5,190,15.57,19.21,14.73,7,T3,혼잡,0.8,3.75,부영아파트사거리(상행),20.89
30,상행,시험,평일,09,5,135,16.28,21.39,15.09,7,T3,혼잡,0.8,3.75,원주역(흥업방면.승차전용)(상행),20.62
30,상행,시험,평일,10,5,110,11.42,15.53,12.66,6,T3,혼잡,0.4,5.5,대성고등학교(상행),14.66
30,상행,시험,평일,11,5,217,16.21,21.25,15.05,7,T3,혼잡,1.0,3.6,단계현진아파트(상행),25.19
30,상행,시험,평일,12,5,170,21.19,28.98,17.54,8,T3,혼잡,1.0,3.6,원주역(흥업방면.승차전용)(상행),25.07
30,상행,시험,평일,13,5,165,13.48,18.27,13.69,6,T3,혼잡,0.4,4.5,원주역(흥업방면.승차전용)(상행),19.42
30,상행,시험,평일,14,5,159,10.71,13.5,12.3,6,T3,혼잡,0.2,1.0,원주교도소(상행),15.29
30,상행,시험,평일,15,5,156,14.11,19.07,14.0,6,T3,혼잡,0.6,4.33,육민관고등학교(상행),23.61
30,상행,시험,평일,16,5,156,16.55,21.38,15.22,7,T3,혼잡,0.8,5.0,마재길(상행·9461),25.73
30,상행,시험,평일,17,5,186,15.78,19.59,14.84,7,T3,혼잡,0.8,5.0,부영아파트사거리(상행),24.38
30,상행,시험,평일,18,5,179,14.37,19.92,14.13,6,T3,혼잡,0.6,6.0,대성고등학교(상행),22.28
30,상행,시험,평일,19,5,156,13.75,21.09,13.82,6,T3,혼잡,0.4,7.0,행가리(상행),22.2
30,상행,시험,평일,20,5,88,18.83,27.0,16.36,7,T3,혼잡,0.6,5.33,원주역(흥업방면.승차전용)(상행),21.18
30,상행,시험,평일,21,5,51,16.4,31.05,15.15,7,T3,혼잡,0.6,5.33,부영아파트사거리(상행),21.02
30,상행,시험,평일,22,5,49,12.37,21.35,13.13,6,T3,혼잡,0.2,8.0,원주역(흥업방면.승차전용)(상행),18.58
30,상행,시험,평일,23,4,9,3.12,4.05,9.11,4,T2,보통,0.0,,대성고등학교(상행),10.32
30,상행,시험,토요일,06,1,12,7.67,7.67,10.15,5,T2,보통,0.0,,단계은행아파트(상행),8.72
30,상행,시험,토요일,07,1,15,11.0,11.0,10.7,5,T2,보통,0.0,,원주교도소(상행),16.15
30,상행,시험,토요일,08,1,30,7.9,7.9,10.18,5,T2,보통,0.0,,대성고등학교(상행),10.36
30,상행,시험,토요일,09,1,26,11.46,11.46,10.78,5,T2,보통,0.0,,대성고등학교(상행),13.08
30,상행,시험,토요일,10,1,16,4.31,4.31,9.59,4,T2,보통,0.0,,꿈드림새마을금고(상행),7.18
30,상행,시험,토요일,11,1,33,12.97,12.97,11.03,5,T2,보통,1.0,1.0,단계은행아파트(상행),16.34
30,상행,시험,토요일,12,1,33,11.7,11.7,10.82,5,T2,보통,0.0,,롯데아파트(상행),13.85
30,상행,시험,토요일,13,1,31,12.23,12.23,10.91,5,T2,보통,1.0,1.0,우산철교.폴리텍대학(상행),14.61
30,상행,시험,토요일,14,1,30,9.9,9.9,10.52,5,T2,보통,0.0,,마재길(상행·9461),11.34
30,상행,시험,토요일,15,1,31,11.61,11.61,10.8,5,T2,보통,0.0,,행가리(상행),13.65
30,상행,시험,토요일,16,1,36,12.22,12.22,10.9,5,T2,보통,1.0,2.0,마재길(상행·9471),14.94
30,상행,시험,토요일,17,1,41,15.12,15.12,11.39,5,T2,보통,1.0,2.0,행가리(상행),18.77
30,상행,시험,토요일,18,1,30,11.33,11.33,10.76,5,T2,보통,0.0,,베스파타운(상행),13.54
30,상행,시험,토요일,19,1,27,13.0,13.0,11.03,5,T2,보통,1.0,1.0,행가리(상행),12.88
30,상행,시험,토요일,20,1,18,5.72,5.72,9.82,4,T2,보통,0.0,,베스파타운(상행),7.96
30,상행,시험,토요일,21,1,8,13.25,13.25,11.08,5,T2,보통,1.0,2.0,부영아파트사거리(상행),12.64
30,상행,시험,토요일,22,1,11,14.55,14.55,11.29,5,T2,보통,1.0,2.0,부영아파트사거리(상행),19.37
30,상행,시험,토요일,23,1,10,5.6,5.6,9.8,4,T2,보통,0.0,,시외.고속버스터미널(상행),7.2
30,상행,시험,일요일·공휴일,06,1,10,5.8,5.8,14.04,6,T3,혼잡,0.0,,원주역(흥업방면.승차전용)(상행),6.67
30,상행,시험,일요일·공휴일,07,1,20,3.85,3.85,13.72,6,T3,혼잡,0.0,,뜨란채(상행),4.88
30,상행,시험,일요일·공휴일,08,1,16,6.81,6.81,14.21,6,T3,혼잡,0.0,,단계은행아파트(상행),7.1
30,상행,시험,일요일·공휴일,09,1,13,9.69,9.69,14.69,7,T3,혼잡,0.0,,시외.고속버스터미널(상행),10.15
30,상행,시험,일요일·공휴일,10,1,22,6.59,6.59,14.18,6,T3,혼잡,0.0,,육민관고등학교(상행),9.76
30,상행,시험,일요일·공휴일,11,1,35,8.91,8.91,14.56,7,T3,혼잡,0.0,,금불사거리(상행),11.6
30,상행,시험,일요일·공휴일,12,1,25,16.2,16.2,15.78,7,T3,혼잡,1.0,1.0,원주교도소(상행),16.75
30,상행,시험,일요일·공휴일,13,1,26,10.81,10.81,14.88,7,T3,혼잡,0.0,,원주역(흥업방면.승차전용)(상행),12.12
30,상행,시험,일요일·공휴일,14,1,29,13.41,13.41,15.31,7,T3,혼잡,1.0,1.0,뜨란채(상행),16.41
30,상행,시험,일요일·공휴일,15,1,25,10.56,10.56,14.84,7,T3,혼잡,0.0,,대성고등학교(상행),13.48
30,상행,시험,일요일·공휴일,16,1,33,28.06,28.06,17.75,8,T3,혼잡,1.0,7.0,원주역(흥업방면.승차전용)(상행),27.9
30,상행,시험,일요일·공휴일,17,1,30,20.33,20.33,16.47,7,T3,혼잡,1.0,7.0,세동마을(상행),21.59
30,상행,시험,일요일·공휴일,18,1,24,27.71,27.71,17.69,8,T3,혼잡,1.0,7.0,이마트(상행),26.55
30,상행,시험,일요일·공휴일,19,1,30,22.0,22.0,16.74,8,T3,혼잡,1.0,7.0,원주역(흥업방면.승차전용)(상행),22.32
30,상행,시험,일요일·공휴일,20,1,16,25.06,25.06,17.25,8,T3,혼잡,1.0,7.0,마재길(상행·9471),22.74
30,상행,시험,일요일·공휴일,21,1,11,37.45,37.45,19.32,9,T3,혼잡,1.0,7.0,원주역(흥업방면.승차전용)(상행),27.79
30,상행,시험,일요일·공휴일,22,1,15,27.2,27.2,17.61,8,T3,혼잡,1.0,7.0,흥업사거리(상행·5611),27.02
30,상행,시험,일요일·공휴일,23,1,1,2.0,2.0,13.41,6,T3,혼잡,0.0,,부영아파트사거리(상행),18.93
30,상행,계절학기,평일,06,12,108,5.61,7.46,6.31,3,T1,여유,0.0,,베스파타운(상행),8.34
30,상행,계절학기,평일,07,12,102,7.16,10.0,7.41,3,T1,여유,0.0,,뜨란채(상행),13.31
30,상행,계절학기,평일,08,12,133,8.28,11.32,8.2,4,T1,여유,0.0833,2.0,e편한세상아파트(상행),12.28
30,상행,계절학기,평일,09,12,97,15.05,20.57,12.98,6,T3,혼잡,0.75,1.11,원주역(흥업방면.승차전용)(상행),19.97
30,상행,계절학기,평일,10,12,123,6.25,9.06,6.77,3,T1,여유,0.0,,부영아파트사거리(상행),8.81
30,상행,계절학기,평일,11,12,155,9.29,12.19,8.91,4,T1,여유,0.1667,1.0,e편한세상아파트(상행),14.1
30,상행,계절학기,평일,12,12,98,7.74,10.54,7.82,4,T1,여유,0.0833,2.0,롯데아파트(상행),15.29
30,상행,계절학기,평일,13,12,108,8.93,13.01,8.66,4,T1,여유,0.1667,1.5,원주역(흥업방면.승차전용)(상행),12.1
30,상행,계절학기,평일,14,12,112,7.24,10.13,7.46,3,T1,여유,0.0,,금불사거리(상행),10.41
30,상행,계절학기,평일,15,12,138,7.92,11.99,7.94,4,T1,여유,0.0833,4.0,원주교도소(상행),12.27
30,상행,계절학기,평일,16,12,90,5.63,13.02,6.33,3,T1,여유,0.1667,2.5,롯데아파트(상행),16.37
30,상행,계절학기,평일,17,12,77,5.71,9.07,6.38,3,T1,여유,0.0833,4.0,뜨란채(상행),18.59
30,상행,계절학기,평일,18,12,162,12.98,17.95,11.52,5,T2,보통,0.5833,1.43,e편한세상아파트(상행),16.43
30,상행,계절학기,평일,19,12,136,7.15,10.12,7.4,3,T1,여유,0.0833,2.0,원주역(흥업방면.승차전용)(상행),12.03
30,상행,계절학기,평일,20,12,107,9.01,13.9,8.72,4,T1,여유,0.25,1.33,원주역(흥업방면.승차전용)(상행),14.68
30,상행,계절학기,평일,21,9,16,2.87,5.67,4.7,2,T1,여유,0.0,,무수막마을(상행),7.24
30,상행,계절학기,토요일,06,2,10,2.83,3.5,5.69,3,T1,여유,0.0,,단계은행아파트(상행),3.67
30,상행,계절학기,토요일,07,2,8,2.5,2.9,5.59,3,T1,여유,0.0,,e편한세상아파트(상행),5.67
30,상행,계절학기,토요일,08,2,19,6.87,7.29,6.84,3,T1,여유,0.0,,e편한세상아파트(상행),8.1
30,상행,계절학기,토요일,09,2,7,5.21,6.38,6.37,3,T1,여유,0.0,,이마트(상행),7.0
30,상행,계절학기,토요일,10,2,17,3.12,3.75,5.77,3,T1,여유,0.0,,우산철교.폴리텍대학(상행),5.11
30,상행,계절학기,토요일,11,2,28,13.29,17.51,8.67,4,T1,여유,0.5,1.0,원주역(흥업방면.승차전용)(상행),16.67
30,상행,계절학기,토요일,12,2,12,6.17,6.7,6.64,3,T1,여유,0.0,,강원정비기술학원(상행),12.29
30,상행,계절학기,토요일,13,2,22,7.38,8.81,6.99,3,T1,여유,0.0,,상지대학교(상행),9.0
30,상행,계절학기,토요일,14,2,19,11.32,12.1,8.11,4,T1,여유,0.5,1.0,시외.고속버스터미널(상행),12.29
30,상행,계절학기,토요일,15,2,27,10.06,14.3,7.75,3,T1,여유,0.5,1.0,행가리(상행),12.7
30,상행,계절학기,토요일,16,2,17,8.2,8.54,7.22,3,T1,여유,0.0,,세동마을(상행),12.84
30,상행,계절학기,토요일,17,2,7,3.5,4.7,5.88,3,T1,여유,0.0,,우산초교(상행),6.86
30,상행,계절학기,토요일,18,2,18,6.94,7.34,6.86,3,T1,여유,0.0,,원주역(흥업방면.승차전용)(상행),7.94
30,상행,계절학기,토요일,19,2,24,9.42,10.42,7.57,3,T1,여유,0.0,,행가리(상행),9.28
30,상행,계절학기,토요일,20,2,22,12.45,12.49,8.43,4,T1,여유,1.0,1.0,베스파타운(상행),12.55
30,상행,계절학기,토요일,21,2,2,0.0,0.0,4.88,2,T1,여유,0.0,,연세대스포츠센터(상행),2.01
30,상행,계절학기,일요일·공휴일,06,3,11,1.8,2.92,4.07,2,T1,여유,0.0,,베스파타운(상행),2.78
30,상행,계절학기,일요일·공휴일,07,3,10,1.83,2.4,4.09,2,T1,여유,0.0,,영진아파트(상행),4.01
30,상행,계절학기,일요일·공휴일,08,3,14,3.94,5.27,4.88,2,T1,여유,0.0,,베스파타운(상행),8.59
30,상행,계절학기,일요일·공휴일,09,3,7,2.83,5.6,4.46,2,T1,여유,0.0,,흥업사거리(상행·5611),5.54
30,상행,계절학기,일요일·공휴일,10,3,27,2.89,3.79,4.48,2,T1,여유,0.0,,e편한세상아파트(상행),4.18
30,상행,계절학기,일요일·공휴일,11,3,32,6.26,7.01,5.74,3,T1,여유,0.0,,뜨란채(상행),8.54
30,상행,계절학기,일요일·공휴일,12,3,20,8.65,11.17,6.64,3,T1,여유,0.0,,금불사거리(상행),13.74
30,상행,계절학기,일요일·공휴일,13,3,27,4.83,7.0,5.21,2,T1,여유,0.0,,시외.고속버스터미널(상행),8.33
30,상행,계절학기,일요일·공휴일,14,3,17,4.76,5.93,5.18,2,T1,여유,0.0,,우산철교.폴리텍대학(상행),7.47
30,상행,계절학기,일요일·공휴일,15,3,27,5.31,6.22,5.39,2,T1,여유,0.0,,원주역(흥업방면.승차전용)(상행),6.85
30,상행,계절학기,일요일·공휴일,16,3,32,9.41,11.73,6.92,3,T1,여유,0.0,,부영아파트사거리(상행),11.65
30,상행,계절학기,일요일·공휴일,17,3,14,5.04,8.46,5.29,2,T1,여유,0.0,,자감교.한라대입구(상행),7.8
30,상행,계절학기,일요일·공휴일,18,3,27,10.32,12.29,7.27,3,T1,여유,0.3333,1.0,원주역(흥업방면.승차전용)(상행),12.3
30,상행,계절학기,일요일·공휴일,19,3,27,6.15,10.09,5.71,3,T1,여유,0.0,,부영아파트사거리(상행),10.86
30,상행,계절학기,일요일·공휴일,20,3,28,10.63,12.07,7.38,3,T1,여유,0.3333,1.0,흥업사거리(상행·5611),10.25
30,상행,계절학기,일요일·공휴일,21,3,5,2.33,3.5,4.27,2,T1,여유,0.0,,세동마을(상행),6.03
30,상행,방학,평일,06,26,262,6.23,8.26,6.46,3,T1,여유,0.0,,베스파타운(상행),10.79
30,상행,방학,평일,07,26,387,5.59,8.34,5.92,3,T1,여유,0.0,,대성고등학교(상행),10.28
30,상행,방학,평일,08,26,514,8.42,11.55,8.29,4,T1,여유,0.0385,2.0,부영아파트사거리(상행),13.15
30,상행,방학,평일,09,26,412,10.48,16.1,10.02,5,T2,보통,0.3077,1.12,원주역(흥업방면.승차전용)(상행),15.22
30,상행,방학,평일,10,26,453,8.63,12.61,8.47,4,T1,여유,0.1154,1.0,원주역(흥업방면.승차전용)(상행),13.09
30,상행,방학,평일,11,26,583,7.6,10.43,7.6,3,T1,여유,0.0769,1.0,합포원(상행),15.02
30,상행,방학,평일,12,26,434,9.29,13.05,9.02,4,T2,보통,0.2308,1.0,원주역(흥업방면.승차전용)(상행),15.34
30,상행,방학,평일,13,26,517,8.57,13.69,8.42,4,T1,여유,0.2308,1.17,원주역(흥업방면.승차전용)(상행),14.99
30,상행,방학,평일,14,26,473,7.75,10.42,7.73,3,T1,여유,0.0385,2.0,e편한세상아파트(상행),12.44
30,상행,방학,평일,15,26,482,8.26,14.02,8.16,4,T1,여유,0.1538,1.25,이마트(상행),13.64
30,상행,방학,평일,16,26,520,8.59,12.96,8.44,4,T1,여유,0.1154,1.33,합포원(상행),13.6
30,상행,방학,평일,17,26,491,6.48,10.63,6.67,3,T1,여유,0.0,,단계은행아파트(상행),13.66
30,상행,방학,평일,18,26,536,8.79,11.88,8.6,4,T1,여유,0.1154,1.0,대성고등학교(상행),16.2
30,상행,방학,평일,19,26,496,7.28,11.56,7.34,3,T1,여유,0.1154,1.33,부영아파트사거리(상행),11.09
30,상행,방학,평일,20,26,291,7.64,12.49,7.64,3,T1,여유,0.1538,1.25,부영아파트사거리(상행),13.95
30,상행,방학,평일,21,22,129,5.4,10.96,5.81,3,T1,여유,0.0455,1.0,부영아파트사거리(상행),10.07
30,상행,방학,평일,22,15,113,4.88,7.03,5.57,3,T1,여유,0.0667,1.0,원주역(흥업방면.승차전용)(상행),9.36
30,상행,방학,평일,23,8,27,2.64,5.03,4.56,2,T1,여유,0.0,,부영아파트사거리(상행),4.52
30,상행,방학,토요일,06,6,48,6.32,10.08,6.48,3,T1,여유,0.0,,뜨란채(상행),9.67
30,상행,방학,토요일,07,6,45,2.95,4.22,4.65,2,T1,여유,0.0,,단계은행아파트(상행),7.47
30,상행,방학,토요일,08,6,76,6.69,7.73,6.69,3,T1,여유,0.0,,e편한세상아파트(상행),8.83
30,상행,방학,토요일,09,6,52,4.74,6.67,5.62,3,T1,여유,0.0,,베스파타운(상행),7.68
30,상행,방학,토요일,10,6,91,7.67,10.31,7.22,3,T1,여유,0.1667,2.0,단계현진아파트(상행),10.88
30,상행,방학,토요일,11,6,126,9.85,14.94,8.41,4,T1,여유,0.1667,2.0,e편한세상아파트(상행),15.23
30,상행,방학,토요일,12,6,63,7.21,9.16,6.97,3,T1,여유,0.0,,원주역(흥업방면.승차전용)(상행),13.05
30,상행,방학,토요일,13,6,92,8.83,12.51,7.86,4,T1,여유,0.1667,1.0,뜨란채(상행),11.19
30,상행,방학,토요일,14,6,81,7.84,10.31,7.32,3,T1,여유,0.0,,시외.고속버스터미널(상행),10.23
30,상행,방학,토요일,15,6,84,7.94,10.56,7.37,3,T1,여유,0.0,,꿈드림새마을금고(상행),10.75
30,상행,방학,토요일,16,6,87,6.84,8.76,6.77,3,T1,여유,0.0,,꿈드림새마을금고(상행),10.59
30,상행,방학,토요일,17,6,78,5.3,8.64,5.93,3,T1,여유,0.0,,롯데아파트(상행),9.96
30,상행,방학,토요일,18,6,81,7.94,10.92,7.37,3,T1,여유,0.0,,부영아파트사거리(상행),9.72
30,상행,방학,토요일,19,6,75,5.47,7.06,6.02,3,T1,여유,0.0,,원주원예농협(상행),9.18
30,상행,방학,토요일,20,6,58,7.07,11.35,6.9,3,T1,여유,0.1667,1.0,부영아파트사거리(상행),11.04
30,상행,방학,토요일,21,4,17,4.04,6.91,5.51,2,T1,여유,0.0,,보촌(상행),6.55
30,상행,방학,토요일,22,2,15,6.93,7.79,6.75,3,T1,여유,0.0,,시외.고속버스터미널(상행),8.39
30,상행,방학,토요일,23,2,7,4.54,5.18,6.07,3,T1,여유,0.0,,시외.고속버스터미널(상행),3.95
30,상행,방학,일요일·공휴일,06,11,62,2.35,3.89,3.73,2,T1,여유,0.0,,e편한세상아파트(상행),4.1
30,상행,방학,일요일·공휴일,07,12,75,2.26,3.7,3.58,2,T1,여유,0.0,,우산철교.폴리텍대학(상행),6.22
30,상행,방학,일요일·공휴일,08,13,119,4.07,6.38,4.82,2,T1,여유,0.0,,e편한세상아파트(상행),5.9
30,상행,방학,일요일·공휴일,09,13,100,4.7,7.34,5.28,2,T1,여유,0.0,,시외.고속버스터미널(상행),6.73
30,상행,방학,일요일·공휴일,10,13,163,4.98,7.41,5.47,2,T1,여유,0.0,,단계현진아파트(상행),8.97
30,상행,방학,일요일·공휴일,11,12,190,5.63,9.28,5.96,3,T1,여유,0.0833,10.0,롯데아파트(상행),12.38
30,상행,방학,일요일·공휴일,12,13,163,8.86,14.25,8.28,4,T1,여유,0.3077,3.5,육민관고등학교(상행),14.3
30,상행,방학,일요일·공휴일,13,13,189,8.71,14.23,8.17,4,T1,여유,0.2308,4.67,마재길(상행·9471),20.13
30,상행,방학,일요일·공휴일,14,13,196,8.74,14.78,8.19,4,T1,여유,0.2308,4.67,대성고등학교(상행),13.38
30,상행,방학,일요일·공휴일,15,13,201,9.49,15.77,8.73,4,T1,여유,0.3077,4.0,행가리(상행),20.06
30,상행,방학,일요일·공휴일,16,13,215,9.45,16.52,8.71,4,T1,여유,0.2308,4.67,합포원(상행),22.98
30,상행,방학,일요일·공휴일,17,13,146,6.39,11.07,6.49,3,T1,여유,0.0769,10.0,대성고등학교(상행),17.61
30,상행,방학,일요일·공휴일,18,13,201,9.39,15.36,8.66,4,T1,여유,0.2308,4.0,무수막마을(상행),20.92
30,상행,방학,일요일·공휴일,19,13,195,7.76,10.61,7.48,3,T1,여유,0.0769,10.0,행가리(상행),13.68
30,상행,방학,일요일·공휴일,20,13,148,9.53,16.23,8.76,4,T1,여유,0.2308,4.0,육민관고등학교(상행),15.92
30,상행,방학,일요일·공휴일,21,11,58,3.79,7.7,4.72,2,T1,여유,0.0,,베스파타운(상행),10.22
30,상행,방학,일요일·공휴일,22,5,55,11.35,19.04,9.06,4,T2,보통,0.2,1.0,보촌(상행),17.2
30,상행,방학,일요일·공휴일,23,5,18,3.67,5.4,5.22,2,T1,여유,0.0,,시외.고속버스터미널(상행),5.95
30,하행,학기,평일,06,17,17,0.35,2.0,3.85,2,T1,여유,0.0,,장양리차고지(하행),5.36
30,하행,학기,평일,07,57,1154,14.46,20.1,14.56,7,T3,혼잡,0.6842,3.08,삼육초중고교(하행),28.67
30,하행,학기,평일,08,57,1732,15.57,20.85,15.58,7,T3,혼잡,0.7719,3.18,금불사거리(하행),33.82
30,하행,학기,평일,09,57,1980,10.25,14.83,10.69,5,T2,보통,0.2982,5.65,원주원예농협(하행),20.11
30,하행,학기,평일,10,57,1679,10.69,17.29,11.1,5,T2,보통,0.2632,10.07,마장동(하행),21.71
30,하행,학기,평일,11,57,1538,19.0,28.03,18.74,8,T3,혼잡,0.8596,7.02,원주역(시내방면.승차전용)(하행),29.21
30,하행,학기,평일,12,57,2262,15.88,25.03,15.87,7,T3,혼잡,0.6491,8.92,마장동(하행),30.45
30,하행,학기,평일,13,57,1917,18.91,27.73,18.65,8,T3,혼잡,0.807,8.61,원주역(시내방면.승차전용)(하행),38.99
30,하행,학기,평일,14,57,1998,16.82,24.38,16.73,8,T3,혼잡,0.8596,8.92,이마트(하행),30.33
30,하행,학기,평일,15,57,2438,21.06,28.72,20.63,9,T3,혼잡,0.9825,8.41,삼육초중고교(하행),39.11
30,하행,학기,평일,16,57,2197,26.82,33.0,25.93,12,T3,혼잡,1.0,8.33,원주역(시내방면.승차전용)(하행),51.98
30,하행,학기,평일,17,57,2504,24.59,31.47,23.88,11,T3,혼잡,1.0,8.33,육민관중고교(하행),47.06
30,하행,학기,평일,18,57,2201,22.98,30.92,22.4,10,T3,혼잡,0.9825,8.34,원주역(시내방면.승차전용)(하행),47.11
30,하행,학기,평일,19,57,2080,16.21,23.5,16.17,7,T3,혼잡,0.807,8.83,두산위브아파트(하행),29.0
30,하행,학기,평일,20,57,1987,11.1,14.06,11.48,5,T2,보통,0.3158,8.33,행가리(하행),20.58
30,하행,학기,평일,21,57,1001,9.27,14.15,9.79,4,T2,보통,0.2281,5.08,두산위브아파트(하행),18.63
30,하행,학기,평일,22,57,882,10.59,16.43,11.0,5,T2,보통,0.2982,2.94,롯데아파트(하행),16.98
30,하행,학기,평일,23,57,832,7.94,11.47,8.57,4,T1,여유,0.0877,3.0,흥업사거리(하행·5311),15.99
30,하행,학기,토요일,06,2,2,1.0,1.8,8.21,4,T1,여유,0.0,,연세대(시내방면)(하행),6.04
30,하행,학기,토요일,07,12,202,11.19,15.82,11.16,5,T2,보통,0.25,1.33,원주역(시내방면.승차전용)(하행),19.04
30,하행,학기,토요일,08,12,249,10.14,13.62,10.42,5,T2,보통,0.1667,1.5,흥업사거리(하행·5311),16.76
30,하행,학기,토요일,09,12,373,10.67,11.59,10.79,5,T2,보통,0.0833,5.0,원주역(시내방면.승차전용)(하행),17.21
30,하행,학기,토요일,10,12,372,12.49,14.75,12.08,5,T2,보통,0.6667,3.5,원주역(시내방면.승차전용)(하행),23.29
30,하행,학기,토요일,11,12,305,17.34,23.12,15.51,7,T3,혼잡,0.9167,4.27,행가리(하행),28.42
30,하행,학기,토요일,12,12,463,15.39,18.21,14.13,6,T3,혼잡,0.9167,4.27,이마트(하행),25.1
30,하행,학기,토요일,13,12,390,15.55,19.47,14.24,6,T3,혼잡,0.75,4.56,원주역(시내방면.승차전용)(하행),30.35
30,하행,학기,토요일,14,12,345,13.84,17.25,13.03,6,T3,혼잡,0.5,4.83,삼육초중고교(하행),21.53
30,하행,학기,토요일,15,12,428,14.77,17.32,13.69,6,T3,혼잡,0.9167,4.0,원주역(시내방면.승차전용)(하행),27.47
30,하행,학기,토요일,16,12,364,12.99,16.56,12.44,6,T3,혼잡,0.5,4.17,이마트(하행),22.29
30,하행,학기,토요일,17,12,339,14.77,17.79,13.69,6,T3,혼잡,0.9167,2.73,이마트(하행),22.48
30,하행,학기,토요일,18,12,350,9.09,13.06,9.68,4,T2,보통,0.1667,4.0,원주역(시내방면.승차전용)(하행),18.06
30,하행,학기,토요일,19,12,303,8.01,10.66,8.92,4,T2,보통,0.0,,롯데아파트(하행),12.02
30,하행,학기,토요일,20,12,315,8.35,11.56,9.16,4,T2,보통,0.0833,1.0,SK텔레콤원주지점(하행),14.68
30,하행,학기,토요일,21,12,146,5.2,8.12,6.93,3,T1,여유,0.0,,롯데아파트(하행),13.92
30,하행,학기,토요일,22,11,122,5.45,11.11,7.22,3,T1,여유,0.0,,단계사거리(하행),12.66
30,하행,학기,토요일,23,12,125,4.61,6.92,6.52,3,T1,여유,0.0,,금불사거리(하행),6.96
30,하행,학기,일요일·공휴일,06,2,2,1.0,1.8,8.56,4,T1,여유,0.0,,연세대(시내방면)(하행),4.78
30,하행,학기,일요일·공휴일,07,13,167,7.42,9.33,8.58,4,T1,여유,0.0,,원주역(시내방면.승차전용)(하행),13.35
30,하행,학기,일요일·공휴일,08,13,223,6.51,9.61,7.92,4,T1,여유,0.0769,1.0,원주역(시내방면.승차전용)(하행),12.49
30,하행,학기,일요일·공휴일,09,13,369,7.95,9.63,8.96,4,T2,보통,0.0,,원주역(시내방면.승차전용)(하행),12.43
30,하행,학기,일요일·공휴일,10,13,377,9.3,11.56,9.94,4,T2,보통,0.0769,1.0,원주역(시내방면.승차전용)(하행),15.56
30,하행,학기,일요일·공휴일,11,13,291,10.92,12.84,11.1,5,T2,보통,0.3077,2.0,원주역(시내방면.승차전용)(하행),18.24
30,하행,학기,일요일·공휴일,12,13,422,14.46,20.75,13.66,6,T3,혼잡,0.5385,3.0,원주역(시내방면.승차전용)(하행),28.74
30,하행,학기,일요일·공휴일,13,13,385,13.04,16.48,12.64,6,T3,혼잡,0.5385,3.71,원주역(시내방면.승차전용)(하행),27.03
30,하행,학기,일요일·공휴일,14,13,385,13.22,16.92,12.76,6,T3,혼잡,0.6923,3.89,이마트(하행),22.03
30,하행,학기,일요일·공휴일,15,13,452,13.67,20.42,13.09,6,T3,혼잡,0.4615,5.0,원주역(시내방면.승차전용)(하행),26.75
30,하행,학기,일요일·공휴일,16,13,417,17.16,21.97,15.61,7,T3,혼잡,0.7692,5.0,원주역(시내방면.승차전용)(하행),31.67
30,하행,학기,일요일·공휴일,17,13,441,19.51,22.59,17.31,8,T3,혼잡,0.9231,4.42,원주역(시내방면.승차전용)(하행),28.96
30,하행,학기,일요일·공휴일,18,13,390,14.22,17.15,13.49,6,T3,혼잡,0.7692,5.0,SK텔레콤원주지점(하행),25.55
30,하행,학기,일요일·공휴일,19,13,397,13.19,18.43,12.75,6,T3,혼잡,0.4615,5.33,단계은행아파트(하행),25.67
30,하행,학기,일요일·공휴일,20,13,396,12.1,17.15,11.96,5,T2,보통,0.5385,4.0,우산철교.폴리텍대학(하행),25.8
30,하행,학기,일요일·공휴일,21,13,203,10.7,15.37,10.95,5,T2,보통,0.3077,3.25,단계현진아파트(하행),23.6
30,하행,학기,일요일·공휴일,22,13,177,9.47,13.48,10.06,5,T2,보통,0.2308,1.67,금불사거리(하행),23.95
30,하행,학기,일요일·공휴일,23,13,151,5.76,9.97,7.38,3,T1,여유,0.0769,1.0,단계사거리(하행),7.33
30,하행,시험,평일,06,2,2,0.0,0.0,10.87,5,T2,보통,0.0,,연세대(시내방면)(하행),6.34
30,하행,시험,평일,07,5,104,14.91,17.64,15.07,7,T3,혼잡,0.8,1.5,삼육초중고교(하행),21.13
30,하행,시험,평일,08,5,146,10.27,12.68,12.75,6,T3,혼잡,0.4,2.0,꿈드림새마을금고(하행),18.04
30,하행,시험,평일,09,5,177,9.41,10.0,12.32,6,T3,혼잡,0.0,,원주교도소(하행),14.91
30,하행,시험,평일,10,5,200,11.76,15.88,13.49,6,T3,혼잡,0.4,6.0,원주역(시내방면.승차전용)(하행),19.81
30,하행,시험,평일,11,5,132,22.12,30.24,18.67,8,T3,혼잡,0.8,7.75,이마트(하행),30.38
30,하행,시험,평일,12,5,204,17.72,26.05,16.47,7,T3,혼잡,0.6,9.67,삼육초중고교(하행),28.5
30,하행,시험,평일,13,5,177,20.39,28.97,17.81,8,T3,혼잡,0.8,8.75,원주역(시내방면.승차전용)(하행),33.48
30,하행,시험,평일,14,5,184,19.2,23.74,17.21,8,T3,혼잡,0.8,8.75,벌밤골(하행),26.42
30,하행,시험,평일,15,5,226,22.05,28.43,18.64,8,T3,혼잡,1.0,7.6,자감교.한라대입구(하행),34.71
30,하행,시험,평일,16,5,221,25.69,34.84,20.46,9,T3,혼잡,1.0,7.6,삼육초중고교(하행),37.16
30,하행,시험,평일,17,5,190,21.97,28.67,18.6,8,T3,혼잡,1.0,7.6,세동(하행),32.7
30,하행,시험,평일,18,5,172,22.77,32.38,19.0,9,T3,혼잡,0.8,8.75,원주역(시내방면.승차전용)(하행),35.36
30,하행,시험,평일,19,5,185,13.06,17.41,14.14,6,T3,혼잡,0.6,9.67,원주역(시내방면.승차전용)(하행),22.08
30,하행,시험,평일,20,5,148,7.71,10.43,11.47,5,T2,보통,0.2,10.0,단계은행아파트(하행),14.65
30,하행,시험,평일,21,5,71,8.23,10.62,11.73,5,T2,보통,0.0,,삼육초중고교(하행),13.86
30,하행,시험,평일,22,5,87,10.45,15.58,12.84,6,T3,혼잡,0.2,1.0,금불사거리(하행),18.76
30,하행,시험,평일,23,5,67,7.18,11.03,11.2,5,T2,보통,0.2,1.0,세동(하행),8.1
30,하행,시험,토요일,07,1,19,15.21,15.21,12.07,5,T2,보통,1.0,1.0,원주역(시내방면.승차전용)(하행),19.15
30,하행,시험,토요일,08,1,21,8.86,8.86,11.01,5,T2,보통,0.0,,원주역(시내방면.승차전용)(하행),10.7
30,하행,시험,토요일,09,1,32,10.94,10.94,11.35,5,T2,보통,0.0,,마장동(하행),12.41
30,하행,시험,토요일,10,1,33,9.48,9.48,11.11,5,T2,보통,0.0,,원주역(시내방면.승차전용)(하행),9.68
30,하행,시험,토요일,11,1,31,13.39,13.39,11.76,5,T2,보통,1.0,2.0,행가리(하행),16.34
30,하행,시험,토요일,12,1,42,14.74,14.74,11.99,5,T2,보통,1.0,2.0,원주역(시내방면.승차전용)(하행),15.18
30,하행,시험,토요일,13,1,32,11.91,11.91,11.51,5,T2,보통,0.0,,흥업사거리(하행·5311),14.61
30,하행,시험,토요일,14,1,27,9.67,9.67,11.14,5,T2,보통,0.0,,이마트(하행),12.51
30,하행,시험,토요일,15,1,36,12.97,12.97,11.69,5,T2,보통,1.0,3.0,원주역(시내방면.승차전용)(하행),16.65
30,하행,시험,토요일,16,1,31,13.26,13.26,11.74,5,T2,보통,1.0,3.0,이마트(하행),14.94
30,하행,시험,토요일,17,1,32,16.41,16.41,12.26,6,T3,혼잡,1.0,3.0,원주역(시내방면.승차전용)(하행),21.77
30,하행,시험,토요일,18,1,28,10.29,10.29,11.24,5,T2,보통,0.0,,원주역(시내방면.승차전용)(하행),12.37
30,하행,시험,토요일,19,1,26,7.85,7.85,10.84,5,T2,보통,0.0,,롯데아파트(하행),11.3
30,하행,시험,토요일,20,1,30,8.8,8.8,11.0,5,T2,보통,0.0,,SK텔레콤원주지점(하행),9.46
30,하행,시험,토요일,21,1,12,7.08,7.08,10.71,5,T2,보통,0.0,,금불사거리(하행),10.8
30,하행,시험,토요일,22,1,15,17.27,17.27,12.41,6,T3,혼잡,1.0,1.0,원주원예농협(하행),18.7
30,하행,시험,토요일,23,1,16,6.31,6.31,10.58,5,T2,보통,0.0,,흥업사거리(하행·5311),7.2
30,하행,시험,일요일·공휴일,07,1,16,4.94,4.94,10.12,5,T2,보통,0.0,,원주역(시내방면.승차전용)(하행),5.55
30,하행,시험,일요일·공휴일,08,1,19,5.63,5.63,10.23,5,T2,보통,0.0,,원주교도소(하행),7.1
30,하행,시험,일요일·공휴일,09,1,24,8.58,8.58,10.73,5,T2,보통,0.0,,원주역(시내방면.승차전용)(하행),10.15
30,하행,시험,일요일·공휴일,10,1,27,10.15,10.15,10.99,5,T2,보통,0.0,,원주역(시내방면.승차전용)(하행),10.6
30,하행,시험,일요일·공휴일,11,1,20,15.3,15.3,11.84,5,T2,보통,1.0,1.0,원주역(시내방면.승차전용)(하행),13.35
30,하행,시험,일요일·공휴일,12,1,34,9.59,9.59,10.89,5,T2,보통,0.0,,자감교.한라대입구(하행),14.92
30,하행,시험,일요일·공휴일,13,1,26,8.81,8.81,10.76,5,T2,보통,0.0,,원주역(시내방면.승차전용)(하행),13.37
30,하행,시험,일요일·공휴일,14,1,39,14.85,14.85,11.77,5,T2,보통,1.0,1.0,꿈드림새마을금고(하행),16.74
30,하행,시험,일요일·공휴일,15,1,43,10.14,10.14,10.98,5,T2,보통,0.0,,자감교.한라대입구(하행),12.32
30,하행,시험,일요일·공휴일,16,1,35,12.69,12.69,11.41,5,T2,보통,1.0,2.0,단계삼익아파트(하행),20.82
30,하행,시험,일요일·공휴일,17,1,30,15.73,15.73,11.92,5,T2,보통,1.0,2.0,금불사거리(하행),19.59
30,하행,시험,일요일·공휴일,18,1,36,11.58,11.58,11.23,5,T2,보통,0.0,,단계삼익아파트(하행),21.38
30,하행,시험,일요일·공휴일,19,1,35,16.97,16.97,12.12,5,T2,보통,1.0,1.0,SK텔레콤원주지점(하행),21.16
30,하행,시험,일요일·공휴일,20,1,31,11.94,11.94,11.28,5,T2,보통,0.0,,SK텔레콤원주지점(하행),18.66
30,하행,시험,일요일·공휴일,21,1,20,8.15,8.15,10.65,5,T2,보통,0.0,,시외.고속버스터미널(하행),19.29
30,하행,시험,일요일·공휴일,22,1,10,10.4,10.4,11.03,5,T2,보통,0.0,,금불사거리(하행),20.68
30,하행,시험,일요일·공휴일,23,1,18,14.17,14.17,11.66,5,T2,보통,1.0,1.0,우산초교(하행),13.1
30,하행,계절학기,평일,06,1,1,0.0,0.0,8.33,4,T1,여유,0.0,,연세대(시내방면)(하행),4.74
30,하행,계절학기,평일,07,12,205,13.84,18.22,12.71,6,T3,혼잡,0.8333,1.0,행가리(하행),26.26
30,하행,계절학기,평일,08,12,102,6.81,9.13,7.75,3,T1,여유,0.0,,원주역(시내방면.승차전용)(하행),10.55
30,하행,계절학기,평일,09,12,117,5.23,7.47,6.63,3,T1,여유,0.0,,이마트(하행),12.56
30,하행,계절학기,평일,10,12,82,3.92,6.37,5.71,3,T1,여유,0.0,,무실주공8차아파트(하행),7.28
30,하행,계절학기,평일,11,12,186,10.23,14.74,10.16,5,T2,보통,0.1667,2.0,원주역(시내방면.승차전용)(하행),19.25
30,하행,계절학기,평일,12,12,198,17.48,23.01,15.28,7,T3,혼잡,0.9167,1.73,삼육초중고교(하행),26.91
30,하행,계절학기,평일,13,12,100,7.98,12.52,8.57,4,T1,여유,0.1667,4.0,흥업사거리(하행·5311),14.87
30,하행,계절학기,평일,14,12,135,9.06,14.34,9.33,4,T2,보통,0.25,3.67,두산위브아파트(하행),14.65
30,하행,계절학기,평일,15,12,145,9.68,15.81,9.77,4,T2,보통,0.25,4.33,원주역(시내방면.승차전용)(하행),17.16
30,하행,계절학기,평일,16,12,167,20.46,28.74,17.39,8,T3,혼잡,0.9167,2.64,삼육초중고교(하행),27.93
30,하행,계절학기,평일,17,12,152,20.54,29.24,17.44,8,T3,혼잡,0.9167,2.64,이마트(하행),29.25
30,하행,계절학기,평일,18,12,119,6.73,11.04,7.69,3,T1,여유,0.0833,3.0,이마트(하행),17.71
30,하행,계절학기,평일,19,12,142,8.9,11.47,9.22,4,T2,보통,0.0833,1.0,이마트(하행),13.12
30,하행,계절학기,평일,20,12,141,7.65,11.73,8.34,4,T1,여유,0.0833,1.0,무실주공8차아파트(하행),11.68
30,하행,계절학기,평일,21,12,115,5.58,7.79,6.88,3,T1,여유,0.0,,삼육초중고교(하행),8.86
30,하행,계절학기,평일,22,4,5,0.25,0.7,5.67,3,T1,여유,0.0,,태장삼거리(하행),0.57
30,하행,계절학기,토요일,07,2,24,7.17,7.23,8.03,4,T1,여유,0.0,,행가리(하행),9.14
30,하행,계절학기,토요일,08,2,11,5.66,6.53,7.6,3,T1,여유,0.0,,흥업사거리(하행·5311),6.78
30,하행,계절학기,토요일,09,2,18,7.22,9.18,8.04,4,T1,여유,0.0,,원주역(시내방면.승차전용)(하행),8.86
30,하행,계절학기,토요일,10,2,13,5.39,7.71,7.52,3,T1,여유,0.0,,무실주공8차아파트(하행),6.61
30,하행,계절학기,토요일,11,2,27,14.39,15.68,10.09,5,T2,보통,1.0,2.0,삼육초중고교(하행),18.43
30,하행,계절학기,토요일,12,2,27,15.97,15.99,10.54,5,T2,보통,1.0,2.0,이마트(하행),16.96
30,하행,계절학기,토요일,13,2,19,8.36,11.34,8.37,4,T1,여유,0.0,,흥업사거리(하행·5311),10.85
30,하행,계절학기,토요일,14,2,22,9.68,12.62,8.74,4,T1,여유,0.5,1.0,흥업지구대(하행),14.67
30,하행,계절학기,토요일,15,2,19,8.46,11.38,8.39,4,T1,여유,0.0,,원주역(시내방면.승차전용)(하행),14.53
30,하행,계절학기,토요일,16,2,26,15.1,17.75,10.29,5,T2,보통,0.5,1.0,삼육초중고교(하행),16.44
30,하행,계절학기,토요일,17,2,17,8.7,11.34,8.46,4,T1,여유,0.0,,흥업사거리(하행·5311),8.69
30,하행,계절학기,토요일,18,2,11,4.36,7.04,7.22,3,T1,여유,0.0,,SK텔레콤원주지점(하행),7.43
30,하행,계절학기,토요일,19,2,20,5.4,5.96,7.52,3,T1,여유,0.0,,원주원예농협(하행),8.49
30,하행,계절학기,토요일,20,2,22,6.53,7.84,7.85,4,T1,여유,0.0,,원주역(시내방면.승차전용)(하행),10.64
30,하행,계절학기,토요일,21,2,14,3.17,3.3,6.88,3,T1,여유,0.0,,이마트(하행),3.58
30,하행,계절학기,일요일·공휴일,07,3,17,4.44,5.95,5.93,3,T1,여유,0.0,,행가리(하행),5.35
30,하행,계절학기,일요일·공휴일,08,3,30,10.15,12.62,8.07,4,T1,여유,0.3333,1.0,원주역(시내방면.승차전용)(하행),11.14
30,하행,계절학기,일요일·공휴일,09,3,25,6.31,6.45,6.63,3,T1,여유,0.0,,이마트(하행),7.35
30,하행,계절학기,일요일·공휴일,10,3,14,3.25,4.55,5.48,2,T1,여유,0.0,,원주교도소(하행),4.52
30,하행,계절학기,일요일·공휴일,11,3,43,8.72,10.82,7.53,3,T1,여유,0.0,,원주역(시내방면.승차전용)(하행),11.03
30,하행,계절학기,일요일·공휴일,12,3,34,14.28,15.62,9.62,4,T2,보통,1.0,1.0,원주역(시내방면.승차전용)(하행),17.56
30,하행,계절학기,일요일·공휴일,13,3,26,6.27,7.34,6.61,3,T1,여유,0.0,,원주역(시내방면.승차전용)(하행),8.33
30,하행,계절학기,일요일·공휴일,14,3,31,6.2,9.18,6.59,3,T1,여유,0.0,,흥업사거리(하행·5311),8.97
30,하행,계절학기,일요일·공휴일,15,3,18,5.52,8.02,6.33,3,T1,여유,0.0,,흥업사거리(하행·5311),8.13
30,하행,계절학기,일요일·공휴일,16,3,29,9.59,11.5,7.86,4,T1,여유,0.0,,원주역(시내방면.승차전용)(하행),12.85
30,하행,계절학기,일요일·공휴일,17,3,24,5.69,6.91,6.4,3,T1,여유,0.0,,원주역(시내방면.승차전용)(하행),7.69
30,하행,계절학기,일요일·공휴일,18,3,19,4.21,4.64,5.84,3,T1,여유,0.0,,세동(하행),8.63
30,하행,계절학기,일요일·공휴일,19,3,26,8.52,11.5,7.46,3,T1,여유,0.3333,1.0,원주역(시내방면.승차전용)(하행),11.5
30,하행,계절학기,일요일·공휴일,20,3,25,3.93,6.53,5.74,3,T1,여유,0.0,,SK텔레콤원주지점(하행),8.46
30,하행,계절학기,일요일·공휴일,21,3,26,5.23,7.18,6.23,3,T1,여유,0.0,,이마트(하행),7.15
30,하행,방학,평일,06,4,4,0.5,1.4,4.83,2,T1,여유,0.0,,연세대(시내방면)(하행),4.23
30,하행,방학,평일,07,26,466,12.12,15.29,11.5,5,T2,보통,0.4615,1.0,행가리(하행),23.18
30,하행,방학,평일,08,26,451,7.1,10.05,7.29,3,T1,여유,0.0,,롯데아파트(하행),10.55
30,하행,방학,평일,09,26,525,5.77,7.95,6.18,3,T1,여유,0.0,,원주역(시내방면.승차전용)(하행),11.43
30,하행,방학,평일,10,26,450,5.59,10.2,6.02,3,T1,여유,0.0,,원주역(시내방면.승차전용)(하행),12.16
30,하행,방학,평일,11,26,480,8.51,13.01,8.48,4,T1,여유,0.1538,2.75,원주역(시내방면.승차전용)(하행),16.56
30,하행,방학,평일,12,26,668,9.05,15.0,8.92,4,T2,보통,0.1923,2.4,삼육초중고교(하행),17.67
30,하행,방학,평일,13,26,524,9.09,11.36,8.96,4,T2,보통,0.0769,4.5,원주역(시내방면.승차전용)(하행),20.12
30,하행,방학,평일,14,26,542,9.87,15.71,9.62,4,T2,보통,0.1923,2.6,이마트(하행),17.89
30,하행,방학,평일,15,26,661,9.81,14.3,9.56,4,T2,보통,0.2308,3.0,원주역(시내방면.승차전용)(하행),19.61
30,하행,방학,평일,16,26,608,11.56,17.42,11.03,5,T2,보통,0.3462,2.89,삼육초중고교(하행),20.54
30,하행,방학,평일,17,26,620,14.12,19.91,13.18,6,T3,혼잡,0.6538,2.0,이마트(하행),19.89
30,하행,방학,평일,18,26,577,9.52,12.27,9.32,4,T2,보통,0.1538,3.25,행가리(하행),18.59
30,하행,방학,평일,19,26,541,8.31,12.13,8.31,4,T1,여유,0.1154,1.0,원주역(시내방면.승차전용)(하행),13.88
30,하행,방학,평일,20,26,515,6.48,9.23,6.77,3,T1,여유,0.0,,이마트(하행),11.25
30,하행,방학,평일,21,26,263,5.0,7.56,5.53,2,T1,여유,0.0,,이마트(하행),8.82
30,하행,방학,평일,22,19,157,4.26,8.03,5.1,2,T1,여유,0.0,,금불사거리(하행),9.18
30,하행,방학,평일,23,15,107,2.24,4.85,3.75,2,T1,여유,0.0,,금불사거리(하행),4.47
30,하행,방학,토요일,07,6,84,9.93,13.04,8.94,4,T2,보통,0.3333,1.0,행가리(하행),14.09
30,하행,방학,토요일,08,6,62,6.45,8.08,7.04,3,T1,여유,0.0,,이마트(하행),9.05
30,하행,방학,토요일,09,6,79,6.78,9.44,7.22,3,T1,여유,0.1667,1.0,원주역(시내방면.승차전용)(하행),10.07
30,하행,방학,토요일,10,6,95,6.64,9.98,7.15,3,T1,여유,0.0,,이마트(하행),13.13
30,하행,방학,토요일,11,6,105,10.49,14.25,9.25,4,T2,보통,0.1667,2.0,원주역(시내방면.승차전용)(하행),17.87
30,하행,방학,토요일,12,6,127,14.49,21.52,11.43,5,T2,보통,0.8333,1.2,원주역(시내방면.승차전용)(하행),20.48
30,하행,방학,토요일,13,6,79,7.47,11.51,7.6,3,T1,여유,0.1667,1.0,원주역(시내방면.승차전용)(하행),15.19
30,하행,방학,토요일,14,6,96,7.21,10.04,7.46,3,T1,여유,0.0,,삼육초중고교(하행),10.2
30,하행,방학,토요일,15,6,89,6.99,8.68,7.34,3,T1,여유,0.0,,원주역(시내방면.승차전용)(하행),11.03
30,하행,방학,토요일,16,6,92,8.74,12.0,8.3,4,T1,여유,0.0,,원주교도소(하행),11.89
30,하행,방학,토요일,17,6,90,8.2,9.56,8.0,4,T1,여유,0.0,,행가리(하행),10.39
30,하행,방학,토요일,18,6,60,5.17,7.84,6.35,3,T1,여유,0.0,,단계삼익아파트(하행),9.25
30,하행,방학,토요일,19,6,90,10.35,15.43,9.17,4,T2,보통,0.3333,1.0,SK텔레콤원주지점(하행),14.01
30,하행,방학,토요일,20,6,81,6.53,7.91,7.09,3,T1,여유,0.0,,SK텔레콤원주지점(하행),9.04
30,하행,방학,토요일,21,6,56,5.07,7.25,6.29,3,T1,여유,0.0,,베스파타운(하행),6.91
30,하행,방학,토요일,22,3,18,4.03,7.2,6.36,3,T1,여유,0.0,,금불사거리(하행),7.95
30,하행,방학,토요일,23,2,7,0.83,1.5,5.78,3,T1,여유,0.0,,흥업사거리(하행·5311),3.11
30,하행,방학,일요일·공휴일,07,13,120,6.99,10.27,7.13,3,T1,여유,0.0,,원주역(시내방면.승차전용)(하행),13.1
30,하행,방학,일요일·공휴일,08,13,129,5.84,9.86,6.3,3,T1,여유,0.0,,이마트(하행),9.11
30,하행,방학,일요일·공휴일,09,13,148,4.73,7.8,5.5,2,T1,여유,0.0,,행가리(하행),10.2
30,하행,방학,일요일·공휴일,10,13,153,6.14,9.32,6.53,3,T1,여유,0.0769,7.0,원주역(시내방면.승차전용)(하행),11.3
30,하행,방학,일요일·공휴일,11,12,166,9.79,23.18,9.12,4,T2,보통,0.25,7.67,자감교.한라대입구(하행),20.33
30,하행,방학,일요일·공휴일,12,12,239,10.41,17.97,9.56,4,T2,보통,0.5,4.33,흥업사거리(하행·5311),20.58
30,하행,방학,일요일·공휴일,13,13,174,8.26,14.22,8.05,4,T1,여유,0.2308,7.67,삼육초중고교(하행),18.63
30,하행,방학,일요일·공휴일,14,13,216,8.02,14.87,7.88,4,T1,여유,0.2308,7.67,원주역(시내방면.승차전용)(하행),19.42
30,하행,방학,일요일·공휴일,15,13,214,8.14,16.15,7.97,4,T1,여유,0.2308,7.67,원주역(시내방면.승차전용)(하행),22.31
30,하행,방학,일요일·공휴일,16,13,217,11.93,15.41,10.7,5,T2,보통,0.4615,4.5,삼육초중고교(하행),23.35
30,하행,방학,일요일·공휴일,17,13,215,9.47,14.64,8.93,4,T2,보통,0.3077,4.75,삼육초중고교(하행),17.59
30,하행,방학,일요일·공휴일,18,13,185,7.17,11.67,7.26,3,T1,여유,0.0769,9.0,자감교.한라대입구(하행),16.06
30,하행,방학,일요일·공휴일,19,13,201,8.7,16.09,8.37,4,T1,여유,0.2308,3.67,무실주공8차아파트(하행),13.48
30,하행,방학,일요일·공휴일,20,13,210,5.18,8.79,5.83,3,T1,여유,0.0,,단계삼익아파트(하행),10.24
30,하행,방학,일요일·공휴일,21,13,121,6.1,7.83,6.49,3,T1,여유,0.0769,1.0,금불사거리(하행),10.0
30,하행,방학,일요일·공휴일,22,10,69,4.89,8.84,5.77,3,T1,여유,0.1,1.0,SK텔레콤원주지점(하행),12.55
30,하행,방학,일요일·공휴일,23,5,36,3.0,4.77,5.26,2,T1,여유,0.0,,원주원예농협(하행),5.42
31,상행,학기,평일,05,57,191,5.77,8.1,6.32,3,T1,여유,0.0,,현대자동차.상공회의소(상행),9.05
31,상행,학기,평일,06,57,1985,8.38,10.67,8.71,4,T1,여유,0.0351,1.0,학성중학교정문(상행),18.44
31,상행,학기,평일,07,57,1694,9.82,13.18,10.03,5,T2,보통,0.1404,3.0,원주역(하차전용)(상행),18.27
31,상행,학기,평일,08,57,2525,13.73,17.68,13.63,6,T3,혼잡,0.6667,3.47,동보노빌리티입구(상행),20.77
31,상행,학기,평일,09,57,1437,17.0,24.8,16.64,7,T3,혼잡,0.8596,3.59,서원주유소(상행),30.22
31,상행,학기,평일,10,57,2273,13.21,17.68,13.15,6,T3,혼잡,0.5965,4.53,동보노빌리티입구(상행),26.96
31,상행,학기,평일,11,57,2255,11.98,17.15,12.03,5,T2,보통,0.4386,6.04,젊음의광장사거리(상행),21.26
31,상행,학기,평일,12,57,1204,14.17,21.55,14.04,6,T3,혼잡,0.6316,5.94,대성현대아파트(상행),25.93
31,상행,학기,평일,13,57,1634,18.94,25.94,18.43,8,T3,혼잡,0.8596,5.8,향교입구(상행),27.53
31,상행,학기,평일,14,57,1775,15.0,19.22,14.8,7,T3,혼잡,0.8772,5.62,강원감영(상행),23.14
31,상행,학기,평일,15,57,2163,14.98,20.56,14.78,7,T3,혼잡,0.7719,5.95,젊음의광장사거리(상행),26.42
31,상행,학기,평일,16,57,2551,15.8,20.8,15.53,7,T3,혼잡,0.8947,5.29,향교입구(상행),29.65
31,상행,학기,평일,17,57,1645,14.68,22.35,14.5,7,T3,혼잡,0.6842,5.67,대성현대아파트(상행),29.92
31,상행,학기,평일,18,57,1169,13.93,19.34,13.82,6,T3,혼잡,0.6491,4.19,젊음의광장사거리(상행),21.95
31,상행,학기,평일,19,57,1003,8.37,12.41,8.71,4,T1,여유,0.1228,3.57,단구2차아파트(상행),14.84
31,상행,학기,평일,20,57,778,6.79,11.16,7.25,3,T1,여유,0.0526,1.0,단구2차아파트(상행),11.92
31,상행,학기,평일,21,11,13,0.18,1.0,4.03,2,T1,여유,0.0,,가마골(상행),2.88
31,상행,학기,토요일,05,12,42,6.01,8.15,7.41,3,T1,여유,0.0,,한일주유소(상행),8.67
31,상행,학기,토요일,06,12,388,7.57,9.39,8.51,4,T1,여유,0.0833,1.0,e편한세상아파트(상행),13.09
31,상행,학기,토요일,07,12,250,5.89,7.79,7.33,3,T1,여유,0.0,,단계현진아파트(상행),10.82
31,상행,학기,토요일,08,12,225,8.36,11.32,9.07,4,T2,보통,0.0833,1.0,단계은행아파트(상행),15.66
31,상행,학기,토요일,09,12,304,12.85,18.9,12.24,6,T3,혼잡,0.3333,3.5,학성중학교정문(상행),21.18
31,상행,학기,토요일,10,12,268,13.31,18.76,12.57,6,T3,혼잡,0.5833,3.57,학성중학교정문(상행),23.95
31,상행,학기,토요일,11,12,321,14.26,19.64,13.24,6,T3,혼잡,0.6667,3.75,옛합동청사(상행),21.6
31,상행,학기,토요일,12,12,308,15.35,18.59,14.01,6,T3,혼잡,0.8333,4.0,금불사거리(상행),26.89
31,상행,학기,토요일,13,12,287,17.42,22.16,15.46,7,T3,혼잡,0.9167,3.82,남원로남부시장(상행),25.25
31,상행,학기,토요일,14,12,373,14.49,20.41,13.4,6,T3,혼잡,0.6667,4.0,강원감영(상행),20.21
31,상행,학기,토요일,15,12,262,9.72,14.41,10.03,5,T2,보통,0.25,2.33,서원주유소(상행),15.21
31,상행,학기,토요일,16,12,257,13.17,15.43,12.47,6,T3,혼잡,0.6667,1.5,KBS방송국(상행),22.29
31,상행,학기,토요일,17,12,376,11.67,15.71,11.41,5,T2,보통,0.5,1.5,남원로남부시장(상행),16.22
31,상행,학기,토요일,18,12,151,9.55,11.18,9.91,4,T2,보통,0.0833,1.0,남원로남부시장(상행),15.16
31,상행,학기,토요일,19,12,280,7.51,9.46,8.47,4,T1,여유,0.0833,1.0,옛합동청사(상행),12.21
31,상행,학기,토요일,20,12,114,5.28,9.09,6.9,3,T1,여유,0.0,,원주의료원(상행),8.06
31,상행,학기,일요일·공휴일,05,12,26,3.35,5.5,5.18,2,T1,여유,0.0,,우리병원(상행),4.64
31,상행,학기,일요일·공휴일,06,13,321,6.37,8.14,7.26,3,T1,여유,0.0769,1.0,e편한세상아파트(상행),9.96
31,상행,학기,일요일·공휴일,07,13,232,4.68,6.6,6.04,3,T1,여유,0.0,,학성중학교정문(상행),7.59
31,상행,학기,일요일·공휴일,08,13,195,6.28,10.6,7.19,3,T1,여유,0.0,,e편한세상아파트(상행),10.35
31,상행,학기,일요일·공휴일,09,13,270,7.94,9.91,8.39,4,T1,여유,0.0,,동보노빌리티입구(상행),11.86
31,상행,학기,일요일·공휴일,10,13,216,7.87,9.99,8.34,4,T1,여유,0.0769,1.0,젊음의광장사거리(상행),14.87
31,상행,학기,일요일·공휴일,11,13,285,9.8,12.83,9.74,4,T2,보통,0.2308,1.67,옛합동청사(상행),15.58
31,상행,학기,일요일·공휴일,12,13,213,9.97,13.47,9.86,4,T2,보통,0.1538,4.0,단계사거리(상행),16.67
31,상행,학기,일요일·공휴일,13,13,274,13.39,18.48,12.33,6,T3,혼잡,0.4615,2.17,학성중학교정문(상행),17.13
31,상행,학기,일요일·공휴일,14,13,313,10.43,14.85,10.19,5,T2,보통,0.3077,3.25,오페라웨딩홀(상행),15.36
31,상행,학기,일요일·공휴일,15,13,235,11.16,17.09,10.72,5,T2,보통,0.3846,2.8,대성현대아파트(상행),19.57
31,상행,학기,일요일·공휴일,16,13,266,12.04,17.8,11.35,5,T2,보통,0.3846,2.6,KBS방송국(상행),19.02
31,상행,학기,일요일·공휴일,17,13,366,12.03,18.19,11.35,5,T2,보통,0.3846,2.0,대성현대아파트(상행),19.59
31,상행,학기,일요일·공휴일,18,13,151,9.14,15.94,9.26,4,T2,보통,0.2308,1.67,단구2차아파트(상행),17.53
31,상행,학기,일요일·공휴일,19,13,304,9.77,11.8,9.71,4,T2,보통,0.0769,1.0,KBS방송국(상행),14.18
31,상행,학기,일요일·공휴일,20,13,204,19.1,27.87,16.45,7,T3,혼잡,0.7692,1.0,동보노빌리티입구(상행),25.65
31,상행,학기,일요일·공휴일,21,1,1,0.0,0.0,7.97,4,T1,여유,0.0,,귀래면사무소(상행),4.33
31,상행,시험,평일,05,5,15,6.02,9.1,9.18,4,T2,보통,0.0,,한일주유소(상행),9.17
31,상행,시험,평일,06,5,202,9.47,10.24,10.9,5,T2,보통,0.0,,e편한세상아파트(상행),13.98
31,상행,시험,평일,07,5,141,11.02,12.21,11.68,5,T2,보통,0.2,1.0,향교입구(상행),16.24
31,상행,시험,평일,08,5,201,11.28,13.78,11.81,5,T2,보통,0.4,9.5,원주시시설관리공단(상행),18.03
31,상행,시험,평일,09,5,101,16.74,20.57,14.54,7,T3,혼잡,0.8,7.25,YWCA(상행),22.95
31,상행,시험,평일,10,5,211,14.05,15.59,13.19,6,T3,혼잡,0.8,7.25,거장아파트(상행),20.65
31,상행,시험,평일,11,5,211,13.05,15.99,12.69,6,T3,혼잡,0.8,7.25,향교입구(상행),20.34
31,상행,시험,평일,12,5,91,11.8,19.81,12.07,5,T2,보통,0.6,8.67,남원로남부시장(상행),21.65
31,상행,시험,평일,13,5,147,17.46,24.29,14.9,7,T3,혼잡,0.8,7.75,동보노빌리티입구(상행),23.36
31,상행,시험,평일,14,5,165,16.55,19.52,14.44,7,T3,혼잡,1.0,6.8,학성중학교정문(상행),22.29
31,상행,시험,평일,15,5,202,17.35,20.3,14.84,7,T3,혼잡,1.0,6.8,향교입구(상행),23.94
31,상행,시험,평일,16,5,183,11.89,14.23,12.11,5,T2,보통,0.6,6.33,옛합동청사(상행),20.68
31,상행,시험,평일,17,5,140,11.42,15.75,11.88,5,T2,보통,0.4,8.0,젊음의광장사거리(상행),20.64
31,상행,시험,평일,18,5,96,11.89,15.85,12.11,5,T2,보통,0.6,4.67,대성현대아파트(상행),14.99
31,상행,시험,평일,19,5,97,9.52,15.81,10.93,5,T2,보통,0.2,2.0,단구2차아파트(상행),13.76
31,상행,시험,평일,20,5,60,7.86,12.67,10.1,5,T2,보통,0.2,1.0,단구2차아파트(상행),11.22
31,상행,시험,토요일,05,1,4,7.5,7.5,10.68,5,T2,보통,0.0,,한일주유소(상행),8.42
31,상행,시험,토요일,06,1,36,7.86,7.86,10.74,5,T2,보통,0.0,,e편한세상아파트(상행),10.13
31,상행,시험,토요일,07,1,25,6.64,6.64,10.54,5,T2,보통,0.0,,보촌(상행),10.63
31,상행,시험,토요일,08,1,22,10.95,10.95,11.25,5,T2,보통,0.0,,단계은행아파트(상행),12.7
31,상행,시험,토요일,09,1,31,18.55,18.55,12.52,6,T3,혼잡,1.0,1.0,아랫거리(상행·5261),17.13
31,상행,시험,토요일,10,1,23,12.04,12.04,11.44,5,T2,보통,0.0,,도영쇼핑(상행),16.14
31,상행,시험,토요일,11,1,22,6.73,6.73,10.55,5,T2,보통,0.0,,YWCA(상행),9.45
31,상행,시험,토요일,12,1,16,19.75,19.75,12.72,6,T3,혼잡,1.0,2.0,e편한세상아파트(상행),16.88
31,상행,시험,토요일,13,1,29,15.38,15.38,11.99,5,T2,보통,1.0,2.0,원주역(하차전용)(상행),17.68
31,상행,시험,토요일,14,1,22,10.18,10.18,11.13,5,T2,보통,0.0,,KBS방송국(상행),10.28
31,상행,시험,토요일,15,1,22,8.77,8.77,10.89,5,T2,보통,0.0,,지하상가(상행),13.71
31,상행,시험,토요일,16,1,25,17.48,17.48,12.34,6,T3,혼잡,1.0,1.0,원주의료원(상행),18.27
31,상행,시험,토요일,17,1,25,8.6,8.6,10.86,5,T2,보통,0.0,,YWCA(상행),12.66
31,상행,시험,토요일,18,1,13,14.15,14.15,11.79,5,T2,보통,1.0,1.0,KBS방송국(상행),14.22
31,상행,시험,토요일,19,1,15,8.73,8.73,10.88,5,T2,보통,0.0,,단구2차아파트(상행),8.5
31,상행,시험,토요일,20,1,17,7.71,7.71,10.71,5,T2,보통,0.0,,동보노빌리티입구(상행),7.57
31,상행,시험,일요일·공휴일,05,1,4,4.25,4.25,10.6,5,T2,보통,0.0,,한일주유소(상행),4.71
31,상행,시험,일요일·공휴일,06,1,27,5.44,5.44,10.8,5,T2,보통,0.0,,시외.고속버스터미널(상행),6.42
31,상행,시험,일요일·공휴일,07,1,26,6.58,6.58,10.99,5,T2,보통,0.0,,젊음의광장사거리(상행),8.0
31,상행,시험,일요일·공휴일,08,1,21,7.48,7.48,11.14,5,T2,보통,0.0,,남원로남부시장(상행),9.21
31,상행,시험,일요일·공휴일,09,1,22,9.55,9.55,11.48,5,T2,보통,0.0,,e편한세상아파트(상행),12.19
31,상행,시험,일요일·공휴일,10,1,9,5.22,5.22,10.76,5,T2,보통,0.0,,단계현진아파트(상행),15.59
31,상행,시험,일요일·공휴일,11,1,32,13.66,13.66,12.17,5,T2,보통,1.0,7.0,YWCA(상행),15.3
31,상행,시험,일요일·공휴일,12,1,23,15.3,15.3,12.44,6,T3,혼잡,1.0,7.0,e편한세상아파트(상행),17.12
31,상행,시험,일요일·공휴일,13,1,28,25.32,25.32,14.11,6,T3,혼잡,1.0,7.0,대성현대아파트(상행),24.69
31,상행,시험,일요일·공휴일,14,1,35,14.06,14.06,12.23,6,T3,혼잡,1.0,7.0,향교입구(상행),14.2
31,상행,시험,일요일·공휴일,15,1,25,16.44,16.44,12.63,6,T3,혼잡,1.0,7.0,대성현대아파트(상행),18.9
31,상행,시험,일요일·공휴일,16,1,27,14.0,14.0,12.23,6,T3,혼잡,1.0,7.0,남원로남부시장(상행),16.47
31,상행,시험,일요일·공휴일,17,1,31,16.71,16.71,12.68,6,T3,혼잡,1.0,7.0,대성현대아파트(상행),14.57
31,상행,시험,일요일·공휴일,18,1,8,8.0,8.0,11.23,5,T2,보통,0.0,,청구아파트(상행),8.89
31,상행,시험,일요일·공휴일,19,1,40,17.23,17.23,12.76,6,T3,혼잡,1.0,1.0,옛합동청사(상행),16.51
31,상행,시험,일요일·공휴일,20,1,10,10.7,10.7,11.68,5,T2,보통,0.0,,단구2차아파트(상행),9.08
31,상행,계절학기,평일,05,12,28,4.36,6.27,6.3,3,T1,여유,0.0,,태장2동(상행),6.58
31,상행,계절학기,평일,06,12,317,6.43,8.99,7.77,3,T1,여유,0.0833,1.0,e편한세상아파트(상행),11.28
31,상행,계절학기,평일,07,12,277,7.82,11.74,8.74,4,T1,여유,0.0,,원주역(하차전용)(상행),14.85
31,상행,계절학기,평일,08,12,371,11.69,14.18,11.47,5,T2,보통,0.5,1.67,옛합동청사(상행),16.56
31,상행,계절학기,평일,09,12,279,12.68,15.81,12.18,5,T3,혼잡,0.5833,1.57,서원주유소(상행),20.95
31,상행,계절학기,평일,10,12,287,10.04,12.61,10.31,5,T2,보통,0.1667,3.0,학성중학교정문(상행),16.75
31,상행,계절학기,평일,11,12,338,11.92,15.42,11.64,5,T2,보통,0.4167,3.8,시외.고속버스터미널(상행),17.25
31,상행,계절학기,평일,12,12,241,12.87,17.08,12.31,6,T3,혼잡,0.5833,3.43,원일로중앙시장(상행),20.31
31,상행,계절학기,평일,13,12,312,17.63,27.31,15.67,7,T3,혼잡,0.75,3.44,KBS방송국(상행),24.74
31,상행,계절학기,평일,14,12,334,14.1,20.46,13.18,6,T3,혼잡,0.6667,3.75,대성현대아파트(상행),21.72
31,상행,계절학기,평일,15,12,394,14.83,19.63,13.69,6,T3,혼잡,0.6667,3.75,남원로남부시장(상행),23.24
31,상행,계절학기,평일,16,12,431,14.98,19.01,13.8,6,T3,혼잡,0.75,3.33,남원로남부시장(상행),23.48
31,상행,계절학기,평일,17,12,290,10.8,16.41,10.85,5,T2,보통,0.25,4.0,남원로남부시장(상행),20.07
31,상행,계절학기,평일,18,12,196,12.48,19.27,12.04,5,T2,보통,0.5833,1.14,남원로남부시장(상행),20.56
31,상행,계절학기,평일,19,12,267,7.37,10.03,8.43,4,T1,여유,0.0,,단구2차아파트(상행),10.72
31,상행,계절학기,평일,20,12,139,7.16,13.01,8.28,4,T1,여유,0.1667,1.0,단구2차아파트(상행),10.81
31,상행,계절학기,평일,21,2,2,0.0,0.0,7.83,4,T1,여유,0.0,,대동마을(상행),3.91
31,상행,계절학기,토요일,05,2,5,3.67,4.2,7.07,3,T1,여유,0.0,,태장2동(상행),4.33
31,상행,계절학기,토요일,06,2,50,5.48,5.86,7.59,3,T1,여유,0.0,,e편한세상아파트(상행),7.98
31,상행,계절학기,토요일,07,2,38,5.29,5.67,7.53,3,T1,여유,0.0,,금불사거리(상행),7.22
31,상행,계절학기,토요일,08,2,28,5.14,5.37,7.49,3,T1,여유,0.0,,한일주유소(상행),10.86
31,상행,계절학기,토요일,09,2,52,12.38,13.73,9.56,4,T2,보통,0.5,1.0,서원주유소(상행),16.28
31,상행,계절학기,토요일,10,2,24,6.81,9.42,7.97,4,T1,여유,0.0,,시외.고속버스터미널(상행),11.71
31,상행,계절학기,토요일,11,2,13,7.86,8.87,8.27,4,T1,여유,0.0,,e편한세상아파트(상행),13.64
31,상행,계절학기,토요일,12,2,36,11.41,13.57,9.28,4,T2,보통,0.5,3.0,e편한세상아파트(상행),18.21
31,상행,계절학기,토요일,13,2,51,12.84,13.56,9.69,4,T2,보통,0.5,3.0,금불사거리(상행),15.94
31,상행,계절학기,토요일,14,2,53,13.7,14.99,9.94,4,T2,보통,0.5,3.0,남원로남부시장(상행),15.08
31,상행,계절학기,토요일,15,2,34,9.3,10.71,8.68,4,T1,여유,0.0,,남원로남부시장(상행),12.25
31,상행,계절학기,토요일,16,2,52,10.42,11.66,9.0,4,T2,보통,0.0,,단구2차아파트(상행),13.66
31,상행,계절학기,토요일,17,2,41,16.63,16.96,10.77,5,T2,보통,1.0,1.0,시외.고속버스터미널(상행),18.58
31,상행,계절학기,토요일,18,2,6,1.67,1.93,6.5,3,T1,여유,0.0,,두산위브정문(상행),2.96
31,상행,계절학기,토요일,19,2,54,8.39,8.49,8.42,4,T1,여유,0.0,,강원감영(상행),9.6
31,상행,계절학기,토요일,20,2,14,3.92,4.25,7.14,3,T1,여유,0.0,,꿈드림새마을금고(상행),5.08
31,상행,계절학기,일요일·공휴일,05,1,1,2.0,2.0,6.28,3,T1,여유,0.0,,한국도로공사(상행),2.0
31,상행,계절학기,일요일·공휴일,06,3,38,4.02,4.91,5.97,3,T1,여유,0.0,,학성중학교정문(상행),6.12
31,상행,계절학기,일요일·공휴일,07,3,37,2.84,3.91,5.52,2,T1,여유,0.0,,금불사거리(상행),4.96
31,상행,계절학기,일요일·공휴일,08,3,34,3.81,4.59,5.89,3,T1,여유,0.0,,강원정비기술학원(상행),5.74
31,상행,계절학기,일요일·공휴일,09,3,42,5.81,9.16,6.64,3,T1,여유,0.0,,e편한세상아파트(상행),9.7
31,상행,계절학기,일요일·공휴일,10,3,49,7.25,8.96,7.18,3,T1,여유,0.0,,옛합동청사(상행),10.9
31,상행,계절학기,일요일·공휴일,11,3,41,12.38,14.47,9.1,4,T2,보통,0.6667,2.0,학성중학교정문(상행),12.81
31,상행,계절학기,일요일·공휴일,12,3,45,8.71,12.23,7.73,3,T1,여유,0.3333,3.0,원일로중앙시장(상행),14.7
31,상행,계절학기,일요일·공휴일,13,3,66,11.1,14.53,8.62,4,T1,여유,0.3333,3.0,KBS방송국(상행),15.14
31,상행,계절학기,일요일·공휴일,14,3,50,6.92,8.1,7.06,3,T1,여유,0.0,,지하상가(상행),9.83
31,상행,계절학기,일요일·공휴일,15,3,52,9.22,12.66,7.92,4,T1,여유,0.3333,1.0,대성현대아파트(상행),12.25
31,상행,계절학기,일요일·공휴일,16,3,49,9.88,10.25,8.16,4,T1,여유,0.0,,원일로중앙시장(상행),12.25
31,상행,계절학기,일요일·공휴일,17,3,56,8.79,9.59,7.76,3,T1,여유,0.0,,남원로남부시장(상행),12.02
31,상행,계절학기,일요일·공휴일,18,2,15,5.34,8.41,6.62,3,T1,여유,0.0,,단구2차아파트(상행),7.59
31,상행,계절학기,일요일·공휴일,19,3,58,8.11,10.25,7.5,3,T1,여유,0.0,,향교입구(상행),9.93
31,상행,계절학기,일요일·공휴일,20,3,29,3.94,5.15,5.94,3,T1,여유,0.0,,강원감영(상행),5.04
31,상행,방학,평일,05,26,75,4.83,6.92,5.92,3,T1,여유,0.0,,현대자동차.상공회의소(상행),7.6
31,상행,방학,평일,06,26,710,6.54,9.13,7.35,3,T1,여유,0.0,,e편한세상아파트(상행),15.99
31,상행,방학,평일,07,26,594,7.52,11.08,8.17,4,T1,여유,0.0,,젊음의광장사거리(상행),14.13
31,상행,방학,평일,08,26,582,10.34,13.03,10.54,5,T2,보통,0.1923,1.8,e편한세상아파트(상행),15.65
31,상행,방학,평일,09,26,688,12.4,15.81,12.27,6,T3,혼잡,0.5385,1.57,서원주유소(상행),22.23
31,상행,방학,평일,10,26,524,11.06,14.0,11.14,5,T2,보통,0.4231,2.73,시외.고속버스터미널(상행),19.11
31,상행,방학,평일,11,26,698,13.93,16.82,13.55,6,T3,혼잡,0.6154,3.75,강원감영(상행),20.78
31,상행,방학,평일,12,26,605,15.03,20.1,14.47,7,T3,혼잡,0.6923,4.28,대성현대아파트(상행),25.85
31,상행,방학,평일,13,26,613,15.03,22.12,14.47,7,T3,혼잡,0.6538,5.0,KBS방송국(상행),24.04
31,상행,방학,평일,14,26,875,15.95,19.95,15.24,7,T3,혼잡,0.8077,4.67,KBS방송국(상행),23.13
31,상행,방학,평일,15,26,675,13.39,17.89,13.1,6,T3,혼잡,0.6154,5.25,대성현대아파트(상행),24.03
31,상행,방학,평일,16,26,694,18.55,25.19,17.42,8,T3,혼잡,0.8846,4.39,남원로남부시장(상행),32.14
31,상행,방학,평일,17,26,997,14.45,16.84,13.99,6,T3,혼잡,0.8077,4.38,남원로남부시장(상행),22.79
31,상행,방학,평일,18,26,428,13.89,19.04,13.51,6,T3,혼잡,0.6923,3.39,남원로남부시장(상행),26.05
31,상행,방학,평일,19,26,744,8.87,11.66,9.31,4,T2,보통,0.0385,4.0,옛합동청사(상행),14.36
31,상행,방학,평일,20,26,333,5.6,8.35,6.57,3,T1,여유,0.0,,단구2차아파트(상행),10.68
31,상행,방학,평일,21,4,6,1.0,1.7,6.88,3,T1,여유,0.0,,가마골(상행),3.36
31,상행,방학,평일,22,1,1,0.0,0.0,9.65,4,T2,보통,0.0,,장양리차고지(상행),0.83
31,상행,방학,토요일,05,6,16,4.11,5.0,6.61,3,T1,여유,0.0,,태장2동(상행),5.92
31,상행,방학,토요일,06,6,119,4.93,6.96,7.05,3,T1,여유,0.0,,e편한세상아파트(상행),8.04
31,상행,방학,토요일,07,6,116,5.99,7.74,7.63,3,T1,여유,0.0,,단계현진아파트(상행),9.68
31,상행,방학,토요일,08,6,101,8.57,11.71,9.04,4,T2,보통,0.1667,2.0,단계은행아파트(상행),13.89
31,상행,방학,토요일,09,6,146,11.03,13.85,10.38,5,T2,보통,0.5,2.67,YWCA(상행),16.47
31,상행,방학,토요일,10,6,131,11.52,15.59,10.65,5,T2,보통,0.3333,4.0,시외.고속버스터미널(상행),18.64
31,상행,방학,토요일,11,6,150,13.39,19.36,11.67,5,T2,보통,0.5,3.33,옛합동청사(상행),20.05
31,상행,방학,토요일,12,6,144,15.01,20.81,12.55,6,T3,혼잡,0.6667,3.5,e편한세상아파트(상행),21.64
31,상행,방학,토요일,13,6,133,12.95,14.86,11.43,5,T2,보통,0.6667,3.5,학성중학교정문(상행),18.85
31,상행,방학,토요일,14,6,139,10.79,13.35,10.25,5,T2,보통,0.3333,4.0,남원로남부시장(상행),14.72
31,상행,방학,토요일,15,6,129,13.37,16.52,11.66,5,T2,보통,0.5,3.67,시외.고속버스터미널(상행),18.31
31,상행,방학,토요일,16,6,149,13.65,16.58,11.81,5,T2,보통,0.8333,2.0,남원로남부시장(상행),18.21
31,상행,방학,토요일,17,6,223,10.86,12.71,10.29,5,T2,보통,0.1667,3.0,옛합동청사(상행),12.74
31,상행,방학,토요일,18,6,48,6.83,10.46,8.09,4,T1,여유,0.0,,원주의료원(상행),10.68
31,상행,방학,토요일,19,6,132,6.41,9.21,7.86,4,T1,여유,0.0,,옛합동청사(상행),9.35
31,상행,방학,토요일,20,6,51,4.23,6.1,6.67,3,T1,여유,0.0,,원일로중앙시장(상행),7.0
31,상행,방학,일요일·공휴일,05,9,18,2.67,4.33,4.46,2,T1,여유,0.0,,태장2동(상행),4.18
31,상행,방학,일요일·공휴일,06,13,206,3.68,4.74,4.79,2,T1,여유,0.0,,e편한세상아파트(상행),5.85
31,상행,방학,일요일·공휴일,07,13,156,4.41,7.03,5.32,2,T1,여유,0.0,,원일로중앙시장(상행),7.54
31,상행,방학,일요일·공휴일,08,13,160,5.25,7.09,5.93,3,T1,여유,0.0,,강원정비기술학원(상행),9.28
31,상행,방학,일요일·공휴일,09,13,245,8.08,12.35,7.97,4,T1,여유,0.1538,1.0,옛합동청사(상행),13.18
31,상행,방학,일요일·공휴일,10,13,200,7.96,11.98,7.88,4,T1,여유,0.0769,1.0,단계현진아파트(상행),14.09
31,상행,방학,일요일·공휴일,11,13,229,8.38,12.02,8.19,4,T1,여유,0.0769,1.0,학성중학교정문(상행),13.5
31,상행,방학,일요일·공휴일,12,13,189,10.4,16.72,9.64,4,T2,보통,0.3846,1.8,e편한세상아파트(상행),20.75
31,상행,방학,일요일·공휴일,13,13,274,12.32,18.24,11.04,5,T2,보통,0.4615,1.83,강원감영(상행),18.24
31,상행,방학,일요일·공휴일,14,13,333,10.22,16.5,9.52,4,T2,보통,0.2308,2.0,KBS방송국(상행),15.69
31,상행,방학,일요일·공휴일,15,13,216,8.26,12.32,8.1,4,T1,여유,0.2308,1.0,YWCA(상행),16.65
31,상행,방학,일요일·공휴일,16,13,216,10.31,14.41,9.58,4,T2,보통,0.2308,1.33,남원로남부시장(상행),16.9
31,상행,방학,일요일·공휴일,17,13,396,11.16,14.0,10.2,5,T2,보통,0.3077,1.25,강원감영(상행),16.9
31,상행,방학,일요일·공휴일,18,13,129,6.87,9.91,7.09,3,T1,여유,0.0769,1.0,거장아파트(상행),11.14
31,상행,방학,일요일·공휴일,19,13,266,6.41,8.79,6.77,3,T1,여유,0.0,,남원로남부시장(상행),9.83
31,상행,방학,일요일·공휴일,20,12,115,4.92,8.86,5.73,3,T1,여유,0.0,,단구2차아파트(상행),8.05
31,하행,학기,평일,06,56,229,5.43,9.07,5.97,3,T1,여유,0.0357,4.5,거장아파트(하행),12.24
31,하행,학기,평일,07,57,2269,17.38,21.84,16.95,8,T3,혼잡,0.8947,3.9,젊음의광장사거리(하행),36.48
31,하행,학기,평일,08,57,2534,15.41,19.12,15.14,7,T3,혼잡,0.8772,4.12,개운현대아파트(하행),29.96
31,하행,학기,평일,09,57,2366,14.15,17.73,13.98,6,T3,혼잡,0.7368,4.88,대성현대아파트(하행),26.04
31,하행,학기,평일,10,57,2048,17.0,24.17,16.6,7,T3,혼잡,0.8246,4.32,대성현대아파트(하행),30.23
31,하행,학기,평일,11,57,1362,12.25,19.12,12.23,6,T3,혼잡,0.4035,5.78,성지병원(하행),24.97
31,하행,학기,평일,12,57,1813,12.82,19.94,12.76,6,T3,혼잡,0.5088,5.24,대성현대아파트(하행),26.21
31,하행,학기,평일,13,57,1878,12.91,17.36,12.84,6,T3,혼잡,0.5789,4.94,성지병원(하행),24.78
31,하행,학기,평일,14,57,1890,12.97,17.11,12.89,6,T3,혼잡,0.614,5.09,대성현대아파트(하행),23.69
31,하행,학기,평일,15,57,1318,15.28,24.07,15.02,7,T3,혼잡,0.6842,4.9,거장아파트(하행),29.35
31,하행,학기,평일,16,57,1696,18.12,25.32,17.63,8,T3,혼잡,0.8246,4.51,구곡현대아파트(하행),31.19
31,하행,학기,평일,17,57,2130,16.59,22.02,16.22,7,T3,혼잡,0.8772,4.12,국립강릉원주대학교(하행·5631),27.03
31,하행,학기,평일,18,57,2126,11.94,15.1,11.95,5,T2,보통,0.4737,4.22,서곡삼거리(하행),24.13
31,하행,학기,평일,19,57,1388,7.22,10.78,7.61,3,T1,여유,0.0877,2.2,구곡현대아파트(하행),12.94
31,하행,학기,평일,20,57,432,4.95,8.89,5.53,2,T1,여유,0.0175,1.0,국립강릉원주대학교(하행·5621),9.39
31,하행,학기,평일,21,57,483,2.77,4.6,3.52,2,T1,여유,0.0,,금불사거리(하행),5.02
31,하행,학기,평일,22,23,47,1.13,3.2,3.08,1,T1,여유,0.0,,시외.고속버스터미널(하행),3.9
31,하행,학기,토요일,06,6,7,2.0,2.0,6.0,3,T1,여유,0.0,,대동마을(하행),7.08
31,하행,학기,토요일,07,12,292,9.66,12.56,10.0,4,T2,보통,0.1667,4.0,구곡현대아파트(하행),14.11
31,하행,학기,토요일,08,12,419,10.58,14.65,10.65,5,T2,보통,0.25,6.0,개운현대아파트(하행),19.99
31,하행,학기,토요일,09,12,487,13.82,16.1,12.94,6,T3,혼잡,0.6667,4.0,개운현대아파트(하행),21.92
31,하행,학기,토요일,10,12,374,18.91,24.31,16.53,7,T3,혼잡,0.9167,3.73,대성현대아파트(하행),34.66
31,하행,학기,토요일,11,12,333,16.97,23.6,15.16,7,T3,혼잡,0.8333,3.9,대성현대아파트(하행),26.95
31,하행,학기,토요일,12,12,317,15.88,27.84,14.39,6,T3,혼잡,0.5,5.0,성지병원(하행),26.13
31,하행,학기,토요일,13,12,287,14.58,18.35,13.47,6,T3,혼잡,0.6667,3.5,대성현대아파트(하행),25.77
31,하행,학기,토요일,14,12,230,9.91,14.26,10.18,5,T2,보통,0.1667,2.5,개운현대아파트(하행),18.06
31,하행,학기,토요일,15,12,339,13.5,19.08,12.71,6,T3,혼잡,0.6667,1.62,성지병원(하행),19.61
31,하행,학기,토요일,16,12,309,11.87,15.76,11.56,5,T2,보통,0.5,2.0,학성중학교정문(하행),20.53
31,하행,학기,토요일,17,12,288,11.45,15.48,11.26,5,T2,보통,0.4167,1.8,청구아파트(하행),15.87
31,하행,학기,토요일,18,12,144,6.67,8.79,7.89,4,T1,여유,0.0,,대성현대아파트(하행),10.64
31,하행,학기,토요일,19,12,194,6.65,10.12,7.88,4,T1,여유,0.0833,1.0,학성중학교정문(하행),10.61
31,하행,학기,토요일,20,12,149,3.94,7.59,5.96,3,T1,여유,0.0,,금불사거리(하행),7.4
31,하행,학기,토요일,21,12,136,4.54,7.84,6.38,3,T1,여유,0.0,,젊음의광장사거리(하행),7.52
31,하행,학기,토요일,22,3,6,1.25,3.0,7.22,3,T1,여유,0.0,,우산철교.폴리텍대학(하행),3.58
31,하행,학기,일요일·공휴일,06,8,10,1.12,2.3,3.93,2,T1,여유,0.0,,웃한치(하행),5.92
31,하행,학기,일요일·공휴일,07,13,255,6.26,9.25,6.86,3,T1,여유,0.0,,대성현대아파트(하행),9.76
31,하행,학기,일요일·공휴일,08,13,309,7.21,10.3,7.54,3,T1,여유,0.0769,1.0,도영쇼핑(하행),11.5
31,하행,학기,일요일·공휴일,09,13,400,9.34,13.7,9.08,4,T2,보통,0.1538,2.5,개운현대아파트(하행),15.8
31,하행,학기,일요일·공휴일,10,13,379,17.22,20.62,14.77,7,T3,혼잡,0.9231,1.42,남원로남부시장(하행),28.25
31,하행,학기,일요일·공휴일,11,13,282,9.66,13.41,9.32,4,T2,보통,0.2308,2.33,풍물시장(하행),14.83
31,하행,학기,일요일·공휴일,12,13,250,11.4,16.97,10.57,5,T2,보통,0.3077,1.75,남원로남부시장(하행),19.77
31,하행,학기,일요일·공휴일,13,13,223,8.84,13.75,8.72,4,T1,여유,0.1538,2.5,학성중학교정문(하행),15.06
31,하행,학기,일요일·공휴일,14,13,204,10.22,14.88,9.72,4,T2,보통,0.3077,2.25,대성현대아파트(하행),14.31
31,하행,학기,일요일·공휴일,15,13,332,11.04,15.24,10.31,5,T2,보통,0.3846,2.0,개운현대아파트(하행),15.86
31,하행,학기,일요일·공휴일,16,13,300,8.65,11.62,8.58,4,T1,여유,0.0769,3.0,YWCA(하행),15.18
31,하행,학기,일요일·공휴일,17,13,242,9.9,12.94,9.49,4,T2,보통,0.3077,1.5,학성중학교정문(하행),15.62
31,하행,학기,일요일·공휴일,18,13,145,6.98,11.36,7.37,3,T1,여유,0.0769,3.0,구곡현대아파트(하행),12.09
31,하행,학기,일요일·공휴일,19,13,207,7.52,11.26,7.77,3,T1,여유,0.0769,1.0,롯데아파트(하행),13.71
31,하행,학기,일요일·공휴일,20,13,171,4.88,7.84,5.86,3,T1,여유,0.0,,단계삼익아파트(하행),13.36
31,하행,학기,일요일·공휴일,21,13,158,4.75,6.9,5.77,3,T1,여유,0.0,,풍물시장(하행),7.18
31,하행,학기,일요일·공휴일,22,7,21,2.36,5.7,4.88,2,T1,여유,0.0,,금불사거리(하행),6.28
31,하행,시험,평일,06,5,22,5.97,7.48,9.39,4,T2,보통,0.0,,흥업사거리(하행·5351),10.07
31,하행,시험,평일,07,5,192,17.52,22.39,15.17,7,T3,혼잡,0.8,6.75,대림아파트(하행),26.27
31,하행,시험,평일,08,5,247,16.62,17.64,14.71,7,T3,혼잡,1.0,5.6,원주의료원(하행),25.13
31,하행,시험,평일,09,5,217,16.26,19.51,14.54,7,T3,혼잡,0.8,6.75,청구아파트(하행),23.25
31,하행,시험,평일,10,5,173,16.21,22.24,14.51,7,T3,혼잡,0.8,6.75,원주의료원(하행),21.43
31,하행,시험,평일,11,5,118,14.33,19.15,13.57,6,T3,혼잡,0.4,9.5,성지병원(하행),20.42
31,하행,시험,평일,12,5,167,13.86,19.95,13.34,6,T3,혼잡,0.6,8.33,청구아파트(하행),21.65
31,하행,시험,평일,13,5,159,13.91,19.01,13.36,6,T3,혼잡,0.6,8.33,개운현대아파트(하행),22.65
31,하행,시험,평일,14,5,169,14.98,16.24,13.9,6,T3,혼잡,1.0,6.0,학성중학교정문(하행),20.02
31,하행,시험,평일,15,5,63,9.76,13.59,11.29,5,T2,보통,0.6,7.0,대동마을(하행),17.6
31,하행,시험,평일,16,5,158,21.69,26.89,17.25,8,T3,혼잡,1.0,5.4,남원로남부시장(하행),26.61
31,하행,시험,평일,17,5,203,21.38,23.33,17.1,8,T3,혼잡,1.0,5.4,성지병원(하행),27.35
31,하행,시험,평일,18,5,187,12.77,18.31,12.79,6,T3,혼잡,0.4,3.0,서원주유소(하행),19.13
31,하행,시험,평일,19,5,121,6.94,9.57,9.88,4,T2,보통,0.0,,단구은행아파트(하행),11.3
31,하행,시험,평일,20,5,48,6.9,9.11,9.86,4,T2,보통,0.0,,국립강릉원주대학교(하행·5621),9.93
31,하행,시험,평일,21,5,49,3.2,4.81,8.01,4,T1,여유,0.0,,단구은행아파트(하행),4.44
31,하행,시험,평일,22,3,5,0.67,1.0,8.26,4,T1,여유,0.0,,북원중학교(하행),1.14
31,하행,시험,토요일,07,1,22,15.59,15.59,11.03,5,T2,보통,1.0,1.0,대림아파트(하행),13.96
31,하행,시험,토요일,08,1,38,10.29,10.29,10.15,5,T2,보통,0.0,,도영쇼핑(하행),13.53
31,하행,시험,토요일,09,1,42,11.02,11.02,10.27,5,T2,보통,0.0,,원주의료원(하행),15.3
31,하행,시험,토요일,10,1,27,17.48,17.48,11.35,5,T2,보통,1.0,1.0,대성현대아파트(하행),18.81
31,하행,시험,토요일,11,1,24,9.54,9.54,10.03,5,T2,보통,0.0,,SK텔레콤원주지점(하행),10.12
31,하행,시험,토요일,12,1,23,8.39,8.39,9.83,4,T2,보통,0.0,,흥업사거리(하행·5351),16.04
31,하행,시험,토요일,13,1,23,16.96,16.96,11.26,5,T2,보통,1.0,1.0,청구아파트(하행),18.34
31,하행,시험,토요일,14,1,16,5.94,5.94,9.42,4,T2,보통,0.0,,국립강릉원주대학교(하행·5631),8.78
31,하행,시험,토요일,15,1,31,16.29,16.29,11.15,5,T2,보통,1.0,1.0,거장아파트(하행),15.88
31,하행,시험,토요일,16,1,21,10.1,10.1,10.12,5,T2,보통,0.0,,대성현대아파트(하행),16.44
31,하행,시험,토요일,17,1,18,13.89,13.89,10.75,5,T2,보통,1.0,1.0,청구아파트(하행),13.0
31,하행,시험,토요일,18,1,17,7.65,7.65,9.71,4,T2,보통,0.0,,단계현진아파트(하행),11.39
31,하행,시험,토요일,19,1,7,2.43,2.43,8.84,4,T1,여유,0.0,,풍물시장(하행),7.0
31,하행,시험,토요일,20,1,13,3.15,3.15,8.96,4,T2,보통,0.0,,YWCA(하행),6.41
31,하행,시험,토요일,21,1,9,3.11,3.11,8.95,4,T2,보통,0.0,,청구아파트(하행),3.98
31,하행,시험,일요일·공휴일,07,1,18,7.78,7.78,9.61,4,T2,보통,0.0,,단구은행아파트(하행),8.83
31,하행,시험,일요일·공휴일,08,1,30,8.7,8.7,9.77,4,T2,보통,0.0,,남원로남부시장(하행),11.55
31,하행,시험,일요일·공휴일,09,1,29,11.31,11.31,10.2,5,T2,보통,0.0,,원주의료원(하행),14.35
31,하행,시험,일요일·공휴일,10,1,28,18.32,18.32,11.37,5,T2,보통,1.0,1.0,개운현대아파트(하행),19.93
31,하행,시험,일요일·공휴일,11,1,10,10.6,10.6,10.08,5,T2,보통,0.0,,도영쇼핑(하행),15.64
31,하행,시험,일요일·공휴일,12,1,20,14.1,14.1,10.67,5,T2,보통,1.0,2.0,남원로남부시장(하행),16.79
31,하행,시험,일요일·공휴일,13,1,23,14.22,14.22,10.69,5,T2,보통,1.0,2.0,남원로남부시장(하행),22.02
31,하행,시험,일요일·공휴일,14,1,17,9.18,9.18,9.85,4,T2,보통,0.0,,흥업사거리(하행·5351),13.04
31,하행,시험,일요일·공휴일,15,1,25,13.08,13.08,10.5,5,T2,보통,1.0,2.0,남원로남부시장(하행),16.15
31,하행,시험,일요일·공휴일,16,1,31,13.35,13.35,10.54,5,T2,보통,1.0,2.0,YWCA(하행),16.47
31,하행,시험,일요일·공휴일,17,1,23,7.39,7.39,9.55,4,T2,보통,0.0,,세동(하행),12.73
31,하행,시험,일요일·공휴일,18,1,11,7.09,7.09,9.5,4,T2,보통,0.0,,청구아파트(하행),8.39
31,하행,시험,일요일·공휴일,19,1,20,7.0,7.0,9.48,4,T2,보통,0.0,,롯데아파트(하행),13.68
31,하행,시험,일요일·공휴일,20,1,16,3.88,3.88,8.96,4,T2,보통,0.0,,대성현대아파트(하행),6.91
31,하행,시험,일요일·공휴일,21,1,11,3.73,3.73,8.94,4,T2,보통,0.0,,성지병원(하행),4.61
31,하행,계절학기,평일,06,8,19,4.39,9.7,7.03,3,T1,여유,0.0,,흥업지구대(하행),9.01
31,하행,계절학기,평일,07,12,326,18.49,23.39,16.36,7,T3,혼잡,1.0,2.25,도영쇼핑(하행),25.4
31,하행,계절학기,평일,08,12,498,11.9,15.22,11.71,5,T2,보통,0.4167,4.0,개운현대아파트(하행),21.94
31,하행,계절학기,평일,09,12,478,13.08,16.87,12.54,6,T3,혼잡,0.5,3.67,대성현대아파트(하행),22.37
31,하행,계절학기,평일,10,12,395,17.52,22.71,15.68,7,T3,혼잡,0.9167,3.27,젊음의광장사거리(하행),30.2
31,하행,계절학기,평일,11,12,311,15.43,24.05,14.21,6,T3,혼잡,0.5833,4.57,대성현대아파트(하행),27.93
31,하행,계절학기,평일,12,12,309,11.49,16.3,11.42,5,T2,보통,0.5,4.5,개운현대아파트(하행),19.85
31,하행,계절학기,평일,13,12,250,11.8,19.08,11.64,5,T2,보통,0.5833,4.57,개운현대아파트(하행),22.71
31,하행,계절학기,평일,14,12,320,14.35,23.7,13.44,6,T3,혼잡,0.5833,4.71,청구아파트(하행),22.79
31,하행,계절학기,평일,15,12,305,15.26,20.52,14.09,6,T3,혼잡,0.6667,3.62,성지병원(하행),22.24
31,하행,계절학기,평일,16,12,266,11.97,16.65,11.76,5,T2,보통,0.4167,3.0,대성현대아파트(하행),20.29
31,하행,계절학기,평일,17,12,295,11.87,15.37,11.69,5,T2,보통,0.5,2.67,대성현대아파트(하행),17.07
31,하행,계절학기,평일,18,12,295,9.39,13.54,9.94,4,T2,보통,0.1667,1.5,지하상가사거리(하행),17.58
31,하행,계절학기,평일,19,12,197,5.32,6.89,7.07,3,T1,여유,0.0,,원주의료원(하행),9.23
31,하행,계절학기,평일,20,12,108,4.15,5.72,6.24,3,T1,여유,0.0,,YWCA(하행),7.16
31,하행,계절학기,평일,21,12,130,4.25,6.96,6.31,3,T1,여유,0.0,,대성현대아파트(하행),6.64
31,하행,계절학기,평일,22,3,5,0.67,1.0,7.29,3,T1,여유,0.0,,북원교(하행),1.0
31,하행,계절학기,토요일,07,2,40,5.46,6.69,7.93,4,T1,여유,0.0,,단구은행아파트(하행),7.72
31,하행,계절학기,토요일,08,2,53,13.09,16.06,10.1,5,T2,보통,0.5,2.0,개운현대아파트(하행),15.7
31,하행,계절학기,토요일,09,2,81,11.28,12.67,9.59,4,T2,보통,0.5,2.0,남원로남부시장(하행),15.13
31,하행,계절학기,토요일,10,2,48,11.51,12.5,9.66,4,T2,보통,0.5,2.0,청구아파트(하행),13.18
31,하행,계절학기,토요일,11,2,43,14.3,17.79,10.45,5,T2,보통,0.5,2.0,YWCA(하행),19.64
31,하행,계절학기,토요일,12,2,32,16.6,20.5,11.11,5,T2,보통,0.5,1.0,도영쇼핑(하행),20.37
31,하행,계절학기,토요일,13,2,10,9.48,10.92,9.07,4,T2,보통,0.0,,흥업지구대(하행),12.76
31,하행,계절학기,토요일,14,2,42,10.66,14.5,9.41,4,T2,보통,0.5,1.0,옛합동청사(하행),14.51
31,하행,계절학기,토요일,15,2,53,9.33,9.56,9.03,4,T2,보통,0.0,,YWCA(하행),10.96
31,하행,계절학기,토요일,16,2,33,9.07,13.62,8.96,4,T2,보통,0.5,1.0,YWCA(하행),15.1
31,하행,계절학기,토요일,17,2,33,11.87,16.56,9.76,4,T2,보통,0.5,1.0,학성중학교정문(하행),17.34
31,하행,계절학기,토요일,18,2,14,3.21,4.19,7.28,3,T1,여유,0.0,,두산위브아파트(하행),3.82
31,하행,계절학기,토요일,19,2,11,3.27,4.81,7.3,3,T1,여유,0.0,,아랫거리(하행),7.37
31,하행,계절학기,토요일,20,2,13,4.65,5.85,7.7,3,T1,여유,0.0,,SK텔레콤원주지점(하행),5.5
31,하행,계절학기,토요일,21,2,29,3.86,5.35,7.47,3,T1,여유,0.0,,단계삼익아파트(하행),5.69
31,하행,계절학기,토요일,22,1,2,1.0,1.0,7.59,3,T1,여유,0.0,,태장농공단지(하행),1.17
31,하행,계절학기,일요일·공휴일,07,3,33,4.69,5.96,6.31,3,T1,여유,0.0,,풍물시장(하행),5.29
31,하행,계절학기,일요일·공휴일,08,3,71,5.82,6.47,6.73,3,T1,여유,0.0,,흥업지구대(하행),6.74
31,하행,계절학기,일요일·공휴일,09,3,84,7.69,9.09,7.43,3,T1,여유,0.0,,성지병원(하행),10.74
31,하행,계절학기,일요일·공휴일,10,3,65,11.66,12.61,8.92,4,T2,보통,0.3333,1.0,남원로남부시장(하행),13.79
31,하행,계절학기,일요일·공휴일,11,3,60,8.97,11.77,7.91,4,T1,여유,0.3333,1.0,단구은행아파트(하행),11.91
31,하행,계절학기,일요일·공휴일,12,3,53,11.14,15.19,8.72,4,T1,여유,0.3333,1.0,남원로남부시장(하행),14.13
31,하행,계절학기,일요일·공휴일,13,3,19,8.33,13.55,7.67,3,T1,여유,0.3333,1.0,흥업사거리(하행·5351),11.86
31,하행,계절학기,일요일·공휴일,14,3,48,8.69,8.77,7.81,4,T1,여유,0.0,,도영쇼핑(하행),11.25
31,하행,계절학기,일요일·공휴일,15,3,62,7.45,8.77,7.34,3,T1,여유,0.0,,도영쇼핑(하행),10.75
31,하행,계절학기,일요일·공휴일,16,3,37,9.34,10.74,8.05,4,T1,여유,0.0,,원주역(시내방면.승차전용)(하행),11.5
31,하행,계절학기,일요일·공휴일,17,3,39,6.9,10.25,7.14,3,T1,여유,0.0,,학성중학교정문(하행),10.37
31,하행,계절학기,일요일·공휴일,18,3,28,4.52,5.68,6.25,3,T1,여유,0.0,,대성현대아파트(하행),6.09
31,하행,계절학기,일요일·공휴일,19,3,39,8.01,11.25,7.55,3,T1,여유,0.3333,1.0,시외.고속버스터미널(하행),10.31
31,하행,계절학기,일요일·공휴일,20,3,26,2.87,4.45,5.62,3,T1,여유,0.0,,SK텔레콤원주지점(하행),5.71
31,하행,계절학기,일요일·공휴일,21,3,30,5.18,7.2,6.49,3,T1,여유,0.0,,개운현대아파트(하행),7.54
31,하행,계절학기,일요일·공휴일,22,1,2,1.0,1.0,6.23,3,T1,여유,0.0,,태장삼거리(하행),1.17
31,하행,방학,평일,06,18,19,1.33,4.0,3.62,2,T1,여유,0.0,,용암말(하행),6.18
31,하행,방학,평일,07,26,765,13.74,16.92,13.44,6,T3,혼잡,0.7308,4.37,단구은행아파트(하행),26.11
31,하행,방학,평일,08,26,1143,13.11,16.25,12.91,6,T3,혼잡,0.6538,5.47,개운현대아파트(하행),25.76
31,하행,방학,평일,09,26,1093,13.98,17.63,13.64,6,T3,혼잡,0.6923,5.94,개운현대아파트(하행),25.47
31,하행,방학,평일,10,26,780,20.62,29.26,19.2,9,T3,혼잡,0.9615,5.52,대성현대아파트(하행),36.62
31,하행,방학,평일,11,26,721,16.87,23.35,16.05,7,T3,혼잡,0.8077,5.9,원주의료원(하행),30.69
31,하행,방학,평일,12,26,657,16.51,21.97,15.75,7,T3,혼잡,0.8077,6.1,도영쇼핑(하행),26.33
31,하행,방학,평일,13,26,667,19.2,28.06,18.01,8,T3,혼잡,0.8846,5.65,젊음의광장사거리(하행),40.79
31,하행,방학,평일,14,26,586,13.74,19.12,13.43,6,T3,혼잡,0.5385,6.79,성지병원(하행),25.86
31,하행,방학,평일,15,26,863,14.95,18.64,14.45,7,T3,혼잡,0.8462,4.95,개운현대아파트(하행),23.03
31,하행,방학,평일,16,26,764,12.76,16.72,12.61,6,T3,혼잡,0.5769,5.0,학성중학교정문(하행),21.69
31,하행,방학,평일,17,26,613,13.1,18.85,12.89,6,T3,혼잡,0.5769,2.6,YWCA(하행),21.75
31,하행,방학,평일,18,26,332,7.59,12.13,8.28,4,T1,여유,0.1154,5.33,서원주유소(하행),27.92
31,하행,방학,평일,19,26,342,5.83,8.66,6.8,3,T1,여유,0.0385,1.0,지하상가사거리(하행),8.74
31,하행,방학,평일,20,26,354,3.73,5.45,5.03,2,T1,여유,0.0,,무수막마을(하행),6.75
31,하행,방학,평일,21,26,286,3.34,5.68,4.71,2,T1,여유,0.0,,SK텔레콤원주지점(하행),5.89
31,하행,방학,평일,22,10,14,0.65,2.15,4.38,2,T1,여유,0.0,,북원중학교(하행),1.71
31,하행,방학,토요일,06,2,2,2.0,2.0,7.66,3,T1,여유,0.0,,귀래면사무소(하행),4.72
31,하행,방학,토요일,07,6,132,7.63,10.23,8.67,4,T1,여유,0.0,,단구은행아파트(하행),11.62
31,하행,방학,토요일,08,6,172,10.2,14.42,10.07,5,T2,보통,0.3333,6.0,개운현대아파트(하행),18.18
31,하행,방학,토요일,09,6,222,13.75,18.08,12.01,5,T2,보통,0.5,5.0,성지병원(하행),19.87
31,하행,방학,토요일,10,6,170,18.68,23.67,14.7,7,T3,혼잡,0.8333,4.6,성지병원(하행),30.01
31,하행,방학,토요일,11,6,170,16.76,18.89,13.65,6,T3,혼잡,1.0,4.0,도영쇼핑(하행),24.22
31,하행,방학,토요일,12,6,157,14.06,16.5,12.18,5,T3,혼잡,0.6667,5.0,성지병원(하행),20.97
31,하행,방학,토요일,13,6,150,16.13,21.47,13.31,6,T3,혼잡,0.8333,4.2,성지병원(하행),25.08
31,하행,방학,토요일,14,6,113,9.12,10.78,9.49,4,T2,보통,0.0,,남원로남부시장(하행),14.71
31,하행,방학,토요일,15,6,160,11.86,17.07,10.98,5,T2,보통,0.5,1.67,옛합동청사(하행),15.4
31,하행,방학,토요일,16,6,108,9.08,12.36,9.46,4,T2,보통,0.1667,3.0,YWCA(하행),15.73
31,하행,방학,토요일,17,6,122,9.85,12.47,9.88,4,T2,보통,0.3333,2.0,학성중학교정문(하행),14.03
31,하행,방학,토요일,18,6,65,6.3,8.32,7.95,4,T1,여유,0.0,,청구아파트(하행),9.09
31,하행,방학,토요일,19,6,85,4.84,5.95,7.15,3,T1,여유,0.0,,평원로중앙시장(하행),7.15
31,하행,방학,토요일,20,6,67,4.61,6.75,7.02,3,T1,여유,0.0,,금불사거리(하행),6.42
31,하행,방학,토요일,21,6,65,3.53,5.32,6.43,3,T1,여유,0.0,,시외.고속버스터미널(하행),5.84
31,하행,방학,토요일,22,3,3,0.0,0.0,6.2,3,T1,여유,0.0,,단계은행아파트(하행),0.0
31,하행,방학,일요일·공휴일,06,4,4,1.5,2.0,4.94,2,T1,여유,0.0,,대동마을(하행),3.52
31,하행,방학,일요일·공휴일,07,12,208,5.51,8.15,6.15,3,T1,여유,0.0,,원주의료원(하행),9.75
31,하행,방학,일요일·공휴일,08,13,209,5.61,7.39,6.19,3,T1,여유,0.0,,도영쇼핑(하행),8.23
31,하행,방학,일요일·공휴일,09,13,378,9.94,13.87,9.31,4,T2,보통,0.2308,2.0,젊음의광장사거리(하행),16.06
31,하행,방학,일요일·공휴일,10,13,288,13.31,19.45,11.75,5,T2,보통,0.7692,1.5,남원로남부시장(하행),25.11
31,하행,방학,일요일·공휴일,11,13,238,8.65,13.08,8.38,4,T1,여유,0.2308,1.67,학성중학교정문(하행),14.2
31,하행,방학,일요일·공휴일,12,13,182,8.79,13.37,8.49,4,T1,여유,0.2308,1.33,대성현대아파트(하행),15.22
31,하행,방학,일요일·공휴일,13,13,218,11.01,18.37,10.09,5,T2,보통,0.3846,1.8,남원로남부시장(하행),19.35
31,하행,방학,일요일·공휴일,14,13,236,8.95,12.99,8.6,4,T1,여유,0.2308,2.33,지하상가사거리(하행),14.92
31,하행,방학,일요일·공휴일,15,13,326,12.23,17.31,10.97,5,T2,보통,0.3846,1.8,학성중학교정문(하행),18.44
31,하행,방학,일요일·공휴일,16,13,295,9.13,12.06,8.73,4,T1,여유,0.0769,2.0,청구아파트(하행),13.06
31,하행,방학,일요일·공휴일,17,13,222,7.01,10.15,7.2,3,T1,여유,0.0,,학성중학교정문(하행),12.79
31,하행,방학,일요일·공휴일,18,13,87,4.22,6.84,5.19,2,T1,여유,0.0,,원주의료원(하행),7.81
31,하행,방학,일요일·공휴일,19,13,190,5.67,10.01,6.23,3,T1,여유,0.0769,1.0,단계삼익아파트(하행),10.56
31,하행,방학,일요일·공휴일,20,13,165,4.08,5.83,5.09,2,T1,여유,0.0,,단계현진아파트(하행),7.19
31,하행,방학,일요일·공휴일,21,12,165,4.46,7.09,5.41,2,T1,여유,0.0,,대성현대아파트(하행),6.79
31,하행,방학,일요일·공휴일,22,4,10,2.25,5.5,5.27,2,T1,여유,0.0,,단계사거리(하행),5.36
34,상행,학기,평일,06,55,420,4.15,6.53,4.9,2,T1,여유,0.0,,대성현대아파트(상행),9.93
34,상행,학기,평일,07,57,1661,9.3,11.74,9.61,4,T2,보통,0.0702,7.25,학성중학교정문(상행),18.05
34,상행,학기,평일,08,57,1616,12.5,17.52,12.55,6,T3,혼잡,0.4737,4.74,옛합동청사(상행),24.82
34,상행,학기,평일,09,57,2329,17.78,25.6,17.4,8,T3,혼잡,0.8596,4.16,학성중학교정문(상행),30.77
34,상행,학기,평일,10,57,1504,14.68,21.38,14.55,7,T3,혼잡,0.6842,5.38,오페라웨딩홀(상행),24.2
34,상행,학기,평일,11,57,2463,13.56,17.82,13.52,6,T3,혼잡,0.6491,6.14,강원감영(상행),20.26
34,상행,학기,평일,12,57,2787,17.09,21.58,16.76,8,T3,혼잡,0.9474,5.22,옛합동청사(상행),29.26
34,상행,학기,평일,13,57,2602,15.29,19.93,15.12,7,T3,혼잡,0.807,5.74,젊음의광장사거리(상행),22.56
34,상행,학기,평일,14,57,2331,13.96,20.39,13.89,6,T3,혼잡,0.5789,6.76,KBS방송국(상행),23.16
34,상행,학기,평일,15,57,2003,18.06,22.59,17.66,8,T3,혼잡,0.9123,5.31,향교입구(상행),28.51
34,상행,학기,평일,16,57,1367,16.11,22.96,15.87,7,T3,혼잡,0.7544,5.49,원주의료원(상행),31.43
34,상행,학기,평일,17,57,1937,16.88,22.1,16.58,7,T3,혼잡,0.8421,4.58,대성현대아파트(상행),27.45
34,상행,학기,평일,18,57,1683,12.87,17.74,12.89,6,T3,혼잡,0.5088,5.28,남원로남부시장(상행),25.37
34,상행,학기,평일,19,57,2173,9.54,12.63,9.83,4,T2,보통,0.1228,5.71,원주의료원(상행),14.58
34,상행,학기,평일,20,57,808,9.2,13.57,9.51,4,T2,보통,0.1754,2.5,오페라웨딩홀(상행),23.72
34,상행,학기,평일,21,57,2326,12.41,16.0,12.47,6,T3,혼잡,0.4737,1.56,KBS방송국(상행),19.32
34,상행,학기,평일,22,20,30,1.53,8.06,3.84,2,T1,여유,0.0,,보촌(상행),5.56
34,상행,학기,토요일,06,12,56,3.03,5.4,5.23,2,T1,여유,0.0,,꿈드림새마을금고(상행),8.3
34,상행,학기,토요일,07,12,227,6.74,8.6,7.85,4,T1,여유,0.0,,학성중학교정문(상행),11.46
34,상행,학기,토요일,08,12,243,11.4,16.1,11.14,5,T2,보통,0.3333,3.25,학성중학교정문(상행),20.2
34,상행,학기,토요일,09,12,279,12.59,14.01,11.97,5,T2,보통,0.5,2.5,학성중학교정문(상행),21.54
34,상행,학기,토요일,10,12,316,11.89,19.15,11.48,5,T2,보통,0.25,4.0,지하상가(상행),18.91
34,상행,학기,토요일,11,12,428,14.33,17.73,13.21,6,T3,혼잡,0.75,3.0,e편한세상아파트(상행),24.36
34,상행,학기,토요일,12,12,412,13.67,19.49,12.74,6,T3,혼잡,0.6667,3.62,옛합동청사(상행),22.59
34,상행,학기,토요일,13,12,368,13.33,15.84,12.5,6,T3,혼잡,0.6667,3.38,남원로남부시장(상행),21.07
34,상행,학기,토요일,14,12,352,12.43,14.97,11.86,5,T2,보통,0.5833,3.43,강원감영(상행),19.4
34,상행,학기,토요일,15,12,360,14.27,18.18,13.16,6,T3,혼잡,0.5833,3.0,KBS방송국(상행),21.83
34,상행,학기,토요일,16,12,397,11.13,13.05,10.94,5,T2,보통,0.3333,3.0,KBS방송국(상행),17.29
34,상행,학기,토요일,17,12,227,12.07,17.9,11.61,5,T2,보통,0.4167,2.6,KBS방송국(상행),21.58
34,상행,학기,토요일,18,12,484,10.34,12.11,10.39,5,T2,보통,0.0833,1.0,강원감영(상행),14.46
34,상행,학기,토요일,19,12,143,6.9,9.85,7.96,4,T1,여유,0.0,,젊음의광장사거리(상행),11.98
34,상행,학기,토요일,20,12,127,8.55,13.89,9.13,4,T2,보통,0.25,1.0,시외.고속버스터미널(상행),12.11
34,상행,학기,토요일,21,12,265,8.86,11.9,9.34,4,T2,보통,0.0833,1.0,KBS방송국(상행),12.0
34,상행,학기,토요일,22,6,15,3.47,8.42,6.67,3,T1,여유,0.0,,보촌(상행),5.64
34,상행,학기,일요일·공휴일,06,13,60,3.7,6.63,5.73,3,T1,여유,0.0,,e편한세상아파트(상행),8.41
34,상행,학기,일요일·공휴일,07,13,202,5.89,8.3,7.31,3,T1,여유,0.0,,KBS방송국(상행),8.97
34,상행,학기,일요일·공휴일,08,13,182,5.91,9.25,7.32,3,T1,여유,0.0,,YWCA(상행),10.8
34,상행,학기,일요일·공휴일,09,13,193,6.99,11.2,8.1,4,T1,여유,0.0,,강원감영(상행),12.62
34,상행,학기,일요일·공휴일,10,13,269,6.93,9.25,8.06,4,T1,여유,0.0,,학성중학교정문(상행),12.41
34,상행,학기,일요일·공휴일,11,13,317,8.42,11.42,9.13,4,T2,보통,0.0769,1.0,향교입구(상행),14.06
34,상행,학기,일요일·공휴일,12,13,397,11.59,15.76,11.43,5,T2,보통,0.2308,3.67,YWCA(상행),17.99
34,상행,학기,일요일·공휴일,13,13,404,12.58,17.98,12.14,5,T2,보통,0.5385,2.14,강원감영(상행),20.02
34,상행,학기,일요일·공휴일,14,13,325,12.25,16.77,11.9,5,T2,보통,0.3846,5.2,향교입구(상행),19.37
34,상행,학기,일요일·공휴일,15,13,363,16.54,20.46,15.0,7,T3,혼잡,0.8462,3.64,시외.고속버스터미널(상행),29.39
34,상행,학기,일요일·공휴일,16,13,406,15.92,19.65,14.56,7,T3,혼잡,0.8462,3.64,단구2차아파트(상행),24.62
34,상행,학기,일요일·공휴일,17,13,222,12.49,20.03,12.08,5,T2,보통,0.3077,4.75,남원로남부시장(상행),20.3
34,상행,학기,일요일·공휴일,18,13,617,17.73,21.4,15.86,7,T3,혼잡,0.9231,3.25,시외.고속버스터미널(상행),25.13
34,상행,학기,일요일·공휴일,19,13,198,15.02,23.12,13.91,6,T3,혼잡,0.6154,3.38,오페라웨딩홀(상행),25.64
34,상행,학기,일요일·공휴일,20,13,136,12.41,20.68,12.02,5,T2,보통,0.4615,4.0,학성중학교정문(상행),18.78
34,상행,학기,일요일·공휴일,21,13,317,17.05,26.36,15.37,7,T3,혼잡,0.8462,2.64,시외.고속버스터미널(상행),23.78
34,상행,학기,일요일·공휴일,22,8,17,2.26,7.92,5.62,3,T1,여유,0.0,,흥업사거리(상행·5601),7.14
34,상행,시험,평일,06,5,42,5.92,7.42,9.6,4,T2,보통,0.0,,금불사거리(상행),12.7
34,상행,시험,평일,07,5,163,10.63,12.42,11.96,5,T2,보통,0.4,1.0,YWCA(상행),15.39
34,상행,시험,평일,08,5,174,12.72,15.66,13.01,6,T3,혼잡,0.6,6.33,시외.고속버스터미널(상행),19.06
34,상행,시험,평일,09,5,204,16.04,20.71,14.66,7,T3,혼잡,0.8,5.5,학성중학교정문(상행),21.49
34,상행,시험,평일,10,5,154,16.75,20.62,15.02,7,T3,혼잡,0.8,5.75,금불사거리(상행),24.43
34,상행,시험,평일,11,5,269,16.09,17.69,14.69,7,T3,혼잡,1.0,5.0,학성중학교정문(상행),24.64
34,상행,시험,평일,12,5,250,16.28,19.56,14.79,7,T3,혼잡,0.8,5.5,남원로남부시장(상행),22.85
34,상행,시험,평일,13,5,219,13.07,15.63,13.18,6,T3,혼잡,0.4,8.5,시외.고속버스터미널(상행),19.3
34,상행,시험,평일,14,5,175,11.97,19.41,12.63,6,T3,혼잡,0.4,6.5,시외.고속버스터미널(상행),19.87
34,상행,시험,평일,15,5,156,17.08,21.35,15.18,7,T3,혼잡,0.8,5.0,KBS방송국(상행),26.89
34,상행,시험,평일,16,5,117,17.99,25.35,15.64,7,T3,혼잡,0.8,5.0,원주의료원(상행),31.43
34,상행,시험,평일,17,5,164,13.7,15.23,13.5,6,T3,혼잡,1.0,4.2,강원감영(상행),19.3
34,상행,시험,평일,18,5,138,10.94,13.39,12.12,5,T2,보통,0.4,7.5,단구은행아파트(상행),20.12
34,상행,시험,평일,19,5,210,10.07,12.57,11.68,5,T2,보통,0.2,1.0,향교입구(상행),14.62
34,상행,시험,평일,20,5,75,9.55,12.03,11.42,5,T2,보통,0.2,2.0,단구2차아파트(상행),12.85
34,상행,시험,평일,21,5,199,13.86,18.05,13.58,6,T3,혼잡,0.6,1.33,청구아파트(상행),17.72
34,상행,시험,토요일,06,1,3,2.67,2.67,9.51,4,T2,보통,0.0,,단계은행아파트(상행),9.86
34,상행,시험,토요일,07,1,18,8.89,8.89,10.55,5,T2,보통,0.0,,시외.고속버스터미널(상행),9.2
34,상행,시험,토요일,08,1,21,13.14,13.14,11.26,5,T2,보통,1.0,1.0,대성현대아파트(상행),14.38
34,상행,시험,토요일,09,1,23,9.61,9.61,10.67,5,T2,보통,0.0,,남원로남부시장(상행),13.11
34,상행,시험,토요일,10,1,24,13.54,13.54,11.33,5,T2,보통,1.0,6.0,시외.고속버스터미널(상행),18.49
34,상행,시험,토요일,11,1,50,19.78,19.78,12.37,6,T3,혼잡,1.0,6.0,강원감영(상행),20.52
34,상행,시험,토요일,12,1,43,16.77,16.77,11.86,5,T2,보통,1.0,6.0,서원주유소(상행),17.21
34,상행,시험,토요일,13,1,36,15.19,15.19,11.6,5,T2,보통,1.0,6.0,남원로남부시장(상행),16.54
34,상행,시험,토요일,14,1,27,12.78,12.78,11.2,5,T2,보통,1.0,6.0,서원주유소(상행),16.23
34,상행,시험,토요일,15,1,33,14.33,14.33,11.46,5,T2,보통,1.0,6.0,YWCA(상행),17.53
34,상행,시험,토요일,16,1,34,10.0,10.0,10.74,5,T2,보통,0.0,,대성현대아파트(상행),15.61
34,상행,시험,토요일,17,1,16,13.62,13.62,11.34,5,T2,보통,1.0,1.0,단구2차아파트(상행),14.26
34,상행,시험,토요일,18,1,46,11.35,11.35,10.96,5,T2,보통,0.0,,옛합동청사(상행),13.68
34,상행,시험,토요일,19,1,23,7.78,7.78,10.37,5,T2,보통,0.0,,향교입구(상행),11.17
34,상행,시험,토요일,20,1,6,5.83,5.83,10.04,5,T2,보통,0.0,,남원로남부시장(상행),12.44
34,상행,시험,토요일,21,1,28,9.71,9.71,10.69,5,T2,보통,0.0,,시외.고속버스터미널(상행),11.1
34,상행,시험,토요일,22,1,1,0.0,0.0,9.07,4,T2,보통,0.0,,세동마을(상행),0.0
34,상행,시험,일요일·공휴일,06,1,6,1.67,1.67,10.31,5,T2,보통,0.0,,학성중학교정문(상행),8.77
34,상행,시험,일요일·공휴일,07,1,12,3.75,3.75,10.66,5,T2,보통,0.0,,우산철교.폴리텍대학(상행),6.64
34,상행,시험,일요일·공휴일,08,1,19,14.0,14.0,12.37,6,T3,혼잡,1.0,2.0,서원주유소(상행),13.71
34,상행,시험,일요일·공휴일,09,1,28,16.32,16.32,12.76,6,T3,혼잡,1.0,2.0,남원로남부시장(상행),18.43
34,상행,시험,일요일·공휴일,10,1,33,10.24,10.24,11.74,5,T2,보통,0.0,,시외.고속버스터미널(상행),12.75
34,상행,시험,일요일·공휴일,11,1,33,17.03,17.03,12.87,6,T3,혼잡,1.0,1.0,대성현대아파트(상행),19.84
34,상행,시험,일요일·공휴일,12,1,33,10.91,10.91,11.85,5,T2,보통,0.0,,학성중학교정문(상행),16.98
34,상행,시험,일요일·공휴일,13,1,39,10.26,10.26,11.75,5,T2,보통,0.0,,대성현대아파트(상행),15.72
34,상행,시험,일요일·공휴일,14,1,26,11.77,11.77,12.0,5,T2,보통,0.0,,금불사거리(상행),13.68
34,상행,시험,일요일·공휴일,15,1,28,13.89,13.89,12.35,6,T3,혼잡,1.0,1.0,강원감영(상행),16.92
34,상행,시험,일요일·공휴일,16,1,30,9.9,9.9,11.69,5,T2,보통,0.0,,학성중학교정문(상행),13.73
34,상행,시험,일요일·공휴일,17,1,13,11.62,11.62,11.97,5,T2,보통,0.0,,도영쇼핑(상행),14.31
34,상행,시험,일요일·공휴일,18,1,55,16.2,16.2,12.74,6,T3,혼잡,1.0,4.0,옛합동청사(상행),16.91
34,상행,시험,일요일·공휴일,19,1,21,14.71,14.71,12.49,6,T3,혼잡,1.0,4.0,젊음의광장사거리(상행),16.05
34,상행,시험,일요일·공휴일,20,1,10,14.1,14.1,12.39,6,T3,혼잡,1.0,4.0,KBS방송국(상행),12.15
34,상행,시험,일요일·공휴일,21,1,25,16.32,16.32,12.76,6,T3,혼잡,1.0,4.0,학성중학교정문(상행),16.62
34,상행,계절학기,평일,06,11,67,4.66,8.33,6.85,3,T1,여유,0.0,,금불사거리(상행),10.81
34,상행,계절학기,평일,07,12,289,11.04,15.79,11.22,5,T2,보통,0.3333,2.5,서원주유소(상행),17.11
34,상행,계절학기,평일,08,12,330,12.11,18.94,11.98,5,T2,보통,0.5,3.0,학성중학교정문(상행),20.14
34,상행,계절학기,평일,09,12,315,11.86,16.34,11.8,5,T2,보통,0.3333,3.25,YWCA(상행),20.26
34,상행,계절학기,평일,10,12,286,10.48,12.97,10.82,5,T2,보통,0.25,3.67,학성중학교정문(상행),18.73
34,상행,계절학기,평일,11,12,418,11.67,15.09,11.66,5,T2,보통,0.5,3.0,대성현대아파트(상행),17.21
34,상행,계절학기,평일,12,12,520,16.59,21.52,15.14,7,T3,혼잡,0.9167,3.91,향교입구(상행),24.78
34,상행,계절학기,평일,13,12,447,15.57,20.92,14.42,6,T3,혼잡,0.75,4.33,학성중학교정문(상행),25.61
34,상행,계절학기,평일,14,12,345,11.15,14.53,11.3,5,T2,보통,0.5833,4.29,e편한세상아파트(상행),19.25
34,상행,계절학기,평일,15,12,382,14.67,18.4,13.79,6,T3,혼잡,0.6667,4.38,남원로남부시장(상행),23.84
34,상행,계절학기,평일,16,12,327,15.28,20.07,14.22,6,T3,혼잡,0.6667,4.38,KBS방송국(상행),27.89
34,상행,계절학기,평일,17,12,321,17.15,22.75,15.53,7,T3,혼잡,0.8333,3.4,향교입구(상행),26.62
34,상행,계절학기,평일,18,12,443,13.53,16.24,12.98,6,T3,혼잡,0.5833,3.57,대성현대아파트(상행),19.65
34,상행,계절학기,평일,19,12,246,6.79,8.53,8.22,4,T1,여유,0.0,,단계은행아파트(상행),9.44
34,상행,계절학기,평일,20,12,114,6.1,10.55,7.74,3,T1,여유,0.0833,1.0,남원로남부시장(상행),9.37
34,상행,계절학기,평일,21,12,317,8.26,13.73,9.26,4,T2,보통,0.25,1.0,KBS방송국(상행),12.47
34,상행,계절학기,평일,22,1,1,0.0,0.0,9.71,4,T2,보통,0.0,,연세대스포츠센터(상행),0.0
34,상행,계절학기,토요일,06,1,3,2.0,2.0,8.02,4,T1,여유,0.0,,서원주유소(상행),5.86
34,상행,계절학기,토요일,07,2,37,7.38,8.44,8.69,4,T1,여유,0.0,,학성중학교정문(상행),8.58
34,상행,계절학기,토요일,08,2,32,8.96,9.04,9.15,4,T2,보통,0.0,,학성중학교정문(상행),11.51
34,상행,계절학기,토요일,09,2,24,4.77,5.91,7.95,4,T1,여유,0.0,,학성중학교정문(상행),9.05
34,상행,계절학기,토요일,10,2,47,10.01,11.88,9.45,4,T2,보통,0.5,1.0,학성중학교정문(상행),13.72
34,상행,계절학기,토요일,11,2,66,10.78,11.04,9.67,4,T2,보통,0.0,,강원감영(상행),16.91
34,상행,계절학기,토요일,12,2,65,13.5,14.89,10.44,5,T2,보통,0.5,4.0,YWCA(상행),16.42
34,상행,계절학기,토요일,13,2,56,14.11,14.18,10.62,5,T2,보통,1.0,3.0,시외.고속버스터미널(상행),17.51
34,상행,계절학기,토요일,14,2,61,13.79,14.63,10.53,5,T2,보통,1.0,3.0,학성중학교정문(상행),21.31
34,상행,계절학기,토요일,15,2,45,13.69,17.22,10.5,5,T2,보통,0.5,4.0,학성중학교정문(상행),22.78
34,상행,계절학기,토요일,16,2,61,10.43,10.59,9.57,4,T2,보통,0.0,,KBS방송국(상행),13.67
34,상행,계절학기,토요일,17,2,42,15.52,17.16,11.02,5,T2,보통,1.0,1.0,남원로남부시장(상행),18.96
34,상행,계절학기,토요일,18,2,75,10.11,11.21,9.48,4,T2,보통,0.0,,강원감영(상행),13.53
34,상행,계절학기,토요일,19,2,13,3.57,4.83,7.61,3,T1,여유,0.0,,원주의료원(상행),6.09
34,상행,계절학기,토요일,20,2,13,5.27,5.63,8.09,4,T1,여유,0.0,,원일로중앙시장(상행),7.16
34,상행,계절학기,토요일,21,2,38,4.64,4.75,7.91,4,T1,여유,0.0,,시외.고속버스터미널(상행),5.6
34,상행,계절학기,토요일,22,1,1,0.0,0.0,7.68,3,T1,여유,0.0,,연세대스포츠센터(상행),0.0
34,상행,계절학기,일요일·공휴일,06,2,9,4.81,7.06,7.18,3,T1,여유,0.0,,단계은행아파트(상행),7.77
34,상행,계절학기,일요일·공휴일,07,3,46,6.37,8.07,7.47,3,T1,여유,0.0,,시외.고속버스터미널(상행),8.42
34,상행,계절학기,일요일·공휴일,08,3,42,7.12,9.32,7.75,3,T1,여유,0.0,,원일로중앙시장(상행),8.84
34,상행,계절학기,일요일·공휴일,09,3,38,5.06,8.06,6.97,3,T1,여유,0.0,,YWCA(상행),9.36
34,상행,계절학기,일요일·공휴일,10,3,64,6.43,8.49,7.49,3,T1,여유,0.0,,KBS방송국(상행),9.7
34,상행,계절학기,일요일·공휴일,11,3,65,5.05,7.74,6.97,3,T1,여유,0.0,,서원주유소(상행),11.8
34,상행,계절학기,일요일·공휴일,12,3,90,10.37,12.04,8.97,4,T2,보통,0.3333,1.0,YWCA(상행),15.31
34,상행,계절학기,일요일·공휴일,13,3,70,8.3,9.24,8.19,4,T1,여유,0.0,,대성현대아파트(상행),13.69
34,상행,계절학기,일요일·공휴일,14,3,61,9.03,11.33,8.46,4,T1,여유,0.3333,3.0,단계현진아파트(상행),11.61
34,상행,계절학기,일요일·공휴일,15,3,72,15.14,17.96,10.75,5,T2,보통,0.6667,2.5,시외.고속버스터미널(상행),19.7
34,상행,계절학기,일요일·공휴일,16,3,83,10.99,12.81,9.2,4,T2,보통,0.6667,2.5,KBS방송국(상행),13.29
34,상행,계절학기,일요일·공휴일,17,3,48,7.78,8.85,7.99,4,T1,여유,0.0,,시외.고속버스터미널(상행),11.73
34,상행,계절학기,일요일·공휴일,18,3,96,7.27,8.02,7.8,4,T1,여유,0.0,,시외.고속버스터미널(상행),9.27
34,상행,계절학기,일요일·공휴일,19,3,37,9.39,10.77,8.6,4,T1,여유,0.0,,시외.고속버스터미널(상행),13.27
34,상행,계절학기,일요일·공휴일,20,3,34,8.52,10.52,8.27,4,T1,여유,0.0,,학성중학교정문(상행),11.13
34,상행,계절학기,일요일·공휴일,21,3,64,7.24,9.14,7.79,4,T1,여유,0.0,,옛합동청사(상행),8.29
34,상행,방학,평일,06,26,119,3.44,6.0,4.7,2,T1,여유,0.0,,e편한세상아파트(상행),8.82
34,상행,방학,평일,07,26,463,9.35,13.52,9.66,4,T2,보통,0.1923,1.6,학성중학교정문(상행),16.7
34,상행,방학,평일,08,26,620,11.05,14.38,11.08,5,T2,보통,0.3846,2.7,서원주유소(상행),21.21
34,상행,방학,평일,09,26,654,13.11,19.02,12.81,6,T3,혼잡,0.5769,2.6,학성중학교정문(상행),28.17
34,상행,방학,평일,10,26,704,10.71,15.07,10.8,5,T2,보통,0.2692,3.86,옛합동청사(상행),20.17
34,상행,방학,평일,11,26,866,12.45,16.97,12.26,6,T3,혼잡,0.5,4.08,남원로남부시장(상행),19.72
34,상행,방학,평일,12,26,1016,16.23,19.4,15.43,7,T3,혼잡,0.8846,3.7,학성중학교정문(상행),28.61
34,상행,방학,평일,13,26,897,15.14,19.43,14.52,7,T3,혼잡,0.6538,4.29,KBS방송국(상행),25.28
34,상행,방학,평일,14,26,709,12.28,18.49,12.12,5,T2,보통,0.4231,5.73,젊음의광장사거리(상행),20.31
34,상행,방학,평일,15,26,822,14.6,17.64,14.07,6,T3,혼잡,0.7692,4.35,KBS방송국(상행),22.96
34,상행,방학,평일,16,26,944,14.64,17.83,14.1,6,T3,혼잡,0.7308,4.26,젊음의광장사거리(상행),26.01
34,상행,방학,평일,17,26,492,14.05,19.8,13.6,6,T3,혼잡,0.6154,4.31,남원로남부시장(상행),27.76
34,상행,방학,평일,18,26,1271,15.16,19.44,14.53,7,T3,혼잡,0.8077,3.38,남원로남부시장(상행),24.18
34,상행,방학,평일,19,26,410,6.4,9.3,7.19,3,T1,여유,0.0385,1.0,남원로남부시장(상행),13.39
34,상행,방학,평일,20,26,231,7.36,10.21,7.99,4,T1,여유,0.0769,1.0,남원로남부시장(상행),12.26
34,상행,방학,평일,21,26,502,6.53,11.05,7.29,3,T1,여유,0.0769,1.0,시외.고속버스터미널(상행),10.32
34,상행,방학,평일,22,5,9,0.7,1.9,5.99,3,T1,여유,0.0,,거장아파트(상행),1.69
34,상행,방학,토요일,06,6,24,3.76,7.08,6.38,3,T1,여유,0.0,,단계현진아파트(상행),7.72
34,상행,방학,토요일,07,6,94,5.1,7.89,7.11,3,T1,여유,0.0,,e편한세상아파트(상행),8.78
34,상행,방학,토요일,08,6,107,8.39,11.02,8.9,4,T1,여유,0.0,,학성중학교정문(상행),11.95
34,상행,방학,토요일,09,6,111,8.74,11.9,9.09,4,T2,보통,0.0,,e편한세상아파트(상행),14.4
34,상행,방학,토요일,10,6,145,8.26,10.72,8.83,4,T1,여유,0.0,,서원주유소(상행),13.82
34,상행,방학,토요일,11,6,179,16.34,23.29,13.23,6,T3,혼잡,0.6667,3.75,시외.고속버스터미널(상행),25.67
34,상행,방학,토요일,12,6,216,13.15,16.53,11.49,5,T2,보통,0.6667,3.75,학성중학교정문(상행),19.41
34,상행,방학,토요일,13,6,180,11.09,14.05,10.37,5,T2,보통,0.5,5.0,남원로남부시장(상행),17.01
34,상행,방학,토요일,14,6,136,11.8,14.66,10.76,5,T2,보통,0.5,4.33,남원로남부시장(상행),18.7
34,상행,방학,토요일,15,6,158,12.98,14.83,11.41,5,T2,보통,0.5,4.33,남원로남부시장(상행),18.29
34,상행,방학,토요일,16,6,186,12.75,16.32,11.28,5,T2,보통,0.6667,3.5,YWCA(상행),15.89
34,상행,방학,토요일,17,6,84,9.93,13.49,9.74,4,T2,보통,0.1667,8.0,남원로남부시장(상행),15.4
34,상행,방학,토요일,18,6,256,11.09,16.22,10.37,5,T2,보통,0.3333,4.5,강원감영(상행),15.67
34,상행,방학,토요일,19,6,70,7.74,9.61,8.55,4,T1,여유,0.0,,시외.고속버스터미널(상행),11.14
34,상행,방학,토요일,20,6,58,8.56,11.17,8.99,4,T2,보통,0.1667,1.0,원일로중앙시장(상행),11.29
34,상행,방학,토요일,21,6,121,5.4,6.36,7.27,3,T1,여유,0.0,,시외.고속버스터미널(상행),7.44
34,상행,방학,토요일,22,2,4,1.0,1.8,7.08,3,T1,여유,0.0,,흥업사거리(상행·5601),1.92
34,상행,방학,일요일·공휴일,06,13,51,3.01,4.32,4.54,2,T1,여유,0.0,,단계현진아파트(상행),5.41
34,상행,방학,일요일·공휴일,07,13,168,4.79,6.94,5.83,3,T1,여유,0.0,,e편한세상아파트(상행),8.67
34,상행,방학,일요일·공휴일,08,12,147,6.2,8.35,6.88,3,T1,여유,0.0,,학성중학교정문(상행),12.89
34,상행,방학,일요일·공휴일,09,13,192,8.21,14.68,8.29,4,T1,여유,0.2308,1.0,단계현진아파트(상행),13.91
34,상행,방학,일요일·공휴일,10,13,298,8.25,11.52,8.32,4,T1,여유,0.0,,서원주유소(상행),15.48
34,상행,방학,일요일·공휴일,11,13,340,8.59,13.0,8.57,4,T1,여유,0.1538,5.0,학성중학교정문(상행),19.3
34,상행,방학,일요일·공휴일,12,13,361,11.06,14.6,10.35,5,T2,보통,0.3846,3.2,학성중학교정문(상행),20.3
34,상행,방학,일요일·공휴일,13,13,355,11.77,15.87,10.86,5,T2,보통,0.4615,2.83,KBS방송국(상행),17.4
34,상행,방학,일요일·공휴일,14,13,284,10.96,16.72,10.28,5,T2,보통,0.3846,3.4,e편한세상아파트(상행),16.86
34,상행,방학,일요일·공휴일,15,13,363,12.6,16.85,11.47,5,T2,보통,0.6154,2.75,학성중학교정문(상행),24.06
34,상행,방학,일요일·공휴일,16,13,349,10.07,13.09,9.64,4,T2,보통,0.2308,4.33,KBS방송국(상행),15.81
34,상행,방학,일요일·공휴일,17,13,196,9.43,11.95,9.17,4,T2,보통,0.0769,5.0,남원로남부시장(상행),16.85
34,상행,방학,일요일·공휴일,18,13,495,11.35,20.03,10.56,5,T2,보통,0.3077,2.25,옛합동청사(상행),17.24
34,상행,방학,일요일·공휴일,19,13,151,8.87,14.76,8.77,4,T1,여유,0.2308,2.67,단구2차아파트(상행),13.84
34,상행,방학,일요일·공휴일,20,13,89,5.15,9.54,6.08,3,T1,여유,0.0,,대성현대아파트(상행),10.31
34,상행,방학,일요일·공휴일,21,13,243,6.33,8.97,6.93,3,T1,여유,0.0,,시외.고속버스터미널(상행),10.32
34,상행,방학,일요일·공휴일,22,1,1,0.0,0.0,7.09,3,T1,여유,0.0,,연세대스포츠센터(상행),0.0
34,하행,학기,평일,06,57,654,15.09,21.86,15.25,7,T3,혼잡,0.6842,6.49,거장아파트(하행),21.63
34,하행,학기,평일,07,57,1153,13.79,18.66,14.06,6,T3,혼잡,0.614,8.11,구곡현대아파트(하행),27.24
34,하행,학기,평일,08,57,2723,17.26,21.44,17.25,8,T3,혼잡,0.9123,7.79,개운현대아파트(하행),29.24
34,하행,학기,평일,09,57,2494,13.65,16.44,13.93,6,T3,혼잡,0.7193,9.85,원주의료원(하행),24.69
34,하행,학기,평일,10,57,1943,18.2,23.19,18.11,8,T3,혼잡,0.9649,8.96,개운현대아파트(하행),36.54
34,하행,학기,평일,11,57,1825,17.51,23.47,17.48,8,T3,혼잡,0.8596,9.88,원주의료원(하행),31.36
34,하행,학기,평일,12,57,2479,23.53,30.52,23.01,10,T3,혼잡,0.9825,9.27,개운현대아파트(하행),35.16
34,하행,학기,평일,13,57,2703,17.35,23.85,17.33,8,T3,혼잡,0.8596,10.31,대성현대아파트(하행),31.11
34,하행,학기,평일,14,57,2744,17.02,21.73,17.02,8,T3,혼잡,0.9298,9.75,국립강릉원주대학교(하행·5631),32.25
34,하행,학기,평일,15,57,2474,21.43,26.45,21.08,9,T3,혼잡,1.0,9.35,원주역(시내방면.승차전용)(하행),34.81
34,하행,학기,평일,16,57,2457,29.87,36.4,28.84,13,T3,혼잡,1.0,9.35,남송(하행),47.31
34,하행,학기,평일,17,57,2063,22.12,27.58,21.71,10,T3,혼잡,1.0,9.35,국립강릉원주대학교(하행·5621),42.5
34,하행,학기,평일,18,57,2008,21.34,27.11,21.0,9,T3,혼잡,0.9649,9.36,YWCA(하행),37.59
34,하행,학기,평일,19,57,1118,7.84,10.75,8.59,4,T1,여유,0.0351,5.0,학성중학교정문(하행),12.8
34,하행,학기,평일,20,57,2109,8.87,12.26,9.53,4,T2,보통,0.1228,1.43,국립강릉원주대학교(하행·5631),14.85
34,하행,학기,평일,21,57,1073,8.94,13.01,9.6,4,T2,보통,0.193,1.18,국립강릉원주대학교(하행·5621),19.73
34,하행,학기,평일,22,1,1,0.0,0.0,14.25,6,T3,혼잡,0.0,,연세대(시내방면)(하행),2.58
34,하행,학기,토요일,06,12,143,9.12,11.56,10.05,5,T2,보통,0.0833,3.0,풍물시장(하행),11.98
34,하행,학기,토요일,07,12,288,8.89,12.1,9.89,4,T2,보통,0.0833,3.0,도영쇼핑(하행),13.3
34,하행,학기,토요일,08,12,297,12.39,15.32,12.36,6,T3,혼잡,0.5,4.83,성지병원(하행),17.09
34,하행,학기,토요일,09,12,272,15.49,21.88,14.55,7,T3,혼잡,0.75,6.44,남원로남부시장(하행),23.07
34,하행,학기,토요일,10,12,343,20.88,29.17,18.36,8,T3,혼잡,1.0,5.67,대성현대아파트(하행),31.6
34,하행,학기,토요일,11,12,301,17.45,28.87,15.93,7,T3,혼잡,0.8333,6.3,개운현대아파트(하행),30.26
34,하행,학기,토요일,12,12,486,15.13,19.09,14.29,6,T3,혼잡,0.75,6.33,성지병원(하행),23.29
34,하행,학기,토요일,13,12,390,14.03,17.85,13.52,6,T3,혼잡,0.6667,6.88,성지병원(하행),22.05
34,하행,학기,토요일,14,12,477,16.44,19.61,15.22,7,T3,혼잡,0.8333,5.8,개운현대아파트(하행),25.86
34,하행,학기,토요일,15,12,339,12.99,20.87,12.78,6,T3,혼잡,0.5833,7.0,남원로남부시장(하행),20.72
34,하행,학기,토요일,16,12,368,12.47,15.58,12.42,6,T3,혼잡,0.5,7.17,젊음의광장사거리(하행),19.25
34,하행,학기,토요일,17,12,448,13.62,17.79,13.23,6,T3,혼잡,0.75,5.11,대성현대아파트(하행),18.99
34,하행,학기,토요일,18,12,221,9.66,12.51,10.43,5,T2,보통,0.1667,6.0,학성중학교정문(하행),15.87
34,하행,학기,토요일,19,12,320,9.02,11.37,9.98,4,T2,보통,0.0,,SK텔레콤원주지점(하행),12.43
34,하행,학기,토요일,20,12,161,6.1,8.77,7.92,4,T1,여유,0.0,,SK텔레콤원주지점(하행),11.86
34,하행,학기,토요일,21,12,114,3.92,8.39,6.38,3,T1,여유,0.0,,풍물시장(하행),8.78
34,하행,학기,토요일,22,1,1,0.0,0.0,10.24,5,T2,보통,0.0,,장양리차고지(하행),3.8
34,하행,학기,일요일·공휴일,06,13,134,7.49,11.33,8.11,4,T1,여유,0.0769,1.0,도영쇼핑(하행),9.38
34,하행,학기,일요일·공휴일,07,13,234,5.85,8.32,6.92,3,T1,여유,0.0,,YWCA(하행),9.06
34,하행,학기,일요일·공휴일,08,13,199,7.74,9.15,8.28,4,T1,여유,0.0,,흥업사거리(하행·5351),12.71
34,하행,학기,일요일·공휴일,09,13,248,10.88,13.29,10.55,5,T2,보통,0.3077,1.5,개운현대아파트(하행),16.55
34,하행,학기,일요일·공휴일,10,13,274,10.52,16.27,10.29,5,T2,보통,0.2308,1.67,원주의료원(하행),14.45
34,하행,학기,일요일·공휴일,11,13,243,11.05,14.36,10.67,5,T2,보통,0.3846,3.0,대성현대아파트(하행),17.96
34,하행,학기,일요일·공휴일,12,13,473,12.38,16.82,11.64,5,T2,보통,0.6154,2.38,개운현대아파트(하행),20.82
34,하행,학기,일요일·공휴일,13,13,363,11.2,15.15,10.79,5,T2,보통,0.3077,4.0,거장아파트(하행),17.56
34,하행,학기,일요일·공휴일,14,13,390,12.98,16.64,12.07,5,T2,보통,0.6154,2.88,남원로남부시장(하행),18.74
34,하행,학기,일요일·공휴일,15,13,380,13.94,20.04,12.76,6,T3,혼잡,0.5385,3.14,개운현대아파트(하행),19.86
34,하행,학기,일요일·공휴일,16,13,419,12.84,15.0,11.97,5,T2,보통,0.6923,2.56,YWCA(하행),19.74
34,하행,학기,일요일·공휴일,17,13,444,10.68,15.54,10.41,5,T2,보통,0.3077,2.25,학성중학교정문(하행),18.83
34,하행,학기,일요일·공휴일,18,13,219,9.77,14.27,9.75,4,T2,보통,0.3846,1.8,단계사거리(하행),18.22
34,하행,학기,일요일·공휴일,19,13,320,7.76,11.57,8.3,4,T1,여유,0.0,,학성중학교정문(하행),13.86
34,하행,학기,일요일·공휴일,20,13,207,6.7,9.7,7.53,3,T1,여유,0.0769,1.0,금불사거리(하행),13.36
34,하행,학기,일요일·공휴일,21,13,98,3.48,7.86,5.21,2,T1,여유,0.0,,단계은행아파트(하행),14.09
34,하행,시험,평일,06,5,59,17.89,19.72,17.08,8,T3,혼잡,1.0,2.0,도영쇼핑(하행),18.8
34,하행,시험,평일,07,5,98,12.39,14.01,14.33,6,T3,혼잡,0.6,2.67,거장아파트(하행),16.85
34,하행,시험,평일,08,5,219,15.54,18.53,15.91,7,T3,혼잡,0.8,7.25,도영쇼핑(하행),21.13
34,하행,시험,평일,09,5,200,11.89,14.87,14.08,6,T3,혼잡,0.4,11.5,풍물시장(하행),19.29
34,하행,시험,평일,10,5,168,17.15,18.32,16.71,8,T3,혼잡,1.0,10.0,남원로남부시장(하행),27.08
34,하행,시험,평일,11,5,166,18.76,20.3,17.52,8,T3,혼잡,1.0,10.0,남원로남부시장(하행),24.54
34,하행,시험,평일,12,5,206,21.62,26.74,18.95,9,T3,혼잡,1.0,10.0,구곡현대아파트(하행),25.65
34,하행,시험,평일,13,5,261,17.43,21.33,16.85,8,T3,혼잡,1.0,10.0,남송(하행),22.93
34,하행,시험,평일,14,5,240,18.53,21.48,17.4,8,T3,혼잡,1.0,10.0,국립강릉원주대학교(하행·5621),23.8
34,하행,시험,평일,15,5,201,21.32,25.98,18.8,8,T3,혼잡,1.0,10.0,청구아파트(하행),27.9
34,하행,시험,평일,16,5,183,21.65,28.25,18.96,9,T3,혼잡,1.0,10.0,성지병원(하행),28.33
34,하행,시험,평일,17,5,149,18.17,20.52,17.22,8,T3,혼잡,1.0,10.0,국립강릉원주대학교(하행·5621),22.38
34,하행,시험,평일,18,5,175,25.02,39.89,20.65,9,T3,혼잡,1.0,10.0,YWCA(하행),31.87
34,하행,시험,평일,19,5,109,10.12,16.57,13.2,6,T3,혼잡,0.2,12.0,대성현대아파트(하행),19.49
34,하행,시험,평일,20,5,150,5.89,6.72,11.08,5,T2,보통,0.0,,금불사거리(하행),9.06
34,하행,시험,평일,21,5,82,7.0,9.56,11.64,5,T2,보통,0.0,,거장아파트(하행),12.87
34,하행,시험,토요일,06,1,16,12.69,12.69,12.62,6,T3,혼잡,1.0,1.0,남원로남부시장(하행),12.52
34,하행,시험,토요일,07,1,33,7.42,7.42,11.74,5,T2,보통,0.0,,학성중학교정문(하행),9.87
34,하행,시험,토요일,08,1,20,11.95,11.95,12.5,6,T3,혼잡,0.0,,성지병원(하행),14.88
34,하행,시험,토요일,09,1,19,15.21,15.21,13.04,6,T3,혼잡,1.0,3.0,평원로중앙시장(하행),14.11
34,하행,시험,토요일,10,1,28,19.39,19.39,13.74,6,T3,혼잡,1.0,3.0,도영쇼핑(하행),19.16
34,하행,시험,토요일,11,1,20,12.75,12.75,12.63,6,T3,혼잡,1.0,3.0,풍물시장(하행),17.85
34,하행,시험,토요일,12,1,32,11.97,11.97,12.5,6,T3,혼잡,0.0,,국립강릉원주대학교(하행·5621),16.88
34,하행,시험,토요일,13,1,34,12.76,12.76,12.63,6,T3,혼잡,1.0,2.0,성지병원(하행),16.87
34,하행,시험,토요일,14,1,36,15.72,15.72,13.13,6,T3,혼잡,1.0,2.0,원주의료원(하행),16.9
34,하행,시험,토요일,15,1,32,11.47,11.47,12.42,6,T3,혼잡,0.0,,단계현진아파트(하행),14.53
34,하행,시험,토요일,16,1,26,18.15,18.15,13.53,6,T3,혼잡,1.0,1.0,지하상가사거리(하행),17.11
34,하행,시험,토요일,17,1,33,10.67,10.67,12.28,6,T3,혼잡,0.0,,대성현대아파트(하행),13.43
34,하행,시험,토요일,18,1,26,14.42,14.42,12.91,6,T3,혼잡,1.0,1.0,오페라웨딩홀(하행),14.51
34,하행,시험,토요일,19,1,32,9.84,9.84,12.15,5,T2,보통,0.0,,원주의료원(하행),10.17
34,하행,시험,토요일,20,1,17,14.65,14.65,12.95,6,T3,혼잡,1.0,1.0,시외.고속버스터미널(하행),16.27
34,하행,시험,토요일,21,1,8,2.62,2.62,10.94,5,T2,보통,0.0,,풍물시장(하행),7.77
34,하행,시험,일요일·공휴일,06,1,13,13.46,13.46,12.48,6,T3,혼잡,1.0,1.0,남원로남부시장(하행),12.1
34,하행,시험,일요일·공휴일,07,1,13,8.54,8.54,11.66,5,T2,보통,0.0,,YWCA(하행),7.39
34,하행,시험,일요일·공휴일,08,1,18,7.11,7.11,11.42,5,T2,보통,0.0,,흥업지구대(하행),11.54
34,하행,시험,일요일·공휴일,09,1,30,16.43,16.43,12.98,6,T3,혼잡,1.0,7.0,대성현대아파트(하행),20.6
34,하행,시험,일요일·공휴일,10,1,22,13.32,13.32,12.46,6,T3,혼잡,1.0,7.0,원주의료원(하행),15.42
34,하행,시험,일요일·공휴일,11,1,22,12.73,12.73,12.36,6,T3,혼잡,1.0,7.0,성지병원(하행),17.68
34,하행,시험,일요일·공휴일,12,1,45,19.87,19.87,13.55,6,T3,혼잡,1.0,7.0,개운현대아파트(하행),20.32
34,하행,시험,일요일·공휴일,13,1,38,17.11,17.11,13.09,6,T3,혼잡,1.0,7.0,개운현대아파트(하행),16.72
34,하행,시험,일요일·공휴일,14,1,29,12.28,12.28,12.28,6,T3,혼잡,1.0,7.0,남원로남부시장(하행),14.85
34,하행,시험,일요일·공휴일,15,1,31,14.65,14.65,12.68,6,T3,혼잡,1.0,7.0,지하상가사거리(하행),18.09
34,하행,시험,일요일·공휴일,16,1,21,10.48,10.48,11.98,5,T2,보통,0.0,,풍물시장(하행),11.23
34,하행,시험,일요일·공휴일,17,1,38,14.71,14.71,12.69,6,T3,혼잡,1.0,1.0,금불사거리(하행),16.81
34,하행,시험,일요일·공휴일,18,1,19,9.58,9.58,11.83,5,T2,보통,0.0,,평원로중앙시장(하행),13.57
34,하행,시험,일요일·공휴일,19,1,34,13.68,13.68,12.52,6,T3,혼잡,1.0,1.0,금불사거리(하행),16.72
34,하행,시험,일요일·공휴일,20,1,14,8.07,8.07,11.58,5,T2,보통,0.0,,단계은행아파트(하행),13.32
34,하행,시험,일요일·공휴일,21,1,11,4.55,4.55,10.99,5,T2,보통,0.0,,풍물시장(하행),11.46
34,하행,계절학기,평일,06,12,138,13.46,19.43,13.53,6,T3,혼잡,0.5833,1.0,도영쇼핑(하행),17.99
34,하행,계절학기,평일,07,12,230,9.07,10.8,10.43,5,T2,보통,0.0,,도영쇼핑(하행),14.4
34,하행,계절학기,평일,08,12,399,13.67,18.66,13.68,6,T3,혼잡,0.5833,6.0,개운현대아파트(하행),22.66
34,하행,계절학기,평일,09,12,425,14.79,21.08,14.47,7,T3,혼잡,0.5833,7.29,개운현대아파트(하행),24.56
34,하행,계절학기,평일,10,12,384,17.22,21.0,16.18,7,T3,혼잡,0.9167,5.45,개운현대아파트(하행),28.45
34,하행,계절학기,평일,11,12,300,13.6,19.33,13.62,6,T3,혼잡,0.5833,7.57,성지병원(하행),25.35
34,하행,계절학기,평일,12,12,431,18.26,27.53,16.91,8,T3,혼잡,0.8333,6.8,개운현대아파트(하행),30.74
34,하행,계절학기,평일,13,12,430,15.98,21.78,15.31,7,T3,혼잡,0.75,6.89,성지병원(하행),27.36
34,하행,계절학기,평일,14,12,511,15.98,19.97,15.31,7,T3,혼잡,0.75,7.44,성지병원(하행),23.75
34,하행,계절학기,평일,15,12,383,15.79,20.51,15.17,7,T3,혼잡,0.75,7.67,학성중학교정문(하행),23.19
34,하행,계절학기,평일,16,12,476,23.44,29.15,20.57,9,T3,혼잡,1.0,6.5,성지병원(하행),30.15
34,하행,계절학기,평일,17,12,474,17.57,22.67,16.43,7,T3,혼잡,1.0,6.5,학성중학교정문(하행),29.41
34,하행,계절학기,평일,18,12,360,14.62,16.8,14.35,6,T3,혼잡,0.8333,5.9,지하상가사거리(하행),26.67
34,하행,계절학기,평일,19,12,226,5.26,10.13,7.74,3,T1,여유,0.0,,학성중학교정문(하행),9.1
34,하행,계절학기,평일,20,12,224,5.64,9.22,8.0,4,T1,여유,0.0833,1.0,대성현대아파트(하행),10.19
34,하행,계절학기,평일,21,12,124,4.64,7.43,7.3,3,T1,여유,0.0,,성지병원(하행),9.24
34,하행,계절학기,토요일,06,2,22,6.83,6.97,10.54,5,T2,보통,0.0,,남원로남부시장(하행),7.59
34,하행,계절학기,토요일,07,2,38,6.66,8.85,10.49,5,T2,보통,0.0,,단구은행아파트(하행),8.68
34,하행,계절학기,토요일,08,2,28,12.38,15.41,12.12,5,T2,보통,0.5,8.0,도영쇼핑(하행),12.3
34,하행,계절학기,토요일,09,2,33,9.24,11.67,11.22,5,T2,보통,0.5,8.0,남원로남부시장(하행),11.56
34,하행,계절학기,토요일,10,2,60,15.34,15.54,12.97,6,T3,혼잡,1.0,6.0,남원로남부시장(하행),15.9
34,하행,계절학기,토요일,11,2,51,19.43,21.54,14.13,6,T3,혼잡,1.0,6.0,남원로남부시장(하행),22.05
34,하행,계절학기,토요일,12,2,95,12.83,13.28,12.25,6,T3,혼잡,1.0,6.0,학성중학교정문(하행),18.0
34,하행,계절학기,토요일,13,2,57,15.42,17.02,12.99,6,T3,혼잡,1.0,6.0,YWCA(하행),23.09
34,하행,계절학기,토요일,14,2,75,22.94,34.97,15.14,7,T3,혼잡,0.5,8.0,연세대(시내방면)(하행),33.15
34,하행,계절학기,토요일,15,2,75,22.59,23.28,15.04,7,T3,혼잡,1.0,4.5,학성중학교정문(하행),29.24
34,하행,계절학기,토요일,16,2,51,10.38,10.88,11.55,5,T2,보통,0.0,,평원로중앙시장(하행),13.57
34,하행,계절학기,토요일,17,2,66,13.7,15.45,12.5,6,T3,혼잡,0.5,1.0,단계삼익아파트(하행),17.28
34,하행,계절학기,토요일,18,2,35,10.85,12.17,11.68,5,T2,보통,0.5,1.0,YWCA(하행),13.25
34,하행,계절학기,토요일,19,2,47,5.99,7.54,10.3,5,T2,보통,0.0,,단계삼익아파트(하행),7.59
34,하행,계절학기,토요일,20,2,23,5.19,7.74,10.07,5,T2,보통,0.0,,단계삼익아파트(하행),7.69
34,하행,계절학기,토요일,21,2,13,2.51,2.6,9.3,4,T2,보통,0.0,,풍물시장(하행),4.44
34,하행,계절학기,일요일·공휴일,06,3,24,5.2,6.7,7.37,3,T1,여유,0.0,,풍물시장(하행),6.94
34,하행,계절학기,일요일·공휴일,07,3,50,4.6,5.01,7.15,3,T1,여유,0.0,,YWCA(하행),6.41
34,하행,계절학기,일요일·공휴일,08,3,29,7.7,10.83,8.31,4,T1,여유,0.0,,흥업사거리(하행·5351),8.25
34,하행,계절학기,일요일·공휴일,09,3,59,9.4,11.59,8.94,4,T2,보통,0.0,,대성현대아파트(하행),11.6
34,하행,계절학기,일요일·공휴일,10,3,69,8.74,11.61,8.7,4,T1,여유,0.0,,대성현대아파트(하행),13.03
34,하행,계절학기,일요일·공휴일,11,3,42,14.46,19.81,10.84,5,T2,보통,0.6667,2.0,남원로남부시장(하행),16.73
34,하행,계절학기,일요일·공휴일,12,3,111,15.87,20.84,11.37,5,T2,보통,0.6667,2.0,성지병원(하행),20.38
34,하행,계절학기,일요일·공휴일,13,3,82,10.25,15.21,9.26,4,T2,보통,0.3333,3.0,지하상가사거리(하행),14.85
34,하행,계절학기,일요일·공휴일,14,3,90,8.03,10.02,8.43,4,T1,여유,0.0,,대성현대아파트(하행),10.97
34,하행,계절학기,일요일·공휴일,15,3,74,11.46,14.84,9.72,4,T2,보통,0.3333,1.0,남원로남부시장(하행),17.01
34,하행,계절학기,일요일·공휴일,16,3,91,9.98,11.4,9.16,4,T2,보통,0.0,,옛합동청사(하행),13.72
34,하행,계절학기,일요일·공휴일,17,3,100,10.6,12.44,9.4,4,T2,보통,0.3333,1.0,학성중학교정문(하행),13.85
34,하행,계절학기,일요일·공휴일,18,3,42,6.89,9.23,8.0,4,T1,여유,0.0,,청구아파트(하행),9.03
34,하행,계절학기,일요일·공휴일,19,3,79,5.63,6.83,7.53,3,T1,여유,0.0,,원주의료원(하행),8.7
34,하행,계절학기,일요일·공휴일,20,3,48,6.49,8.17,7.85,4,T1,여유,0.0,,YWCA(하행),8.7
34,하행,계절학기,일요일·공휴일,21,3,34,3.45,3.94,6.71,3,T1,여유,0.0,,서원주유소(하행),6.62
34,하행,방학,평일,06,26,344,9.53,11.54,10.18,5,T2,보통,0.0385,1.0,단구은행아파트(하행),15.27
34,하행,방학,평일,07,26,746,9.93,12.13,10.52,5,T2,보통,0.1154,8.67,구곡현대아파트(하행),16.98
34,하행,방학,평일,08,26,734,18.08,23.26,17.35,8,T3,혼잡,0.9615,6.76,개운현대아파트(하행),34.11
34,하행,방학,평일,09,26,684,16.79,21.04,16.27,7,T3,혼잡,0.9231,7.33,대성현대아파트(하행),29.82
34,하행,방학,평일,10,26,738,19.84,24.79,18.83,8,T3,혼잡,0.8846,7.57,대성현대아파트(하행),35.23
34,하행,방학,평일,11,26,599,16.54,23.8,16.06,7,T3,혼잡,0.8077,7.9,성지병원(하행),30.59
34,하행,방학,평일,12,26,1231,17.96,24.16,17.25,8,T3,혼잡,0.8846,7.48,개운현대아파트(하행),31.17
34,하행,방학,평일,13,26,934,14.96,20.14,14.74,7,T3,혼잡,0.6923,8.67,개운현대아파트(하행),29.4
34,하행,방학,평일,14,26,977,16.71,21.17,16.2,7,T3,혼잡,0.9231,6.92,젊음의광장사거리(하행),27.68
34,하행,방학,평일,15,26,901,16.22,20.67,15.79,7,T3,혼잡,0.8462,7.36,학성중학교정문(하행),27.45
34,하행,방학,평일,16,26,1019,18.24,25.52,17.48,8,T3,혼잡,0.8846,6.83,개운현대아파트(하행),33.19
34,하행,방학,평일,17,26,1180,14.38,17.74,14.25,6,T3,혼잡,0.8077,6.43,학성중학교정문(하행),24.23
34,하행,방학,평일,18,26,606,11.93,16.16,12.19,5,T3,혼잡,0.5385,7.14,지하상가사거리(하행),18.87
34,하행,방학,평일,19,26,675,6.95,9.67,8.02,4,T1,여유,0.0,,YWCA(하행),11.43
34,하행,방학,평일,20,26,382,5.38,9.57,6.7,3,T1,여유,0.0,,지하상가사거리(하행),9.11
34,하행,방학,평일,21,25,239,4.18,7.15,5.74,3,T1,여유,0.0,,SK텔레콤원주지점(하행),8.23
34,하행,방학,평일,22,2,3,0.5,0.9,9.83,4,T2,보통,0.0,,영진아파트(하행),1.31
34,하행,방학,토요일,06,6,56,6.87,9.76,8.63,4,T1,여유,0.0,,도영쇼핑(하행),9.41
34,하행,방학,토요일,07,6,132,7.15,9.24,8.79,4,T1,여유,0.0,,도영쇼핑(하행),10.58
34,하행,방학,토요일,08,6,124,8.58,10.24,9.57,4,T2,보통,0.0,,개운현대아파트(하행),13.25
34,하행,방학,토요일,09,6,115,13.01,16.41,11.98,5,T2,보통,0.6667,4.0,대성현대아파트(하행),16.89
34,하행,방학,토요일,10,6,155,16.73,20.0,14.01,6,T3,혼잡,1.0,4.17,대성현대아파트(하행),21.31
34,하행,방학,토요일,11,6,133,16.57,20.59,13.92,6,T3,혼잡,0.8333,4.6,원주의료원(하행),25.58
34,하행,방학,토요일,12,6,241,16.09,18.55,13.66,6,T3,혼잡,1.0,4.17,젊음의광장사거리(하행),24.19
34,하행,방학,토요일,13,6,194,12.44,15.16,11.67,5,T2,보통,0.5,4.67,지하상가사거리(하행),17.84
34,하행,방학,토요일,14,6,207,13.52,17.4,12.26,6,T3,혼잡,0.5,4.33,학성중학교정문(하행),20.45
34,하행,방학,토요일,15,6,148,11.49,16.29,11.15,5,T2,보통,0.3333,4.0,단계삼익아파트(하행),16.81
34,하행,방학,토요일,16,6,151,10.35,13.71,10.53,5,T2,보통,0.1667,2.0,학성중학교정문(하행),16.35
34,하행,방학,토요일,17,6,220,12.74,15.78,11.83,5,T2,보통,0.5,1.33,YWCA(하행),16.37
34,하행,방학,토요일,18,6,112,10.35,12.97,10.53,5,T2,보통,0.3333,1.5,YWCA(하행),14.52
34,하행,방학,토요일,19,6,133,6.96,9.2,8.68,4,T1,여유,0.0,,서원주유소(하행),10.75
34,하행,방학,토요일,20,6,92,5.68,6.46,7.98,4,T1,여유,0.0,,시외.고속버스터미널(하행),8.92
34,하행,방학,토요일,21,6,53,3.42,4.68,6.75,3,T1,여유,0.0,,SK텔레콤원주지점(하행),5.92
34,하행,방학,일요일·공휴일,06,13,90,5.02,7.41,6.18,3,T1,여유,0.0,,구곡현대아파트(하행),6.95
34,하행,방학,일요일·공휴일,07,13,200,4.93,6.79,6.12,3,T1,여유,0.0,,단구은행아파트(하행),7.4
34,하행,방학,일요일·공휴일,08,13,209,7.57,9.6,8.02,4,T1,여유,0.0769,3.0,흥업사거리(하행·5351),13.04
34,하행,방학,일요일·공휴일,09,13,223,8.92,12.45,9.0,4,T2,보통,0.1538,2.0,도영쇼핑(하행),15.02
34,하행,방학,일요일·공휴일,10,13,260,10.81,16.0,10.36,5,T2,보통,0.3846,2.6,개운현대아파트(하행),17.21
34,하행,방학,일요일·공휴일,11,13,209,12.09,18.23,11.29,5,T2,보통,0.4615,3.17,개운현대아파트(하행),21.63
34,하행,방학,일요일·공휴일,12,13,521,14.54,19.04,13.06,6,T3,혼잡,0.6923,2.78,개운현대아파트(하행),24.92
34,하행,방학,일요일·공휴일,13,13,373,11.9,17.28,11.15,5,T2,보통,0.3846,3.8,풍물시장(하행),19.67
34,하행,방학,일요일·공휴일,14,13,401,12.26,16.21,11.41,5,T2,보통,0.4615,2.83,원주의료원(하행),17.67
34,하행,방학,일요일·공휴일,15,13,330,10.05,12.46,9.81,4,T2,보통,0.1538,3.5,지하상가사거리(하행),16.58
34,하행,방학,일요일·공휴일,16,13,325,11.05,15.86,10.54,5,T2,보통,0.3846,2.4,YWCA(하행),18.81
34,하행,방학,일요일·공휴일,17,13,407,10.75,12.99,10.32,5,T2,보통,0.1538,2.0,YWCA(하행),18.77
34,하행,방학,일요일·공휴일,18,13,208,10.2,14.49,9.92,4,T2,보통,0.2308,1.67,YWCA(하행),18.4
34,하행,방학,일요일·공휴일,19,13,282,6.81,10.04,7.47,3,T1,여유,0.0,,서원주유소(하행),10.25
34,하행,방학,일요일·공휴일,20,13,181,6.79,12.68,7.46,3,T1,여유,0.1538,1.0,SK텔레콤원주지점(하행),13.54
34,하행,방학,일요일·공휴일,21,13,113,3.5,6.21,5.09,2,T1,여유,0.0,,금불사거리(하행),8.38
34-1,상행,학기,평일,06,57,1191,8.34,11.81,8.86,4,T1,여유,0.1053,3.0,동보노빌리티입구(상행),18.39
34-1,상행,학기,평일,07,57,2366,10.37,14.56,10.73,5,T2,보통,0.2281,8.62,서곡삼거리(상행),18.92
34-1,상행,학기,평일,08,57,3603,18.98,23.23,18.64,8,T3,혼잡,0.9649,6.44,동보노빌리티입구(상행),35.98
34-1,상행,학기,평일,09,57,3585,19.3,24.42,18.94,9,T3,혼잡,0.9825,6.34,원주역(흥업방면.승차전용)(상행),40.2
34-1,상행,학기,평일,10,57,3545,17.02,23.23,16.84,8,T3,혼잡,0.8596,6.96,원주역(흥업방면.승차전용)(상행),33.04
34-1,상행,학기,평일,11,57,2772,13.28,18.28,13.4,6,T3,혼잡,0.5439,9.81,대성현대아파트(상행),23.31
34-1,상행,학기,평일,12,57,3592,19.87,25.29,19.47,9,T3,혼잡,0.9825,7.95,향교입구(상행),32.08
34-1,상행,학기,평일,13,57,2817,21.07,29.03,20.57,9,T3,혼잡,0.9474,8.22,원주역(흥업방면.승차전용)(상행),41.32
34-1,상행,학기,평일,14,57,3237,15.53,20.81,15.47,7,T3,혼잡,0.8947,8.47,원주의료원(상행),26.55
34-1,상행,학기,평일,15,57,3152,15.31,20.93,15.28,7,T3,혼잡,0.8596,8.63,향교입구(상행),26.61
34-1,상행,학기,평일,16,57,4281,17.75,21.35,17.52,8,T3,혼잡,0.9123,8.08,대성현대아파트(상행),29.55
34-1,상행,학기,평일,17,57,3490,16.62,20.45,16.48,7,T3,혼잡,0.9649,7.69,대성현대아파트(상행),32.85
34-1,상행,학기,평일,18,57,4444,17.52,21.51,17.3,8,T3,혼잡,0.9474,7.48,젊음의광장사거리(상행),29.45
34-1,상행,학기,평일,19,57,2559,9.75,11.82,10.16,5,T2,보통,0.1053,8.5,젊음의광장사거리(상행),16.57
34-1,상행,학기,평일,20,57,3222,9.73,12.71,10.14,5,T2,보통,0.1579,2.89,오페라웨딩홀(상행),15.87
34-1,상행,학기,평일,21,57,565,6.74,11.47,7.4,3,T1,여유,0.0526,1.0,단구2차아파트(상행),13.53
34-1,상행,학기,토요일,06,12,180,7.41,10.9,8.71,4,T1,여유,0.0,,은행정마을(상행·9041),13.18
34-1,상행,학기,토요일,07,12,309,5.48,7.81,7.35,3,T1,여유,0.0,,단계현진아파트(상행),8.11
34-1,상행,학기,토요일,08,12,564,12.19,14.32,12.09,5,T2,보통,0.5,5.83,오페라웨딩홀(상행),22.49
34-1,상행,학기,토요일,09,12,606,11.95,15.02,11.92,5,T2,보통,0.5,6.0,YWCA(상행),19.11
34-1,상행,학기,토요일,10,12,557,14.13,19.03,13.46,6,T3,혼잡,0.75,5.67,학성중학교정문(상행),24.2
34-1,상행,학기,토요일,11,12,650,13.35,16.19,12.91,6,T3,혼잡,0.5,7.83,지하상가(상행),22.91
34-1,상행,학기,토요일,12,12,605,15.22,17.68,14.23,6,T3,혼잡,0.9167,4.73,학성중학교정문(상행),26.51
34-1,상행,학기,토요일,13,12,499,13.11,18.41,12.74,6,T3,혼잡,0.5,7.83,대성현대아파트(상행),21.69
34-1,상행,학기,토요일,14,12,570,14.13,16.72,13.46,6,T3,혼잡,0.75,5.56,대성현대아파트(상행),22.4
34-1,상행,학기,토요일,15,12,622,13.38,18.75,12.93,6,T3,혼잡,0.5833,5.29,대성현대아파트(상행),20.41
34-1,상행,학기,토요일,16,12,468,13.1,17.63,12.74,6,T3,혼잡,0.5,5.17,대성현대아파트(상행),20.43
34-1,상행,학기,토요일,17,12,544,12.19,15.31,12.09,5,T2,보통,0.5,4.67,젊음의광장사거리(상행),19.89
34-1,상행,학기,토요일,18,12,532,10.4,15.04,10.82,5,T2,보통,0.3333,6.25,남원로남부시장(상행),17.7
34-1,상행,학기,토요일,19,12,489,10.49,13.16,10.89,5,T2,보통,0.25,4.67,KBS방송국(상행),14.63
34-1,상행,학기,토요일,20,12,507,11.11,13.97,11.33,5,T2,보통,0.3333,1.75,학성중학교정문(상행),15.28
34-1,상행,학기,토요일,21,12,320,12.0,18.55,11.96,5,T2,보통,0.25,2.0,청구아파트(상행),16.39
34-1,상행,학기,일요일·공휴일,06,13,143,4.49,7.12,7.3,3,T1,여유,0.0,,동보노빌리티입구(상행),9.33
34-1,상행,학기,일요일·공휴일,07,13,309,5.7,6.8,8.17,4,T1,여유,0.0,,원일로중앙시장(상행),7.99
34-1,상행,학기,일요일·공휴일,08,13,461,10.62,12.37,11.73,5,T2,보통,0.2308,1.33,동보노빌리티입구(상행),17.81
34-1,상행,학기,일요일·공휴일,09,13,535,9.22,12.41,10.71,5,T2,보통,0.2308,1.67,남원로남부시장(상행),12.53
34-1,상행,학기,일요일·공휴일,10,13,525,11.34,16.4,12.25,6,T3,혼잡,0.3077,1.25,서원주유소(상행),17.02
34-1,상행,학기,일요일·공휴일,11,13,509,9.16,11.28,10.67,5,T2,보통,0.0769,3.0,강원감영(상행),13.59
34-1,상행,학기,일요일·공휴일,12,13,551,12.71,16.35,13.23,6,T3,혼잡,0.6154,7.12,향교입구(상행),17.83
34-1,상행,학기,일요일·공휴일,13,13,518,12.55,14.87,13.12,6,T3,혼잡,0.7692,6.9,원주역(흥업방면.승차전용)(상행),18.47
34-1,상행,학기,일요일·공휴일,14,13,576,16.2,21.54,15.76,7,T3,혼잡,0.8462,6.91,대성현대아파트(상행),25.21
34-1,상행,학기,일요일·공휴일,15,13,658,14.41,17.0,14.46,7,T3,혼잡,0.8462,7.82,서곡삼거리(상행),20.78
34-1,상행,학기,일요일·공휴일,16,13,513,19.25,25.81,17.96,8,T3,혼잡,0.7692,8.7,원주역(흥업방면.승차전용)(상행),35.14
34-1,상행,학기,일요일·공휴일,17,13,586,17.83,23.93,16.94,8,T3,혼잡,0.9231,7.5,원주역(흥업방면.승차전용)(상행),26.66
34-1,상행,학기,일요일·공휴일,18,13,599,17.38,23.38,16.61,7,T3,혼잡,0.8462,8.09,원주역(흥업방면.승차전용)(상행),31.9
34-1,상행,학기,일요일·공휴일,19,13,642,23.22,33.53,20.83,9,T3,혼잡,0.8462,8.18,원주역(흥업방면.승차전용)(상행),39.66
34-1,상행,학기,일요일·공휴일,20,13,573,24.69,33.29,21.89,10,T3,혼잡,0.8462,8.18,원주역(흥업방면.승차전용)(상행),37.57
34-1,상행,학기,일요일·공휴일,21,13,428,24.89,33.3,22.03,10,T3,혼잡,0.8462,8.18,YWCA(상행),34.98
34-1,상행,시험,평일,06,5,84,7.82,10.49,11.14,5,T2,보통,0.0,,청구아파트(상행),12.81
34-1,상행,시험,평일,07,5,177,9.3,11.46,11.88,5,T2,보통,0.2,7.0,원주역(흥업방면.승차전용)(상행),15.16
34-1,상행,시험,평일,08,5,296,19.14,22.73,16.8,8,T3,혼잡,1.0,5.8,청구아파트(상행),28.81
34-1,상행,시험,평일,09,5,274,14.65,19.55,14.56,7,T3,혼잡,0.8,7.0,남송(상행),19.93
34-1,상행,시험,평일,10,5,308,14.25,18.19,14.36,6,T3,혼잡,0.8,8.75,국립강릉원주대학교(상행),21.34
34-1,상행,시험,평일,11,5,251,13.59,16.78,14.03,6,T3,혼잡,0.8,8.75,벌밤골(상행),22.52
34-1,상행,시험,평일,12,5,317,19.54,22.15,17.0,8,T3,혼잡,1.0,7.6,향교입구(상행),23.69
34-1,상행,시험,평일,13,5,278,22.51,27.77,18.49,8,T3,혼잡,1.0,7.6,벌밤골(상행),33.7
34-1,상행,시험,평일,14,5,308,16.31,21.04,15.39,7,T3,혼잡,0.8,7.75,향교입구(상행),25.51
34-1,상행,시험,평일,15,5,280,15.82,18.6,15.14,7,T3,혼잡,0.8,8.0,향교입구(상행),26.25
34-1,상행,시험,평일,16,5,394,17.57,23.52,16.02,7,T3,혼잡,0.8,6.75,육민관중.고등학교(상행),27.38
34-1,상행,시험,평일,17,5,305,15.76,18.04,15.11,7,T3,혼잡,1.0,5.8,대성현대아파트(상행),24.79
34-1,상행,시험,평일,18,5,378,17.5,21.52,15.98,7,T3,혼잡,1.0,5.8,대성현대아파트(상행),26.73
34-1,상행,시험,평일,19,5,195,8.6,10.86,11.53,5,T2,보통,0.0,,단계사거리(상행),13.5
34-1,상행,시험,평일,20,5,260,11.28,15.53,12.87,6,T3,혼잡,0.4,1.0,원주역(흥업방면.승차전용)(상행),17.01
34-1,상행,시험,평일,21,5,71,7.8,11.07,11.13,5,T2,보통,0.0,,원주역(흥업방면.승차전용)(상행),10.65
34-1,상행,시험,토요일,06,1,20,14.75,14.75,13.06,6,T3,혼잡,1.0,1.0,단구2차아파트(상행),16.35
34-1,상행,시험,토요일,07,1,31,8.68,8.68,12.05,5,T2,보통,0.0,,청구아파트(상행),9.11
34-1,상행,시험,토요일,08,1,32,6.97,6.97,11.76,5,T2,보통,0.0,,동보노빌리티입구(상행),11.25
34-1,상행,시험,토요일,09,1,39,11.79,11.79,12.57,6,T3,혼잡,0.0,,YWCA(상행),17.35
34-1,상행,시험,토요일,10,1,35,8.03,8.03,11.94,5,T2,보통,0.0,,학성중학교정문(상행),12.83
34-1,상행,시험,토요일,11,1,43,12.58,12.58,12.7,6,T3,혼잡,1.0,2.0,학성중학교정문(상행),19.71
34-1,상행,시험,토요일,12,1,48,15.56,15.56,13.19,6,T3,혼잡,1.0,2.0,원주시시설관리공단(상행),19.9
34-1,상행,시험,토요일,13,1,30,10.5,10.5,12.35,6,T3,혼잡,0.0,,향교입구(상행),16.11
34-1,상행,시험,토요일,14,1,52,22.1,22.1,14.28,6,T3,혼잡,1.0,2.0,KBS방송국(상행),21.63
34-1,상행,시험,토요일,15,1,60,14.68,14.68,13.05,6,T3,혼잡,1.0,2.0,젊음의광장사거리(상행),16.31
34-1,상행,시험,토요일,16,1,36,10.97,10.97,12.43,6,T3,혼잡,0.0,,젊음의광장사거리(상행),12.77
34-1,상행,시험,토요일,17,1,51,12.39,12.39,12.67,6,T3,혼잡,1.0,1.0,강원감영(상행),15.21
34-1,상행,시험,토요일,18,1,48,10.98,10.98,12.43,6,T3,혼잡,0.0,,남원로남부시장(상행),14.76
34-1,상행,시험,토요일,19,1,45,11.44,11.44,12.51,6,T3,혼잡,0.0,,학성중학교정문(상행),11.05
34-1,상행,시험,토요일,20,1,32,21.81,21.81,14.24,6,T3,혼잡,1.0,1.0,원주의료원(상행),21.0
34-1,상행,시험,토요일,21,1,28,10.29,10.29,12.31,6,T3,혼잡,0.0,,KBS방송국(상행),10.73
34-1,상행,시험,일요일·공휴일,06,1,12,4.0,4.0,13.04,6,T3,혼잡,0.0,,원주의료원(상행),4.5
34-1,상행,시험,일요일·공휴일,07,1,25,4.72,4.72,13.16,6,T3,혼잡,0.0,,영진아파트(상행),4.7
34-1,상행,시험,일요일·공휴일,08,1,35,13.94,13.94,14.7,7,T3,혼잡,1.0,1.0,KBS방송국(상행),16.1
34-1,상행,시험,일요일·공휴일,09,1,43,9.93,9.93,14.03,6,T3,혼잡,0.0,,젊음의광장사거리(상행),11.71
34-1,상행,시험,일요일·공휴일,10,1,46,16.41,16.41,15.11,7,T3,혼잡,1.0,3.0,도영쇼핑(상행),15.81
34-1,상행,시험,일요일·공휴일,11,1,58,13.48,13.48,14.62,7,T3,혼잡,1.0,3.0,청구아파트(상행),15.54
34-1,상행,시험,일요일·공휴일,12,1,49,15.45,15.45,14.95,7,T3,혼잡,1.0,3.0,대성현대아파트(상행),21.03
34-1,상행,시험,일요일·공휴일,13,1,24,11.5,11.5,14.29,6,T3,혼잡,0.0,,남원로남부시장(상행),18.57
34-1,상행,시험,일요일·공휴일,14,1,52,21.85,21.85,16.02,7,T3,혼잡,1.0,8.0,원주시시설관리공단(상행),22.36
34-1,상행,시험,일요일·공휴일,15,1,64,15.77,15.77,15.0,7,T3,혼잡,1.0,8.0,원주역(흥업방면.승차전용)(상행),18.63
34-1,상행,시험,일요일·공휴일,16,1,44,20.02,20.02,15.71,7,T3,혼잡,1.0,8.0,남원로남부시장(상행),20.25
34-1,상행,시험,일요일·공휴일,17,1,45,15.89,15.89,15.03,7,T3,혼잡,1.0,8.0,원주역(흥업방면.승차전용)(상행),19.96
34-1,상행,시험,일요일·공휴일,18,1,42,13.1,13.1,14.56,7,T3,혼잡,1.0,8.0,오페라웨딩홀(상행),15.47
34-1,상행,시험,일요일·공휴일,19,1,43,14.16,14.16,14.74,7,T3,혼잡,1.0,8.0,육민관중.고등학교(상행),15.7
34-1,상행,시험,일요일·공휴일,20,1,53,23.13,23.13,16.23,7,T3,혼잡,1.0,8.0,시외.고속버스터미널(상행),21.96
34-1,상행,시험,일요일·공휴일,21,1,35,24.29,24.29,16.42,7,T3,혼잡,1.0,8.0,학성중학교정문(상행),22.22
34-1,상행,계절학기,평일,06,12,187,6.4,7.94,7.93,4,T1,여유,0.0833,1.0,동보노빌리티입구(상행),11.4
34-1,상행,계절학기,평일,07,12,459,8.59,10.1,9.48,4,T2,보통,0.0,,학성중학교정문(상행),14.13
34-1,상행,계절학기,평일,08,12,615,15.68,19.13,14.48,7,T3,혼잡,0.75,2.89,거장아파트(상행),24.0
34-1,상행,계절학기,평일,09,12,618,11.74,14.23,11.7,5,T2,보통,0.5,3.83,학성중학교정문(상행),20.21
34-1,상행,계절학기,평일,10,12,640,12.66,17.67,12.35,6,T3,혼잡,0.5833,5.0,YWCA(상행),20.58
34-1,상행,계절학기,평일,11,12,549,11.11,16.09,11.26,5,T2,보통,0.25,8.33,옛합동청사(상행),21.97
34-1,상행,계절학기,평일,12,12,613,14.78,19.19,13.85,6,T3,혼잡,0.75,5.0,KBS방송국(상행),22.47
34-1,상행,계절학기,평일,13,12,526,15.19,17.57,14.13,6,T3,혼잡,0.8333,4.8,시외.고속버스터미널(상행),25.06
34-1,상행,계절학기,평일,14,12,665,14.4,18.5,13.58,6,T3,혼잡,0.75,5.11,KBS방송국(상행),25.88
34-1,상행,계절학기,평일,15,12,628,13.05,15.6,12.63,6,T3,혼잡,0.4167,6.8,남원로남부시장(상행),19.95
34-1,상행,계절학기,평일,16,12,724,16.04,20.52,14.73,7,T3,혼잡,1.0,4.17,남원로남부시장(상행),27.53
34-1,상행,계절학기,평일,17,12,638,15.49,17.71,14.34,6,T3,혼잡,0.9167,4.09,남원로남부시장(상행),24.69
34-1,상행,계절학기,평일,18,12,674,11.74,13.5,11.7,5,T2,보통,0.3333,6.5,대성현대아파트(상행),18.78
34-1,상행,계절학기,평일,19,12,478,8.19,10.91,9.2,4,T2,보통,0.0,,옛합동청사(상행),13.42
34-1,상행,계절학기,평일,20,12,503,6.71,8.76,8.15,4,T1,여유,0.0,,KBS방송국(상행),10.58
34-1,상행,계절학기,평일,21,12,144,3.91,8.2,6.17,3,T1,여유,0.0,,YWCA(상행),8.48
34-1,상행,계절학기,토요일,06,2,12,2.36,2.87,7.68,3,T1,여유,0.0,,장양리차고지(상행),3.04
34-1,상행,계절학기,토요일,07,2,34,4.14,5.59,8.19,4,T1,여유,0.0,,e편한세상아파트(상행),5.07
34-1,상행,계절학기,토요일,08,2,56,6.65,7.23,8.91,4,T1,여유,0.0,,YWCA(상행),11.22
34-1,상행,계절학기,토요일,09,2,78,9.44,12.47,9.71,4,T2,보통,0.5,5.0,e편한세상아파트(상행),14.71
34-1,상행,계절학기,토요일,10,2,80,15.83,21.89,11.53,5,T2,보통,0.5,5.0,국제아파트(상행),22.47
34-1,상행,계절학기,토요일,11,2,96,22.97,33.03,13.57,6,T3,혼잡,0.5,5.0,무수막마을(상행),30.55
34-1,상행,계절학기,토요일,12,2,89,13.01,13.55,10.73,5,T2,보통,1.0,3.0,강원감영(상행),17.17
34-1,상행,계절학기,토요일,13,2,74,9.69,12.88,9.78,4,T2,보통,0.5,5.0,학성중학교정문(상행),16.32
34-1,상행,계절학기,토요일,14,2,80,10.62,11.3,10.04,5,T2,보통,0.0,,YWCA(상행),15.49
34-1,상행,계절학기,토요일,15,2,85,10.22,11.79,9.93,4,T2,보통,0.5,1.0,e편한세상아파트(상행),15.85
34-1,상행,계절학기,토요일,16,2,70,8.62,9.37,9.47,4,T2,보통,0.0,,KBS방송국(상행),15.15
34-1,상행,계절학기,토요일,17,2,62,9.88,10.58,9.83,4,T2,보통,0.0,,금불사거리(상행),12.14
34-1,상행,계절학기,토요일,18,2,83,11.68,11.82,10.35,5,T2,보통,0.0,,학성중학교정문(상행),16.18
34-1,상행,계절학기,토요일,19,2,76,7.75,8.08,9.22,4,T2,보통,0.0,,도영쇼핑(상행),10.09
34-1,상행,계절학기,토요일,20,2,70,6.68,7.97,8.92,4,T2,보통,0.0,,거장아파트(상행),8.86
34-1,상행,계절학기,토요일,21,2,34,7.47,8.96,9.15,4,T2,보통,0.0,,강원감영(상행),10.35
34-1,상행,계절학기,일요일·공휴일,06,3,17,3.01,4.96,6.19,3,T1,여유,0.0,,e편한세상아파트(상행),5.0
34-1,상행,계절학기,일요일·공휴일,07,3,39,2.79,4.61,6.11,3,T1,여유,0.0,,학성중학교정문(상행),4.19
34-1,상행,계절학기,일요일·공휴일,08,3,52,4.33,4.52,6.68,3,T1,여유,0.0,,단계현진아파트(상행),7.26
34-1,상행,계절학기,일요일·공휴일,09,3,104,6.62,7.91,7.54,3,T1,여유,0.0,,KBS방송국(상행),9.59
34-1,상행,계절학기,일요일·공휴일,10,3,89,6.76,9.16,7.59,3,T1,여유,0.0,,원일로중앙시장(상행),9.97
34-1,상행,계절학기,일요일·공휴일,11,3,118,10.78,13.08,9.1,4,T2,보통,0.6667,2.5,롯데아파트(상행),18.47
34-1,상행,계절학기,일요일·공휴일,12,3,122,12.69,16.35,9.82,4,T2,보통,0.3333,4.0,KBS방송국(상행),16.42
34-1,상행,계절학기,일요일·공휴일,13,3,92,10.76,15.86,9.09,4,T2,보통,0.3333,4.0,지하상가(상행),15.24
34-1,상행,계절학기,일요일·공휴일,14,3,125,10.02,13.97,8.82,4,T1,여유,0.3333,4.0,대성현대아파트(상행),12.98
34-1,상행,계절학기,일요일·공휴일,15,3,93,7.04,7.97,7.7,3,T1,여유,0.0,,e편한세상아파트(상행),11.3
34-1,상행,계절학기,일요일·공휴일,16,3,88,7.51,10.19,7.88,4,T1,여유,0.0,,원일로중앙시장(상행),10.93
34-1,상행,계절학기,일요일·공휴일,17,3,112,11.26,13.97,9.28,4,T2,보통,0.3333,1.0,젊음의광장사거리(상행),13.24
34-1,상행,계절학기,일요일·공휴일,18,3,124,8.31,9.68,8.18,4,T1,여유,0.0,,거장아파트(상행),10.54
34-1,상행,계절학기,일요일·공휴일,19,3,114,9.08,10.58,8.46,4,T1,여유,0.0,,시외.고속버스터미널(상행),11.0
34-1,상행,계절학기,일요일·공휴일,20,3,108,9.65,10.31,8.68,4,T1,여유,0.0,,원주역(흥업방면.승차전용)(상행),12.52
34-1,상행,계절학기,일요일·공휴일,21,3,59,8.91,13.92,8.4,4,T1,여유,0.3333,1.0,옛합동청사(상행),12.48
34-1,상행,방학,평일,06,26,421,7.51,8.75,8.44,4,T1,여유,0.0385,1.0,동보노빌리티입구(상행),14.3
34-1,상행,방학,평일,07,26,1021,8.21,9.78,9.03,4,T2,보통,0.0,,금불사거리(상행),12.01
34-1,상행,방학,평일,08,26,1542,16.13,19.43,15.67,7,T3,혼잡,0.8846,2.52,동보노빌리티입구(상행),25.71
34-1,상행,방학,평일,09,26,1406,11.92,14.15,12.14,5,T2,보통,0.3462,4.89,서원주유소(상행),21.69
34-1,상행,방학,평일,10,26,1277,15.02,18.76,14.74,7,T3,혼잡,0.8846,5.39,학성중학교정문(상행),26.74
34-1,상행,방학,평일,11,26,1322,13.58,17.65,13.53,6,T3,혼잡,0.6538,7.35,젊음의광장사거리(상행),23.41
34-1,상행,방학,평일,12,26,1323,16.6,20.84,16.06,7,T3,혼잡,0.9231,6.83,젊음의광장사거리(상행),26.52
34-1,상행,방학,평일,13,26,1187,17.23,21.06,16.59,7,T3,혼잡,0.9231,6.83,대성현대아파트(상행),28.82
34-1,상행,방학,평일,14,26,1407,19.31,25.06,18.34,8,T3,혼잡,0.8846,7.0,원주의료원(상행),33.34
34-1,상행,방학,평일,15,26,1570,16.6,20.36,16.07,7,T3,혼잡,1.0,6.62,향교입구(상행),28.18
34-1,상행,방학,평일,16,26,1259,16.78,19.84,16.22,7,T3,혼잡,0.8846,7.0,향교입구(상행),30.99
34-1,상행,방학,평일,17,26,1338,17.45,22.83,16.78,8,T3,혼잡,0.9231,6.42,남원로남부시장(상행),28.51
34-1,상행,방학,평일,18,26,1372,12.75,15.39,12.83,6,T3,혼잡,0.5,6.08,젊음의광장사거리(상행),20.48
34-1,상행,방학,평일,19,26,1102,8.67,11.52,9.41,4,T2,보통,0.1154,3.33,옛합동청사(상행),13.76
34-1,상행,방학,평일,20,26,1019,7.77,10.17,8.66,4,T1,여유,0.0,,남원로남부시장(상행),12.23
34-1,상행,방학,평일,21,26,584,7.0,9.43,8.01,4,T1,여유,0.0385,1.0,KBS방송국(상행),12.65
34-1,상행,방학,토요일,06,6,65,5.78,6.74,8.17,4,T1,여유,0.0,,남원로남부시장(상행),7.38
34-1,상행,방학,토요일,07,6,177,6.54,7.86,8.58,4,T1,여유,0.0,,강원감영(상행),9.3
34-1,상행,방학,토요일,08,6,221,8.89,10.2,9.86,4,T2,보통,0.0,,원주시시설관리공단(상행),13.12
34-1,상행,방학,토요일,09,6,255,9.6,10.67,10.25,5,T2,보통,0.0,,학성중학교정문(상행),15.63
34-1,상행,방학,토요일,10,6,238,12.42,15.69,11.79,5,T2,보통,0.5,7.0,YWCA(상행),16.77
34-1,상행,방학,토요일,11,6,280,14.47,18.13,12.91,6,T3,혼잡,0.6667,5.75,학성중학교정문(상행),20.79
34-1,상행,방학,토요일,12,6,281,13.97,15.1,12.64,6,T3,혼잡,0.8333,5.2,원주의료원(상행),19.37
34-1,상행,방학,토요일,13,6,263,14.88,17.92,13.13,6,T3,혼잡,0.8333,5.8,지하상가(상행),21.85
34-1,상행,방학,토요일,14,6,304,17.13,22.33,14.36,6,T3,혼잡,1.0,5.17,향교입구(상행),24.68
34-1,상행,방학,토요일,15,6,297,13.68,17.2,12.48,6,T3,혼잡,0.6667,5.75,단구은행아파트(상행),20.24
34-1,상행,방학,토요일,16,6,238,13.17,17.02,12.2,5,T3,혼잡,0.6667,5.75,대성현대아파트(상행),20.29
34-1,상행,방학,토요일,17,6,236,11.91,12.67,11.51,5,T2,보통,0.5,5.33,KBS방송국(상행),17.52
34-1,상행,방학,토요일,18,6,251,11.21,13.23,11.13,5,T2,보통,0.5,3.67,KBS방송국(상행),15.95
34-1,상행,방학,토요일,19,6,240,8.33,9.44,9.56,4,T2,보통,0.0,,동보노빌리티입구(상행),13.1
34-1,상행,방학,토요일,20,6,200,7.85,10.06,9.3,4,T2,보통,0.1667,1.0,남원로남부시장(상행),12.74
34-1,상행,방학,토요일,21,6,150,8.55,12.23,9.68,4,T2,보통,0.1667,1.0,KBS방송국(상행),13.99
34-1,상행,방학,토요일,22,1,1,0.0,0.0,9.19,4,T2,보통,0.0,,보촌(상행),0.83
34-1,상행,방학,일요일·공휴일,06,13,107,3.42,6.36,5.22,2,T1,여유,0.0,,동보노빌리티입구(상행),6.33
34-1,상행,방학,일요일·공휴일,07,13,261,4.41,6.22,5.93,3,T1,여유,0.0,,대성현대아파트(상행),6.93
34-1,상행,방학,일요일·공휴일,08,13,401,9.2,12.44,9.39,4,T2,보통,0.1538,1.5,원주시시설관리공단(상행),15.21
34-1,상행,방학,일요일·공휴일,09,13,440,7.35,11.02,8.06,4,T1,여유,0.0769,2.0,학성중학교정문(상행),12.83
34-1,상행,방학,일요일·공휴일,10,13,438,9.76,13.51,9.8,4,T2,보통,0.3077,3.75,YWCA(상행),15.89
34-1,상행,방학,일요일·공휴일,11,13,517,9.33,13.57,9.49,4,T2,보통,0.1538,9.5,서원주유소(상행),15.81
34-1,상행,방학,일요일·공휴일,12,13,515,10.73,14.25,10.49,5,T2,보통,0.3077,5.25,향교입구(상행),16.4
34-1,상행,방학,일요일·공휴일,13,13,427,11.52,16.66,11.06,5,T2,보통,0.4615,4.5,KBS방송국(상행),17.89
34-1,상행,방학,일요일·공휴일,14,13,563,14.6,18.1,13.29,6,T3,혼잡,0.7692,3.4,대성현대아파트(상행),21.39
34-1,상행,방학,일요일·공휴일,15,13,613,13.18,17.45,12.26,6,T3,혼잡,0.3846,5.4,원주의료원(상행),19.86
34-1,상행,방학,일요일·공휴일,16,13,417,11.96,15.36,11.39,5,T2,보통,0.3846,4.8,시외.고속버스터미널(상행),19.67
34-1,상행,방학,일요일·공휴일,17,13,500,12.88,20.16,12.05,5,T2,보통,0.3846,4.6,젊음의광장사거리(상행),20.12
34-1,상행,방학,일요일·공휴일,18,13,495,11.14,14.78,10.79,5,T2,보통,0.4615,3.17,젊음의광장사거리(상행),17.68
34-1,상행,방학,일요일·공휴일,19,13,477,10.06,13.24,10.01,5,T2,보통,0.2308,5.0,국립강릉원주대학교(상행),17.04
34-1,상행,방학,일요일·공휴일,20,13,468,9.4,10.53,9.53,4,T2,보통,0.0769,12.0,무수막마을(상행),17.03
34-1,상행,방학,일요일·공휴일,21,13,276,9.21,18.34,9.39,4,T2,보통,0.1538,6.5,옛합동청사(상행),17.44
34-1,하행,학기,평일,06,56,306,8.65,12.75,9.16,4,T2,보통,0.125,3.14,오페라웨딩홀(하행),13.62
34-1,하행,학기,평일,07,57,1048,9.14,12.78,9.6,4,T2,보통,0.1404,7.38,청구아파트(하행),16.67
34-1,하행,학기,평일,08,57,1954,15.35,20.23,15.31,7,T3,혼잡,0.7719,6.16,개운현대아파트(하행),27.68
34-1,하행,학기,평일,09,57,2710,15.11,21.21,15.09,7,T3,혼잡,0.7544,7.09,개운현대아파트(하행),30.48
34-1,하행,학기,평일,10,57,2351,14.04,19.37,14.1,6,T3,혼잡,0.6316,9.75,대성현대아파트(하행),25.21
34-1,하행,학기,평일,11,57,3170,17.75,21.49,17.51,8,T3,혼잡,0.8947,8.57,대성현대아파트(하행),30.97
34-1,하행,학기,평일,12,57,2903,15.82,20.46,15.74,7,T3,혼잡,0.8421,9.21,개운현대아파트(하행),28.07
34-1,하행,학기,평일,13,57,2663,22.49,30.68,21.87,10,T3,혼잡,0.9825,8.71,젊음의광장사거리(하행),43.33
34-1,하행,학기,평일,14,57,2976,17.49,23.9,17.28,8,T3,혼잡,0.9123,9.19,개운현대아파트(하행),29.26
34-1,하행,학기,평일,15,57,3460,23.23,28.72,22.56,10,T3,혼잡,1.0,8.74,원주역(시내방면.승차전용)(하행),41.54
34-1,하행,학기,평일,16,57,3593,22.33,27.41,21.73,10,T3,혼잡,0.9825,8.79,원주역(시내방면.승차전용)(하행),37.83
34-1,하행,학기,평일,17,57,3323,23.33,30.24,22.65,10,T3,혼잡,1.0,8.65,서곡삼거리(하행),37.78
34-1,하행,학기,평일,18,57,3416,16.41,20.1,16.28,7,T3,혼잡,0.9123,9.08,원주역(시내방면.승차전용)(하행),27.99
34-1,하행,학기,평일,19,57,2995,10.75,13.82,11.08,5,T2,보통,0.2105,10.58,원주역(시내방면.승차전용)(하행),19.17
34-1,하행,학기,평일,20,57,2160,8.26,10.42,8.79,4,T1,여유,0.0526,1.0,원주역(시내방면.승차전용)(하행),15.56
34-1,하행,학기,평일,21,57,1718,7.3,10.58,7.9,4,T1,여유,0.0351,1.0,아랫거리(하행),11.7
34-1,하행,학기,평일,22,54,354,3.76,6.82,4.7,2,T1,여유,0.0,,대성현대아파트(하행),7.72
34-1,하행,학기,토요일,06,4,5,2.25,2.7,7.86,4,T1,여유,0.0,,회촌(하행),6.9
34-1,하행,학기,토요일,07,12,134,4.41,6.22,6.75,3,T1,여유,0.0,,도영쇼핑(하행),7.26
34-1,하행,학기,토요일,08,12,362,16.47,23.42,15.26,7,T3,혼잡,0.6667,6.0,대성현대아파트(하행),22.53
34-1,하행,학기,토요일,09,12,609,15.18,18.87,14.35,6,T3,혼잡,0.75,6.33,구곡현대아파트(하행),23.77
34-1,하행,학기,토요일,10,12,597,15.34,19.52,14.46,7,T3,혼잡,0.75,7.22,원주의료원(하행),26.02
34-1,하행,학기,토요일,11,12,566,17.79,23.16,16.19,7,T3,혼잡,0.8333,6.7,대성현대아파트(하행),28.88
34-1,하행,학기,토요일,12,12,550,14.42,17.73,13.81,6,T3,혼잡,0.8333,6.8,성지병원(하행),22.92
34-1,하행,학기,토요일,13,12,658,17.86,20.51,16.24,7,T3,혼잡,0.9167,6.55,대성현대아파트(하행),25.94
34-1,하행,학기,토요일,14,12,478,15.52,20.86,14.59,7,T3,혼잡,0.75,6.44,성지병원(하행),25.94
34-1,하행,학기,토요일,15,12,412,14.84,19.06,14.11,6,T3,혼잡,0.75,6.11,성지병원(하행),23.15
34-1,하행,학기,토요일,16,12,571,14.38,19.75,13.79,6,T3,혼잡,0.6667,6.38,대성현대아파트(하행),21.0
34-1,하행,학기,토요일,17,12,434,11.73,14.47,11.91,5,T2,보통,0.5833,7.14,학성중학교정문(하행),22.58
34-1,하행,학기,토요일,18,12,535,14.52,20.31,13.88,6,T3,혼잡,0.6667,6.12,원주역(시내방면.승차전용)(하행),21.39
34-1,하행,학기,토요일,19,12,344,7.6,9.41,9.0,4,T2,보통,0.0,,SK텔레콤원주지점(하행),11.87
34-1,하행,학기,토요일,20,12,426,7.27,10.63,8.76,4,T1,여유,0.0,,원주역(시내방면.승차전용)(하행),11.18
34-1,하행,학기,토요일,21,12,260,6.17,8.47,7.99,4,T1,여유,0.0,,오페라웨딩홀(하행),10.86
34-1,하행,학기,토요일,22,5,9,0.67,1.2,6.51,3,T1,여유,0.0,,태장2동(하행),1.41
34-1,하행,학기,일요일·공휴일,06,4,5,2.25,2.7,6.66,3,T1,여유,0.0,,세동(하행),4.27
34-1,하행,학기,일요일·공휴일,07,13,101,3.3,5.89,5.21,2,T1,여유,0.0,,도영쇼핑(하행),7.18
34-1,하행,학기,일요일·공휴일,08,13,254,8.77,11.42,9.16,4,T2,보통,0.0,,대성현대아파트(하행),13.75
34-1,하행,학기,일요일·공휴일,09,13,507,9.73,12.69,9.85,4,T2,보통,0.1538,1.0,원주의료원(하행),16.19
34-1,하행,학기,일요일·공휴일,10,13,532,11.88,15.09,11.41,5,T2,보통,0.3846,2.6,남원로남부시장(하행),18.63
34-1,하행,학기,일요일·공휴일,11,13,535,12.47,16.32,11.84,5,T2,보통,0.5385,2.14,남원로남부시장(하행),18.39
34-1,하행,학기,일요일·공휴일,12,13,467,9.44,11.23,9.64,4,T2,보통,0.0769,7.0,도영쇼핑(하행),15.41
34-1,하행,학기,일요일·공휴일,13,13,619,14.32,19.73,13.17,6,T3,혼잡,0.8462,2.18,개운현대아파트(하행),23.56
34-1,하행,학기,일요일·공휴일,14,13,473,12.23,16.74,11.66,5,T2,보통,0.3846,4.0,성지병원(하행),20.22
34-1,하행,학기,일요일·공휴일,15,13,450,14.72,19.34,13.46,6,T3,혼잡,0.7692,3.4,옛합동청사(하행),27.86
34-1,하행,학기,일요일·공휴일,16,13,565,12.78,15.36,12.06,5,T2,보통,0.6923,3.67,원주역(시내방면.승차전용)(하행),20.1
34-1,하행,학기,일요일·공휴일,17,13,494,11.43,13.76,11.08,5,T2,보통,0.3846,4.0,지하상가사거리(하행),19.52
34-1,하행,학기,일요일·공휴일,18,13,553,13.3,16.42,12.44,6,T3,혼잡,0.6154,2.88,원주역(시내방면.승차전용)(하행),23.1
34-1,하행,학기,일요일·공휴일,19,13,382,7.47,8.78,8.22,4,T1,여유,0.0,,서원주유소(하행),17.93
34-1,하행,학기,일요일·공휴일,20,13,499,8.59,11.46,9.04,4,T2,보통,0.0769,1.0,롯데아파트(하행),18.88
34-1,하행,학기,일요일·공휴일,21,13,310,8.54,11.55,9.0,4,T2,보통,0.0769,1.0,젊음의광장사거리(하행),18.54
34-1,하행,학기,일요일·공휴일,22,5,7,0.4,1.0,5.29,2,T1,여유,0.0,,태장삼거리(하행),0.81
34-1,하행,시험,평일,06,5,17,5.02,7.81,9.42,4,T2,보통,0.0,,흥업사거리(하행·5351),8.49
34-1,하행,시험,평일,07,5,98,8.35,10.19,11.09,5,T2,보통,0.0,,대성현대아파트(하행),12.05
34-1,하행,시험,평일,08,5,161,14.57,19.32,14.2,6,T3,혼잡,0.8,3.0,개운현대아파트(하행),22.66
34-1,하행,시험,평일,09,5,245,13.94,16.09,13.88,6,T3,혼잡,0.6,3.67,청구아파트(하행),18.62
34-1,하행,시험,평일,10,5,225,15.41,19.07,14.62,7,T3,혼잡,0.8,5.0,성지병원(하행),23.67
34-1,하행,시험,평일,11,5,285,16.28,20.45,15.05,7,T3,혼잡,0.8,6.0,젊음의광장사거리(하행),22.85
34-1,하행,시험,평일,12,5,244,13.83,16.9,13.83,6,T3,혼잡,0.6,8.0,변판서골(하행),20.48
34-1,하행,시험,평일,13,5,260,21.15,23.96,17.49,8,T3,혼잡,1.0,7.0,젊음의광장사거리(하행),29.49
34-1,하행,시험,평일,14,5,259,19.3,21.9,16.56,7,T3,혼잡,1.0,7.0,개운현대아파트(하행),23.95
34-1,하행,시험,평일,15,5,328,22.2,24.58,18.01,8,T3,혼잡,1.0,7.0,원주역(시내방면.승차전용)(하행),27.75
34-1,하행,시험,평일,16,5,345,22.58,27.76,18.2,8,T3,혼잡,1.0,7.0,구곡현대아파트(하행),31.45
34-1,하행,시험,평일,17,5,255,19.44,20.21,16.63,7,T3,혼잡,1.0,7.0,오페라웨딩홀(하행),24.61
34-1,하행,시험,평일,18,5,280,15.61,21.4,14.72,7,T3,혼잡,0.6,7.67,아랫거리(하행),23.61
34-1,하행,시험,평일,19,5,246,10.47,13.13,12.15,5,T2,보통,0.4,4.5,청구아파트(하행),16.28
34-1,하행,시험,평일,20,5,187,7.72,9.48,10.77,5,T2,보통,0.0,,롯데아파트(하행),12.13
34-1,하행,시험,평일,21,5,137,6.4,8.1,10.11,5,T2,보통,0.0,,아랫거리(하행),9.78
34-1,하행,시험,평일,22,5,25,2.74,4.58,8.28,4,T1,여유,0.0,,단계삼익아파트(하행),4.38
34-1,하행,시험,토요일,06,1,1,2.0,2.0,10.76,5,T2,보통,0.0,,흥업지구대(하행),12.19
34-1,하행,시험,토요일,07,1,6,1.33,1.33,10.65,5,T2,보통,0.0,,단계현진아파트(하행),6.77
34-1,하행,시험,토요일,08,1,35,13.86,13.86,12.74,6,T3,혼잡,1.0,7.0,구곡현대아파트(하행),13.42
34-1,하행,시험,토요일,09,1,50,21.56,21.56,14.02,6,T3,혼잡,1.0,7.0,개운현대아파트(하행),18.85
34-1,하행,시험,토요일,10,1,61,16.08,16.08,13.11,6,T3,혼잡,1.0,7.0,성지병원(하행),16.16
34-1,하행,시험,토요일,11,1,42,22.76,22.76,14.22,6,T3,혼잡,1.0,7.0,청구아파트(하행),23.87
34-1,하행,시험,토요일,12,1,44,19.39,19.39,13.66,6,T3,혼잡,1.0,7.0,젊음의광장사거리(하행),20.9
34-1,하행,시험,토요일,13,1,52,17.46,17.46,13.34,6,T3,혼잡,1.0,7.0,오페라웨딩홀(하행),17.61
34-1,하행,시험,토요일,14,1,45,13.73,13.73,12.72,6,T3,혼잡,1.0,7.0,YWCA(하행),20.46
34-1,하행,시험,토요일,15,1,24,10.88,10.88,12.24,6,T3,혼잡,0.0,,옛합동청사(하행),14.81
34-1,하행,시험,토요일,16,1,37,11.22,11.22,12.3,6,T3,혼잡,0.0,,원주역(시내방면.승차전용)(하행),12.1
34-1,하행,시험,토요일,17,1,34,12.47,12.47,12.51,6,T3,혼잡,1.0,2.0,지하상가사거리(하행),16.38
34-1,하행,시험,토요일,18,1,46,14.33,14.33,12.82,6,T3,혼잡,1.0,2.0,청구아파트(하행),16.26
34-1,하행,시험,토요일,19,1,28,6.46,6.46,11.51,5,T2,보통,0.0,,지하상가사거리(하행),9.55
34-1,하행,시험,토요일,20,1,44,9.55,9.55,12.02,5,T2,보통,0.0,,풍물시장(하행),17.67
34-1,하행,시험,토요일,21,1,35,7.14,7.14,11.62,5,T2,보통,0.0,,개운현대아파트(하행),10.06
34-1,하행,시험,일요일·공휴일,07,1,7,1.14,1.14,10.11,5,T2,보통,0.0,,평원로중앙시장(하행),3.53
34-1,하행,시험,일요일·공휴일,08,1,19,10.05,10.05,11.59,5,T2,보통,0.0,,대성현대아파트(하행),14.6
34-1,하행,시험,일요일·공휴일,09,1,33,10.3,10.3,11.63,5,T2,보통,0.0,,개운현대아파트(하행),12.05
34-1,하행,시험,일요일·공휴일,10,1,43,6.95,6.95,11.08,5,T2,보통,0.0,,성지병원(하행),12.81
34-1,하행,시험,일요일·공휴일,11,1,51,15.1,15.1,12.43,6,T3,혼잡,1.0,3.0,개운현대아파트(하행),17.04
34-1,하행,시험,일요일·공휴일,12,1,41,22.22,22.22,13.62,6,T3,혼잡,1.0,3.0,개운현대아파트(하행),24.37
34-1,하행,시험,일요일·공휴일,13,1,62,19.45,19.45,13.16,6,T3,혼잡,1.0,3.0,남원로남부시장(하행),22.74
34-1,하행,시험,일요일·공휴일,14,1,35,7.89,7.89,11.23,5,T2,보통,0.0,,젊음의광장사거리(하행),17.19
34-1,하행,시험,일요일·공휴일,15,1,20,11.1,11.1,11.77,5,T2,보통,0.0,,남원로남부시장(하행),15.96
34-1,하행,시험,일요일·공휴일,16,1,39,13.97,13.97,12.25,6,T3,혼잡,1.0,3.0,개운현대아파트(하행),19.75
34-1,하행,시험,일요일·공휴일,17,1,45,13.47,13.47,12.16,5,T2,보통,1.0,3.0,지하상가사거리(하행),16.96
34-1,하행,시험,일요일·공휴일,18,1,49,13.35,13.35,12.14,5,T2,보통,1.0,3.0,단계은행아파트(하행),15.14
34-1,하행,시험,일요일·공휴일,19,1,38,9.16,9.16,11.44,5,T2,보통,0.0,,오페라웨딩홀(하행),13.7
34-1,하행,시험,일요일·공휴일,20,1,43,13.12,13.12,12.1,5,T2,보통,1.0,1.0,단계사거리(하행),20.46
34-1,하행,시험,일요일·공휴일,21,1,30,11.23,11.23,11.79,5,T2,보통,0.0,,대성현대아파트(하행),18.89
34-1,하행,계절학기,평일,06,11,48,6.06,9.38,8.13,4,T1,여유,0.0,,오페라웨딩홀(하행),9.34
34-1,하행,계절학기,평일,07,12,216,8.96,13.6,10.05,5,T2,보통,0.1667,3.5,도영쇼핑(하행),13.08
34-1,하행,계절학기,평일,08,12,422,16.35,21.65,15.27,7,T3,혼잡,1.0,4.08,개운현대아파트(하행),26.53
34-1,하행,계절학기,평일,09,12,567,14.01,18.32,13.62,6,T3,혼잡,0.5833,6.14,젊음의광장사거리(하행),28.16
34-1,하행,계절학기,평일,10,12,499,13.37,17.47,13.17,6,T3,혼잡,0.5833,6.0,개운현대아파트(하행),23.18
34-1,하행,계절학기,평일,11,12,624,17.98,26.42,16.42,7,T3,혼잡,0.9167,5.36,대성현대아파트(하행),30.38
34-1,하행,계절학기,평일,12,12,536,14.67,19.92,14.08,6,T3,혼잡,0.5833,7.86,젊음의광장사거리(하행),24.05
34-1,하행,계절학기,평일,13,12,592,17.93,22.31,16.39,7,T3,혼잡,1.0,6.0,개운현대아파트(하행),29.3
34-1,하행,계절학기,평일,14,12,552,15.4,25.16,14.6,7,T3,혼잡,0.75,6.56,개운현대아파트(하행),24.01
34-1,하행,계절학기,평일,15,12,597,18.08,23.28,16.49,7,T3,혼잡,0.9167,5.82,성지병원(하행),27.71
34-1,하행,계절학기,평일,16,12,697,16.64,18.79,15.47,7,T3,혼잡,1.0,5.58,구곡현대아파트(하행),22.6
34-1,하행,계절학기,평일,17,12,589,14.98,19.7,14.3,6,T3,혼잡,0.6667,6.88,학성중학교정문(하행),24.12
34-1,하행,계절학기,평일,18,12,618,14.48,21.07,13.95,6,T3,혼잡,0.6667,4.12,서원주유소(하행),21.96
34-1,하행,계절학기,평일,19,12,451,8.0,10.08,9.38,4,T2,보통,0.0833,12.0,단계삼익아파트(하행),11.43
34-1,하행,계절학기,평일,20,12,421,7.16,9.07,8.78,4,T1,여유,0.0,,구곡현대아파트(하행),10.22
34-1,하행,계절학기,평일,21,12,311,5.27,7.18,7.45,3,T1,여유,0.0,,풍물시장(하행),8.71
34-1,하행,계절학기,평일,22,10,62,4.24,10.29,7.05,3,T1,여유,0.1,1.0,단계삼익아파트(하행),10.59
34-1,하행,계절학기,토요일,07,2,17,1.92,2.13,9.07,4,T2,보통,0.0,,청구아파트(하행),3.57
34-1,하행,계절학기,토요일,08,2,36,8.22,10.91,10.87,5,T2,보통,0.0,,개운현대아파트(하행),11.58
34-1,하행,계절학기,토요일,09,2,76,13.05,13.21,12.24,6,T3,혼잡,1.0,1.0,대성현대아파트(하행),15.89
34-1,하행,계절학기,토요일,10,2,85,10.72,11.62,11.58,5,T2,보통,0.0,,원주의료원(하행),17.3
34-1,하행,계절학기,토요일,11,2,104,17.27,18.14,13.45,6,T3,혼잡,1.0,1.0,원주역(시내방면.승차전용)(하행),24.04
34-1,하행,계절학기,토요일,12,2,85,11.14,11.93,11.7,5,T2,보통,0.0,,대성현대아파트(하행),15.95
34-1,하행,계절학기,토요일,13,2,116,17.84,18.72,13.61,6,T3,혼잡,1.0,3.0,남원로남부시장(하행),18.89
34-1,하행,계절학기,토요일,14,2,79,14.67,15.04,12.71,6,T3,혼잡,1.0,3.0,YWCA(하행),21.24
34-1,하행,계절학기,토요일,15,2,70,20.5,27.21,14.37,6,T3,혼잡,0.5,4.0,학성중학교정문(하행),21.87
34-1,하행,계절학기,토요일,16,2,99,18.71,23.68,13.86,6,T3,혼잡,1.0,2.5,성지병원(하행),21.56
34-1,하행,계절학기,토요일,17,2,67,11.43,11.58,11.78,5,T2,보통,0.0,,청구아파트(하행),15.54
34-1,하행,계절학기,토요일,18,2,81,11.76,13.21,11.88,5,T2,보통,0.5,1.0,단계삼익아파트(하행),15.04
34-1,하행,계절학기,토요일,19,2,69,7.11,7.84,10.55,5,T2,보통,0.0,,아랫거리(하행),8.77
34-1,하행,계절학기,토요일,20,2,65,6.69,7.39,10.43,5,T2,보통,0.0,,원주역(시내방면.승차전용)(하행),8.95
34-1,하행,계절학기,토요일,21,2,44,7.8,8.51,10.75,5,T2,보통,0.0,,대성현대아파트(하행),10.74
34-1,하행,계절학기,일요일·공휴일,06,2,2,2.0,2.0,6.64,3,T1,여유,0.0,,연세대학교(하행),3.5
34-1,하행,계절학기,일요일·공휴일,07,3,24,2.46,2.66,6.23,3,T1,여유,0.0,,학성중학교정문(하행),4.31
34-1,하행,계절학기,일요일·공휴일,08,3,70,7.09,10.02,7.96,4,T1,여유,0.0,,대성현대아파트(하행),9.22
34-1,하행,계절학기,일요일·공휴일,09,3,101,6.94,7.16,7.91,4,T1,여유,0.0,,성지병원(하행),10.01
34-1,하행,계절학기,일요일·공휴일,10,3,117,8.83,10.12,8.62,4,T1,여유,0.0,,개운현대아파트(하행),11.88
34-1,하행,계절학기,일요일·공휴일,11,3,110,11.82,14.88,9.74,4,T2,보통,0.6667,2.0,대성현대아파트(하행),16.66
34-1,하행,계절학기,일요일·공휴일,12,3,106,10.36,15.41,9.19,4,T2,보통,0.3333,3.0,젊음의광장사거리(하행),15.59
34-1,하행,계절학기,일요일·공휴일,13,3,119,12.0,16.81,9.81,4,T2,보통,0.3333,3.0,성지병원(하행),17.53
34-1,하행,계절학기,일요일·공휴일,14,3,93,9.69,11.57,8.94,4,T2,보통,0.0,,학성중학교정문(하행),13.12
34-1,하행,계절학기,일요일·공휴일,15,3,96,13.43,16.42,10.34,5,T2,보통,0.6667,1.5,지하상가사거리(하행),14.57
34-1,하행,계절학기,일요일·공휴일,16,3,123,10.81,13.55,9.36,4,T2,보통,0.3333,2.0,YWCA(하행),14.63
34-1,하행,계절학기,일요일·공휴일,17,3,83,6.03,8.7,7.57,3,T1,여유,0.0,,옛합동청사(하행),10.61
34-1,하행,계절학기,일요일·공휴일,18,3,83,9.42,12.61,8.84,4,T1,여유,0.3333,1.0,성지병원(하행),12.28
34-1,하행,계절학기,일요일·공휴일,19,3,60,7.71,8.48,8.2,4,T1,여유,0.0,,SK텔레콤원주지점(하행),11.13
34-1,하행,계절학기,일요일·공휴일,20,3,105,8.21,9.96,8.39,4,T1,여유,0.0,,금불사거리(하행),11.88
34-1,하행,계절학기,일요일·공휴일,21,3,66,6.89,8.54,7.89,4,T1,여유,0.0,,개운현대아파트(하행),9.72
34-1,하행,방학,평일,06,19,28,2.75,4.0,4.87,2,T1,여유,0.0,,두산위브아파트(하행),7.36
34-1,하행,방학,평일,07,26,381,6.54,9.61,7.58,3,T1,여유,0.0,,도영쇼핑(하행),11.39
34-1,하행,방학,평일,08,26,954,18.62,24.49,17.71,8,T3,혼잡,1.0,5.15,개운현대아파트(하행),34.08
34-1,하행,방학,평일,09,26,1252,14.84,19.54,14.54,7,T3,혼잡,0.7308,6.68,젊음의광장사거리(하행),26.64
34-1,하행,방학,평일,10,26,1240,14.3,19.22,14.08,6,T3,혼잡,0.6923,8.0,성지병원(하행),25.36
34-1,하행,방학,평일,11,26,1241,16.74,21.32,16.13,7,T3,혼잡,0.9231,6.71,대성현대아파트(하행),31.11
34-1,하행,방학,평일,12,26,1201,14.11,19.31,13.92,6,T3,혼잡,0.7308,8.21,대성현대아파트(하행),25.54
34-1,하행,방학,평일,13,26,1470,19.24,24.3,18.22,8,T3,혼잡,0.9615,7.32,원주의료원(하행),30.19
34-1,하행,방학,평일,14,26,1170,16.6,21.17,16.01,7,T3,혼잡,0.8462,8.09,개운현대아파트(하행),30.2
34-1,하행,방학,평일,15,26,1116,17.01,21.13,16.36,7,T3,혼잡,0.9231,7.46,성지병원(하행),29.55
34-1,하행,방학,평일,16,26,1485,17.65,21.64,16.89,8,T3,혼잡,0.9615,7.12,학성중학교정문(하행),27.22
34-1,하행,방학,평일,17,26,1203,12.74,16.61,12.78,6,T3,혼잡,0.5385,8.71,학성중학교정문(하행),22.74
34-1,하행,방학,평일,18,26,1356,17.01,20.16,16.36,7,T3,혼잡,0.9615,5.32,지하상가사거리(하행),29.58
34-1,하행,방학,평일,19,26,824,8.04,10.41,8.83,4,T1,여유,0.0385,7.0,남송(하행),12.58
34-1,하행,방학,평일,20,26,948,8.14,11.29,8.92,4,T2,보통,0.0769,1.0,원주역(시내방면.승차전용)(하행),12.08
34-1,하행,방학,평일,21,26,549,5.29,8.22,6.52,3,T1,여유,0.0,,성지병원(하행),10.13
34-1,하행,방학,평일,22,11,23,1.18,3.0,4.86,2,T1,여유,0.0,,꿈드림새마을금고(하행),2.87
34-1,하행,방학,토요일,07,6,50,2.86,4.54,6.65,3,T1,여유,0.0,,지하상가사거리(하행),6.57
34-1,하행,방학,토요일,08,6,144,11.57,14.98,11.41,5,T2,보통,0.3333,1.0,대성현대아파트(하행),17.55
34-1,하행,방학,토요일,09,6,258,11.2,13.09,11.2,5,T2,보통,0.3333,4.5,성지병원(하행),15.94
34-1,하행,방학,토요일,10,6,289,11.69,14.85,11.47,5,T2,보통,0.3333,5.5,원주역(시내방면.승차전용)(하행),16.74
34-1,하행,방학,토요일,11,6,292,15.75,19.42,13.69,6,T3,혼잡,1.0,4.83,도영쇼핑(하행),23.29
34-1,하행,방학,토요일,12,6,254,15.77,18.07,13.7,6,T3,혼잡,0.8333,5.6,남원로남부시장(하행),25.24
34-1,하행,방학,토요일,13,6,298,16.95,21.04,14.34,6,T3,혼잡,0.8333,5.8,개운현대아파트(하행),22.9
34-1,하행,방학,토요일,14,6,220,13.64,15.59,12.54,6,T3,혼잡,0.8333,5.8,젊음의광장사거리(하행),21.05
34-1,하행,방학,토요일,15,6,229,14.37,16.3,12.93,6,T3,혼잡,1.0,5.17,성지병원(하행),21.72
34-1,하행,방학,토요일,16,6,291,13.63,14.46,12.53,6,T3,혼잡,0.8333,5.2,성지병원(하행),18.54
34-1,하행,방학,토요일,17,6,222,9.88,10.31,10.48,5,T2,보통,0.0,,YWCA(하행),13.58
34-1,하행,방학,토요일,18,6,253,12.12,13.42,11.71,5,T2,보통,0.3333,1.0,학성중학교정문(하행),16.39
34-1,하행,방학,토요일,19,6,197,9.29,11.94,10.16,5,T2,보통,0.0,,옛합동청사(하행),14.49
34-1,하행,방학,토요일,20,6,222,8.13,10.4,9.53,4,T2,보통,0.0,,SK텔레콤원주지점(하행),12.49
34-1,하행,방학,토요일,21,6,135,6.6,9.49,8.69,4,T1,여유,0.0,,금불사거리(하행),10.05
34-1,하행,방학,토요일,22,3,5,0.67,1.6,7.26,3,T1,여유,0.0,,태장2동(하행),1.29
34-1,하행,방학,일요일·공휴일,06,1,1,2.0,2.0,8.68,4,T1,여유,0.0,,흥업지구대(하행),3.66
34-1,하행,방학,일요일·공휴일,07,12,77,2.16,4.25,4.47,2,T1,여유,0.0,,젊음의광장사거리(하행),4.89
34-1,하행,방학,일요일·공휴일,08,13,281,8.88,10.77,9.2,4,T2,보통,0.0769,2.0,젊음의광장사거리(하행),15.64
34-1,하행,방학,일요일·공휴일,09,13,444,9.35,13.04,9.54,4,T2,보통,0.1538,5.5,개운현대아파트(하행),14.39
34-1,하행,방학,일요일·공휴일,10,13,522,11.1,12.77,10.8,5,T2,보통,0.3077,5.0,원주의료원(하행),18.83
34-1,하행,방학,일요일·공휴일,11,13,534,13.28,16.81,12.38,6,T3,혼잡,0.6154,4.0,대성현대아파트(하행),20.75
34-1,하행,방학,일요일·공휴일,12,13,452,10.71,14.97,10.52,5,T2,보통,0.3077,6.75,성지병원(하행),15.82
34-1,하행,방학,일요일·공휴일,13,13,571,14.39,19.39,13.18,6,T3,혼잡,0.6154,4.62,개운현대아파트(하행),22.43
34-1,하행,방학,일요일·공휴일,14,13,443,13.53,17.58,12.56,6,T3,혼잡,0.6923,4.56,원주의료원(하행),22.37
34-1,하행,방학,일요일·공휴일,15,13,450,13.85,18.18,12.78,6,T3,혼잡,0.6154,4.88,YWCA(하행),25.04
34-1,하행,방학,일요일·공휴일,16,13,552,11.33,14.66,10.96,5,T2,보통,0.3077,6.0,개운현대아파트(하행),17.25
34-1,하행,방학,일요일·공휴일,17,13,421,10.17,14.26,10.13,5,T2,보통,0.3846,4.2,YWCA(하행),18.81
34-1,하행,방학,일요일·공휴일,18,13,449,10.79,13.5,10.58,5,T2,보통,0.1538,1.5,원주역(시내방면.승차전용)(하행),19.3
34-1,하행,방학,일요일·공휴일,19,13,345,7.96,10.98,8.53,4,T1,여유,0.0769,1.0,옛합동청사(하행),14.53
34-1,하행,방학,일요일·공휴일,20,13,396,7.49,8.98,8.19,4,T1,여유,0.0,,원주역(시내방면.승차전용)(하행),11.65
34-1,하행,방학,일요일·공휴일,21,13,272,7.38,10.4,8.11,4,T1,여유,0.0,,단계삼익아파트(하행),13.77
34-1,하행,방학,일요일·공휴일,22,3,5,1.0,2.4,6.64,3,T1,여유,0.0,,우성아파트(하행),2.67
