base_no,sttn_id,sttn_nm,period,day_type,start_tzon,end_tzon,hours,peak_tzon,peak_level
111,4370971,판부농협,계절학기,일요일·공휴일,23,23,1,23,15.08
111,4371791,롯데시네마,계절학기,일요일·공휴일,23,23,1,23,16.08
111,4383011,원주여고,계절학기,일요일·공휴일,23,23,1,23,13.25
111,4389081,원주역(시내방면.승차전용),시험,일요일·공휴일,22,22,1,22,14.58
111,4389081,원주역(시내방면.승차전용),계절학기,일요일·공휴일,23,23,1,23,18.08
111,4389081,원주역(시내방면.승차전용),방학,일요일·공휴일,22,22,1,22,19.95
30,4370441,시외.고속버스터미널,학기,평일,07,08,2,08,19.18
30,4370441,시외.고속버스터미널,학기,평일,11,11,1,11,21.64
30,4370441,시외.고속버스터미널,학기,평일,13,13,1,13,15.2
30,4370441,시외.고속버스터미널,학기,평일,15,19,5,16,18.06
30,4370441,시외.고속버스터미널,학기,평일,22,22,1,22,13.31
30,4370441,시외.고속버스터미널,학기,토요일,16,17,2,17,14.29
30,4370441,시외.고속버스터미널,학기,일요일·공휴일,15,22,8,17,22.91
30,4370441,시외.고속버스터미널,시험,평일,07,08,2,07,14.73
30,4370441,시외.고속버스터미널,시험,평일,11,13,3,11,20.55
30,4370441,시외.고속버스터미널,시험,평일,15,18,4,16,20.76
30,4370441,시외.고속버스터미널,시험,평일,22,22,1,22,15.71
30,4370441,시외.고속버스터미널,시험,토요일,07,07,1,07,14.32
30,4370441,시외.고속버스터미널,시험,토요일,16,17,2,17,14.93
30,4370441,시외.고속버스터미널,시험,토요일,22,22,1,22,17.87
30,4370441,시외.고속버스터미널,시험,일요일·공휴일,14,14,1,14,14.91
30,4370441,시외.고속버스터미널,시험,일요일·공휴일,16,22,7,16,20.32
30,4370441,시외.고속버스터미널,계절학기,평일,16,16,1,16,14.37
30,4370521,베스파타운,학기,평일,06,22,17,18,27.45
30,4370521,베스파타운,학기,토요일,12,22,11,15,18.47
30,4370521,베스파타운,학기,일요일·공휴일,12,23,12,20,41.63
30,4370521,베스파타운,시험,평일,06,06,1,06,13.67
30,4370521,베스파타운,시험,평일,08,22,15,17,23.78
30,4370521,베스파타운,시험,토요일,07,07,1,07,14.65
30,4370521,베스파타운,시험,토요일,11,11,1,11,13.43
30,4370521,베스파타운,시험,토요일,15,15,1,15,13.4
30,4370521,베스파타운,시험,토요일,17,18,2,17,17.6
30,4370521,베스파타운,시험,토요일,22,22,1,22,17.2
30,4370521,베스파타운,시험,일요일·공휴일,12,12,1,12,13.25
30,4370521,베스파타운,시험,일요일·공휴일,14,14,1,14,16.02
30,4370521,베스파타운,시험,일요일·공휴일,16,23,8,21,25.63
30,4370521,베스파타운,계절학기,평일,17,18,2,17,18.26
30,4370521,베스파타운,계절학기,토요일,11,11,1,11,14.86
30,4370521,베스파타운,방학,평일,18,18,1,18,13.31
30,4370521,베스파타운,방학,일요일·공휴일,15,18,4,16,16.38
30,4370521,베스파타운,방학,일요일·공휴일,20,20,1,20,14.42
30,4370571,대성고등학교,학기,평일,07,22,16,18,32.3
30,4370571,대성고등학교,학기,토요일,10,10,1,10,16.66
30,4370571,대성고등학교,학기,토요일,12,19,8,16,20.11
30,4370571,대성고등학교,학기,토요일,21,21,1,21,13.61
30,4370571,대성고등학교,학기,일요일·공휴일,12,22,11,17,35.2
30,4370571,대성고등학교,시험,평일,07,18,12,16,24.02
30,4370571,대성고등학교,시험,평일,21,21,1,21,15.69
30,4370571,대성고등학교,시험,일요일·공휴일,14,17,4,16,21.73
30,4370571,대성고등학교,계절학기,평일,17,18,2,17,18.19
30,4370571,대성고등학교,방학,평일,18,18,1,18,16.2
30,4370571,대성고등학교,방학,일요일·공휴일,14,18,5,18,19.4
30,4370581,삼육초중고교,학기,평일,07,22,16,16,51.61
30,4370581,삼육초중고교,학기,토요일,07,08,2,08,13.87
30,4370581,삼육초중고교,학기,토요일,10,18,9,13,25.09
30,4370581,삼육초중고교,학기,일요일·공휴일,10,22,13,16,29.29
30,4370581,삼육초중고교,시험,평일,07,07,1,07,21.13
30,4370581,삼육초중고교,시험,평일,10,19,10,16,37.16
30,4370581,삼육초중고교,시험,평일,21,21,1,21,13.86
30,4370581,삼육초중고교,시험,토요일,13,13,1,13,13.61
30,4370581,삼육초중고교,시험,토요일,15,17,3,17,17.18
30,4370581,삼육초중고교,시험,일요일·공휴일,16,20,5,19,20.16
30,4370581,삼육초중고교,계절학기,평일,07,07,1,07,22.38
30,4370581,삼육초중고교,계절학기,평일,11,12,2,12,26.91
30,4370581,삼육초중고교,계절학기,평일,15,18,4,16,27.93
30,4370581,삼육초중고교,계절학기,토요일,11,12,2,11,18.43
30,4370581,삼육초중고교,계절학기,토요일,16,16,1,16,16.44
30,4370581,삼육초중고교,계절학기,일요일·공휴일,12,12,1,12,15.92
30,4370581,삼육초중고교,방학,평일,07,07,1,07,20.49
30,4370581,삼육초중고교,방학,평일,11,18,8,16,20.54
30,4370581,삼육초중고교,방학,토요일,11,12,2,12,17.56
30,4370581,삼육초중고교,방학,일요일·공휴일,11,18,8,16,23.35
30,4370661,시외.고속버스터미널,학기,평일,08,18,11,18,22.22
30,4370661,시외.고속버스터미널,학기,평일,21,21,1,21,13.46
30,4370661,시외.고속버스터미널,학기,토요일,13,13,1,13,13.76
30,4370661,시외.고속버스터미널,학기,토요일,15,17,3,15,17.74
30,4370661,시외.고속버스터미널,학기,일요일·공휴일,12,22,11,20,33.74
30,4370661,시외.고속버스터미널,시험,평일,08,19,12,12,21.97
30,4370661,시외.고속버스터미널,시험,토요일,07,07,1,07,13.32
30,4370661,시외.고속버스터미널,시험,토요일,11,11,1,11,13.59
30,4370661,시외.고속버스터미널,시험,토요일,17,17,1,17,17.02
30,4370661,시외.고속버스터미널,시험,토요일,22,22,1,22,17.53
30,4370661,시외.고속버스터미널,시험,일요일·공휴일,12,12,1,12,14.33
30,4370661,시외.고속버스터미널,시험,일요일·공휴일,14,14,1,14,14.3
30,4370661,시외.고속버스터미널,시험,일요일·공휴일,16,23,8,21,23.29
30,4370661,시외.고속버스터미널,계절학기,평일,12,12,1,12,14.08
30,4370661,시외.고속버스터미널,계절학기,평일,17,18,2,17,17.09
30,4370661,시외.고속버스터미널,계절학기,토요일,11,11,1,11,16.33
30,4370661,시외.고속버스터미널,방학,일요일·공휴일,17,17,1,17,15.14
30,4371181,SK텔레콤원주지점,학기,평일,07,08,2,08,29.95
30,4371181,SK텔레콤원주지점,학기,평일,11,11,1,11,22.1
30,4371181,SK텔레콤원주지점,학기,평일,13,13,1,13,14.62
30,4371181,SK텔레콤원주지점,학기,평일,15,19,5,18,17.9
30,4371181,SK텔레콤원주지점,학기,평일,22,22,1,22,16.08
30,4371181,SK텔레콤원주지점,학기,토요일,15,17,3,16,15.1
30,4371181,SK텔레콤원주지점,학기,토요일,20,20,1,20,14.68
30,4371181,SK텔레콤원주지점,학기,일요일·공휴일,13,22,10,16,25.89
30,4371181,SK텔레콤원주지점,시험,평일,11,18,8,11,21.0
30,4371181,SK텔레콤원주지점,시험,평일,22,22,1,22,16.44
30,4371181,SK텔레콤원주지점,시험,토요일,16,17,2,17,15.52
30,4371181,SK텔레콤원주지점,시험,일요일·공휴일,14,14,1,14,15.49
30,4371181,SK텔레콤원주지점,시험,일요일·공휴일,16,20,5,19,21.16
30,4371181,SK텔레콤원주지점,시험,일요일·공휴일,22,22,1,22,20.35
30,4371181,SK텔레콤원주지점,계절학기,평일,16,17,2,17,14.93
30,4371181,SK텔레콤원주지점,계절학기,토요일,12,12,1,12,13.46
30,4371181,SK텔레콤원주지점,방학,평일,16,18,3,16,14.06
30,4371181,SK텔레콤원주지점,방학,토요일,19,19,1,19,14.01
30,4371181,SK텔레콤원주지점,방학,일요일·공휴일,16,16,1,16,15.42
30,4371181,SK텔레콤원주지점,방학,일요일·공휴일,18,18,1,18,13.64
30,4371191,금불사거리,학기,평일,08,09,2,09,13.98
30,4371191,금불사거리,학기,평일,11,13,3,12,17.46
30,4371191,금불사거리,학기,평일,15,18,4,15,25.02
30,4371191,금불사거리,학기,토요일,11,11,1,11,13.27
30,4371191,금불사거리,학기,토요일,15,15,1,15,16.75
30,4371191,금불사거리,학기,일요일·공휴일,14,17,4,16,16.22
30,4371191,금불사거리,시험,평일,09,09,1,09,13.93
30,4371191,금불사거리,시험,평일,11,13,3,11,22.88
30,4371191,금불사거리,시험,평일,15,18,4,16,22.24
30,4371191,금불사거리,시험,토요일,11,11,1,11,13.43
30,4371191,금불사거리,시험,일요일·공휴일,16,21,6,21,18.46
30,4371191,금불사거리,계절학기,평일,11,11,1,11,13.72
30,4371191,금불사거리,계절학기,평일,16,16,1,16,14.8
30,4371191,금불사거리,계절학기,토요일,11,11,1,11,13.43
30,4371191,금불사거리,계절학기,일요일·공휴일,12,12,1,12,13.74
30,4371191,금불사거리,방학,토요일,11,11,1,11,13.46
30,4371201,단계삼익아파트,학기,평일,07,09,3,08,21.75
30,4371201,단계삼익아파트,학기,평일,11,11,1,11,21.79
30,4371201,단계삼익아파트,학기,평일,13,13,1,13,13.29
30,4371201,단계삼익아파트,학기,평일,15,19,5,16,18.16
30,4371201,단계삼익아파트,학기,평일,22,22,1,22,15.51
30,4371201,단계삼익아파트,학기,토요일,17,17,1,17,13.55
30,4371201,단계삼익아파트,학기,일요일·공휴일,12,22,11,17,25.22
30,4371201,단계삼익아파트,시험,평일,08,09,2,08,14.76
30,4371201,단계삼익아파트,시험,평일,11,18,8,16,20.85
30,4371201,단계삼익아파트,시험,평일,22,22,1,22,13.51
30,4371201,단계삼익아파트,시험,토요일,07,07,1,07,14.65
30,4371201,단계삼익아파트,시험,토요일,22,22,1,22,17.87
30,4371201,단계삼익아파트,시험,일요일·공휴일,14,14,1,14,14.57
30,4371201,단계삼익아파트,시험,일요일·공휴일,16,16,1,16,20.82
30,4371201,단계삼익아파트,시험,일요일·공휴일,18,21,4,18,21.38
30,4371201,단계삼익아파트,계절학기,평일,16,17,2,16,14.53
30,4371201,단계삼익아파트,계절학기,토요일,12,12,1,12,13.46
30,4371201,단계삼익아파트,방학,평일,16,16,1,16,13.45
30,4371201,단계삼익아파트,방학,일요일·공휴일,16,16,1,16,14.34
30,4371741,e편한세상아파트,학기,평일,08,09,2,08,16.96
30,4371741,e편한세상아파트,학기,평일,11,18,8,15,26.53
30,4371741,e편한세상아파트,학기,토요일,11,11,1,11,14.77
30,4371741,e편한세상아파트,학기,토요일,13,13,1,13,14.38
30,4371741,e편한세상아파트,학기,토요일,15,15,1,15,16.5
30,4371741,e편한세상아파트,학기,토요일,17,17,1,17,13.31
30,4371741,e편한세상아파트,학기,일요일·공휴일,14,18,5,16,16.0
30,4371741,e편한세상아파트,학기,일요일·공휴일,20,21,2,21,15.19
30,4371741,e편한세상아파트,시험,평일,08,09,2,09,14.96
30,4371741,e편한세상아파트,시험,평일,11,19,9,16,21.85
30,4371741,e편한세상아파트,시험,토요일,11,11,1,11,14.34
30,4371741,e편한세상아파트,시험,토요일,13,13,1,13,13.28
30,4371741,e편한세상아파트,시험,토요일,17,17,1,17,16.6
30,4371741,e편한세상아파트,시험,일요일·공휴일,19,19,1,19,17.16
30,4371741,e편한세상아파트,계절학기,평일,11,12,2,12,14.85
30,4371741,e편한세상아파트,계절학기,평일,18,18,1,18,16.43
30,4371741,e편한세상아파트,방학,토요일,11,11,1,11,15.23
30,4371871,금불사거리,학기,평일,07,09,3,08,33.82
30,4371871,금불사거리,학기,평일,11,11,1,11,22.7
30,4371871,금불사거리,학기,평일,13,16,4,16,18.09
30,4371871,금불사거리,학기,평일,18,19,2,18,16.97
30,4371871,금불사거리,학기,평일,22,22,1,22,16.55
30,4371871,금불사거리,학기,일요일·공휴일,14,22,9,18,24.27
30,4371871,금불사거리,시험,평일,07,08,2,08,17.41
30,4371871,금불사거리,시험,평일,11,13,3,13,17.91
30,4371871,금불사거리,시험,평일,15,18,4,16,21.08
30,4371871,금불사거리,시험,평일,21,22,2,22,18.76
30,4371871,금불사거리,시험,토요일,17,17,1,17,15.93
30,4371871,금불사거리,시험,토요일,22,22,1,22,18.2
30,4371871,금불사거리,시험,일요일·공휴일,14,14,1,14,16.41
30,4371871,금불사거리,시험,일요일·공휴일,16,20,5,19,20.16
30,4371871,금불사거리,시험,일요일·공휴일,22,22,1,22,20.68
30,4371871,금불사거리,계절학기,평일,16,16,1,16,13.42
30,4371871,금불사거리,방학,평일,16,16,1,16,14.5
30,4371871,금불사거리,방학,평일,18,18,1,18,13.37
30,4371971,단계현진아파트,학기,평일,08,08,1,08,16.07
30,4371971,단계현진아파트,학기,평일,11,13,3,12,18.93
30,4371971,단계현진아파트,학기,평일,15,19,5,17,24.89
30,4371971,단계현진아파트,학기,토요일,08,08,1,08,13.68
30,4371971,단계현진아파트,학기,토요일,11,11,1,11,13.86
30,4371971,단계현진아파트,학기,토요일,13,13,1,13,13.96
30,4371971,단계현진아파트,학기,토요일,15,15,1,15,14.19
30,4371971,단계현진아파트,학기,토요일,17,17,1,17,14.97
30,4371971,단계현진아파트,학기,일요일·공휴일,13,13,1,13,14.55
30,4371971,단계현진아파트,학기,일요일·공휴일,15,21,7,16,20.56
30,4371971,단계현진아파트,시험,평일,08,09,2,09,14.86
30,4371971,단계현진아파트,시험,평일,11,18,8,11,25.19
30,4371971,단계현진아파트,시험,토요일,13,13,1,13,14.11
30,4371971,단계현진아파트,시험,토요일,17,17,1,17,15.85
30,4371971,단계현진아파트,시험,일요일·공휴일,14,14,1,14,13.41
30,4371971,단계현진아파트,시험,일요일·공휴일,17,17,1,17,18.76
30,4371971,단계현진아파트,계절학기,평일,12,12,1,12,14.52
30,4371971,단계현진아파트,계절학기,평일,16,16,1,16,14.03
30,4371971,단계현진아파트,계절학기,평일,18,18,1,18,13.91
30,4371971,단계현진아파트,계절학기,토요일,11,11,1,11,14.0
30,4371971,단계현진아파트,방학,토요일,11,11,1,11,13.57
30,4371971,단계현진아파트,방학,일요일·공휴일,12,12,1,12,13.98
30,4372321,베스파타운,학기,평일,07,08,2,07,27.71
30,4372321,베스파타운,학기,평일,10,20,11,16,37.09
30,4372321,베스파타운,학기,평일,22,22,1,22,13.42
30,4372321,베스파타운,학기,토요일,07,17,11,11,20.15
30,4372321,베스파타운,학기,일요일·공휴일,10,20,11,16,22.33
30,4372321,베스파타운,시험,평일,07,07,1,07,20.23
30,4372321,베스파타운,시험,평일,10,19,10,16,30.36
30,4372321,베스파타운,시험,토요일,07,07,1,07,17.32
30,4372321,베스파타운,시험,토요일,11,11,1,11,13.59
30,4372321,베스파타운,시험,토요일,16,17,2,17,14.68
30,4372321,베스파타운,시험,토요일,22,22,1,22,17.2
30,4372321,베스파타운,시험,일요일·공휴일,14,14,1,14,13.66
30,4372321,베스파타운,시험,일요일·공휴일,16,22,7,22,18.85
30,4372321,베스파타운,계절학기,평일,07,07,1,07,23.01
30,4372321,베스파타운,계절학기,평일,11,12,2,12,20.93
30,4372321,베스파타운,계절학기,평일,16,18,3,16,23.25
30,4372321,베스파타운,계절학기,토요일,11,11,1,11,15.57
30,4372321,베스파타운,계절학기,일요일·공휴일,12,12,1,12,14.31
30,4372321,베스파타운,방학,평일,07,07,1,07,19.16
30,4372321,베스파타운,방학,평일,16,17,2,17,13.6
30,4372321,베스파타운,방학,토요일,12,12,1,12,16.25
30,4372321,베스파타운,방학,일요일·공휴일,16,16,1,16,14.32
30,4372661,단계사거리,학기,평일,07,09,3,08,25.83
30,4372661,단계사거리,학기,평일,11,11,1,11,18.66
30,4372661,단계사거리,학기,평일,17,18,2,18,15.01
30,4372661,단계사거리,학기,평일,22,22,1,22,14.65
30,4372661,단계사거리,학기,토요일,16,16,1,16,14.02
30,4372661,단계사거리,학기,일요일·공휴일,13,13,1,13,13.21
30,4372661,단계사거리,학기,일요일·공휴일,15,22,8,20,25.23
30,4372661,단계사거리,시험,평일,08,08,1,08,14.74
30,4372661,단계사거리,시험,평일,11,13,3,11,17.13
30,4372661,단계사거리,시험,평일,15,18,4,16,18.57
30,4372661,단계사거리,시험,평일,22,22,1,22,17.18
30,4372661,단계사거리,시험,토요일,16,16,1,16,13.27
30,4372661,단계사거리,시험,일요일·공휴일,17,18,2,17,19.26
30,4372661,단계사거리,시험,일요일·공휴일,22,22,1,22,20.35
30,4372671,우산철교.폴리텍대학,학기,평일,07,09,3,08,21.3
30,4372671,우산철교.폴리텍대학,학기,평일,11,11,1,11,15.47
30,4372671,우산철교.폴리텍대학,학기,평일,18,18,1,18,14.07
30,4372671,우산철교.폴리텍대학,학기,평일,22,22,1,22,13.59
30,4372671,우산철교.폴리텍대학,학기,토요일,16,16,1,16,13.65
30,4372671,우산철교.폴리텍대학,학기,일요일·공휴일,14,14,1,14,14.21
30,4372671,우산철교.폴리텍대학,학기,일요일·공휴일,16,22,7,20,25.8
30,4372671,우산철교.폴리텍대학,시험,평일,09,09,1,09,13.22
30,4372671,우산철교.폴리텍대학,시험,평일,11,13,3,11,16.92
30,4372671,우산철교.폴리텍대학,시험,평일,15,18,4,15,18.24
30,4372671,우산철교.폴리텍대학,시험,평일,22,22,1,22,18.3
30,4372671,우산철교.폴리텍대학,시험,토요일,13,13,1,13,13.45
30,4372671,우산철교.폴리텍대학,시험,토요일,22,22,1,22,18.2
30,4372671,우산철교.폴리텍대학,시험,일요일·공휴일,14,14,1,14,16.07
30,4372671,우산철교.폴리텍대학,시험,일요일·공휴일,16,22,7,19,20.16
30,4372711,북원교,학기,일요일·공휴일,16,16,1,16,16.38
30,4372711,북원교,학기,일요일·공휴일,19,20,2,20,18.22
30,4372711,북원교,시험,평일,15,16,2,15,17.86
30,4372711,북원교,시험,평일,18,18,1,18,15.2
30,4372711,북원교,시험,토요일,17,17,1,17,13.6
30,4372721,태장삼거리,학기,일요일·공휴일,16,16,1,16,13.23
30,4372721,태장삼거리,시험,평일,11,11,1,11,14.29
30,4372721,태장삼거리,시험,평일,16,16,1,16,15.57
30,4372721,태장삼거리,시험,일요일·공휴일,17,20,4,19,16.82
30,4372731,태장2동,시험,평일,16,16,1,16,14.29
30,4372731,태장2동,시험,일요일·공휴일,16,18,3,16,16.73
30,4372741,북원중학교,시험,평일,12,13,2,13,14.55
30,4372741,북원중학교,시험,평일,15,16,2,16,14.9
30,4372741,북원중학교,시험,토요일,17,17,1,17,13.27
30,4372741,북원중학교,시험,일요일·공휴일,17,19,3,19,16.32
30,4372751,우성아파트,학기,일요일·공휴일,17,21,5,17,18.22
30,4372751,우성아파트,시험,평일,15,18,4,18,15.54
30,4372761,장양초등학교,학기,평일,11,11,1,11,14.74
30,4372761,장양초등학교,학기,평일,17,17,1,17,15.31
30,4372761,장양초등학교,학기,일요일·공휴일,18,18,1,18,16.64
30,4372761,장양초등학교,시험,평일,15,15,1,15,16.11
30,4372771,태장농공단지,학기,일요일·공휴일,16,17,2,17,18.22
30,4372771,태장농공단지,학기,일요일·공휴일,20,22,3,22,15.91
30,4372771,태장농공단지,시험,평일,11,11,1,11,16.34
30,4372771,태장농공단지,시험,평일,15,18,4,16,18.44
30,4372771,태장농공단지,시험,일요일·공휴일,16,17,2,16,16.57
30,4372771,태장농공단지,시험,일요일·공휴일,20,20,1,20,15.02
30,4372781,KGC인삼공사원주공장,학기,일요일·공휴일,16,21,6,18,16.64
30,4372781,KGC인삼공사원주공장,시험,평일,12,13,2,12,15.36
30,4372781,KGC인삼공사원주공장,시험,평일,15,16,2,16,16.16
30,4372781,KGC인삼공사원주공장,시험,평일,18,18,1,18,15.2
30,4372791,영진아파트,학기,일요일·공휴일,13,13,1,13,13.33
30,4372791,영진아파트,학기,일요일·공휴일,17,22,6,17,17.88
30,4372791,영진아파트,시험,평일,12,13,2,12,15.36
30,4372791,영진아파트,시험,평일,15,16,2,16,15.73
30,4372791,영진아파트,시험,평일,18,18,1,18,15.2
30,4372801,부안동,학기,평일,12,12,1,12,14.16
30,4372801,부안동,학기,평일,17,17,1,17,14.45
30,4372801,부안동,학기,일요일·공휴일,15,16,2,16,19.0
30,4372801,부안동,학기,일요일·공휴일,19,20,2,20,17.88
30,4372801,부안동,학기,일요일·공휴일,22,22,1,22,17.08
30,4372801,부안동,시험,평일,13,13,1,13,14.55
30,4372801,부안동,시험,평일,15,15,1,15,15.78
30,4372811,원대,학기,평일,11,13,3,13,14.53
30,4372811,원대,학기,평일,15,15,1,15,15.72
30,4372811,원대,학기,평일,18,18,1,18,15.27
30,4372811,원대,학기,일요일·공휴일,19,19,1,19,15.45
30,4372811,원대,학기,일요일·공휴일,21,21,1,21,17.76
30,4372811,원대,시험,평일,11,11,1,11,16.0
30,4372811,원대,시험,평일,15,15,1,15,15.44
30,4372811,원대,시험,평일,17,17,1,17,15.38
30,4372811,원대,시험,일요일·공휴일,21,21,1,21,16.63
30,4372901,원대,학기,평일,16,18,3,16,18.95
30,4372901,원대,학기,일요일·공휴일,15,17,3,16,19.34
30,4372901,원대,학기,일요일·공휴일,19,19,1,19,15.45
30,4372901,원대,시험,평일,11,11,1,11,16.67
30,4372901,원대,시험,평일,13,13,1,13,14.89
30,4372901,원대,시험,평일,15,15,1,15,15.78
30,4372901,원대,시험,평일,17,17,1,17,15.72
30,4372901,원대,시험,토요일,07,07,1,07,15.82
30,4372901,원대,시험,일요일·공휴일,17,17,1,17,15.09
30,4372901,원대,시험,일요일·공휴일,19,19,1,19,15.99
30,4372901,원대,계절학기,평일,16,17,2,17,14.09
30,4372911,소초농협앞,학기,평일,15,18,4,16,18.95
30,4372911,소초농협앞,학기,일요일·공휴일,17,17,1,17,15.9
30,4372911,소초농협앞,시험,평일,11,11,1,11,16.34
30,4372921,영진아파트,학기,일요일·공휴일,16,18,3,17,15.9
30,4372921,영진아파트,학기,일요일·공휴일,21,21,1,21,18.09
30,4372921,영진아파트,시험,평일,11,12,2,12,15.69
30,4372921,영진아파트,시험,평일,16,17,2,16,18.02
30,4372921,영진아파트,시험,토요일,17,17,1,17,13.6
30,4372921,영진아파트,시험,일요일·공휴일,16,17,2,16,16.9
30,4372921,영진아파트,계절학기,평일,16,16,1,16,13.37
30,4372931,KGC인삼공사원주공장,학기,평일,12,12,1,12,13.71
30,4372931,KGC인삼공사원주공장,학기,평일,16,18,3,16,14.71
30,4372931,KGC인삼공사원주공장,학기,일요일·공휴일,18,18,1,18,16.97
30,4372931,KGC인삼공사원주공장,학기,일요일·공휴일,21,22,2,21,18.09
30,4372931,KGC인삼공사원주공장,시험,평일,11,11,1,11,16.34
30,4372931,KGC인삼공사원주공장,시험,평일,17,18,2,17,15.72
30,4372941,한국도로공사,학기,일요일·공휴일,16,20,5,16,19.92
30,4372941,한국도로공사,시험,평일,11,12,2,12,15.69
30,4372941,한국도로공사,시험,평일,15,15,1,15,16.61
30,4372941,한국도로공사,시험,평일,17,17,1,17,14.04
30,4372941,한국도로공사,시험,토요일,17,17,1,17,13.93
30,4372961,우성아파트,학기,일요일·공휴일,16,18,3,16,17.14
30,4372961,우성아파트,시험,평일,11,11,1,11,15.0
30,4372961,우성아파트,시험,평일,13,13,1,13,13.62
30,4372961,우성아파트,시험,평일,15,18,4,16,17.69
30,4372961,우성아파트,시험,토요일,17,17,1,17,13.6
30,4372961,우성아파트,시험,일요일·공휴일,17,17,1,17,15.09
30,4372961,우성아파트,계절학기,평일,17,17,1,17,14.93
30,4372971,북원중학교,학기,일요일·공휴일,16,16,1,16,17.43
30,4372971,북원중학교,학기,일요일·공휴일,18,18,1,18,16.97
30,4372971,북원중학교,학기,일요일·공휴일,21,22,2,21,16.36
30,4372971,북원중학교,시험,평일,12,12,1,12,13.88
30,4372971,북원중학교,시험,평일,16,17,2,16,15.73
30,4372971,북원중학교,시험,토요일,17,17,1,17,13.93
30,4372971,북원중학교,계절학기,평일,16,17,2,17,14.93
30,4372981,태장2동,학기,일요일·공휴일,16,16,1,16,13.35
30,4372981,태장2동,학기,일요일·공휴일,20,22,3,22,16.24
30,4372981,태장2동,시험,평일,12,12,1,12,14.39
30,4372981,태장2동,시험,평일,15,18,4,18,16.7
30,4372981,태장2동,시험,토요일,17,17,1,17,13.6
30,4372981,태장2동,시험,일요일·공휴일,17,17,1,17,15.26
30,4372981,태장2동,시험,일요일·공휴일,19,19,1,19,16.32
30,4372991,한일주유소,학기,일요일·공휴일,21,22,2,21,18.09
30,4372991,한일주유소,시험,평일,11,13,3,13,14.89
30,4372991,한일주유소,시험,평일,15,15,1,15,14.09
30,4372991,한일주유소,시험,토요일,17,17,1,17,14.43
30,4372991,한일주유소,계절학기,평일,16,16,1,16,14.54
30,4373001,북원교,학기,평일,16,16,1,16,15.59
30,4373001,북원교,학기,일요일·공휴일,17,19,3,18,16.97
30,4373001,북원교,시험,평일,11,11,1,11,17.5
30,4373001,북원교,시험,평일,15,15,1,15,16.11
30,4373001,북원교,계절학기,평일,17,17,1,17,14.36
30,4373031,강원정비기술학원,학기,평일,11,12,2,12,18.22
30,4373031,강원정비기술학원,학기,평일,14,19,6,17,26.78
30,4373031,강원정비기술학원,학기,토요일,15,15,1,15,14.71
30,4373031,강원정비기술학원,학기,토요일,17,17,1,17,14.06
30,4373031,강원정비기술학원,학기,일요일·공휴일,15,18,4,15,15.59
30,4373031,강원정비기술학원,학기,일요일·공휴일,20,21,2,21,13.5
30,4373031,강원정비기술학원,시험,평일,11,18,8,16,22.1
30,4373031,강원정비기술학원,시험,토요일,11,11,1,11,14.01
30,4373031,강원정비기술학원,시험,토요일,16,16,1,16,13.44
30,4373031,강원정비기술학원,시험,일요일·공휴일,16,16,1,16,17.73
30,4373031,강원정비기술학원,시험,일요일·공휴일,21,21,1,21,17.79
30,4373041,우산철교.폴리텍대학,학기,평일,11,13,3,12,17.44
30,4373041,우산철교.폴리텍대학,학기,평일,15,19,5,18,24.7
30,4373041,우산철교.폴리텍대학,학기,평일,21,21,1,21,14.86
30,4373041,우산철교.폴리텍대학,학기,토요일,15,15,1,15,16.46
30,4373041,우산철교.폴리텍대학,학기,토요일,17,17,1,17,13.63
30,4373041,우산철교.폴리텍대학,학기,일요일·공휴일,15,18,4,17,17.59
30,4373041,우산철교.폴리텍대학,학기,일요일·공휴일,20,21,2,20,18.72
30,4373041,우산철교.폴리텍대학,시험,평일,11,11,1,11,19.81
30,4373041,우산철교.폴리텍대학,시험,평일,13,18,6,16,20.35
30,4373041,우산철교.폴리텍대학,시험,토요일,12,13,2,13,14.61
30,4373041,우산철교.폴리텍대학,시험,토요일,17,17,1,17,16.27
30,4373041,우산철교.폴리텍대학,시험,일요일·공휴일,14,14,1,14,13.41
30,4373041,우산철교.폴리텍대학,시험,일요일·공휴일,16,16,1,16,18.07
30,4373041,우산철교.폴리텍대학,계절학기,평일,16,16,1,16,15.32
30,4373041,우산철교.폴리텍대학,계절학기,토요일,11,11,1,11,13.67
30,4373051,단계사거리,학기,평일,10,13,4,12,19.06
30,4373051,단계사거리,학기,평일,15,19,5,18,24.11
30,4373051,단계사거리,학기,토요일,13,13,1,13,13.74
30,4373051,단계사거리,학기,토요일,15,15,1,15,15.96
30,4373051,단계사거리,학기,토요일,17,17,1,17,15.98
30,4373051,단계사거리,학기,일요일·공휴일,15,21,7,16,17.81
30,4373051,단계사거리,시험,평일,10,11,2,11,19.0
30,4373051,단계사거리,시험,평일,14,18,5,16,22.16
30,4373051,단계사거리,시험,토요일,13,13,1,13,13.78
30,4373051,단계사거리,시험,토요일,17,17,1,17,16.6
30,4373051,단계사거리,시험,일요일·공휴일,19,19,1,19,17.82
30,4373051,단계사거리,계절학기,평일,12,12,1,12,14.11
30,4373051,단계사거리,계절학기,평일,17,17,1,17,15.59
30,4373051,단계사거리,계절학기,토요일,11,11,1,11,13.29
30,4373051,단계사거리,방학,일요일·공휴일,12,12,1,12,13.22
30,4373111,장양리차고지,학기,평일,11,11,1,11,14.74
30,4373111,장양리차고지,학기,평일,13,15,3,14,25.52
30,4373111,장양리차고지,학기,평일,17,18,2,18,27.19
30,4373111,장양리차고지,학기,토요일,13,13,1,13,13.77
30,4373111,장양리차고지,학기,토요일,16,16,1,16,13.3
30,4373111,장양리차고지,학기,일요일·공휴일,18,19,2,18,17.81
30,4373111,장양리차고지,시험,평일,12,12,1,12,15.69
30,4373651,장양리차고지,학기,평일,11,11,1,11,14.4
30,4373651,장양리차고지,학기,일요일·공휴일,22,22,1,22,13.64
30,4373651,장양리차고지,시험,평일,12,12,1,12,15.36
30,4373651,장양리차고지,시험,평일,15,16,2,16,17.69
30,4373651,장양리차고지,시험,일요일·공휴일,16,16,1,16,16.57
30,4373651,장양리차고지,시험,일요일·공휴일,19,21,3,21,16.29
30,4373821,진광중고등학교,학기,일요일·공휴일,16,18,3,18,16.26
30,4373821,진광중고등학교,학기,일요일·공휴일,21,21,1,21,16.22
30,4373821,진광중고등학교,시험,평일,12,12,1,12,16.53
30,4373821,진광중고등학교,시험,평일,15,17,3,16,16.08
30,4373821,진광중고등학교,시험,토요일,11,11,1,11,14.18
30,4373821,진광중고등학교,시험,토요일,17,17,1,17,15.1
30,4373821,진광중고등학교,계절학기,평일,17,17,1,17,13.65
30,4373831,상지대학교,학기,일요일·공휴일,17,17,1,17,13.64
30,4373831,상지대학교,학기,일요일·공휴일,21,22,2,21,18.09
30,4373831,상지대학교,시험,평일,12,13,2,12,14.68
30,4373831,상지대학교,시험,평일,15,18,4,17,17.22
30,4373831,상지대학교,시험,일요일·공휴일,19,19,1,19,16.82
30,4373831,상지대학교,시험,일요일·공휴일,21,21,1,21,16.96
30,4373831,상지대학교,계절학기,평일,17,17,1,17,15.22
30,4373841,우산초교,학기,평일,12,12,1,12,16.85
30,4373841,우산초교,학기,평일,15,18,4,17,20.19
30,4373841,우산초교,학기,토요일,17,17,1,17,13.33
30,4373841,우산초교,학기,일요일·공휴일,17,17,1,17,13.46
30,4373841,우산초교,학기,일요일·공휴일,21,22,2,21,13.73
30,4373841,우산초교,시험,평일,11,13,3,11,18.97
30,4373841,우산초교,시험,평일,15,18,4,16,20.58
30,4373841,우산초교,시험,토요일,11,11,1,11,13.68
30,4373841,우산초교,시험,토요일,17,17,1,17,15.18
30,4373841,우산초교,시험,일요일·공휴일,16,19,4,16,17.23
30,4373841,우산초교,계절학기,평일,17,17,1,17,13.62
30,4374581,우산초교,시험,평일,13,13,1,13,13.39
30,4374581,우산초교,시험,평일,16,18,3,18,14.17
30,4374581,우산초교,시험,토요일,17,17,1,17,13.6
30,4374581,우산초교,시험,토요일,22,22,1,22,17.87
30,4374581,우산초교,시험,일요일·공휴일,14,14,1,14,13.41
30,4374581,우산초교,시험,일요일·공휴일,16,21,6,16,17.73
30,4374581,우산초교,계절학기,평일,16,17,2,17,14.65
30,4374591,상지대입구,시험,평일,11,11,1,11,17.5
30,4374591,상지대입구,시험,평일,16,16,1,16,18.02
30,4374591,상지대입구,시험,평일,18,18,1,18,13.28
30,4374591,상지대입구,시험,토요일,17,17,1,17,13.6
30,4374591,상지대입구,시험,토요일,22,22,1,22,17.2
30,4374591,상지대입구,시험,일요일·공휴일,16,18,3,16,17.07
30,4374601,진광중고등학교,학기,일요일·공휴일,16,16,1,16,15.0
30,4374601,진광중고등학교,시험,평일,12,13,2,13,14.55
30,4374601,진광중고등학교,시험,평일,15,18,4,16,16.21
30,4374601,진광중고등학교,시험,토요일,22,22,1,22,16.03
30,4374601,진광중고등학교,시험,일요일·공휴일,20,20,1,20,16.07
30,4374601,진광중고등학교,계절학기,평일,17,17,1,17,13.36
30,4374661,롯데아파트,학기,평일,07,09,3,08,27.82
30,4374661,롯데아파트,학기,평일,11,11,1,11,23.38
30,4374661,롯데아파트,학기,평일,13,13,1,13,13.33
30,4374661,롯데아파트,학기,평일,16,16,1,16,17.62
30,4374661,롯데아파트,학기,평일,18,18,1,18,16.7
30,4374661,롯데아파트,학기,평일,22,22,1,22,16.98
30,4374661,롯데아파트,학기,토요일,12,12,1,12,13.36
30,4374661,롯데아파트,학기,토요일,16,16,1,16,13.64
30,4374661,롯데아파트,학기,토요일,21,21,1,21,13.92
30,4374661,롯데아파트,학기,일요일·공휴일,16,22,7,16,23.11
30,4374661,롯데아파트,시험,평일,07,08,2,08,15.65
30,4374661,롯데아파트,시험,평일,11,18,8,16,18.35
30,4374661,롯데아파트,시험,평일,21,21,1,21,13.45
30,4374661,롯데아파트,시험,토요일,22,22,1,22,17.2
30,4374661,롯데아파트,시험,일요일·공휴일,14,14,1,14,13.41
30,4374661,롯데아파트,시험,일요일·공휴일,16,17,2,17,19.26
30,4374661,롯데아파트,시험,일요일·공휴일,19,19,1,19,20.82
30,4374661,롯데아파트,계절학기,평일,16,16,1,16,14.02
30,4374661,롯데아파트,방학,평일,16,16,1,16,13.92
30,4374661,롯데아파트,방학,일요일·공휴일,16,16,1,16,14.93
30,4374671,단계현진아파트,학기,평일,07,09,3,08,25.04
30,4374671,단계현진아파트,학기,평일,11,11,1,11,22.96
30,4374671,단계현진아파트,학기,평일,16,16,1,16,15.72
30,4374671,단계현진아파트,학기,평일,18,18,1,18,16.39
30,4374671,단계현진아파트,학기,평일,22,22,1,22,15.11
30,4374671,단계현진아파트,학기,토요일,16,16,1,16,15.58
30,4374671,단계현진아파트,학기,일요일·공휴일,13,13,1,13,13.35
30,4374671,단계현진아파트,학기,일요일·공휴일,15,22,8,17,24.45
30,4374671,단계현진아파트,시험,평일,07,09,3,08,15.94
30,4374671,단계현진아파트,시험,평일,11,18,8,11,20.72
30,4374671,단계현진아파트,시험,평일,22,22,1,22,14.13
30,4374671,단계현진아파트,시험,토요일,07,07,1,07,14.32
30,4374671,단계현진아파트,시험,일요일·공휴일,17,17,1,17,18.76
30,4374671,단계현진아파트,시험,일요일·공휴일,19,19,1,19,20.49
30,4374671,단계현진아파트,시험,일요일·공휴일,21,21,1,21,18.46
30,4374671,단계현진아파트,계절학기,평일,16,16,1,16,14.22
30,4374671,단계현진아파트,방학,평일,16,16,1,16,14.77
30,4374671,단계현진아파트,방학,일요일·공휴일,16,16,1,16,13.55
30,4374751,롯데아파트,학기,평일,08,09,2,08,16.39
30,4374751,롯데아파트,학기,평일,11,19,9,15,26.78
30,4374751,롯데아파트,학기,토요일,13,13,1,13,14.19
30,4374751,롯데아파트,학기,토요일,15,15,1,15,15.36
30,4374751,롯데아파트,학기,토요일,17,17,1,17,13.97
30,4374751,롯데아파트,학기,일요일·공휴일,13,20,8,16,19.13
30,4374751,롯데아파트,시험,평일,11,14,4,11,23.22
30,4374751,롯데아파트,시험,평일,16,18,3,16,19.3
30,4374751,롯데아파트,시험,토요일,11,13,3,11,15.68
30,4374751,롯데아파트,시험,토요일,22,22,1,22,14.53
30,4374751,롯데아파트,계절학기,평일,12,12,1,12,15.29
30,4374751,롯데아파트,계절학기,평일,16,16,1,16,16.37
30,4375311,흥업사거리,학기,평일,07,08,2,07,17.81
30,4375311,흥업사거리,학기,평일,10,23,14,18,44.01
30,4375311,흥업사거리,학기,토요일,07,18,12,13,23.08
30,4375311,흥업사거리,학기,일요일·공휴일,11,20,10,17,23.43
30,4375311,흥업사거리,시험,평일,07,07,1,07,14.48
30,4375311,흥업사거리,시험,평일,10,19,10,16,33.46
30,4375311,흥업사거리,시험,토요일,07,07,1,07,13.9
30,4375311,흥업사거리,시험,토요일,11,13,3,13,14.61
30,4375311,흥업사거리,시험,토요일,15,15,1,15,15.32
30,4375311,흥업사거리,시험,토요일,17,17,1,17,16.82
30,4375311,흥업사거리,시험,토요일,22,22,1,22,15.7
30,4375311,흥업사거리,시험,일요일·공휴일,14,14,1,14,14.41
30,4375311,흥업사거리,시험,일요일·공휴일,16,19,4,19,19.66
30,4375311,흥업사거리,시험,일요일·공휴일,21,21,1,21,17.46
30,4375311,흥업사거리,계절학기,평일,07,07,1,07,17.48
30,4375311,흥업사거리,계절학기,평일,12,14,3,12,18.9
30,4375311,흥업사거리,계절학기,평일,16,17,2,17,26.1
30,4375311,흥업사거리,계절학기,토요일,11,12,2,11,16.57
30,4375311,흥업사거리,계절학기,토요일,14,14,1,14,14.67
30,4375311,흥업사거리,계절학기,토요일,16,16,1,16,15.29
30,4375311,흥업사거리,계절학기,일요일·공휴일,12,12,1,12,15.31
30,4375311,흥업사거리,방학,평일,07,07,1,07,17.14
30,4375311,흥업사거리,방학,평일,16,18,3,17,19.83
30,4375311,흥업사거리,방학,토요일,12,12,1,12,15.18
30,4375311,흥업사거리,방학,일요일·공휴일,11,16,6,12,20.58
30,4375311,흥업사거리,방학,일요일·공휴일,18,18,1,18,14.14
30,4375361,육민관중고교,학기,평일,07,22,16,17,47.06
30,4375361,육민관중고교,학기,토요일,10,16,7,11,23.0
30,4375361,육민관중고교,학기,일요일·공휴일,16,17,2,16,25.14
30,4375361,육민관중고교,학기,일요일·공휴일,19,21,3,20,19.72
30,4375361,육민관중고교,시험,평일,10,10,1,10,16.8
30,4375361,육민관중고교,시험,평일,12,12,1,12,26.52
30,4375361,육민관중고교,시험,평일,14,16,3,16,35.11
30,4375361,육민관중고교,시험,평일,19,19,1,19,15.35
30,4375361,육민관중고교,시험,일요일·공휴일,17,17,1,17,18.42
30,4375361,육민관중고교,계절학기,평일,12,12,1,12,16.86
30,4375361,육민관중고교,계절학기,평일,15,17,3,16,27.55
30,4375361,육민관중고교,방학,평일,12,12,1,12,14.98
30,4375361,육민관중고교,방학,평일,14,14,1,14,13.92
30,4375361,육민관중고교,방학,평일,17,17,1,17,14.51
30,4375361,육민관중고교,방학,일요일·공휴일,15,15,1,15,21.94
30,4375361,육민관중고교,방학,일요일·공휴일,17,17,1,17,14.31
30,4375371,마장동,학기,평일,07,20,14,17,40.57
30,4375371,마장동,학기,평일,22,22,1,22,13.57
30,4375371,마장동,학기,토요일,10,11,2,11,18.91
30,4375371,마장동,학기,토요일,13,16,4,13,19.49
30,4375371,마장동,학기,일요일·공휴일,13,13,1,13,17.67
30,4375371,마장동,학기,일요일·공휴일,15,15,1,15,15.1
30,4375371,마장동,학기,일요일·공휴일,17,19,3,17,22.54
30,4375371,마장동,시험,평일,11,12,2,12,19.74
30,4375371,마장동,시험,평일,14,15,2,15,22.11
30,4375371,마장동,시험,평일,17,17,1,17,22.38
30,4375371,마장동,시험,일요일·공휴일,19,19,1,19,19.32
30,4375371,마장동,계절학기,평일,07,07,1,07,14.69
30,4375371,마장동,계절학기,평일,16,17,2,17,21.09
30,4375371,마장동,방학,평일,16,16,1,16,17.7
30,4375371,마장동,방학,일요일·공휴일,14,14,1,14,13.71
30,4375381,행가리,학기,평일,07,07,1,07,22.2
30,4375381,행가리,학기,평일,09,20,12,16,46.2
30,4375381,행가리,학기,토요일,10,18,9,11,28.42
30,4375381,행가리,학기,일요일·공휴일,12,20,9,17,28.4
30,4375381,행가리,시험,평일,09,13,5,11,26.29
30,4375381,행가리,시험,평일,15,15,1,15,26.52
30,4375381,행가리,시험,평일,17,19,3,18,27.91
30,4375381,행가리,시험,토요일,11,11,1,11,16.34
30,4375381,행가리,시험,토요일,17,17,1,17,21.43
30,4375381,행가리,시험,일요일·공휴일,17,17,1,17,18.09
30,4375381,행가리,계절학기,평일,07,07,1,07,26.26
30,4375381,행가리,계절학기,평일,12,12,1,12,19.85
30,4375381,행가리,계절학기,평일,15,17,3,16,25.25
30,4375381,행가리,방학,평일,07,07,1,07,23.18
30,4375381,행가리,방학,평일,11,18,8,13,19.52
30,4375381,행가리,방학,토요일,07,07,1,07,14.09
30,4375381,행가리,방학,일요일·공휴일,11,11,1,11,14.81
30,4375381,행가리,방학,일요일·공휴일,13,17,5,16,20.74
30,4375391,이마트,학기,평일,09,22,14,16,48.89
30,4375391,이마트,학기,토요일,09,18,10,13,29.06
30,4375391,이마트,학기,일요일·공휴일,10,21,12,16,31.6
30,4375391,이마트,시험,평일,07,07,1,07,14.55
30,4375391,이마트,시험,평일,10,19,10,16,35.68
30,4375391,이마트,시험,토요일,11,11,1,11,15.68
30,4375391,이마트,시험,토요일,13,13,1,13,13.45
30,4375391,이마트,시험,토요일,15,17,3,17,21.1
30,4375391,이마트,시험,일요일·공휴일,14,14,1,14,16.41
30,4375391,이마트,시험,일요일·공휴일,16,21,6,16,20.23
30,4375391,이마트,계절학기,평일,11,12,2,12,24.6
30,4375391,이마트,계절학기,평일,15,18,4,17,29.25
30,4375391,이마트,계절학기,토요일,12,12,1,12,16.96
30,4375391,이마트,계절학기,토요일,16,16,1,16,15.67
30,4375391,이마트,계절학기,일요일·공휴일,12,12,1,12,16.64
30,4375391,이마트,방학,평일,12,19,8,17,19.89
30,4375391,이마트,방학,토요일,11,12,2,12,18.33
30,4375391,이마트,방학,일요일·공휴일,11,17,7,16,21.85
30,4375561,이마트,학기,평일,08,09,2,08,22.46
30,4375561,이마트,학기,평일,11,22,12,18,28.52
30,4375561,이마트,학기,토요일,14,17,4,15,17.81
30,4375561,이마트,학기,토요일,22,22,1,22,15.7
30,4375561,이마트,학기,일요일·공휴일,12,22,11,16,34.35
30,4375561,이마트,시험,평일,07,08,2,08,18.98
30,4375561,이마트,시험,평일,11,11,1,11,21.42
30,4375561,이마트,시험,평일,13,14,2,13,18.55
30,4375561,이마트,시험,평일,16,17,2,16,24.3
30,4375561,이마트,시험,평일,20,20,1,20,14.15
30,4375561,이마트,시험,평일,22,22,1,22,17.18
30,4375561,이마트,시험,토요일,11,11,1,11,13.84
30,4375561,이마트,시험,토요일,17,17,1,17,15.93
30,4375561,이마트,시험,일요일·공휴일,14,14,1,14,13.74
30,4375561,이마트,시험,일요일·공휴일,18,19,2,18,26.55
30,4375561,이마트,계절학기,평일,17,17,1,17,18.59
30,4375561,이마트,방학,평일,15,15,1,15,13.64
30,4375561,이마트,방학,일요일·공휴일,15,16,2,16,20.15
30,4375571,행가리,학기,평일,08,22,15,18,28.08
30,4375571,행가리,학기,토요일,12,12,1,12,13.4
30,4375571,행가리,학기,토요일,15,22,8,15,19.89
30,4375571,행가리,학기,일요일·공휴일,12,22,11,20,45.12
30,4375571,행가리,시험,평일,08,13,6,12,23.08
30,4375571,행가리,시험,평일,15,21,7,18,22.22
30,4375571,행가리,시험,토요일,07,07,1,07,13.98
30,4375571,행가리,시험,토요일,15,17,3,17,18.77
30,4375571,행가리,시험,토요일,22,22,1,22,19.03
30,4375571,행가리,시험,일요일·공휴일,14,14,1,14,14.49
30,4375571,행가리,시험,일요일·공휴일,16,21,6,21,27.46
30,4375571,행가리,계절학기,평일,16,18,3,17,16.94
30,4375571,행가리,계절학기,토요일,11,11,1,11,16.33
30,4375571,행가리,방학,평일,18,18,1,18,13.32
30,4375571,행가리,방학,일요일·공휴일,12,12,1,12,14.1
30,4375571,행가리,방학,일요일·공휴일,15,19,5,15,20.06
30,4375581,합포원,학기,평일,07,13,7,12,23.39
30,4375581,합포원,학기,평일,15,22,8,20,23.07
30,4375581,합포원,학기,토요일,13,13,1,13,14.9
30,4375581,합포원,학기,토요일,15,17,3,16,16.54
30,4375581,합포원,학기,일요일·공휴일,13,17,5,16,45.88
30,4375581,합포원,학기,일요일·공휴일,19,19,1,19,29.46
30,4375581,합포원,학기,일요일·공휴일,21,21,1,21,28.42
30,4375581,합포원,시험,평일,11,11,1,11,16.72
30,4375581,합포원,시험,평일,15,18,4,17,19.38
30,4375581,합포원,시험,일요일·공휴일,12,12,1,12,13.42
30,4375581,합포원,계절학기,평일,17,17,1,17,15.59
30,4375581,합포원,방학,평일,11,11,1,11,15.02
30,4375581,합포원,방학,평일,16,16,1,16,13.6
30,4375581,합포원,방학,일요일·공휴일,15,16,2,16,22.98
30,4375591,육민관고등학교,학기,평일,07,12,6,12,28.28
30,4375591,육민관고등학교,학기,평일,15,21,7,20,23.39
30,4375591,육민관고등학교,학기,토요일,13,13,1,13,14.49
30,4375591,육민관고등학교,학기,토요일,19,19,1,19,14.53
30,4375591,육민관고등학교,학기,토요일,21,21,1,21,13.71
30,4375591,육민관고등학교,학기,일요일·공휴일,12,17,6,16,35.34
30,4375591,육민관고등학교,학기,일요일·공휴일,19,22,4,20,29.62
30,4375591,육민관고등학교,시험,평일,08,09,2,09,15.58
30,4375591,육민관고등학교,시험,평일,11,15,5,15,23.61
30,4375591,육민관고등학교,시험,평일,20,20,1,20,14.15
30,4375591,육민관고등학교,계절학기,평일,09,09,1,09,18.07
30,4375591,육민관고등학교,계절학기,평일,17,17,1,17,16.76
30,4375591,육민관고등학교,방학,일요일·공휴일,12,12,1,12,14.3
30,4375591,육민관고등학교,방학,일요일·공휴일,16,16,1,16,13.98
30,4375591,육민관고등학교,방학,일요일·공휴일,20,20,1,20,15.92
30,4375611,흥업사거리,학기,평일,07,13,7,09,26.75
30,4375611,흥업사거리,학기,평일,15,22,8,21,23.39
30,4375611,흥업사거리,학기,토요일,16,16,1,16,17.31
30,4375611,흥업사거리,학기,토요일,18,22,5,21,17.45
30,4375611,흥업사거리,학기,일요일·공휴일,13,23,11,16,42.5
30,4375611,흥업사거리,시험,평일,08,09,2,08,15.82
30,4375611,흥업사거리,시험,평일,11,13,3,12,19.73
30,4375611,흥업사거리,시험,평일,15,22,8,21,20.73
30,4375611,흥업사거리,시험,토요일,16,17,2,17,15.1
30,4375611,흥업사거리,시험,일요일·공휴일,14,14,1,14,14.91
30,4375611,흥업사거리,시험,일요일·공휴일,16,23,8,22,27.02
30,4375611,흥업사거리,계절학기,평일,09,09,1,09,15.27
30,4375611,흥업사거리,계절학기,평일,17,17,1,17,14.82
30,4375611,흥업사거리,방학,평일,09,09,1,09,13.44
30,4375611,흥업사거리,방학,일요일·공휴일,13,13,1,13,16.37
30,4375611,흥업사거리,방학,일요일·공휴일,16,16,1,16,19.07
30,4375611,흥업사거리,방학,일요일·공휴일,18,18,1,18,13.52
30,4375611,흥업사거리,방학,일요일·공휴일,20,20,1,20,15.26
30,4375711,원주원예농협,학기,평일,07,09,3,08,23.72
30,4375711,원주원예농협,학기,평일,11,11,1,11,16.1
30,4375711,원주원예농협,학기,평일,22,22,1,22,13.87
30,4375711,원주원예농협,학기,일요일·공휴일,15,22,8,16,20.75
30,4375711,원주원예농협,시험,평일,11,13,3,11,16.9
30,4375711,원주원예농협,시험,평일,15,18,4,15,17.59
30,4375711,원주원예농협,시험,평일,22,22,1,22,14.88
30,4375711,원주원예농협,시험,토요일,17,17,1,17,13.93
30,4375711,원주원예농협,시험,토요일,22,22,1,22,18.7
30,4375711,원주원예농협,시험,일요일·공휴일,14,14,1,14,15.57
30,4375711,원주원예농협,시험,일요일·공휴일,16,16,1,16,18.4
30,4375711,원주원예농협,시험,일요일·공휴일,18,21,4,19,19.66
30,4375711,원주원예농협,계절학기,평일,16,16,1,16,13.74
30,4375711,원주원예농협,방학,일요일·공휴일,16,16,1,16,13.24
30,4375731,우산119안전센터,학기,평일,16,16,1,16,15.22
30,4375731,우산119안전센터,학기,일요일·공휴일,16,18,3,16,17.75
30,4375731,우산119안전센터,시험,평일,12,12,1,12,15.69
30,4375731,우산119안전센터,시험,평일,15,18,4,16,19.27
30,4375761,우산119안전센터,학기,일요일·공휴일,17,19,3,17,17.61
30,4375761,우산119안전센터,학기,일요일·공휴일,21,21,1,21,18.09
30,4375761,우산119안전센터,시험,평일,11,15,5,15,15.78
30,4375761,우산119안전센터,시험,평일,17,18,2,17,15.76
30,4375761,우산119안전센터,계절학기,평일,16,17,2,17,13.65
30,4375771,동보아파트,학기,평일,16,16,1,16,16.21
30,4375771,동보아파트,학기,일요일·공휴일,15,19,5,16,19.0
30,4375771,동보아파트,시험,평일,11,11,1,11,16.67
30,4375771,동보아파트,시험,평일,16,16,1,16,18.85
30,4375771,동보아파트,시험,평일,18,18,1,18,13.69
30,4375771,동보아파트,시험,일요일·공휴일,16,16,1,16,16.57
30,4375771,동보아파트,계절학기,평일,17,17,1,17,15.59
30,4375781,원주원예농협,학기,평일,08,08,1,08,14.19
30,4375781,원주원예농협,학기,평일,11,12,2,11,17.76
30,4375781,원주원예농협,학기,평일,15,19,5,17,28.47
30,4375781,원주원예농협,학기,평일,21,22,2,21,14.73
30,4375781,원주원예농협,학기,일요일·공휴일,12,12,1,12,14.09
30,4375781,원주원예농협,학기,일요일·공휴일,16,20,5,20,18.22
30,4375781,원주원예농협,학기,일요일·공휴일,22,22,1,22,14.5
30,4375781,원주원예농협,시험,평일,11,13,3,11,18.41
30,4375781,원주원예농협,시험,평일,15,18,4,16,23.35
30,4375781,원주원예농협,시험,토요일,11,11,1,11,14.84
30,4375781,원주원예농협,시험,토요일,17,17,1,17,15.1
30,4375781,원주원예농협,시험,일요일·공휴일,16,17,2,17,18.76
30,4375781,원주원예농협,시험,일요일·공휴일,19,19,1,19,17.49
30,4375781,원주원예농협,계절학기,평일,12,12,1,12,14.63
30,4375781,원주원예농협,계절학기,평일,16,16,1,16,14.54
30,4376451,꿈드림새마을금고,학기,평일,08,08,1,08,13.71
30,4376451,꿈드림새마을금고,학기,평일,11,13,3,12,17.36
30,4376451,꿈드림새마을금고,학기,평일,15,18,4,18,27.55
30,4376451,꿈드림새마을금고,학기,토요일,13,13,1,13,14.63
30,4376451,꿈드림새마을금고,학기,토요일,15,15,1,15,15.83
30,4376451,꿈드림새마을금고,학기,일요일·공휴일,13,13,1,13,14.1
30,4376451,꿈드림새마을금고,학기,일요일·공휴일,15,19,5,16,19.7
30,4376451,꿈드림새마을금고,학기,일요일·공휴일,22,22,1,22,15.91
30,4376451,꿈드림새마을금고,시험,평일,11,18,8,16,22.89
30,4376451,꿈드림새마을금고,시험,일요일·공휴일,16,17,2,16,18.4
30,4376451,꿈드림새마을금고,시험,일요일·공휴일,19,20,2,19,16.82
30,4376451,꿈드림새마을금고,계절학기,평일,12,12,1,12,13.46
30,4376451,꿈드림새마을금고,계절학기,평일,18,18,1,18,14.12
30,4376451,꿈드림새마을금고,계절학기,토요일,11,11,1,11,13.67
30,4376451,꿈드림새마을금고,방학,일요일·공휴일,16,16,1,16,13.36
30,4376461,단계은행아파트,학기,평일,08,08,1,08,14.46
30,4376461,단계은행아파트,학기,평일,11,18,8,15,27.81
30,4376461,단계은행아파트,학기,평일,21,21,1,21,13.93
30,4376461,단계은행아파트,학기,토요일,12,12,1,12,14.44
30,4376461,단계은행아파트,학기,토요일,15,15,1,15,17.94
30,4376461,단계은행아파트,학기,토요일,17,17,1,17,16.07
30,4376461,단계은행아파트,학기,일요일·공휴일,13,20,8,16,19.64
30,4376461,단계은행아파트,시험,평일,10,18,9,11,23.75
30,4376461,단계은행아파트,시험,토요일,11,11,1,11,16.34
30,4376461,단계은행아파트,시험,일요일·공휴일,18,18,1,18,17.38
30,4376461,단계은행아파트,계절학기,평일,12,12,1,12,13.22
30,4376461,단계은행아파트,계절학기,평일,18,18,1,18,13.83
30,4376461,단계은행아파트,계절학기,토요일,11,11,1,11,13.33
30,4376461,단계은행아파트,방학,평일,17,17,1,17,13.66
30,4376461,단계은행아파트,방학,일요일·공휴일,12,12,1,12,13.8
30,4376471,원주교도소,학기,평일,07,18,12,18,25.33
30,4376471,원주교도소,학기,평일,20,20,1,20,13.34
30,4376471,원주교도소,학기,토요일,11,11,1,11,14.0
30,4376471,원주교도소,학기,토요일,13,13,1,13,15.19
30,4376471,원주교도소,학기,토요일,15,17,3,15,20.55
30,4376471,원주교도소,학기,일요일·공휴일,12,12,1,12,16.01
30,4376471,원주교도소,학기,일요일·공휴일,14,22,9,17,35.22
30,4376471,원주교도소,시험,평일,07,09,3,08,18.54
30,4376471,원주교도소,시험,평일,11,19,9,12,22.37
30,4376471,원주교도소,시험,평일,21,21,1,21,13.73
30,4376471,원주교도소,시험,토요일,07,07,1,07,16.15
30,4376471,원주교도소,시험,토요일,17,17,1,17,16.35
30,4376471,원주교도소,시험,일요일·공휴일,12,12,1,12,16.75
30,4376471,원주교도소,시험,일요일·공휴일,14,14,1,14,14.57
30,4376471,원주교도소,시험,일요일·공휴일,16,16,1,16,21.57
30,4376471,원주교도소,방학,일요일·공휴일,13,13,1,13,13.57
30,4376471,원주교도소,방학,일요일·공휴일,15,15,1,15,14.82
30,4376471,원주교도소,방학,일요일·공휴일,17,17,1,17,13.84
30,4376491,보촌,학기,평일,07,09,3,09,26.75
30,4376491,보촌,학기,평일,11,13,3,12,23.66
30,4376491,보촌,학기,평일,15,22,8,21,21.48
30,4376491,보촌,학기,토요일,16,17,2,17,17.45
30,4376491,보촌,학기,토요일,19,21,3,20,15.84
30,4376491,보촌,학기,일요일·공휴일,13,22,10,20,40.49
30,4376491,보촌,시험,평일,08,13,6,12,20.37
30,4376491,보촌,시험,평일,15,22,8,21,19.36
30,4376491,보촌,시험,토요일,15,15,1,15,13.32
30,4376491,보촌,시험,일요일·공휴일,16,16,1,16,27.23
30,4376491,보촌,시험,일요일·공휴일,18,18,1,18,25.55
30,4376491,보촌,시험,일요일·공휴일,20,20,1,20,20.57
30,4376491,보촌,시험,일요일·공휴일,22,22,1,22,26.68
30,4376491,보촌,계절학기,평일,09,09,1,09,13.78
30,4376491,보촌,계절학기,평일,12,12,1,12,15.29
30,4376491,보촌,계절학기,토요일,11,11,1,11,16.33
30,4376491,보촌,방학,일요일·공휴일,16,16,1,16,14.86
30,4376491,보촌,방학,일요일·공휴일,20,20,1,20,14.49
30,4376491,보촌,방학,일요일·공휴일,22,22,1,22,17.2
30,4376501,두산위브정문,학기,평일,08,09,2,09,26.47
30,4376501,두산위브정문,학기,평일,11,13,3,12,22.76
30,4376501,두산위브정문,학기,평일,15,22,8,18,18.61
30,4376501,두산위브정문,학기,토요일,16,17,2,17,14.48
30,4376501,두산위브정문,학기,일요일·공휴일,13,20,8,16,34.25
30,4376501,두산위브정문,학기,일요일·공휴일,22,22,1,22,32.5
30,4376501,두산위브정문,시험,평일,08,09,2,09,15.73
30,4376501,두산위브정문,시험,평일,11,19,9,12,19.31
30,4376501,두산위브정문,시험,토요일,16,17,2,17,15.43
30,4376501,두산위브정문,시험,일요일·공휴일,17,17,1,17,19.26
30,4376501,두산위브정문,시험,일요일·공휴일,20,20,1,20,20.07
30,4376501,두산위브정문,시험,일요일·공휴일,22,22,1,22,23.35
30,4376501,두산위브정문,계절학기,평일,12,12,1,12,14.96
30,4376501,두산위브정문,계절학기,평일,16,16,1,16,13.7
30,4376501,두산위브정문,방학,일요일·공휴일,16,16,1,16,16.81
30,4376501,두산위브정문,방학,일요일·공휴일,22,22,1,22,16.56
30,4376521,벌밤골,학기,평일,08,09,2,09,22.51
30,4376521,벌밤골,학기,평일,11,13,3,13,23.35
30,4376521,벌밤골,학기,평일,15,18,4,18,17.16
30,4376521,벌밤골,학기,평일,20,22,3,21,17.15
30,4376521,벌밤골,학기,토요일,15,17,3,16,16.72
30,4376521,벌밤골,학기,토요일,19,19,1,19,13.91
30,4376521,벌밤골,학기,토요일,21,21,1,21,17.25
30,4376521,벌밤골,학기,일요일·공휴일,13,22,10,16,36.42
30,4376521,벌밤골,시험,평일,11,13,3,11,22.34
30,4376521,벌밤골,시험,평일,15,19,5,16,19.19
30,4376521,벌밤골,시험,토요일,15,15,1,15,13.32
30,4376521,벌밤골,시험,일요일·공휴일,19,19,1,19,20.49
30,4376521,벌밤골,계절학기,평일,16,16,1,16,14.2
30,4376521,벌밤골,방학,평일,13,13,1,13,14.84
30,4376521,벌밤골,방학,일요일·공휴일,16,16,1,16,14.55
30,4376531,무수막마을,학기,평일,07,13,7,11,24.48
30,4376531,무수막마을,학기,평일,15,18,4,18,17.99
30,4376531,무수막마을,학기,평일,21,22,2,22,18.91
30,4376531,무수막마을,학기,토요일,17,18,2,17,15.35
30,4376531,무수막마을,학기,토요일,22,22,1,22,13.99
30,4376531,무수막마을,학기,일요일·공휴일,13,13,1,13,22.44
30,4376531,무수막마을,학기,일요일·공휴일,15,20,6,16,39.4
30,4376531,무수막마을,학기,일요일·공휴일,22,22,1,22,27.56
30,4376531,무수막마을,시험,평일,09,09,1,09,15.43
30,4376531,무수막마을,시험,평일,11,11,1,11,15.72
30,4376531,무수막마을,시험,평일,16,16,1,16,20.35
30,4376531,무수막마을,시험,평일,18,18,1,18,17.37
30,4376531,무수막마을,시험,평일,21,22,2,21,19.45
30,4376531,무수막마을,시험,토요일,17,17,1,17,17.27
30,4376531,무수막마을,시험,일요일·공휴일,16,16,1,16,24.73
30,4376531,무수막마을,계절학기,평일,17,17,1,17,14.43
30,4376531,무수막마을,방학,일요일·공휴일,18,18,1,18,20.92
30,4376541,세동마을,학기,평일,08,13,6,09,29.4
30,4376541,세동마을,학기,평일,18,18,1,18,13.51
30,4376541,세동마을,학기,평일,21,21,1,21,13.46
30,4376541,세동마을,학기,일요일·공휴일,13,13,1,13,21.22
30,4376541,세동마을,학기,일요일·공휴일,15,22,8,21,35.4
30,4376541,세동마을,시험,평일,08,09,2,09,17.08
30,4376541,세동마을,시험,평일,11,13,3,12,22.13
30,4376541,세동마을,시험,평일,15,18,4,15,15.46
30,4376541,세동마을,시험,평일,20,21,2,21,16.76
30,4376541,세동마을,시험,토요일,17,17,1,17,15.32
30,4376541,세동마을,시험,토요일,22,22,1,22,15.7
30,4376541,세동마을,시험,일요일·공휴일,16,23,8,16,23.57
30,4376541,세동마을,계절학기,평일,12,12,1,12,14.13
30,4376561,연세대스포츠센터,학기,평일,09,09,1,09,17.15
30,4376561,연세대스포츠센터,학기,평일,12,12,1,12,14.59
30,4376561,연세대스포츠센터,시험,평일,09,09,1,09,16.06
30,4376561,연세대스포츠센터,시험,평일,12,12,1,12,18.24
30,4376561,연세대스포츠센터,시험,평일,16,16,1,16,14.12
30,4376561,연세대스포츠센터,시험,토요일,17,17,1,17,13.38
30,4376561,연세대스포츠센터,시험,토요일,22,22,1,22,14.37
30,4376561,연세대스포츠센터,시험,일요일·공휴일,16,22,7,22,17.52
30,4376581,연세대복지타운,학기,평일,11,19,9,16,42.09
30,4376581,연세대복지타운,학기,토요일,13,13,1,13,13.34
30,4376581,연세대복지타운,학기,일요일·공휴일,12,12,1,12,15.21
30,4376581,연세대복지타운,학기,일요일·공휴일,16,17,2,17,16.16
30,4376581,연세대복지타운,학기,일요일·공휴일,21,21,1,21,16.36
30,4376581,연세대복지타운,시험,평일,10,18,9,17,27.93
30,4376581,연세대복지타운,시험,토요일,17,17,1,17,14.02
30,4376581,연세대복지타운,시험,일요일·공휴일,16,19,4,16,17.98
30,4376581,연세대복지타운,시험,일요일·공휴일,21,22,2,22,17.68
30,4376581,연세대복지타운,계절학기,평일,12,12,1,12,15.52
30,4376581,연세대복지타운,계절학기,평일,16,17,2,17,19.6
30,4376581,연세대복지타운,방학,평일,17,17,1,17,14.81
30,4376581,연세대복지타운,방학,일요일·공휴일,15,15,1,15,13.46
30,4376591,연세대학교,학기,평일,10,20,11,16,43.42
30,4376591,연세대학교,학기,평일,22,22,1,22,15.75
30,4376591,연세대학교,학기,토요일,10,14,5,13,15.16
30,4376591,연세대학교,학기,토요일,17,17,1,17,13.24
30,4376591,연세대학교,학기,일요일·공휴일,13,13,1,13,14.68
30,4376591,연세대학교,학기,일요일·공휴일,15,20,6,17,19.25
30,4376591,연세대학교,시험,평일,09,19,11,16,28.06
30,4376591,연세대학교,시험,토요일,11,11,1,11,13.59
30,4376591,연세대학교,시험,토요일,15,15,1,15,13.65
30,4376591,연세대학교,시험,토요일,17,17,1,17,15.43
30,4376591,연세대학교,시험,일요일·공휴일,16,17,2,16,18.07
30,4376591,연세대학교,시험,일요일·공휴일,22,22,1,22,18.02
30,4376591,연세대학교,계절학기,평일,12,12,1,12,15.2
30,4376591,연세대학교,계절학기,평일,16,17,2,17,22.3
30,4376591,연세대학교,방학,평일,17,17,1,17,14.45
30,4376591,연세대학교,방학,일요일·공휴일,16,16,1,16,13.67
30,4376601,세동,학기,평일,10,23,14,16,45.27
30,4376601,세동,학기,토요일,10,17,8,13,21.08
30,4376601,세동,학기,일요일·공휴일,12,19,8,17,23.57
30,4376601,세동,시험,평일,10,19,10,17,32.7
30,4376601,세동,시험,토요일,11,13,3,11,14.43
30,4376601,세동,시험,토요일,15,15,1,15,14.15
30,4376601,세동,시험,토요일,17,17,1,17,17.27
30,4376601,세동,시험,토요일,22,22,1,22,14.87
30,4376601,세동,시험,일요일·공휴일,14,14,1,14,14.16
30,4376601,세동,시험,일요일·공휴일,16,19,4,16,18.73
30,4376601,세동,시험,일요일·공휴일,21,21,1,21,17.46
30,4376601,세동,계절학기,평일,12,13,2,12,18.13
30,4376601,세동,계절학기,평일,16,17,2,17,24.77
30,4376601,세동,계절학기,토요일,11,12,2,11,16.14
30,4376601,세동,계절학기,토요일,14,14,1,14,14.33
30,4376601,세동,계절학기,토요일,16,16,1,16,14.72
30,4376601,세동,방학,평일,17,17,1,17,18.12
30,4376601,세동,방학,일요일·공휴일,11,12,2,12,15.22
30,4376601,세동,방학,일요일·공휴일,15,16,2,15,15.81
30,4376611,무수막마을,학기,평일,11,20,10,16,42.75
30,4376611,무수막마을,학기,평일,22,22,1,22,13.62
30,4376611,무수막마을,학기,토요일,08,08,1,08,13.98
30,4376611,무수막마을,학기,토요일,10,17,8,11,19.17
30,4376611,무수막마을,학기,일요일·공휴일,13,20,8,17,22.87
30,4376611,무수막마을,학기,일요일·공휴일,22,22,1,22,16.58
30,4376611,무수막마을,시험,평일,11,16,6,13,27.22
30,4376611,무수막마을,시험,평일,18,19,2,18,22.54
30,4376611,무수막마을,시험,토요일,12,12,1,12,14.35
30,4376611,무수막마을,시험,토요일,15,15,1,15,14.82
30,4376611,무수막마을,계절학기,평일,12,12,1,12,17.54
30,4376611,무수막마을,계절학기,평일,16,17,2,17,20.09
30,4376611,무수막마을,방학,평일,17,17,1,17,16.5
30,4376611,무수막마을,방학,일요일·공휴일,11,11,1,11,16.09
30,4376611,무수막마을,방학,일요일·공휴일,16,16,1,16,13.55
30,4376621,벌밤골,학기,평일,10,19,10,18,38.84
30,4376621,벌밤골,학기,토요일,10,14,5,14,17.71
30,4376621,벌밤골,학기,토요일,16,16,1,16,14.26
30,4376621,벌밤골,학기,일요일·공휴일,13,17,5,16,25.14
30,4376621,벌밤골,시험,평일,11,15,5,14,26.42
30,4376621,벌밤골,시험,평일,17,17,1,17,18.38
30,4376621,벌밤골,시험,토요일,15,15,1,15,15.15
30,4376621,벌밤골,시험,토요일,17,17,1,17,18.43
30,4376621,벌밤골,시험,일요일·공휴일,19,19,1,19,19.32
30,4376621,벌밤골,계절학기,평일,12,12,1,12,17.82
30,4376621,벌밤골,계절학기,평일,16,17,2,17,19.79
30,4376621,벌밤골,방학,평일,16,17,2,16,16.88
30,4376621,벌밤골,방학,일요일·공휴일,14,14,1,14,15.04
30,4376631,두산위브아파트,학기,평일,10,21,12,16,38.99
30,4376631,두산위브아파트,학기,토요일,10,17,8,16,18.98
30,4376631,두산위브아파트,학기,일요일·공휴일,12,20,9,12,23.24
30,4376631,두산위브아파트,시험,평일,09,17,9,16,26.89
30,4376631,두산위브아파트,시험,평일,19,19,1,19,13.64
30,4376631,두산위브아파트,시험,토요일,15,15,1,15,16.32
30,4376631,두산위브아파트,시험,토요일,17,17,1,17,18.1
30,4376631,두산위브아파트,시험,일요일·공휴일,14,14,1,14,14.91
30,4376631,두산위브아파트,시험,일요일·공휴일,19,19,1,19,17.16
30,4376631,두산위브아파트,시험,일요일·공휴일,21,21,1,21,17.79
30,4376631,두산위브아파트,계절학기,평일,12,12,1,12,17.81
30,4376631,두산위브아파트,계절학기,평일,14,14,1,14,14.65
30,4376631,두산위브아파트,계절학기,평일,16,17,2,17,21.84
30,4376631,두산위브아파트,계절학기,토요일,12,12,1,12,14.46
30,4376631,두산위브아파트,방학,평일,14,14,1,14,14.61
30,4376631,두산위브아파트,방학,평일,16,17,2,17,15.97
30,4376631,두산위브아파트,방학,일요일·공휴일,11,11,1,11,13.52
30,4376631,두산위브아파트,방학,일요일·공휴일,13,14,2,14,19.13
30,4376631,두산위브아파트,방학,일요일·공휴일,16,16,1,16,14.49
30,4376631,두산위브아파트,방학,일요일·공휴일,18,18,1,18,13.9
30,4376641,흥업지구대,학기,평일,10,21,12,16,43.09
30,4376641,흥업지구대,학기,평일,23,23,1,23,15.09
30,4376641,흥업지구대,학기,토요일,08,08,1,08,15.06
30,4376641,흥업지구대,학기,토요일,10,15,6,13,21.86
30,4376641,흥업지구대,학기,토요일,17,17,1,17,19.11
30,4376641,흥업지구대,학기,일요일·공휴일,12,22,11,17,23.88
30,4376641,흥업지구대,시험,평일,10,19,10,18,31.17
30,4376641,흥업지구대,시험,토요일,07,07,1,07,13.98
30,4376641,흥업지구대,시험,토요일,11,13,3,11,14.84
30,4376641,흥업지구대,시험,토요일,17,17,1,17,16.85
30,4376641,흥업지구대,시험,일요일·공휴일,14,14,1,14,13.24
30,4376641,흥업지구대,시험,일요일·공휴일,22,22,1,22,17.68
30,4376641,흥업지구대,계절학기,평일,12,12,1,12,18.25
30,4376641,흥업지구대,계절학기,평일,16,17,2,17,26.04
30,4376641,흥업지구대,계절학기,토요일,11,12,2,11,15.5
30,4376641,흥업지구대,계절학기,토요일,14,14,1,14,14.67
30,4376641,흥업지구대,방학,평일,14,14,1,14,15.23
30,4376641,흥업지구대,방학,평일,16,17,2,17,18.52
30,4376641,흥업지구대,방학,토요일,12,12,1,12,13.81
30,4376641,흥업지구대,방학,일요일·공휴일,12,13,2,13,16.25
30,4376641,흥업지구대,방학,일요일·공휴일,15,16,2,16,16.88
30,4376651,자감교.한라대입구,학기,평일,07,20,14,17,46.02
30,4376651,자감교.한라대입구,학기,토요일,10,17,8,12,20.69
30,4376651,자감교.한라대입구,학기,일요일·공휴일,12,12,1,12,18.52
30,4376651,자감교.한라대입구,학기,일요일·공휴일,14,17,4,16,26.34
30,4376651,자감교.한라대입구,학기,일요일·공휴일,20,20,1,20,18.22
30,4376651,자감교.한라대입구,시험,평일,10,10,1,10,13.6
30,4376651,자감교.한라대입구,시험,평일,12,12,1,12,21.46
30,4376651,자감교.한라대입구,시험,평일,14,17,4,15,34.71
30,4376651,자감교.한라대입구,시험,일요일·공휴일,12,12,1,12,14.92
30,4376651,자감교.한라대입구,시험,일요일·공휴일,14,14,1,14,14.24
30,4376651,자감교.한라대입구,계절학기,평일,07,07,1,07,14.36
30,4376651,자감교.한라대입구,계절학기,평일,12,12,1,12,18.72
30,4376651,자감교.한라대입구,계절학기,평일,16,17,2,17,21.09
30,4376651,자감교.한라대입구,계절학기,토요일,12,12,1,12,13.79
30,4376651,자감교.한라대입구,방학,평일,12,12,1,12,14.85
30,4376651,자감교.한라대입구,방학,평일,14,14,1,14,15.48
30,4376651,자감교.한라대입구,방학,토요일,12,12,1,12,17.54
30,4376651,자감교.한라대입구,방학,일요일·공휴일,11,12,2,11,20.33
30,4376651,자감교.한라대입구,방학,일요일·공휴일,15,15,1,15,19.65
30,4376651,자감교.한라대입구,방학,일요일·공휴일,18,18,1,18,16.06
30,4376661,자감교.한라대입구,학기,평일,07,13,7,09,28.29
30,4376661,자감교.한라대입구,학기,평일,15,22,8,21,26.39
30,4376661,자감교.한라대입구,학기,토요일,13,13,1,13,14.9
30,4376661,자감교.한라대입구,학기,토요일,15,18,4,16,15.96
30,4376661,자감교.한라대입구,학기,토요일,20,20,1,20,15.47
30,4376661,자감교.한라대입구,학기,토요일,22,22,1,22,16.99
30,4376661,자감교.한라대입구,학기,일요일·공휴일,14,22,9,16,43.8
30,4376661,자감교.한라대입구,시험,평일,08,08,1,08,18.86
30,4376661,자감교.한라대입구,시험,평일,12,13,2,12,24.27
30,4376661,자감교.한라대입구,시험,평일,15,17,3,16,20.77
30,4376661,자감교.한라대입구,시험,평일,20,21,2,20,19.56
30,4376661,자감교.한라대입구,시험,토요일,15,15,1,15,13.32
30,4376661,자감교.한라대입구,시험,일요일·공휴일,16,16,1,16,25.9
30,4376661,자감교.한라대입구,시험,일요일·공휴일,20,20,1,20,21.57
30,4376661,자감교.한라대입구,시험,일요일·공휴일,23,23,1,23,17.93
30,4376661,자감교.한라대입구,계절학기,평일,09,09,1,09,17.72
30,4376661,자감교.한라대입구,계절학기,평일,17,18,2,17,14.43
30,4376661,자감교.한라대입구,방학,일요일·공휴일,16,16,1,16,20.41
30,4376661,자감교.한라대입구,방학,일요일·공휴일,18,18,1,18,18.4
30,4376671,무실주공8차아파트,학기,평일,07,08,2,07,27.36
30,4376671,무실주공8차아파트,학기,평일,10,22,13,16,35.04
30,4376671,무실주공8차아파트,학기,토요일,07,17,11,13,18.95
30,4376671,무실주공8차아파트,학기,일요일·공휴일,12,14,3,13,16.38
30,4376671,무실주공8차아파트,학기,일요일·공휴일,16,22,7,17,21.05
30,4376671,무실주공8차아파트,시험,평일,07,07,1,07,20.43
30,4376671,무실주공8차아파트,시험,평일,11,19,9,16,28.65
30,4376671,무실주공8차아파트,시험,평일,22,22,1,22,13.58
30,4376671,무실주공8차아파트,시험,토요일,07,07,1,07,17.32
30,4376671,무실주공8차아파트,시험,토요일,11,11,1,11,14.51
30,4376671,무실주공8차아파트,시험,토요일,16,17,2,17,15.1
30,4376671,무실주공8차아파트,시험,일요일·공휴일,14,14,1,14,14.57
30,4376671,무실주공8차아파트,시험,일요일·공휴일,17,21,5,19,18.99
30,4376671,무실주공8차아파트,계절학기,평일,07,07,1,07,20.95
30,4376671,무실주공8차아파트,계절학기,평일,12,12,1,12,18.34
30,4376671,무실주공8차아파트,계절학기,평일,15,18,4,16,23.09
30,4376671,무실주공8차아파트,계절학기,토요일,11,11,1,11,15.57
30,4376671,무실주공8차아파트,계절학기,일요일·공휴일,12,12,1,12,13.78
30,4376671,무실주공8차아파트,방학,평일,07,07,1,07,18.61
30,4376671,무실주공8차아파트,방학,평일,16,17,2,17,14.32
30,4376671,무실주공8차아파트,방학,토요일,12,12,1,12,13.47
30,4376671,무실주공8차아파트,방학,일요일·공휴일,16,16,1,16,19.44
30,4376671,무실주공8차아파트,방학,일요일·공휴일,19,19,1,19,13.48
30,4376681,원주교도소,학기,평일,07,09,3,07,25.57
30,4376681,원주교도소,학기,평일,11,22,12,16,30.97
30,4376681,원주교도소,학기,토요일,08,08,1,08,13.85
30,4376681,원주교도소,학기,토요일,11,17,7,11,20.96
30,4376681,원주교도소,학기,일요일·공휴일,10,10,1,10,13.61
30,4376681,원주교도소,학기,일요일·공휴일,13,14,2,13,15.46
30,4376681,원주교도소,학기,일요일·공휴일,16,20,5,16,21.55
30,4376681,원주교도소,학기,일요일·공휴일,22,22,1,22,14.68
30,4376681,원주교도소,시험,평일,07,09,3,07,19.03
30,4376681,원주교도소,시험,평일,11,19,9,16,27.76
30,4376681,원주교도소,시험,토요일,17,17,1,17,15.43
30,4376681,원주교도소,시험,일요일·공휴일,17,17,1,17,18.09
30,4376681,원주교도소,시험,일요일·공휴일,20,21,2,21,18.96
30,4376681,원주교도소,계절학기,평일,07,07,1,07,14.74
30,4376681,원주교도소,계절학기,평일,12,12,1,12,15.11
30,4376681,원주교도소,계절학기,평일,15,18,4,16,19.68
30,4376681,원주교도소,계절학기,토요일,11,11,1,11,14.5
30,4376681,원주교도소,방학,평일,07,07,1,07,16.67
30,4376681,원주교도소,방학,평일,12,12,1,12,13.88
30,4376681,원주교도소,방학,평일,14,14,1,14,14.68
30,4376681,원주교도소,방학,평일,17,17,1,17,13.95
30,4376681,원주교도소,방학,토요일,12,12,1,12,14.4
30,4376681,원주교도소,방학,일요일·공휴일,16,16,1,16,15.9
30,4376691,단계은행아파트,학기,평일,07,08,2,08,26.88
30,4376691,단계은행아파트,학기,평일,11,11,1,11,15.61
30,4376691,단계은행아파트,학기,평일,13,13,1,13,13.83
30,4376691,단계은행아파트,학기,평일,16,16,1,16,15.34
30,4376691,단계은행아파트,학기,평일,18,18,1,18,16.04
30,4376691,단계은행아파트,학기,평일,22,22,1,22,14.34
30,4376691,단계은행아파트,학기,토요일,16,16,1,16,13.94
30,4376691,단계은행아파트,학기,일요일·공휴일,14,22,9,16,26.7
30,4376691,단계은행아파트,시험,평일,09,09,1,09,13.22
30,4376691,단계은행아파트,시험,평일,11,13,3,11,20.72
30,4376691,단계은행아파트,시험,평일,15,18,4,16,19.56
30,4376691,단계은행아파트,시험,평일,20,20,1,20,14.65
30,4376691,단계은행아파트,시험,일요일·공휴일,14,14,1,14,14.74
30,4376691,단계은행아파트,시험,일요일·공휴일,18,19,2,19,18.82
30,4376701,꿈드림새마을금고,학기,평일,07,09,3,08,32.17
30,4376701,꿈드림새마을금고,학기,평일,11,11,1,11,17.04
30,4376701,꿈드림새마을금고,학기,평일,14,14,1,14,13.51
30,4376701,꿈드림새마을금고,학기,평일,16,18,3,18,15.79
30,4376701,꿈드림새마을금고,학기,평일,22,22,1,22,14.98
30,4376701,꿈드림새마을금고,학기,토요일,11,11,1,11,13.31
30,4376701,꿈드림새마을금고,학기,토요일,15,15,1,15,14.06
30,4376701,꿈드림새마을금고,학기,일요일·공휴일,14,22,9,16,25.0
30,4376701,꿈드림새마을금고,시험,평일,08,08,1,08,18.04
30,4376701,꿈드림새마을금고,시험,평일,11,19,9,11,19.56
30,4376701,꿈드림새마을금고,시험,토요일,07,07,1,07,13.98
30,4376701,꿈드림새마을금고,시험,토요일,22,22,1,22,17.53
30,4376701,꿈드림새마을금고,시험,일요일·공휴일,14,14,1,14,16.74
30,4376701,꿈드림새마을금고,시험,일요일·공휴일,16,16,1,16,18.73
30,4376701,꿈드림새마을금고,시험,일요일·공휴일,19,19,1,19,20.49
30,4376701,꿈드림새마을금고,시험,일요일·공휴일,21,21,1,21,18.13
30,4376701,꿈드림새마을금고,계절학기,평일,16,16,1,16,14.54
30,4376701,꿈드림새마을금고,방학,일요일·공휴일,16,16,1,16,13.88
30,4376711,우리병원,학기,일요일·공휴일,13,13,1,13,13.33
30,4376711,우리병원,학기,일요일·공휴일,15,17,3,16,17.64
30,4376711,우리병원,학기,일요일·공휴일,19,19,1,19,15.45
30,4376711,우리병원,학기,일요일·공휴일,22,22,1,22,15.91
30,4376711,우리병원,시험,평일,11,12,2,12,15.69
30,4376711,우리병원,시험,평일,14,14,1,14,14.06
30,4376711,우리병원,시험,평일,16,17,2,17,16.88
30,4376711,우리병원,계절학기,평일,16,17,2,17,14.93
30,4379181,연세대(시내방면),학기,평일,15,18,4,16,27.61
30,4379181,연세대(시내방면),학기,일요일·공휴일,12,12,1,12,17.29
30,4379181,연세대(시내방면),시험,평일,11,18,8,16,20.41
30,4379181,연세대(시내방면),시험,토요일,17,17,1,17,13.6
30,4379181,연세대(시내방면),시험,토요일,22,22,1,22,14.53
30,4379181,연세대(시내방면),시험,일요일·공휴일,12,12,1,12,13.42
30,4379181,연세대(시내방면),시험,일요일·공휴일,16,22,7,16,17.73
30,4379181,연세대(시내방면),계절학기,평일,16,17,2,17,14.5
30,4379191,연세대정문,학기,평일,08,13,6,09,26.25
30,4379191,연세대정문,학기,평일,15,16,2,16,16.11
30,4379191,연세대정문,학기,평일,18,18,1,18,14.39
30,4379191,연세대정문,학기,토요일,16,16,1,16,13.87
30,4379191,연세대정문,학기,일요일·공휴일,13,13,1,13,20.91
30,4379191,연세대정문,학기,일요일·공휴일,15,22,8,16,30.83
30,4379191,연세대정문,시험,평일,08,08,1,08,14.61
30,4379191,연세대정문,시험,평일,11,12,2,11,16.67
30,4379191,연세대정문,시험,평일,15,15,1,15,19.11
30,4379191,연세대정문,시험,평일,18,18,1,18,16.74
30,4379191,연세대정문,시험,평일,20,21,2,20,16.82
30,4379191,연세대정문,시험,토요일,22,22,1,22,16.37
30,4379191,연세대정문,시험,일요일·공휴일,16,16,1,16,23.23
30,4379191,연세대정문,시험,일요일·공휴일,22,22,1,22,21.6
30,4379191,연세대정문,계절학기,평일,17,17,1,17,13.76
30,4379191,연세대정문,방학,평일,12,12,1,12,13.31
30,4379191,연세대정문,방학,일요일·공휴일,16,16,1,16,17.31
30,4383871,뜨란채,학기,평일,06,22,17,18,27.34
30,4383871,뜨란채,학기,토요일,10,10,1,10,14.41
30,4383871,뜨란채,학기,토요일,12,20,9,15,18.41
30,4383871,뜨란채,학기,일요일·공휴일,12,23,12,17,38.48
30,4383871,뜨란채,시험,평일,07,09,3,08,19.54
30,4383871,뜨란채,시험,평일,11,15,5,12,19.03
30,4383871,뜨란채,시험,평일,17,18,2,17,23.48
30,4383871,뜨란채,시험,평일,20,20,1,20,16.27
30,4383871,뜨란채,시험,토요일,17,17,1,17,17.1
30,4383871,뜨란채,시험,일요일·공휴일,12,12,1,12,14.92
30,4383871,뜨란채,시험,일요일·공휴일,14,14,1,14,16.41
30,4383871,뜨란채,시험,일요일·공휴일,19,19,1,19,20.82
30,4383871,뜨란채,시험,일요일·공휴일,22,23,2,22,20.35
30,4383871,뜨란채,계절학기,평일,07,07,1,07,13.31
30,4383871,뜨란채,계절학기,평일,17,17,1,17,18.59
30,4383871,뜨란채,방학,평일,15,15,1,15,13.5
30,4383871,뜨란채,방학,일요일·공휴일,13,13,1,13,15.28
30,4383871,뜨란채,방학,일요일·공휴일,16,17,2,16,17.31
30,4385561,부영아파트사거리,학기,평일,06,22,17,18,29.34
30,4385561,부영아파트사거리,학기,토요일,10,10,1,10,13.84
30,4385561,부영아파트사거리,학기,토요일,12,22,11,21,20.1
30,4385561,부영아파트사거리,학기,일요일·공휴일,12,23,12,21,42.53
30,4385561,부영아파트사거리,시험,평일,07,09,3,08,20.89
30,4385561,부영아파트사거리,시험,평일,11,22,12,17,24.38
30,4385561,부영아파트사거리,시험,토요일,11,11,1,11,14.18
30,4385561,부영아파트사거리,시험,토요일,15,15,1,15,13.32
30,4385561,부영아파트사거리,시험,토요일,17,17,1,17,18.1
30,4385561,부영아파트사거리,시험,토요일,22,22,1,22,19.37
30,4385561,부영아파트사거리,시험,일요일·공휴일,12,12,1,12,14.58
30,4385561,부영아파트사거리,시험,일요일·공휴일,16,23,8,21,26.63
30,4385561,부영아파트사거리,계절학기,평일,16,18,3,17,18.51
30,4385561,부영아파트사거리,계절학기,토요일,11,11,1,11,14.29
30,4385561,부영아파트사거리,방학,평일,12,12,1,12,13.58
30,4385561,부영아파트사거리,방학,평일,20,20,1,20,13.95
30,4385561,부영아파트사거리,방학,일요일·공휴일,12,12,1,12,13.81
30,4385561,부영아파트사거리,방학,일요일·공휴일,15,18,4,15,17.3
30,4387531,장양삼거리,학기,평일,12,12,1,12,14.5
30,4388781,원주역(흥업방면.승차전용),학기,평일,07,22,16,09,31.95
30,4388781,원주역(흥업방면.승차전용),학기,토요일,13,13,1,13,14.33
30,4388781,원주역(흥업방면.승차전용),학기,토요일,16,22,7,16,22.34
30,4388781,원주역(흥업방면.승차전용),학기,일요일·공휴일,12,22,11,21,47.54
30,4388781,원주역(흥업방면.승차전용),시험,평일,08,09,2,09,20.62
30,4388781,원주역(흥업방면.승차전용),시험,평일,11,22,12,12,25.07
30,4388781,원주역(흥업방면.승차전용),시험,토요일,16,17,2,17,15.43
30,4388781,원주역(흥업방면.승차전용),시험,일요일·공휴일,14,14,1,14,13.41
30,4388781,원주역(흥업방면.승차전용),시험,일요일·공휴일,16,22,7,16,27.9
30,4388781,원주역(흥업방면.승차전용),계절학기,평일,09,09,1,09,19.97
30,4388781,원주역(흥업방면.승차전용),계절학기,평일,17,18,2,17,15.82
30,4388781,원주역(흥업방면.승차전용),계절학기,평일,20,20,1,20,14.68
30,4388781,원주역(흥업방면.승차전용),계절학기,토요일,11,11,1,11,16.67
30,4388781,원주역(흥업방면.승차전용),방학,평일,09,09,1,09,15.22
30,4388781,원주역(흥업방면.승차전용),방학,평일,12,13,2,12,15.34
30,4388781,원주역(흥업방면.승차전용),방학,평일,16,16,1,16,13.35
30,4388781,원주역(흥업방면.승차전용),방학,일요일·공휴일,15,16,2,16,22.74
30,4388781,원주역(흥업방면.승차전용),방학,일요일·공휴일,18,18,1,18,16.73
30,4388781,원주역(흥업방면.승차전용),방학,일요일·공휴일,20,20,1,20,14.5
30,4388781,원주역(흥업방면.승차전용),방학,일요일·공휴일,22,22,1,22,16.3
30,4389081,원주역(시내방면.승차전용),학기,평일,07,22,16,16,51.98
30,4389081,원주역(시내방면.승차전용),학기,토요일,07,18,12,13,30.35
30,4389081,원주역(시내방면.승차전용),학기,일요일·공휴일,07,07,1,07,13.35
30,4389081,원주역(시내방면.승차전용),학기,일요일·공휴일,10,21,12,16,31.67
30,4389081,원주역(시내방면.승차전용),시험,평일,07,08,2,07,18.08
30,4389081,원주역(시내방면.승차전용),시험,평일,10,19,10,18,35.36
30,4389081,원주역(시내방면.승차전용),시험,토요일,07,07,1,07,19.15
30,4389081,원주역(시내방면.승차전용),시험,토요일,11,12,2,11,15.43
30,4389081,원주역(시내방면.승차전용),시험,토요일,15,17,3,17,21.77
30,4389081,원주역(시내방면.승차전용),시험,토요일,22,22,1,22,17.2
30,4389081,원주역(시내방면.승차전용),시험,일요일·공휴일,11,14,4,14,15.57
30,4389081,원주역(시내방면.승차전용),시험,일요일·공휴일,16,20,5,16,20.57
30,4389081,원주역(시내방면.승차전용),계절학기,평일,07,07,1,07,22.48
30,4389081,원주역(시내방면.승차전용),계절학기,평일,11,12,2,12,26.28
30,4389081,원주역(시내방면.승차전용),계절학기,평일,15,17,3,16,25.68
30,4389081,원주역(시내방면.승차전용),계절학기,토요일,11,12,2,11,18.14
30,4389081,원주역(시내방면.승차전용),계절학기,토요일,15,16,2,16,16.29
30,4389081,원주역(시내방면.승차전용),계절학기,일요일·공휴일,12,12,1,12,17.56
30,4389081,원주역(시내방면.승차전용),방학,평일,07,07,1,07,21.44
30,4389081,원주역(시내방면.승차전용),방학,평일,11,19,9,13,20.12
30,4389081,원주역(시내방면.승차전용),방학,토요일,11,13,3,12,20.48
30,4389081,원주역(시내방면.승차전용),방학,일요일·공휴일,11,18,8,15,22.31
30,4389451,원주역(하차전용),학기,평일,08,10,3,09,19.14
30,4389451,원주역(하차전용),학기,평일,12,13,2,12,17.18
30,4389451,원주역(하차전용),학기,평일,15,22,8,21,24.74
30,4389451,원주역(하차전용),학기,토요일,15,22,8,16,17.73
30,4389451,원주역(하차전용),학기,일요일·공휴일,13,22,10,20,38.64
30,4389451,원주역(하차전용),시험,평일,07,09,3,07,15.41
30,4389451,원주역(하차전용),시험,평일,11,13,3,12,19.72
30,4389451,원주역(하차전용),시험,평일,15,21,7,17,21.68
30,4389451,원주역(하차전용),시험,토요일,17,17,1,17,16.43
30,4389451,원주역(하차전용),시험,토요일,22,22,1,22,18.7
30,4389451,원주역(하차전용),시험,일요일·공휴일,12,12,1,12,13.75
30,4389451,원주역(하차전용),시험,일요일·공휴일,14,14,1,14,15.24
30,4389451,원주역(하차전용),시험,일요일·공휴일,17,20,4,19,20.82
30,4389451,원주역(하차전용),시험,일요일·공휴일,22,22,1,22,21.85
30,4389451,원주역(하차전용),계절학기,평일,17,17,1,17,16.76
30,4389451,원주역(하차전용),방학,일요일·공휴일,20,20,1,20,13.64
30,4389461,마재길,학기,평일,07,09,3,08,21.04
30,4389461,마재길,학기,평일,11,22,12,18,32.73
30,4389461,마재길,학기,토요일,13,13,1,13,13.2
30,4389461,마재길,학기,토요일,15,17,3,16,16.6
30,4389461,마재길,학기,토요일,21,21,1,21,15.9
30,4389461,마재길,학기,일요일·공휴일,12,20,9,20,38.29
30,4389461,마재길,학기,일요일·공휴일,22,22,1,22,25.83
30,4389461,마재길,시험,평일,08,09,2,08,15.98
30,4389461,마재길,시험,평일,12,12,1,12,22.41
30,4389461,마재길,시험,평일,14,20,7,16,25.73
30,4389461,마재길,시험,토요일,17,17,1,17,18.43
30,4389461,마재길,시험,일요일·공휴일,12,12,1,12,14.08
30,4389461,마재길,계절학기,평일,17,18,2,17,15.59
30,4389461,마재길,방학,일요일·공휴일,12,12,1,12,13.22
30,4389461,마재길,방학,일요일·공휴일,16,18,3,16,21.65
30,4389471,마재길,학기,평일,07,07,1,07,14.82
30,4389471,마재길,학기,평일,11,13,3,12,25.71
30,4389471,마재길,학기,평일,15,16,2,16,19.16
30,4389471,마재길,학기,평일,18,22,5,18,16.75
30,4389471,마재길,학기,토요일,15,15,1,15,14.25
30,4389471,마재길,학기,토요일,20,20,1,20,15.32
30,4389471,마재길,학기,일요일·공휴일,12,20,9,20,45.63
30,4389471,마재길,학기,일요일·공휴일,22,22,1,22,25.35
30,4389471,마재길,시험,평일,08,08,1,08,16.98
30,4389471,마재길,시험,평일,11,11,1,11,21.14
30,4389471,마재길,시험,평일,13,13,1,13,13.41
30,4389471,마재길,시험,평일,15,18,4,18,20.32
30,4389471,마재길,시험,평일,20,20,1,20,14.65
30,4389471,마재길,시험,토요일,16,16,1,16,14.94
30,4389471,마재길,시험,일요일·공휴일,16,16,1,16,16.9
30,4389471,마재길,시험,일요일·공휴일,18,18,1,18,18.63
30,4389471,마재길,시험,일요일·공휴일,20,20,1,20,22.74
30,4389471,마재길,계절학기,평일,09,09,1,09,14.58
30,4389471,마재길,계절학기,평일,18,18,1,18,13.71
30,4389471,마재길,방학,평일,13,13,1,13,14.77
30,4389471,마재길,방학,일요일·공휴일,13,13,1,13,20.13
30,4389471,마재길,방학,일요일·공휴일,15,16,2,16,20.39
30,4389571,상지대.예술관앞,학기,평일,08,08,1,08,19.08
30,4389571,상지대.예술관앞,학기,평일,11,12,2,11,16.5
30,4389571,상지대.예술관앞,학기,평일,17,18,2,17,22.62
30,4389571,상지대.예술관앞,시험,평일,11,13,3,13,16.9
30,4389571,상지대.예술관앞,시험,토요일,17,17,1,17,14.77
30,4389581,상지대.학술정보원앞,학기,평일,08,08,1,08,13.42
30,4389581,상지대.학술정보원앞,학기,평일,17,18,2,17,31.59
30,4389581,상지대.학술정보원앞,시험,평일,11,11,1,11,16.34
30,4389581,상지대.학술정보원앞,시험,평일,13,13,1,13,16.05
30,4389581,상지대.학술정보원앞,시험,평일,17,17,1,17,15.18
31,4370231,대림아파트,학기,평일,07,17,11,07,29.19
31,4370231,대림아파트,학기,토요일,08,13,6,10,25.12
31,4370231,대림아파트,학기,일요일·공휴일,10,10,1,10,21.95
31,4370231,대림아파트,시험,평일,07,17,11,07,26.27
31,4370231,대림아파트,시험,토요일,07,07,1,07,13.96
31,4370231,대림아파트,시험,토요일,09,10,2,10,16.47
31,4370231,대림아파트,시험,토요일,15,15,1,15,14.71
31,4370231,대림아파트,시험,일요일·공휴일,12,13,2,13,19.86
31,4370231,대림아파트,시험,일요일·공휴일,15,15,1,15,14.4
31,4370231,대림아파트,계절학기,평일,07,17,11,07,24.5
31,4370231,대림아파트,계절학기,토요일,11,11,1,11,14.98
31,4370231,대림아파트,방학,평일,07,15,9,10,27.89
31,4370231,대림아파트,방학,평일,17,17,1,17,16.3
31,4370231,대림아파트,방학,토요일,09,13,5,10,24.02
31,4370231,대림아파트,방학,토요일,15,15,1,15,13.6
31,4370231,대림아파트,방학,일요일·공휴일,10,10,1,10,13.63
31,4370231,대림아파트,방학,일요일·공휴일,13,13,1,13,17.29
31,4370231,대림아파트,방학,일요일·공휴일,15,15,1,15,14.78
31,4370241,원주의료원,학기,평일,07,07,1,07,13.56
31,4370241,원주의료원,학기,평일,09,18,10,17,27.15
31,4370241,원주의료원,학기,토요일,10,17,8,13,21.91
31,4370241,원주의료원,학기,일요일·공휴일,14,18,5,15,18.25
31,4370241,원주의료원,학기,일요일·공휴일,20,20,1,20,22.15
31,4370241,원주의료원,시험,평일,07,18,12,15,22.76
31,4370241,원주의료원,시험,토요일,09,10,2,10,15.81
31,4370241,원주의료원,시험,토요일,13,13,1,13,16.84
31,4370241,원주의료원,시험,토요일,16,16,1,16,18.27
31,4370241,원주의료원,시험,일요일·공휴일,15,15,1,15,18.23
31,4370241,원주의료원,계절학기,평일,11,18,8,15,22.82
31,4370241,원주의료원,계절학기,토요일,12,12,1,12,13.37
31,4370241,원주의료원,계절학기,토요일,14,14,1,14,14.66
31,4370241,원주의료원,방학,평일,10,18,9,16,31.52
31,4370241,원주의료원,방학,토요일,10,11,2,11,18.27
31,4370241,원주의료원,방학,토요일,13,13,1,13,14.96
31,4370241,원주의료원,방학,토요일,15,16,2,16,17.31
31,4370241,원주의료원,방학,일요일·공휴일,13,14,2,13,17.82
31,4370251,젊음의광장사거리,학기,평일,07,17,11,07,36.48
31,4370251,젊음의광장사거리,학기,토요일,08,16,9,10,29.28
31,4370251,젊음의광장사거리,학기,일요일·공휴일,10,10,1,10,21.58
31,4370251,젊음의광장사거리,학기,일요일·공휴일,12,12,1,12,14.17
31,4370251,젊음의광장사거리,학기,일요일·공휴일,17,17,1,17,14.19
31,4370251,젊음의광장사거리,시험,평일,07,11,5,08,23.29
31,4370251,젊음의광장사거리,시험,평일,13,18,6,16,20.3
31,4370251,젊음의광장사거리,시험,토요일,10,10,1,10,17.64
31,4370251,젊음의광장사거리,시험,일요일·공휴일,10,10,1,10,18.93
31,4370251,젊음의광장사거리,시험,일요일·공휴일,13,13,1,13,21.36
31,4370251,젊음의광장사거리,계절학기,평일,07,17,11,10,30.2
31,4370251,젊음의광장사거리,계절학기,토요일,08,09,2,08,14.7
31,4370251,젊음의광장사거리,계절학기,토요일,14,14,1,14,14.18
31,4370251,젊음의광장사거리,계절학기,토요일,17,17,1,17,17.01
31,4370251,젊음의광장사거리,계절학기,일요일·공휴일,12,12,1,12,13.49
31,4370251,젊음의광장사거리,방학,평일,07,17,11,13,40.79
31,4370251,젊음의광장사거리,방학,토요일,08,13,6,10,26.57
31,4370251,젊음의광장사거리,방학,토요일,15,15,1,15,14.55
31,4370251,젊음의광장사거리,방학,일요일·공휴일,09,10,2,10,16.96
31,4370251,젊음의광장사거리,방학,일요일·공휴일,13,13,1,13,15.14
31,4370251,젊음의광장사거리,방학,일요일·공휴일,15,15,1,15,15.69
31,4370261,개운현대아파트,학기,평일,07,17,11,08,29.96
31,4370261,개운현대아파트,학기,토요일,08,15,8,10,28.96
31,4370261,개운현대아파트,학기,일요일·공휴일,09,10,2,10,23.02
31,4370261,개운현대아파트,학기,일요일·공휴일,12,12,1,12,18.0
31,4370261,개운현대아파트,학기,일요일·공휴일,15,15,1,15,15.86
31,4370261,개운현대아파트,학기,일요일·공휴일,17,17,1,17,14.22
31,4370261,개운현대아파트,시험,평일,07,14,8,08,24.14
31,4370261,개운현대아파트,시험,평일,16,18,3,16,24.21
31,4370261,개운현대아파트,시험,토요일,13,13,1,13,17.68
31,4370261,개운현대아파트,시험,토요일,15,15,1,15,15.21
31,4370261,개운현대아파트,시험,일요일·공휴일,10,10,1,10,19.93
31,4370261,개운현대아파트,시험,일요일·공휴일,12,13,2,13,21.69
31,4370261,개운현대아파트,계절학기,평일,07,17,11,11,27.69
31,4370261,개운현대아파트,계절학기,토요일,08,09,2,08,15.7
31,4370261,개운현대아파트,계절학기,토요일,12,12,1,12,15.54
31,4370261,개운현대아파트,계절학기,토요일,16,16,1,16,13.27
31,4370261,개운현대아파트,계절학기,일요일·공휴일,10,10,1,10,13.33
31,4370261,개운현대아파트,방학,평일,07,17,11,13,40.16
31,4370261,개운현대아파트,방학,토요일,08,13,6,10,28.88
31,4370261,개운현대아파트,방학,토요일,15,16,2,15,14.71
31,4370261,개운현대아파트,방학,일요일·공휴일,09,10,2,10,19.07
31,4370261,개운현대아파트,방학,일요일·공휴일,12,15,4,13,18.81
31,4370271,대성현대아파트,학기,평일,07,18,12,10,30.23
31,4370271,대성현대아파트,학기,토요일,08,16,9,10,34.66
31,4370271,대성현대아파트,학기,일요일·공휴일,09,10,2,10,26.02
31,4370271,대성현대아파트,학기,일요일·공휴일,12,15,4,12,17.86
31,4370271,대성현대아파트,시험,평일,07,18,12,17,27.0
31,4370271,대성현대아파트,시험,토요일,10,10,1,10,18.81
31,4370271,대성현대아파트,시험,토요일,16,16,1,16,16.44
31,4370271,대성현대아파트,시험,일요일·공휴일,09,09,1,09,14.02
31,4370271,대성현대아파트,시험,일요일·공휴일,12,12,1,12,16.29
31,4370271,대성현대아파트,시험,일요일·공휴일,15,15,1,15,15.23
31,4370271,대성현대아파트,계절학기,평일,07,17,11,10,28.9
31,4370271,대성현대아파트,계절학기,토요일,09,09,1,09,15.06
31,4370271,대성현대아파트,계절학기,토요일,12,12,1,12,20.04
31,4370271,대성현대아파트,방학,평일,07,18,12,10,36.62
31,4370271,대성현대아파트,방학,토요일,08,13,6,10,27.77
31,4370271,대성현대아파트,방학,토요일,15,15,1,15,15.11
31,4370271,대성현대아파트,방학,일요일·공휴일,09,10,2,10,23.05
31,4370271,대성현대아파트,방학,일요일·공휴일,12,13,2,13,18.43
31,4370271,대성현대아파트,방학,일요일·공휴일,15,15,1,15,15.95
31,4370281,남원로남부시장,학기,평일,07,17,11,16,27.69
31,4370281,남원로남부시장,학기,토요일,08,15,8,10,32.41
31,4370281,남원로남부시장,학기,토요일,17,17,1,17,13.34
31,4370281,남원로남부시장,학기,일요일·공휴일,10,10,1,10,28.25
31,4370281,남원로남부시장,학기,일요일·공휴일,12,12,1,12,19.77
31,4370281,남원로남부시장,학기,일요일·공휴일,15,15,1,15,13.76
31,4370281,남원로남부시장,시험,평일,07,18,12,16,26.61
31,4370281,남원로남부시장,시험,토요일,09,09,1,09,14.63
31,4370281,남원로남부시장,시험,토요일,13,13,1,13,17.18
31,4370281,남원로남부시장,시험,일요일·공휴일,10,10,1,10,18.93
31,4370281,남원로남부시장,시험,일요일·공휴일,12,13,2,13,22.02
31,4370281,남원로남부시장,시험,일요일·공휴일,15,15,1,15,16.15
31,4370281,남원로남부시장,계절학기,평일,07,17,11,11,25.87
31,4370281,남원로남부시장,계절학기,토요일,09,09,1,09,15.13
31,4370281,남원로남부시장,계절학기,토요일,11,11,1,11,17.41
31,4370281,남원로남부시장,계절학기,토요일,14,14,1,14,14.16
31,4370281,남원로남부시장,계절학기,토요일,16,16,1,16,13.6
31,4370281,남원로남부시장,계절학기,일요일·공휴일,10,10,1,10,13.79
31,4370281,남원로남부시장,계절학기,일요일·공휴일,12,12,1,12,14.13
31,4370281,남원로남부시장,방학,평일,07,17,11,13,35.84
31,4370281,남원로남부시장,방학,토요일,08,15,8,10,29.24
31,4370281,남원로남부시장,방학,일요일·공휴일,09,11,3,10,25.11
31,4370281,남원로남부시장,방학,일요일·공휴일,13,13,1,13,19.35
31,4370281,남원로남부시장,방학,일요일·공휴일,15,15,1,15,14.86
31,4370371,풍물시장,학기,평일,07,17,11,16,24.5
31,4370371,풍물시장,학기,토요일,09,16,8,10,25.38
31,4370371,풍물시장,학기,일요일·공휴일,10,12,3,10,24.18
31,4370371,풍물시장,학기,일요일·공휴일,14,14,1,14,13.82
31,4370371,풍물시장,시험,평일,07,17,11,16,23.01
31,4370371,풍물시장,시험,토요일,09,10,2,10,18.47
31,4370371,풍물시장,시험,토요일,13,13,1,13,16.84
31,4370371,풍물시장,시험,토요일,15,16,2,16,15.61
31,4370371,풍물시장,시험,일요일·공휴일,10,10,1,10,15.26
31,4370371,풍물시장,시험,일요일·공휴일,12,13,2,13,20.19
31,4370371,풍물시장,시험,일요일·공휴일,15,16,2,16,14.05
31,4370371,풍물시장,계절학기,평일,07,17,11,11,20.23
31,4370371,풍물시장,계절학기,토요일,08,09,2,08,14.03
31,4370371,풍물시장,계절학기,토요일,11,12,2,12,17.75
31,4370371,풍물시장,계절학기,토요일,16,16,1,16,13.27
31,4370371,풍물시장,방학,평일,08,17,10,10,27.96
31,4370371,풍물시장,방학,토요일,09,13,5,10,23.38
31,4370371,풍물시장,방학,토요일,15,16,2,15,14.99
31,4370371,풍물시장,방학,일요일·공휴일,10,10,1,10,17.71
31,4370371,풍물시장,방학,일요일·공휴일,13,13,1,13,14.63
31,4370371,풍물시장,방학,일요일·공휴일,15,15,1,15,16.5
31,4370381,평원로중앙시장,학기,평일,08,08,1,08,13.38
31,4370381,평원로중앙시장,학기,평일,15,18,4,17,19.59
31,4370381,평원로중앙시장,학기,토요일,09,13,5,13,17.29
31,4370381,평원로중앙시장,학기,토요일,15,16,2,16,15.5
31,4370381,평원로중앙시장,학기,일요일·공휴일,10,10,1,10,16.85
31,4370381,평원로중앙시장,시험,평일,08,09,2,08,13.98
31,4370381,평원로중앙시장,시험,평일,12,17,6,16,21.81
31,4370381,평원로중앙시장,시험,토요일,09,10,2,10,15.47
31,4370381,평원로중앙시장,시험,토요일,13,13,1,13,16.51
31,4370381,평원로중앙시장,시험,토요일,15,16,2,16,13.77
31,4370381,평원로중앙시장,시험,일요일·공휴일,10,10,1,10,14.76
31,4370381,평원로중앙시장,시험,일요일·공휴일,13,13,1,13,18.36
31,4370381,평원로중앙시장,시험,일요일·공휴일,15,16,2,15,15.23
31,4370381,평원로중앙시장,계절학기,평일,10,11,2,11,15.75
31,4370381,평원로중앙시장,계절학기,평일,14,16,3,15,19.78
31,4370381,평원로중앙시장,계절학기,토요일,11,12,2,11,15.26
31,4370381,평원로중앙시장,계절학기,토요일,16,17,2,17,17.01
31,4370381,평원로중앙시장,방학,평일,10,14,5,13,18.71
31,4370381,평원로중앙시장,방학,평일,16,17,2,17,17.14
31,4370381,평원로중앙시장,방학,토요일,10,13,4,13,19.15
31,4370381,평원로중앙시장,방학,일요일·공휴일,10,10,1,10,13.81
31,4370381,평원로중앙시장,방학,일요일·공휴일,15,15,1,15,14.89
31,4370401,YWCA,학기,평일,10,18,9,17,25.98
31,4370401,YWCA,학기,토요일,09,17,9,11,21.81
31,4370401,YWCA,학기,일요일·공휴일,10,10,1,10,17.68
31,4370401,YWCA,학기,일요일·공휴일,12,13,2,12,15.0
31,4370401,YWCA,학기,일요일·공휴일,15,17,3,16,15.18
31,4370401,YWCA,시험,평일,09,09,1,09,13.32
31,4370401,YWCA,시험,평일,11,14,4,14,18.36
31,4370401,YWCA,시험,평일,16,18,3,16,23.39
31,4370401,YWCA,시험,토요일,10,10,1,10,15.81
31,4370401,YWCA,시험,토요일,13,13,1,13,17.18
31,4370401,YWCA,시험,일요일·공휴일,10,10,1,10,14.76
31,4370401,YWCA,시험,일요일·공휴일,13,13,1,13,19.53
31,4370401,YWCA,시험,일요일·공휴일,15,16,2,16,16.47
31,4370401,YWCA,계절학기,평일,10,18,9,15,20.87
31,4370401,YWCA,계절학기,토요일,11,11,1,11,19.64
31,4370401,YWCA,계절학기,토요일,14,14,1,14,13.44
31,4370401,YWCA,계절학기,토요일,16,16,1,16,15.1
31,4370401,YWCA,방학,평일,10,18,9,18,25.17
31,4370401,YWCA,방학,토요일,10,13,4,11,17.75
31,4370401,YWCA,방학,토요일,15,16,2,16,15.73
31,4370401,YWCA,방학,일요일·공휴일,10,10,1,10,17.24
31,4370401,YWCA,방학,일요일·공휴일,15,15,1,15,17.22
31,4370411,학성중학교정문,학기,평일,06,06,1,06,18.44
31,4370411,학성중학교정문,학기,평일,08,18,11,09,27.77
31,4370411,학성중학교정문,학기,토요일,09,14,6,10,23.95
31,4370411,학성중학교정문,학기,토요일,16,17,2,16,15.37
31,4370411,학성중학교정문,학기,일요일·공휴일,10,16,7,13,17.13
31,4370411,학성중학교정문,학기,일요일·공휴일,19,20,2,20,18.35
31,4370411,학성중학교정문,시험,평일,07,11,5,09,21.51
31,4370411,학성중학교정문,시험,평일,13,17,5,14,22.29
31,4370411,학성중학교정문,시험,토요일,09,09,1,09,14.96
31,4370411,학성중학교정문,시험,토요일,13,13,1,13,15.84
31,4370411,학성중학교정문,시험,토요일,16,16,1,16,14.61
31,4370411,학성중학교정문,시험,일요일·공휴일,11,11,1,11,14.05
31,4370411,학성중학교정문,시험,일요일·공휴일,13,14,2,13,22.02
31,4370411,학성중학교정문,시험,일요일·공휴일,16,16,1,16,14.64
31,4370411,학성중학교정문,시험,일요일·공휴일,19,19,1,19,14.35
31,4370411,학성중학교정문,계절학기,평일,07,17,11,13,23.34
31,4370411,학성중학교정문,계절학기,토요일,09,09,1,09,15.16
31,4370411,학성중학교정문,계절학기,토요일,17,17,1,17,17.67
31,4370411,학성중학교정문,방학,평일,08,11,4,09,22.07
31,4370411,학성중학교정문,방학,평일,13,17,5,16,21.82
31,4370411,학성중학교정문,방학,토요일,09,11,3,10,17.02
31,4370411,학성중학교정문,방학,토요일,13,13,1,13,18.85
31,4370411,학성중학교정문,방학,토요일,15,15,1,15,17.94
31,4370411,학성중학교정문,방학,일요일·공휴일,10,11,2,11,13.5
31,4370411,학성중학교정문,방학,일요일·공휴일,13,13,1,13,14.07
31,4370421,서원주유소,학기,평일,06,18,13,09,30.22
31,4370421,서원주유소,학기,토요일,09,11,3,11,21.49
31,4370421,서원주유소,학기,토요일,13,17,5,13,18.55
31,4370421,서원주유소,학기,일요일·공휴일,12,13,2,13,15.94
31,4370421,서원주유소,학기,일요일·공휴일,16,16,1,16,13.31
31,4370421,서원주유소,학기,일요일·공휴일,20,20,1,20,20.27
31,4370421,서원주유소,시험,평일,07,07,1,07,13.79
31,4370421,서원주유소,시험,평일,09,09,1,09,16.92
31,4370421,서원주유소,시험,평일,11,11,1,11,13.29
31,4370421,서원주유소,시험,평일,15,18,4,15,17.1
31,4370421,서원주유소,시험,토요일,09,09,1,09,13.8
31,4370421,서원주유소,시험,일요일·공휴일,13,13,1,13,22.36
31,4370421,서원주유소,시험,일요일·공휴일,17,17,1,17,14.57
31,4370421,서원주유소,시험,일요일·공휴일,19,19,1,19,14.01
31,4370421,서원주유소,계절학기,평일,08,11,4,09,20.95
31,4370421,서원주유소,계절학기,평일,13,15,3,15,19.39
31,4370421,서원주유소,계절학기,평일,17,17,1,17,17.31
31,4370421,서원주유소,계절학기,토요일,09,09,1,09,16.28
31,4370421,서원주유소,계절학기,토요일,17,17,1,17,16.51
31,4370421,서원주유소,방학,평일,08,17,10,13,23.84
31,4370421,서원주유소,방학,토요일,09,11,3,11,18.49
31,4370421,서원주유소,방학,토요일,13,16,4,15,16.34
31,4370421,서원주유소,방학,일요일·공휴일,13,13,1,13,14.36
31,4370421,서원주유소,방학,일요일·공휴일,15,15,1,15,16.09
31,4370431,옛합동청사,학기,평일,07,08,2,07,14.92
31,4370431,옛합동청사,학기,평일,10,18,9,17,23.27
31,4370431,옛합동청사,학기,토요일,10,16,7,11,19.94
31,4370431,옛합동청사,학기,일요일·공휴일,10,10,1,10,15.58
31,4370431,옛합동청사,학기,일요일·공휴일,13,17,5,17,13.99
31,4370431,옛합동청사,시험,평일,07,07,1,07,14.95
31,4370431,옛합동청사,시험,평일,09,10,2,09,15.76
31,4370431,옛합동청사,시험,평일,12,12,1,12,14.87
31,4370431,옛합동청사,시험,평일,14,18,5,14,19.91
31,4370431,옛합동청사,시험,토요일,13,13,1,13,16.84
31,4370431,옛합동청사,계절학기,평일,10,10,1,10,14.15
31,4370431,옛합동청사,계절학기,평일,13,16,4,15,19.04
31,4370431,옛합동청사,계절학기,평일,18,18,1,18,13.33
31,4370431,옛합동청사,계절학기,토요일,12,12,1,12,13.71
31,4370431,옛합동청사,계절학기,토요일,14,14,1,14,14.51
31,4370431,옛합동청사,계절학기,토요일,17,17,1,17,17.34
31,4370431,옛합동청사,방학,평일,10,18,9,18,22.6
31,4370431,옛합동청사,방학,토요일,09,11,3,10,16.45
31,4370431,옛합동청사,방학,토요일,13,13,1,13,16.94
31,4370431,옛합동청사,방학,토요일,15,15,1,15,15.4
31,4370431,옛합동청사,방학,일요일·공휴일,10,10,1,10,15.33
31,4370431,옛합동청사,방학,일요일·공휴일,12,12,1,12,13.79
31,4370431,옛합동청사,방학,일요일·공휴일,15,15,1,15,13.69
31,4370441,시외.고속버스터미널,학기,평일,16,17,2,16,16.86
31,4370441,시외.고속버스터미널,학기,토요일,12,12,1,12,13.73
31,4370441,시외.고속버스터미널,시험,평일,12,12,1,12,14.77
31,4370441,시외.고속버스터미널,시험,평일,14,14,1,14,13.41
31,4370441,시외.고속버스터미널,시험,평일,16,17,2,16,18.01
31,4370441,시외.고속버스터미널,시험,토요일,09,10,2,10,14.64
31,4370441,시외.고속버스터미널,시험,토요일,13,13,1,13,16.51
31,4370441,시외.고속버스터미널,시험,토요일,15,16,2,15,13.71
31,4370441,시외.고속버스터미널,시험,일요일·공휴일,10,10,1,10,14.09
31,4370441,시외.고속버스터미널,시험,일요일·공휴일,13,13,1,13,18.03
31,4370441,시외.고속버스터미널,시험,일요일·공휴일,15,16,2,15,14.9
31,4370441,시외.고속버스터미널,계절학기,평일,15,16,2,15,16.9
31,4370441,시외.고속버스터미널,계절학기,토요일,12,12,1,12,13.32
31,4370441,시외.고속버스터미널,계절학기,토요일,17,17,1,17,14.22
31,4370441,시외.고속버스터미널,방학,평일,13,13,1,13,13.83
31,4370441,시외.고속버스터미널,방학,평일,16,16,1,16,15.43
31,4370441,시외.고속버스터미널,방학,평일,18,18,1,18,17.63
31,4370441,시외.고속버스터미널,방학,토요일,11,11,1,11,17.45
31,4370441,시외.고속버스터미널,방학,토요일,13,13,1,13,15.24
31,4370441,시외.고속버스터미널,방학,토요일,17,17,1,17,13.84
31,4370661,시외.고속버스터미널,학기,평일,08,11,4,09,27.69
31,4370661,시외.고속버스터미널,학기,평일,13,16,4,14,22.68
31,4370661,시외.고속버스터미널,학기,토요일,09,17,9,10,21.5
31,4370661,시외.고속버스터미널,학기,일요일·공휴일,11,13,3,13,16.31
31,4370661,시외.고속버스터미널,학기,일요일·공휴일,15,17,3,17,14.72
31,4370661,시외.고속버스터미널,학기,일요일·공휴일,19,20,2,20,23.79
31,4370661,시외.고속버스터미널,시험,평일,07,07,1,07,13.37
31,4370661,시외.고속버스터미널,시험,평일,09,11,3,09,22.75
31,4370661,시외.고속버스터미널,시험,평일,13,17,5,14,22.01
31,4370661,시외.고속버스터미널,시험,토요일,09,09,1,09,14.38
31,4370661,시외.고속버스터미널,시험,토요일,13,13,1,13,16.51
31,4370661,시외.고속버스터미널,시험,토요일,15,16,2,16,14.94
31,4370661,시외.고속버스터미널,시험,일요일·공휴일,11,11,1,11,13.89
31,4370661,시외.고속버스터미널,시험,일요일·공휴일,13,13,1,13,20.94
31,4370661,시외.고속버스터미널,시험,일요일·공휴일,15,17,3,15,15.57
31,4370661,시외.고속버스터미널,시험,일요일·공휴일,19,19,1,19,14.93
31,4370661,시외.고속버스터미널,계절학기,평일,08,16,9,15,18.93
31,4370661,시외.고속버스터미널,계절학기,토요일,09,09,1,09,14.35
31,4370661,시외.고속버스터미널,계절학기,토요일,11,14,4,12,14.37
31,4370661,시외.고속버스터미널,계절학기,토요일,17,17,1,17,18.58
31,4370661,시외.고속버스터미널,방학,평일,09,17,9,12,20.36
31,4370661,시외.고속버스터미널,방학,토요일,09,16,8,10,18.64
31,4370661,시외.고속버스터미널,방학,일요일·공휴일,12,13,2,13,15.05
31,4370671,서원주유소,학기,평일,07,08,2,07,14.3
31,4370671,서원주유소,학기,평일,10,18,9,15,23.24
31,4370671,서원주유소,학기,토요일,09,09,1,09,14.5
31,4370671,서원주유소,학기,토요일,11,13,3,13,17.77
31,4370671,서원주유소,학기,토요일,15,16,2,16,16.59
31,4370671,서원주유소,학기,일요일·공휴일,10,10,1,10,17.03
31,4370671,서원주유소,학기,일요일·공휴일,13,13,1,13,14.6
31,4370671,서원주유소,학기,일요일·공휴일,16,17,2,17,13.99
31,4370671,서원주유소,시험,평일,08,12,5,12,17.75
31,4370671,서원주유소,시험,평일,17,18,2,18,19.13
31,4370671,서원주유소,시험,일요일·공휴일,16,16,1,16,15.8
31,4370671,서원주유소,계절학기,평일,10,11,2,11,15.61
31,4370671,서원주유소,계절학기,평일,13,14,2,14,17.11
31,4370671,서원주유소,계절학기,평일,16,16,1,16,18.7
31,4370671,서원주유소,계절학기,평일,18,18,1,18,17.4
31,4370671,서원주유소,계절학기,토요일,17,17,1,17,16.17
31,4370671,서원주유소,방학,평일,10,18,9,18,27.92
31,4370671,서원주유소,방학,토요일,11,13,3,11,17.64
31,4370671,서원주유소,방학,토요일,15,15,1,15,14.9
31,4370671,서원주유소,방학,일요일·공휴일,10,10,1,10,15.28
31,4370671,서원주유소,방학,일요일·공휴일,14,14,1,14,14.45
31,4370681,국제아파트,학기,평일,09,10,2,09,20.5
31,4370681,국제아파트,학기,평일,13,18,6,14,21.89
31,4370681,국제아파트,학기,토요일,13,13,1,13,17.82
31,4370681,국제아파트,학기,일요일·공휴일,16,16,1,16,14.36
31,4370681,국제아파트,시험,평일,13,13,1,13,19.81
31,4370681,국제아파트,시험,평일,17,18,2,17,17.75
31,4370681,국제아파트,시험,일요일·공휴일,19,19,1,19,16.18
31,4370681,국제아파트,계절학기,평일,09,11,3,09,15.74
31,4370681,국제아파트,계절학기,평일,15,15,1,15,16.47
31,4370681,국제아파트,방학,평일,09,09,1,09,17.06
31,4370681,국제아파트,방학,평일,11,11,1,11,18.02
31,4370681,국제아파트,방학,평일,15,17,3,16,17.98
31,4370681,국제아파트,방학,토요일,10,13,4,11,19.41
31,4370691,학성중학교정문,학기,평일,08,08,1,08,14.23
31,4370691,학성중학교정문,학기,평일,10,18,9,17,25.07
31,4370691,학성중학교정문,학기,토요일,09,17,9,11,20.76
31,4370691,학성중학교정문,학기,일요일·공휴일,10,10,1,10,19.63
31,4370691,학성중학교정문,학기,일요일·공휴일,12,13,2,12,15.78
31,4370691,학성중학교정문,학기,일요일·공휴일,15,17,3,17,15.62
31,4370691,학성중학교정문,시험,평일,07,07,1,07,14.19
31,4370691,학성중학교정문,시험,평일,09,18,10,16,23.01
31,4370691,학성중학교정문,시험,일요일·공휴일,10,10,1,10,14.43
31,4370691,학성중학교정문,시험,일요일·공휴일,16,16,1,16,16.14
31,4370691,학성중학교정문,계절학기,평일,09,11,3,09,15.45
31,4370691,학성중학교정문,계절학기,평일,13,18,6,15,19.33
31,4370691,학성중학교정문,계절학기,토요일,11,11,1,11,18.47
31,4370691,학성중학교정문,계절학기,토요일,17,17,1,17,17.34
31,4370691,학성중학교정문,방학,평일,09,18,10,18,25.74
31,4370691,학성중학교정문,방학,토요일,10,13,4,13,19.52
31,4370691,학성중학교정문,방학,토요일,15,15,1,15,14.15
31,4370691,학성중학교정문,방학,토요일,17,17,1,17,14.03
31,4370691,학성중학교정문,방학,일요일·공휴일,10,13,4,10,18.15
31,4370691,학성중학교정문,방학,일요일·공휴일,15,15,1,15,18.44
31,4370701,YWCA,학기,평일,08,17,10,09,28.18
31,4370701,YWCA,학기,토요일,09,17,9,13,20.38
31,4370701,YWCA,학기,일요일·공휴일,11,11,1,11,13.33
31,4370701,YWCA,학기,일요일·공휴일,13,13,1,13,13.45
31,4370701,YWCA,학기,일요일·공휴일,15,17,3,17,15.14
31,4370701,YWCA,학기,일요일·공휴일,20,20,1,20,19.2
31,4370701,YWCA,시험,평일,08,11,4,09,22.95
31,4370701,YWCA,시험,평일,13,17,5,14,20.79
31,4370701,YWCA,시험,토요일,09,09,1,09,15.13
31,4370701,YWCA,시험,토요일,13,13,1,13,15.34
31,4370701,YWCA,시험,토요일,16,16,1,16,14.11
31,4370701,YWCA,시험,일요일·공휴일,11,11,1,11,15.3
31,4370701,YWCA,시험,일요일·공휴일,15,15,1,15,14.9
31,4370701,YWCA,시험,일요일·공휴일,19,19,1,19,14.51
31,4370701,YWCA,계절학기,평일,08,11,4,09,18.96
31,4370701,YWCA,계절학기,평일,13,17,5,13,21.83
31,4370701,YWCA,계절학기,토요일,13,13,1,13,14.6
31,4370701,YWCA,계절학기,토요일,17,17,1,17,17.0
31,4370701,YWCA,방학,평일,09,17,9,13,21.34
31,4370701,YWCA,방학,토요일,09,11,3,11,17.49
31,4370701,YWCA,방학,토요일,13,13,1,13,15.44
31,4370701,YWCA,방학,토요일,15,15,1,15,15.67
31,4370701,YWCA,방학,일요일·공휴일,10,10,1,10,13.96
31,4370701,YWCA,방학,일요일·공휴일,13,13,1,13,14.49
31,4370701,YWCA,방학,일요일·공휴일,15,15,1,15,16.65
31,4370711,지하상가,학기,평일,06,06,1,06,15.48
31,4370711,지하상가,학기,평일,08,18,11,09,24.78
31,4370711,지하상가,학기,토요일,09,14,6,13,22.81
31,4370711,지하상가,학기,토요일,16,17,2,17,13.34
31,4370711,지하상가,학기,일요일·공휴일,12,14,3,13,15.62
31,4370711,지하상가,시험,평일,07,10,4,09,20.62
31,4370711,지하상가,시험,평일,12,17,6,14,20.96
31,4370711,지하상가,시험,토요일,09,09,1,09,14.63
31,4370711,지하상가,시험,토요일,15,16,2,16,14.61
31,4370711,지하상가,시험,일요일·공휴일,11,11,1,11,14.97
31,4370711,지하상가,시험,일요일·공휴일,15,16,2,15,15.23
31,4370711,지하상가,계절학기,평일,07,07,1,07,13.99
31,4370711,지하상가,계절학기,평일,09,18,10,13,21.16
31,4370711,지하상가,계절학기,토요일,09,09,1,09,14.49
31,4370711,지하상가,계절학기,토요일,11,11,1,11,13.31
31,4370711,지하상가,계절학기,토요일,13,13,1,13,14.1
31,4370711,지하상가,방학,평일,09,17,9,16,21.5
31,4370711,지하상가,방학,토요일,11,11,1,11,19.08
31,4370711,지하상가,방학,토요일,13,13,1,13,17.76
31,4370711,지하상가,방학,토요일,15,15,1,15,15.73
31,4370711,지하상가,방학,일요일·공휴일,13,14,2,13,14.36
31,4370721,원일로중앙시장,학기,평일,08,18,11,13,24.37
31,4370721,원일로중앙시장,학기,토요일,09,17,9,13,21.56
31,4370721,원일로중앙시장,학기,일요일·공휴일,13,13,1,13,15.21
31,4370721,원일로중앙시장,학기,일요일·공휴일,15,17,3,16,17.18
31,4370721,원일로중앙시장,학기,일요일·공휴일,20,20,1,20,22.89
31,4370721,원일로중앙시장,시험,평일,07,18,12,14,19.86
31,4370721,원일로중앙시장,시험,토요일,09,10,2,10,15.14
31,4370721,원일로중앙시장,시험,토요일,13,13,1,13,16.51
31,4370721,원일로중앙시장,시험,토요일,16,16,1,16,15.94
31,4370721,원일로중앙시장,시험,일요일·공휴일,13,13,1,13,23.86
31,4370721,원일로중앙시장,시험,일요일·공휴일,16,17,2,16,14.64
31,4370721,원일로중앙시장,계절학기,평일,08,09,2,09,16.78
31,4370721,원일로중앙시장,계절학기,평일,11,18,8,13,23.3
31,4370721,원일로중앙시장,계절학기,토요일,09,09,1,09,13.71
31,4370721,원일로중앙시장,계절학기,토요일,13,14,2,14,14.3
31,4370721,원일로중앙시장,계절학기,토요일,17,17,1,17,17.0
31,4370721,원일로중앙시장,계절학기,일요일·공휴일,12,12,1,12,14.7
31,4370721,원일로중앙시장,방학,평일,09,17,9,16,26.73
31,4370721,원일로중앙시장,방학,토요일,09,13,5,11,18.63
31,4370721,원일로중앙시장,방학,토요일,15,16,2,16,17.19
31,4370721,원일로중앙시장,방학,일요일·공휴일,13,13,1,13,15.93
31,4370721,원일로중앙시장,방학,일요일·공휴일,16,17,2,16,14.21
31,4370731,강원감영,학기,평일,08,18,11,17,25.44
31,4370731,강원감영,학기,토요일,09,17,9,13,23.08
31,4370731,강원감영,학기,일요일·공휴일,13,13,1,13,16.18
31,4370731,강원감영,학기,일요일·공휴일,15,17,3,16,17.92
31,4370731,강원감영,학기,일요일·공휴일,20,20,1,20,23.4
31,4370731,강원감영,시험,평일,07,18,12,14,20.68
31,4370731,강원감영,시험,토요일,09,10,2,10,15.14
31,4370731,강원감영,시험,토요일,13,13,1,13,16.18
31,4370731,강원감영,시험,토요일,16,16,1,16,16.77
31,4370731,강원감영,시험,일요일·공휴일,13,13,1,13,23.52
31,4370731,강원감영,시험,일요일·공휴일,15,17,3,15,16.73
31,4370731,강원감영,계절학기,평일,08,09,2,09,15.63
31,4370731,강원감영,계절학기,평일,11,18,8,13,24.58
31,4370731,강원감영,계절학기,토요일,11,11,1,11,13.31
31,4370731,강원감영,계절학기,토요일,13,13,1,13,13.8
31,4370731,강원감영,계절학기,토요일,17,17,1,17,16.72
31,4370731,강원감영,계절학기,일요일·공휴일,13,13,1,13,13.43
31,4370731,강원감영,방학,평일,09,18,10,16,29.38
31,4370731,강원감영,방학,토요일,09,13,5,11,19.61
31,4370731,강원감영,방학,토요일,15,16,2,15,15.42
31,4370731,강원감영,방학,일요일·공휴일,13,17,5,13,18.24
31,4370821,남원로남부시장,학기,평일,07,07,1,07,13.53
31,4370821,남원로남부시장,학기,평일,09,18,10,17,29.03
31,4370821,남원로남부시장,학기,토요일,09,18,10,13,25.25
31,4370821,남원로남부시장,학기,일요일·공휴일,13,17,5,17,17.19
31,4370821,남원로남부시장,학기,일요일·공휴일,20,20,1,20,24.65
31,4370821,남원로남부시장,시험,평일,07,07,1,07,15.47
31,4370821,남원로남부시장,시험,평일,09,19,11,15,23.16
31,4370821,남원로남부시장,시험,토요일,09,10,2,09,15.3
31,4370821,남원로남부시장,시험,토요일,13,13,1,13,16.84
31,4370821,남원로남부시장,시험,토요일,15,16,2,16,17.44
31,4370821,남원로남부시장,시험,토요일,18,18,1,18,13.56
31,4370821,남원로남부시장,시험,일요일·공휴일,10,16,7,13,23.19
31,4370821,남원로남부시장,시험,일요일·공휴일,19,19,1,19,14.93
31,4370821,남원로남부시장,계절학기,평일,07,07,1,07,13.9
31,4370821,남원로남부시장,계절학기,평일,10,18,9,13,24.01
31,4370821,남원로남부시장,계절학기,토요일,12,14,3,14,15.08
31,4370821,남원로남부시장,계절학기,토요일,16,17,2,17,16.72
31,4370821,남원로남부시장,계절학기,일요일·공휴일,13,13,1,13,14.63
31,4370821,남원로남부시장,방학,평일,09,18,10,16,32.14
31,4370821,남원로남부시장,방학,토요일,10,16,7,11,18.85
31,4370821,남원로남부시장,방학,일요일·공휴일,13,17,5,13,17.33
31,4370831,대성현대아파트,학기,평일,07,07,1,07,15.37
31,4370831,대성현대아파트,학기,평일,09,18,10,17,29.92
31,4370831,대성현대아파트,학기,토요일,10,18,9,10,19.55
31,4370831,대성현대아파트,학기,일요일·공휴일,13,17,5,17,19.59
31,4370831,대성현대아파트,학기,일요일·공휴일,20,20,1,20,19.31
31,4370831,대성현대아파트,시험,평일,07,07,1,07,15.29
31,4370831,대성현대아파트,시험,평일,09,16,8,15,22.32
31,4370831,대성현대아파트,시험,평일,18,18,1,18,14.99
31,4370831,대성현대아파트,시험,토요일,09,10,2,10,15.47
31,4370831,대성현대아파트,시험,토요일,15,15,1,15,13.38
31,4370831,대성현대아파트,시험,일요일·공휴일,12,13,2,13,24.69
31,4370831,대성현대아파트,시험,일요일·공휴일,15,17,3,15,18.9
31,4370831,대성현대아파트,계절학기,평일,11,18,8,14,21.72
31,4370831,대성현대아파트,계절학기,토요일,12,14,3,14,14.26
31,4370831,대성현대아파트,계절학기,토요일,17,17,1,17,15.84
31,4370831,대성현대아파트,계절학기,일요일·공휴일,13,13,1,13,15.0
31,4370831,대성현대아파트,방학,평일,09,18,10,16,30.88
31,4370831,대성현대아파트,방학,토요일,10,13,4,13,18.83
31,4370831,대성현대아파트,방학,토요일,15,16,2,15,16.8
31,4370831,대성현대아파트,방학,일요일·공휴일,13,13,1,13,15.35
31,4370831,대성현대아파트,방학,일요일·공휴일,16,17,2,16,14.86
31,4370841,향교입구,학기,평일,07,18,12,16,29.65
31,4370841,향교입구,학기,토요일,09,18,10,13,19.55
31,4370841,향교입구,학기,일요일·공휴일,10,10,1,10,13.65
31,4370841,향교입구,학기,일요일·공휴일,14,17,4,16,16.52
31,4370841,향교입구,학기,일요일·공휴일,20,20,1,20,21.02
31,4370841,향교입구,시험,평일,07,07,1,07,16.24
31,4370841,향교입구,시험,평일,10,18,9,15,23.94
31,4370841,향교입구,시험,토요일,10,10,1,10,15.81
31,4370841,향교입구,시험,일요일·공휴일,12,12,1,12,15.29
31,4370841,향교입구,시험,일요일·공휴일,14,14,1,14,14.2
31,4370841,향교입구,시험,일요일·공휴일,19,19,1,19,15.85
31,4370841,향교입구,계절학기,평일,07,08,2,07,13.66
31,4370841,향교입구,계절학기,평일,10,18,9,13,21.72
31,4370841,향교입구,계절학기,토요일,14,14,1,14,13.51
31,4370841,향교입구,계절학기,토요일,17,17,1,17,15.51
31,4370841,향교입구,방학,평일,08,18,11,16,30.99
31,4370841,향교입구,방학,토요일,10,13,4,12,16.97
31,4370841,향교입구,방학,토요일,15,16,2,15,15.73
31,4370841,향교입구,방학,일요일·공휴일,13,13,1,13,14.79
31,4370851,젊음의광장사거리,학기,평일,07,18,12,17,29.39
31,4370851,젊음의광장사거리,학기,토요일,10,14,5,11,19.34
31,4370851,젊음의광장사거리,학기,토요일,16,18,3,16,16.33
31,4370851,젊음의광장사거리,학기,일요일·공휴일,10,10,1,10,14.87
31,4370851,젊음의광장사거리,학기,일요일·공휴일,16,18,3,17,15.58
31,4370851,젊음의광장사거리,학기,일요일·공휴일,20,20,1,20,24.45
31,4370851,젊음의광장사거리,시험,평일,07,08,2,07,14.95
31,4370851,젊음의광장사거리,시험,평일,10,17,8,15,21.37
31,4370851,젊음의광장사거리,시험,토요일,13,13,1,13,16.51
31,4370851,젊음의광장사거리,시험,토요일,16,16,1,16,17.94
31,4370851,젊음의광장사거리,시험,일요일·공휴일,13,14,2,13,23.86
31,4370851,젊음의광장사거리,계절학기,평일,10,18,9,13,22.26
31,4370851,젊음의광장사거리,계절학기,토요일,12,12,1,12,13.71
31,4370851,젊음의광장사거리,계절학기,일요일·공휴일,13,13,1,13,14.17
31,4370851,젊음의광장사거리,방학,평일,07,07,1,07,14.13
31,4370851,젊음의광장사거리,방학,평일,10,18,9,16,31.64
31,4370851,젊음의광장사거리,방학,토요일,10,13,4,11,17.61
31,4370851,젊음의광장사거리,방학,토요일,15,16,2,15,14.9
31,4370851,젊음의광장사거리,방학,일요일·공휴일,13,13,1,13,14.55
31,4370861,원주의료원,학기,평일,07,18,12,16,29.05
31,4370861,원주의료원,학기,토요일,08,16,9,10,32.1
31,4370861,원주의료원,학기,일요일·공휴일,10,10,1,10,27.08
31,4370861,원주의료원,학기,일요일·공휴일,12,13,2,12,15.92
31,4370861,원주의료원,시험,평일,07,17,11,08,25.13
31,4370861,원주의료원,시험,토요일,09,10,2,10,17.31
31,4370861,원주의료원,시험,토요일,13,13,1,13,16.84
31,4370861,원주의료원,시험,토요일,15,15,1,15,15.54
31,4370861,원주의료원,시험,일요일·공휴일,09,10,2,10,18.59
31,4370861,원주의료원,시험,일요일·공휴일,12,12,1,12,15.29
31,4370861,원주의료원,시험,일요일·공휴일,15,15,1,15,15.23
31,4370861,원주의료원,계절학기,평일,07,17,11,10,27.56
31,4370861,원주의료원,계절학기,토요일,08,09,2,09,14.28
31,4370861,원주의료원,계절학기,토요일,11,11,1,11,16.55
31,4370861,원주의료원,계절학기,토요일,17,17,1,17,15.43
31,4370861,원주의료원,계절학기,일요일·공휴일,10,10,1,10,13.67
31,4370861,원주의료원,방학,평일,07,17,11,13,36.23
31,4370861,원주의료원,방학,토요일,08,13,6,10,29.41
31,4370861,원주의료원,방학,토요일,15,16,2,15,14.74
31,4370861,원주의료원,방학,일요일·공휴일,09,10,2,10,23.88
31,4370861,원주의료원,방학,일요일·공휴일,13,13,1,13,18.82
31,4370861,원주의료원,방학,일요일·공휴일,15,15,1,15,17.73
31,4370871,단구2차아파트,학기,평일,07,19,13,13,26.3
31,4370871,단구2차아파트,학기,토요일,10,16,7,13,23.37
31,4370871,단구2차아파트,학기,토요일,18,18,1,18,14.54
31,4370871,단구2차아파트,학기,일요일·공휴일,10,10,1,10,14.02
31,4370871,단구2차아파트,학기,일요일·공휴일,14,16,3,16,16.71
31,4370871,단구2차아파트,학기,일요일·공휴일,18,18,1,18,17.53
31,4370871,단구2차아파트,학기,일요일·공휴일,20,20,1,20,23.82
31,4370871,단구2차아파트,시험,평일,07,17,11,12,21.4
31,4370871,단구2차아파트,시험,평일,19,19,1,19,13.76
31,4370871,단구2차아파트,시험,토요일,10,10,1,10,16.14
31,4370871,단구2차아파트,시험,토요일,13,13,1,13,16.51
31,4370871,단구2차아파트,시험,토요일,16,16,1,16,16.44
31,4370871,단구2차아파트,시험,일요일·공휴일,12,12,1,12,14.45
31,4370871,단구2차아파트,시험,일요일·공휴일,15,17,3,16,15.3
31,4370871,단구2차아파트,시험,일요일·공휴일,19,19,1,19,14.6
31,4370871,단구2차아파트,계절학기,평일,11,18,8,13,21.76
31,4370871,단구2차아파트,계절학기,토요일,13,14,2,14,13.94
31,4370871,단구2차아파트,계절학기,토요일,16,17,2,17,15.15
31,4370871,단구2차아파트,방학,평일,08,08,1,08,15.03
31,4370871,단구2차아파트,방학,평일,10,18,9,16,27.94
31,4370871,단구2차아파트,방학,토요일,10,13,4,11,15.95
31,4370871,단구2차아파트,방학,토요일,15,16,2,16,16.41
31,4370871,단구2차아파트,방학,일요일·공휴일,13,13,1,13,13.8
31,4370871,단구2차아파트,방학,일요일·공휴일,16,16,1,16,15.65
31,4370881,원주시시설관리공단,학기,평일,07,19,13,13,26.01
31,4370881,원주시시설관리공단,학기,토요일,10,16,7,13,22.29
31,4370881,원주시시설관리공단,학기,토요일,18,18,1,18,13.65
31,4370881,원주시시설관리공단,학기,일요일·공휴일,15,18,4,16,17.26
31,4370881,원주시시설관리공단,학기,일요일·공휴일,20,20,1,20,25.08
31,4370881,원주시시설관리공단,시험,평일,08,17,10,13,20.54
31,4370881,원주시시설관리공단,시험,토요일,09,09,1,09,15.63
31,4370881,원주시시설관리공단,시험,토요일,16,16,1,16,15.94
31,4370881,원주시시설관리공단,시험,일요일·공휴일,12,13,2,13,22.36
31,4370881,원주시시설관리공단,시험,일요일·공휴일,16,16,1,16,14.97
31,4370881,원주시시설관리공단,계절학기,평일,07,07,1,07,13.57
31,4370881,원주시시설관리공단,계절학기,평일,10,18,9,13,23.65
31,4370881,원주시시설관리공단,계절학기,토요일,16,16,1,16,13.27
31,4370881,원주시시설관리공단,방학,평일,09,18,10,16,25.35
31,4370881,원주시시설관리공단,방학,토요일,10,12,3,12,16.59
31,4370881,원주시시설관리공단,방학,토요일,15,16,2,16,14.57
31,4371111,성지병원,학기,평일,07,18,12,16,29.04
31,4371111,성지병원,학기,토요일,08,16,9,10,31.17
31,4371111,성지병원,학기,일요일·공휴일,10,15,6,10,27.61
31,4371111,성지병원,시험,평일,07,18,12,17,27.35
31,4371111,성지병원,시험,토요일,09,09,1,09,13.8
31,4371111,성지병원,시험,토요일,13,13,1,13,16.84
31,4371111,성지병원,시험,토요일,16,16,1,16,13.44
31,4371111,성지병원,시험,일요일·공휴일,10,10,1,10,18.93
31,4371111,성지병원,시험,일요일·공휴일,12,13,2,13,21.69
31,4371111,성지병원,시험,일요일·공휴일,16,16,1,16,14.97
31,4371111,성지병원,계절학기,평일,07,16,10,10,24.2
31,4371111,성지병원,계절학기,평일,18,18,1,18,13.64
31,4371111,성지병원,계절학기,토요일,09,09,1,09,14.07
31,4371111,성지병원,계절학기,토요일,12,12,1,12,19.21
31,4371111,성지병원,방학,평일,08,17,10,13,37.23
31,4371111,성지병원,방학,토요일,09,13,5,10,30.01
31,4371111,성지병원,방학,토요일,15,15,1,15,13.31
31,4371111,성지병원,방학,일요일·공휴일,09,10,2,10,20.22
31,4371111,성지병원,방학,일요일·공휴일,12,13,2,13,19.21
31,4371111,성지병원,방학,일요일·공휴일,15,15,1,15,15.54
31,4371181,SK텔레콤원주지점,학기,평일,15,17,3,16,15.74
31,4371181,SK텔레콤원주지점,학기,토요일,12,13,2,12,16.52
31,4371181,SK텔레콤원주지점,학기,일요일·공휴일,19,19,1,19,13.61
31,4371181,SK텔레콤원주지점,시험,평일,11,12,2,12,15.41
31,4371181,SK텔레콤원주지점,시험,평일,14,18,5,16,19.01
31,4371181,SK텔레콤원주지점,시험,토요일,09,10,2,10,14.31
31,4371181,SK텔레콤원주지점,시험,토요일,13,13,1,13,15.01
31,4371181,SK텔레콤원주지점,시험,토요일,15,16,2,15,14.71
31,4371181,SK텔레콤원주지점,시험,일요일·공휴일,15,16,2,16,14.97
31,4371181,SK텔레콤원주지점,계절학기,평일,15,16,2,15,17.95
31,4371181,SK텔레콤원주지점,계절학기,토요일,11,11,1,11,13.31
31,4371181,SK텔레콤원주지점,계절학기,토요일,14,14,1,14,13.85
31,4371181,SK텔레콤원주지점,계절학기,토요일,17,17,1,17,14.34
31,4371181,SK텔레콤원주지점,방학,평일,12,13,2,13,14.38
31,4371181,SK텔레콤원주지점,방학,평일,15,16,2,16,17.38
31,4371181,SK텔레콤원주지점,방학,평일,18,18,1,18,17.77
31,4371181,SK텔레콤원주지점,방학,토요일,10,13,4,13,16.51
31,4371181,SK텔레콤원주지점,방학,토요일,15,15,1,15,14.93
31,4371191,금불사거리,학기,평일,07,11,5,09,22.24
31,4371191,금불사거리,학기,평일,13,14,2,14,15.76
31,4371191,금불사거리,학기,토요일,09,13,5,12,26.89
31,4371191,금불사거리,학기,일요일·공휴일,12,13,2,13,14.48
31,4371191,금불사거리,시험,평일,07,11,5,09,18.42
31,4371191,금불사거리,시험,평일,13,16,4,14,18.11
31,4371191,금불사거리,시험,토요일,09,09,1,09,13.46
31,4371191,금불사거리,시험,토요일,13,13,1,13,17.42
31,4371191,금불사거리,시험,토요일,15,16,2,16,14.11
31,4371191,금불사거리,시험,일요일·공휴일,11,13,3,13,20.52
31,4371191,금불사거리,시험,일요일·공휴일,15,15,1,15,14.4
31,4371191,금불사거리,시험,일요일·공휴일,19,19,1,19,13.6
31,4371191,금불사거리,계절학기,평일,08,15,8,13,17.33
31,4371191,금불사거리,계절학기,토요일,13,13,1,13,15.94
31,4371191,금불사거리,계절학기,토요일,17,17,1,17,17.43
31,4371191,금불사거리,방학,평일,08,17,10,09,16.46
31,4371191,금불사거리,방학,토요일,09,10,2,09,16.3
31,4371191,금불사거리,방학,토요일,12,13,2,12,19.53
31,4371191,금불사거리,방학,토요일,16,16,1,16,14.65
31,4371191,금불사거리,방학,일요일·공휴일,10,10,1,10,14.07
31,4371191,금불사거리,방학,일요일·공휴일,12,12,1,12,18.43
31,4371201,단계삼익아파트,학기,평일,15,17,3,16,15.27
31,4371201,단계삼익아파트,학기,토요일,12,13,2,12,18.08
31,4371201,단계삼익아파트,학기,일요일·공휴일,10,10,1,10,15.17
31,4371201,단계삼익아파트,학기,일요일·공휴일,20,20,1,20,13.36
31,4371201,단계삼익아파트,시험,평일,08,09,2,09,14.22
31,4371201,단계삼익아파트,시험,평일,12,17,6,17,17.31
31,4371201,단계삼익아파트,시험,토요일,15,15,1,15,14.38
31,4371201,단계삼익아파트,시험,일요일·공휴일,10,10,1,10,13.26
31,4371201,단계삼익아파트,시험,일요일·공휴일,16,16,1,16,14.64
31,4371201,단계삼익아파트,계절학기,평일,14,16,3,15,18.23
31,4371201,단계삼익아파트,계절학기,토요일,14,14,1,14,14.51
31,4371201,단계삼익아파트,계절학기,토요일,16,16,1,16,13.27
31,4371201,단계삼익아파트,방학,평일,13,13,1,13,16.24
31,4371201,단계삼익아파트,방학,평일,15,16,2,16,16.71
31,4371201,단계삼익아파트,방학,평일,18,18,1,18,15.23
31,4371201,단계삼익아파트,방학,토요일,11,11,1,11,17.58
31,4371201,단계삼익아파트,방학,토요일,13,13,1,13,14.83
31,4371201,단계삼익아파트,방학,토요일,15,15,1,15,14.56
31,4371201,단계삼익아파트,방학,일요일·공휴일,10,10,1,10,13.55
31,4371741,e편한세상아파트,학기,평일,06,06,1,06,16.9
31,4371741,e편한세상아파트,학기,평일,08,11,4,09,24.39
31,4371741,e편한세상아파트,학기,평일,13,14,2,14,18.35
31,4371741,e편한세상아파트,학기,평일,16,16,1,16,13.6
31,4371741,e편한세상아파트,학기,토요일,08,14,7,12,26.64
31,4371741,e편한세상아파트,학기,일요일·공휴일,10,10,1,10,13.32
31,4371741,e편한세상아파트,시험,평일,06,11,6,09,20.35
31,4371741,e편한세상아파트,시험,평일,13,18,6,14,17.31
31,4371741,e편한세상아파트,시험,토요일,09,09,1,09,14.96
31,4371741,e편한세상아파트,시험,토요일,12,12,1,12,16.88
31,4371741,e편한세상아파트,시험,토요일,16,16,1,16,13.77
31,4371741,e편한세상아파트,시험,일요일·공휴일,12,13,2,13,20.52
31,4371741,e편한세상아파트,시험,일요일·공휴일,19,19,1,19,13.26
31,4371741,e편한세상아파트,계절학기,평일,08,14,7,13,17.54
31,4371741,e편한세상아파트,계절학기,평일,16,16,1,16,13.39
31,4371741,e편한세상아파트,계절학기,토요일,11,12,2,12,18.21
31,4371741,e편한세상아파트,계절학기,토요일,17,17,1,17,16.51
31,4371741,e편한세상아파트,방학,평일,06,06,1,06,15.99
31,4371741,e편한세상아파트,방학,평일,08,17,10,09,19.09
31,4371741,e편한세상아파트,방학,토요일,08,13,6,12,21.64
31,4371741,e편한세상아파트,방학,일요일·공휴일,12,13,2,12,20.75
31,4371781,KBS방송국,학기,평일,08,18,11,17,25.87
31,4371781,KBS방송국,학기,토요일,09,14,6,13,23.23
31,4371781,KBS방송국,학기,토요일,16,17,2,16,22.29
31,4371781,KBS방송국,학기,일요일·공휴일,13,13,1,13,14.57
31,4371781,KBS방송국,학기,일요일·공휴일,16,17,2,17,19.07
31,4371781,KBS방송국,학기,일요일·공휴일,19,20,2,20,23.01
31,4371781,KBS방송국,시험,평일,07,18,12,15,23.06
31,4371781,KBS방송국,시험,토요일,10,10,1,10,15.47
31,4371781,KBS방송국,시험,토요일,13,13,1,13,16.18
31,4371781,KBS방송국,시험,토요일,18,18,1,18,14.22
31,4371781,KBS방송국,시험,일요일·공휴일,15,16,2,15,16.23
31,4371781,KBS방송국,시험,일요일·공휴일,19,19,1,19,15.51
31,4371781,KBS방송국,계절학기,평일,07,09,3,09,15.96
31,4371781,KBS방송국,계절학기,평일,11,18,8,13,24.74
31,4371781,KBS방송국,계절학기,토요일,14,14,1,14,14.66
31,4371781,KBS방송국,계절학기,일요일·공휴일,13,13,1,13,15.14
31,4371781,KBS방송국,방학,평일,09,18,10,16,31.65
31,4371781,KBS방송국,방학,토요일,09,16,8,11,18.31
31,4371781,KBS방송국,방학,일요일·공휴일,13,16,4,13,16.76
31,4371871,금불사거리,학기,평일,15,17,3,17,15.37
31,4371871,금불사거리,학기,토요일,10,12,3,10,17.79
31,4371871,금불사거리,학기,토요일,14,14,1,14,13.58
31,4371871,금불사거리,학기,일요일·공휴일,19,19,1,19,13.64
31,4371871,금불사거리,시험,평일,07,07,1,07,14.62
31,4371871,금불사거리,시험,평일,12,12,1,12,14.6
31,4371871,금불사거리,시험,평일,14,17,4,16,16.89
31,4371871,금불사거리,계절학기,평일,11,13,3,11,15.21
31,4371871,금불사거리,계절학기,평일,15,16,2,15,18.03
31,4371871,금불사거리,계절학기,토요일,14,14,1,14,14.18
31,4371871,금불사거리,계절학기,토요일,17,17,1,17,13.58
31,4371871,금불사거리,방학,평일,12,13,2,12,14.12
31,4371871,금불사거리,방학,평일,15,16,2,16,15.7
31,4371871,금불사거리,방학,평일,18,18,1,18,18.82
31,4371871,금불사거리,방학,토요일,10,13,4,11,16.93
31,4371971,단계현진아파트,학기,평일,07,11,5,09,18.45
31,4371971,단계현진아파트,학기,평일,14,14,1,14,14.95
31,4371971,단계현진아파트,학기,평일,16,16,1,16,13.49
31,4371971,단계현진아파트,학기,토요일,09,14,6,12,21.41
31,4371971,단계현진아파트,학기,토요일,17,17,1,17,13.5
31,4371971,단계현진아파트,학기,일요일·공휴일,10,10,1,10,14.6
31,4371971,단계현진아파트,학기,일요일·공휴일,13,13,1,13,15.86
31,4371971,단계현진아파트,시험,평일,07,15,9,09,18.62
31,4371971,단계현진아파트,시험,평일,17,18,2,17,15.07
31,4371971,단계현진아파트,시험,일요일·공휴일,10,10,1,10,15.59
31,4371971,단계현진아파트,시험,일요일·공휴일,15,15,1,15,13.73
31,4371971,단계현진아파트,계절학기,평일,07,07,1,07,14.33
31,4371971,단계현진아파트,계절학기,평일,09,10,2,10,15.75
31,4371971,단계현진아파트,계절학기,평일,12,14,3,13,17.44
31,4371971,단계현진아파트,계절학기,토요일,17,17,1,17,14.67
31,4371971,단계현진아파트,방학,평일,08,14,7,09,15.88
31,4371971,단계현진아파트,방학,평일,17,17,1,17,14.02
31,4371971,단계현진아파트,방학,토요일,09,10,2,10,15.19
31,4371971,단계현진아파트,방학,토요일,12,13,2,12,19.59
31,4371971,단계현진아파트,방학,일요일·공휴일,10,10,1,10,14.09
31,4371971,단계현진아파트,방학,일요일·공휴일,12,13,2,12,20.07
31,4371981,옛합동청사,학기,평일,07,11,5,09,26.0
31,4371981,옛합동청사,학기,평일,13,18,6,13,23.33
31,4371981,옛합동청사,학기,토요일,09,11,3,11,21.6
31,4371981,옛합동청사,학기,토요일,13,14,2,13,20.99
31,4371981,옛합동청사,학기,토요일,16,16,1,16,13.49
31,4371981,옛합동청사,학기,일요일·공휴일,11,11,1,11,15.58
31,4371981,옛합동청사,학기,일요일·공휴일,13,13,1,13,14.66
31,4371981,옛합동청사,학기,일요일·공휴일,16,17,2,16,14.03
31,4371981,옛합동청사,학기,일요일·공휴일,20,20,1,20,16.7
31,4371981,옛합동청사,시험,평일,08,08,1,08,13.29
31,4371981,옛합동청사,시험,평일,10,10,1,10,15.31
31,4371981,옛합동청사,시험,평일,13,16,4,16,20.68
31,4371981,옛합동청사,시험,토요일,13,13,1,13,15.34
31,4371981,옛합동청사,시험,일요일·공휴일,11,11,1,11,13.47
31,4371981,옛합동청사,시험,일요일·공휴일,16,16,1,16,14.3
31,4371981,옛합동청사,시험,일요일·공휴일,19,19,1,19,16.51
31,4371981,옛합동청사,계절학기,평일,08,11,4,09,18.56
31,4371981,옛합동청사,계절학기,평일,13,17,5,13,21.39
31,4371981,옛합동청사,계절학기,토요일,17,17,1,17,16.51
31,4371981,옛합동청사,방학,평일,09,17,9,13,21.24
31,4371981,옛합동청사,방학,평일,19,19,1,19,14.36
31,4371981,옛합동청사,방학,토요일,09,09,1,09,13.2
31,4371981,옛합동청사,방학,토요일,11,11,1,11,20.05
31,4371981,옛합동청사,방학,토요일,15,15,1,15,16.06
31,4371981,옛합동청사,방학,일요일·공휴일,13,14,2,14,14.45
31,4372311,구곡현대아파트,학기,평일,07,18,12,16,31.19
31,4372311,구곡현대아파트,학기,토요일,07,17,11,10,25.68
31,4372311,구곡현대아파트,학기,일요일·공휴일,10,10,1,10,21.52
31,4372311,구곡현대아파트,학기,일요일·공휴일,12,14,3,12,15.62
31,4372311,구곡현대아파트,시험,평일,07,17,11,17,26.8
31,4372311,구곡현대아파트,시험,토요일,09,10,2,10,16.97
31,4372311,구곡현대아파트,시험,토요일,12,13,2,13,16.84
31,4372311,구곡현대아파트,시험,토요일,16,16,1,16,13.44
31,4372311,구곡현대아파트,시험,일요일·공휴일,10,10,1,10,17.43
31,4372311,구곡현대아파트,시험,일요일·공휴일,12,13,2,13,20.19
31,4372311,구곡현대아파트,시험,일요일·공휴일,15,15,1,15,14.9
31,4372311,구곡현대아파트,계절학기,평일,07,17,11,07,25.14
31,4372311,구곡현대아파트,계절학기,토요일,12,12,1,12,18.21
31,4372311,구곡현대아파트,계절학기,토요일,14,14,1,14,13.85
31,4372311,구곡현대아파트,계절학기,토요일,16,17,2,17,16.17
31,4372311,구곡현대아파트,방학,평일,07,15,9,10,29.71
31,4372311,구곡현대아파트,방학,평일,17,17,1,17,18.08
31,4372311,구곡현대아파트,방학,토요일,09,13,5,10,22.81
31,4372311,구곡현대아파트,방학,일요일·공휴일,10,10,1,10,15.52
31,4372311,구곡현대아파트,방학,일요일·공휴일,13,13,1,13,15.07
31,4372311,구곡현대아파트,방학,일요일·공휴일,15,15,1,15,13.5
31,4372661,단계사거리,학기,토요일,11,12,2,12,14.87
31,4372661,단계사거리,시험,평일,08,08,1,08,14.04
31,4372661,단계사거리,시험,평일,10,10,1,10,14.41
31,4372661,단계사거리,시험,평일,13,17,5,15,14.6
31,4372661,단계사거리,계절학기,평일,13,13,1,13,13.68
31,4372661,단계사거리,계절학기,평일,15,15,1,15,15.41
31,4372661,단계사거리,방학,평일,08,08,1,08,13.47
31,4372661,단계사거리,방학,토요일,11,11,1,11,13.68
31,4372661,단계사거리,방학,토요일,13,13,1,13,13.29
31,4372671,우산철교.폴리텍대학,학기,토요일,11,11,1,11,13.38
31,4372671,우산철교.폴리텍대학,시험,평일,07,07,1,07,15.29
31,4372671,우산철교.폴리텍대학,시험,평일,09,09,1,09,13.59
31,4372671,우산철교.폴리텍대학,시험,평일,12,12,1,12,14.87
31,4372671,우산철교.폴리텍대학,시험,평일,15,16,2,16,14.68
31,4372671,우산철교.폴리텍대학,시험,토요일,13,13,1,13,14.68
31,4372671,우산철교.폴리텍대학,시험,일요일·공휴일,10,10,1,10,13.26
31,4372671,우산철교.폴리텍대학,계절학기,평일,13,13,1,13,13.73
31,4372671,우산철교.폴리텍대학,계절학기,평일,15,15,1,15,14.19
31,4372671,우산철교.폴리텍대학,방학,토요일,11,11,1,11,15.24
31,4372681,삼한주유소,학기,토요일,10,10,1,10,14.62
31,4372681,삼한주유소,학기,토요일,12,12,1,12,14.3
31,4372681,삼한주유소,시험,평일,07,08,2,07,13.71
31,4372681,삼한주유소,시험,평일,12,12,1,12,14.04
31,4372681,삼한주유소,시험,평일,16,17,2,16,15.87
31,4372681,삼한주유소,시험,토요일,10,10,1,10,14.31
31,4372681,삼한주유소,시험,일요일·공휴일,13,13,1,13,17.19
31,4372681,삼한주유소,계절학기,평일,13,13,1,13,13.35
31,4372681,삼한주유소,방학,평일,08,08,1,08,13.54
31,4372681,삼한주유소,방학,토요일,11,11,1,11,14.35
31,4372681,삼한주유소,방학,토요일,13,13,1,13,13.33
31,4372691,현대자동차.상공회의소,학기,토요일,10,11,2,11,14.07
31,4372691,현대자동차.상공회의소,시험,평일,13,13,1,13,13.81
31,4372691,현대자동차.상공회의소,시험,평일,17,17,1,17,15.92
31,4372691,현대자동차.상공회의소,시험,토요일,10,10,1,10,13.97
31,4372691,현대자동차.상공회의소,시험,토요일,16,16,1,16,13.44
31,4372691,현대자동차.상공회의소,계절학기,평일,13,13,1,13,13.87
31,4372691,현대자동차.상공회의소,방학,평일,13,13,1,13,13.61
31,4372691,현대자동차.상공회의소,방학,토요일,11,12,2,11,15.74
31,4372701,우리병원,학기,토요일,10,13,4,11,16.73
31,4372701,우리병원,시험,평일,12,12,1,12,15.2
31,4372701,우리병원,계절학기,평일,12,12,1,12,14.06
31,4372701,우리병원,계절학기,평일,14,14,1,14,13.38
31,4372701,우리병원,방학,평일,10,10,1,10,13.86
31,4372701,우리병원,방학,평일,13,13,1,13,14.82
31,4372701,우리병원,방학,평일,15,15,1,15,14.14
31,4372701,우리병원,방학,토요일,10,10,1,10,13.69
31,4372711,북원교,학기,토요일,11,11,1,11,13.34
31,4372711,북원교,학기,토요일,13,13,1,13,15.66
31,4372711,북원교,시험,평일,17,17,1,17,14.36
31,4372711,북원교,계절학기,평일,13,13,1,13,13.68
31,4372711,북원교,계절학기,평일,15,15,1,15,13.55
31,4372711,북원교,방학,평일,13,14,2,14,14.1
31,4372711,북원교,방학,토요일,11,11,1,11,13.78
31,4372721,태장삼거리,시험,평일,08,08,1,08,13.61
31,4372721,태장삼거리,시험,평일,12,12,1,12,14.32
31,4372721,태장삼거리,시험,평일,16,16,1,16,14.59
31,4372721,태장삼거리,시험,토요일,13,13,1,13,13.84
31,4372721,태장삼거리,시험,일요일·공휴일,13,13,1,13,16.86
31,4372721,태장삼거리,방학,토요일,10,10,1,10,13.36
31,4372721,태장삼거리,방학,토요일,12,12,1,12,13.82
31,4372731,태장2동,시험,평일,09,09,1,09,13.92
31,4372731,태장2동,시험,평일,13,13,1,13,13.81
31,4372731,태장2동,시험,평일,15,17,3,16,15.52
31,4372751,우성아파트,학기,토요일,10,10,1,10,15.09
31,4372751,우성아파트,학기,토요일,13,13,1,13,14.49
31,4372751,우성아파트,시험,평일,07,07,1,07,13.45
31,4372751,우성아파트,시험,평일,12,12,1,12,14.04
31,4372751,우성아파트,시험,평일,16,16,1,16,14.35
31,4372751,우성아파트,방학,토요일,10,10,1,10,13.69
31,4372761,장양초등학교,학기,평일,15,15,1,15,13.4
31,4372761,장양초등학교,시험,평일,12,13,2,13,13.81
31,4372761,장양초등학교,방학,토요일,10,10,1,10,13.36
31,4372771,태장농공단지,시험,평일,09,09,1,09,13.59
31,4372771,태장농공단지,시험,평일,13,13,1,13,13.48
31,4372771,태장농공단지,방학,토요일,10,10,1,10,14.02
31,4372781,KGC인삼공사원주공장,학기,평일,16,16,1,16,14.03
31,4372781,KGC인삼공사원주공장,학기,토요일,10,10,1,10,14.42
31,4372781,KGC인삼공사원주공장,학기,토요일,12,12,1,12,13.61
31,4372781,KGC인삼공사원주공장,시험,평일,17,17,1,17,14.08
31,4372781,KGC인삼공사원주공장,계절학기,평일,13,13,1,13,13.35
31,4372781,KGC인삼공사원주공장,방학,평일,10,11,2,10,14.98
31,4372791,영진아파트,학기,평일,16,16,1,16,14.03
31,4372791,영진아파트,학기,토요일,11,13,3,13,13.82
31,4372791,영진아파트,방학,평일,13,13,1,13,14.82
31,4372791,영진아파트,방학,토요일,10,10,1,10,13.69
31,4372801,부안동,시험,평일,09,09,1,09,13.59
31,4372801,부안동,방학,평일,11,11,1,11,13.19
31,4372811,원대,학기,토요일,10,10,1,10,14.42
31,4372811,원대,시험,평일,12,12,1,12,13.37
31,4372901,원대,학기,평일,13,13,1,13,13.87
31,4372901,원대,시험,평일,09,09,1,09,13.92
31,4372901,원대,시험,평일,17,17,1,17,14.75
31,4372901,원대,계절학기,평일,13,13,1,13,13.68
31,4372901,원대,방학,평일,10,10,1,10,14.65
31,4372901,원대,방학,평일,12,12,1,12,13.93
31,4372901,원대,방학,평일,16,16,1,16,13.48
31,4372911,소초농협앞,학기,평일,13,13,1,13,13.87
31,4372911,소초농협앞,학기,평일,15,15,1,15,13.4
31,4372911,소초농협앞,학기,토요일,12,12,1,12,14.78
31,4372911,소초농협앞,계절학기,평일,15,15,1,15,13.22
31,4372911,소초농협앞,방학,평일,11,11,1,11,13.53
31,4372911,소초농협앞,방학,평일,16,16,1,16,13.48
31,4372921,영진아파트,학기,토요일,10,10,1,10,14.76
31,4372921,영진아파트,시험,평일,09,09,1,09,13.92
31,4372921,영진아파트,시험,평일,17,17,1,17,14.75
31,4372921,영진아파트,시험,토요일,13,13,1,13,13.51
31,4372921,영진아파트,계절학기,평일,13,13,1,13,13.68
31,4372921,영진아파트,계절학기,평일,15,15,1,15,13.22
31,4372931,KGC인삼공사원주공장,학기,토요일,11,11,1,11,14.57
31,4372931,KGC인삼공사원주공장,학기,토요일,13,13,1,13,14.16
31,4372931,KGC인삼공사원주공장,시험,평일,16,16,1,16,14.35
31,4372931,KGC인삼공사원주공장,방학,평일,11,11,1,11,13.86
31,4372931,KGC인삼공사원주공장,방학,평일,13,13,1,13,13.56
31,4372931,KGC인삼공사원주공장,방학,토요일,11,11,1,11,13.41
31,4372941,한국도로공사,학기,토요일,10,10,1,10,14.42
31,4372941,한국도로공사,시험,평일,09,09,1,09,13.92
31,4372941,한국도로공사,시험,평일,12,14,3,13,14.15
31,4372941,한국도로공사,시험,평일,16,16,1,16,14.68
31,4372941,한국도로공사,시험,토요일,13,13,1,13,14.34
31,4372961,우성아파트,학기,토요일,10,10,1,10,14.76
31,4372961,우성아파트,학기,토요일,13,13,1,13,14.16
31,4372961,우성아파트,시험,평일,12,13,2,13,14.15
31,4372961,우성아파트,시험,평일,15,15,1,15,13.77
31,4372961,우성아파트,시험,평일,17,17,1,17,14.21
31,4372961,우성아파트,시험,토요일,13,13,1,13,14.68
31,4372961,우성아파트,시험,일요일·공휴일,12,12,1,12,13.45
31,4372961,우성아파트,방학,토요일,10,11,2,11,14.24
31,4372971,북원중학교,학기,토요일,10,10,1,10,14.76
31,4372971,북원중학교,시험,평일,09,09,1,09,15.09
31,4372971,북원중학교,시험,토요일,13,13,1,13,15.01
31,4372971,북원중학교,시험,일요일·공휴일,12,12,1,12,13.79
31,4372971,북원중학교,계절학기,토요일,17,17,1,17,14.34
31,4372971,북원중학교,방학,평일,10,10,1,10,14.98
31,4372971,북원중학교,방학,평일,13,13,1,13,13.27
31,4372971,북원중학교,방학,토요일,11,11,1,11,13.74
31,4372981,태장2동,시험,평일,09,09,1,09,14.32
31,4372981,태장2동,시험,평일,17,17,1,17,13.64
31,4372981,태장2동,시험,일요일·공휴일,12,12,1,12,14.45
31,4372981,태장2동,시험,일요일·공휴일,15,15,1,15,13.4
31,4372981,태장2동,계절학기,평일,13,13,1,13,14.85
31,4372981,태장2동,방학,토요일,10,10,1,10,14.52
31,4372981,태장2동,방학,토요일,12,12,1,12,14.08
31,4372991,한일주유소,학기,평일,18,18,1,18,13.52
31,4372991,한일주유소,학기,토요일,11,12,2,12,15.14
31,4372991,한일주유소,시험,평일,09,09,1,09,13.95
31,4372991,한일주유소,시험,평일,12,12,1,12,14.04
31,4372991,한일주유소,시험,평일,16,17,2,16,15.1
31,4372991,한일주유소,시험,토요일,12,13,2,13,15.34
31,4372991,한일주유소,시험,일요일·공휴일,12,13,2,13,17.53
31,4372991,한일주유소,계절학기,토요일,17,17,1,17,13.67
31,4372991,한일주유소,방학,토요일,12,13,2,13,14.27
31,4373001,북원교,학기,평일,09,09,1,09,13.56
31,4373001,북원교,학기,평일,13,13,1,13,14.89
31,4373001,북원교,학기,토요일,12,13,2,12,16.28
31,4373001,북원교,시험,평일,09,11,3,09,14.26
31,4373001,북원교,시험,평일,13,13,1,13,15.31
31,4373001,북원교,시험,평일,15,15,1,15,14.6
31,4373001,북원교,계절학기,평일,11,11,1,11,15.32
31,4373001,북원교,계절학기,평일,16,16,1,16,13.2
31,4373001,북원교,방학,평일,11,12,2,12,15.43
31,4373001,북원교,방학,평일,14,14,1,14,13.66
31,4373001,북원교,방학,평일,16,16,1,16,14.65
31,4373001,북원교,방학,토요일,12,12,1,12,14.62
31,4373021,현대자동차.상공회의소,학기,평일,18,18,1,18,13.52
31,4373021,현대자동차.상공회의소,학기,토요일,11,13,3,12,18.4
31,4373021,현대자동차.상공회의소,학기,일요일·공휴일,12,12,1,12,13.85
31,4373021,현대자동차.상공회의소,시험,평일,07,07,1,07,13.91
31,4373021,현대자동차.상공회의소,시험,평일,09,09,1,09,14.32
31,4373021,현대자동차.상공회의소,시험,평일,13,15,3,14,14.36
31,4373021,현대자동차.상공회의소,시험,평일,17,17,1,17,15.58
31,4373021,현대자동차.상공회의소,시험,토요일,12,13,2,13,15.84
31,4373021,현대자동차.상공회의소,시험,일요일·공휴일,12,12,1,12,16.29
31,4373021,현대자동차.상공회의소,계절학기,토요일,12,12,1,12,14.89
31,4373021,현대자동차.상공회의소,계절학기,토요일,17,17,1,17,15.84
31,4373021,현대자동차.상공회의소,방학,평일,08,08,1,08,13.37
31,4373021,현대자동차.상공회의소,방학,토요일,12,12,1,12,18.7
31,4373021,현대자동차.상공회의소,방학,일요일·공휴일,12,12,1,12,13.77
31,4373031,강원정비기술학원,학기,토요일,08,08,1,08,14.03
31,4373031,강원정비기술학원,학기,토요일,11,13,3,12,21.4
31,4373031,강원정비기술학원,학기,일요일·공휴일,12,13,2,12,14.08
31,4373031,강원정비기술학원,시험,평일,07,07,1,07,13.45
31,4373031,강원정비기술학원,시험,평일,09,09,1,09,16.59
31,4373031,강원정비기술학원,시험,평일,14,14,1,14,14.02
31,4373031,강원정비기술학원,시험,평일,17,17,1,17,14.69
31,4373031,강원정비기술학원,시험,토요일,12,13,2,13,15.84
31,4373031,강원정비기술학원,시험,일요일·공휴일,12,13,2,13,18.69
31,4373031,강원정비기술학원,계절학기,토요일,12,12,1,12,17.18
31,4373031,강원정비기술학원,계절학기,토요일,17,17,1,17,15.17
31,4373031,강원정비기술학원,방학,토요일,10,10,1,10,13.27
31,4373031,강원정비기술학원,방학,토요일,12,12,1,12,18.87
31,4373031,강원정비기술학원,방학,일요일·공휴일,12,12,1,12,16.48
31,4373041,우산철교.폴리텍대학,학기,평일,07,07,1,07,13.35
31,4373041,우산철교.폴리텍대학,학기,토요일,08,08,1,08,15.09
31,4373041,우산철교.폴리텍대학,학기,토요일,10,12,3,12,23.42
31,4373041,우산철교.폴리텍대학,학기,일요일·공휴일,13,13,1,13,13.87
31,4373041,우산철교.폴리텍대학,시험,평일,07,07,1,07,13.97
31,4373041,우산철교.폴리텍대학,시험,평일,09,09,1,09,15.22
31,4373041,우산철교.폴리텍대학,시험,평일,11,12,2,11,15.96
31,4373041,우산철교.폴리텍대학,시험,평일,15,17,3,16,15.85
31,4373041,우산철교.폴리텍대학,시험,토요일,12,12,1,12,15.71
31,4373041,우산철교.폴리텍대학,시험,일요일·공휴일,12,13,2,13,19.03
31,4373041,우산철교.폴리텍대학,계절학기,평일,13,14,2,13,13.76
31,4373041,우산철교.폴리텍대학,계절학기,토요일,12,12,1,12,14.87
31,4373041,우산철교.폴리텍대학,계절학기,토요일,17,17,1,17,16.17
31,4373041,우산철교.폴리텍대학,방학,평일,13,13,1,13,13.29
31,4373041,우산철교.폴리텍대학,방학,토요일,10,10,1,10,14.52
31,4373041,우산철교.폴리텍대학,방학,토요일,12,12,1,12,18.47
31,4373041,우산철교.폴리텍대학,방학,일요일·공휴일,12,12,1,12,15.64
31,4373051,단계사거리,학기,평일,07,07,1,07,14.57
31,4373051,단계사거리,학기,평일,09,09,1,09,13.25
31,4373051,단계사거리,학기,토요일,08,08,1,08,14.87
31,4373051,단계사거리,학기,토요일,10,13,4,12,23.88
31,4373051,단계사거리,학기,토요일,16,16,1,16,13.42
31,4373051,단계사거리,학기,일요일·공휴일,12,12,1,12,16.67
31,4373051,단계사거리,학기,일요일·공휴일,20,20,1,20,14.53
31,4373051,단계사거리,시험,평일,07,09,3,09,16.59
31,4373051,단계사거리,시험,평일,13,17,5,16,15.18
31,4373051,단계사거리,시험,토요일,12,12,1,12,15.38
31,4373051,단계사거리,시험,일요일·공휴일,12,13,2,13,18.69
31,4373051,단계사거리,계절학기,평일,10,11,2,11,15.71
31,4373051,단계사거리,계절학기,평일,13,13,1,13,13.44
31,4373051,단계사거리,계절학기,토요일,12,12,1,12,17.04
31,4373051,단계사거리,계절학기,토요일,17,17,1,17,17.01
31,4373051,단계사거리,방학,평일,08,08,1,08,13.85
31,4373051,단계사거리,방학,평일,12,12,1,12,14.2
31,4373051,단계사거리,방학,토요일,12,13,2,12,19.3
31,4373051,단계사거리,방학,일요일·공휴일,12,12,1,12,17.16
31,4373111,장양리차고지,학기,토요일,11,11,1,11,13.73
31,4373111,장양리차고지,시험,평일,16,16,1,16,15.18
31,4373111,장양리차고지,계절학기,평일,13,13,1,13,13.68
31,4373111,장양리차고지,방학,평일,10,11,2,10,14.65
31,4373651,장양리차고지,학기,평일,17,17,1,17,13.51
31,4373651,장양리차고지,학기,토요일,10,11,2,10,14.42
31,4373651,장양리차고지,시험,평일,13,13,1,13,13.48
31,4373651,장양리차고지,계절학기,평일,13,13,1,13,13.35
31,4373651,장양리차고지,방학,평일,10,10,1,10,14.32
31,4373651,장양리차고지,방학,토요일,10,10,1,10,13.36
31,4373981,도영쇼핑,학기,평일,07,18,12,13,24.53
31,4373981,도영쇼핑,학기,토요일,10,14,5,13,21.3
31,4373981,도영쇼핑,학기,토요일,16,16,1,16,18.78
31,4373981,도영쇼핑,학기,토요일,18,18,1,18,14.86
31,4373981,도영쇼핑,학기,일요일·공휴일,15,18,4,16,14.88
31,4373981,도영쇼핑,학기,일요일·공휴일,20,20,1,20,20.01
31,4373981,도영쇼핑,시험,평일,07,07,1,07,14.21
31,4373981,도영쇼핑,시험,평일,09,18,10,12,20.03
31,4373981,도영쇼핑,시험,토요일,09,10,2,10,16.14
31,4373981,도영쇼핑,시험,토요일,13,13,1,13,15.84
31,4373981,도영쇼핑,시험,토요일,16,16,1,16,17.11
31,4373981,도영쇼핑,시험,일요일·공휴일,13,13,1,13,23.52
31,4373981,도영쇼핑,시험,일요일·공휴일,15,17,3,15,17.07
31,4373981,도영쇼핑,시험,일요일·공휴일,19,19,1,19,15.51
31,4373981,도영쇼핑,계절학기,평일,10,18,9,13,20.38
31,4373981,도영쇼핑,계절학기,토요일,12,12,1,12,14.04
31,4373981,도영쇼핑,계절학기,토요일,14,14,1,14,13.73
31,4373981,도영쇼핑,계절학기,토요일,17,17,1,17,15.86
31,4373981,도영쇼핑,방학,평일,10,18,9,16,25.89
31,4373981,도영쇼핑,방학,토요일,10,13,4,10,16.46
31,4373981,도영쇼핑,방학,토요일,15,16,2,16,16.37
31,4373981,도영쇼핑,방학,일요일·공휴일,13,13,1,13,13.79
31,4373981,도영쇼핑,방학,일요일·공휴일,16,16,1,16,13.83
31,4374311,지하상가사거리,학기,평일,11,18,8,16,22.77
31,4374311,지하상가사거리,학기,토요일,10,16,7,16,20.23
31,4374311,지하상가사거리,학기,일요일·공휴일,10,10,1,10,16.3
31,4374311,지하상가사거리,학기,일요일·공휴일,13,13,1,13,14.4
31,4374311,지하상가사거리,학기,일요일·공휴일,15,17,3,17,15.09
31,4374311,지하상가사거리,시험,평일,07,07,1,07,14.95
31,4374311,지하상가사거리,시험,평일,09,09,1,09,13.89
31,4374311,지하상가사거리,시험,평일,11,18,8,16,22.68
31,4374311,지하상가사거리,시험,토요일,09,09,1,09,13.46
31,4374311,지하상가사거리,시험,토요일,13,13,1,13,17.18
31,4374311,지하상가사거리,시험,토요일,16,16,1,16,14.61
31,4374311,지하상가사거리,시험,일요일·공휴일,13,13,1,13,18.36
31,4374311,지하상가사거리,시험,일요일·공휴일,16,16,1,16,14.8
31,4374311,지하상가사거리,계절학기,평일,11,11,1,11,15.48
31,4374311,지하상가사거리,계절학기,평일,14,18,5,15,20.44
31,4374311,지하상가사거리,계절학기,토요일,11,12,2,11,18.47
31,4374311,지하상가사거리,방학,평일,10,18,9,18,21.31
31,4374311,지하상가사거리,방학,토요일,10,13,4,11,18.27
31,4374311,지하상가사거리,방학,토요일,15,17,3,16,15.12
31,4374311,지하상가사거리,방학,일요일·공휴일,10,10,1,10,14.36
31,4374311,지하상가사거리,방학,일요일·공휴일,12,12,1,12,14.86
31,4374311,지하상가사거리,방학,일요일·공휴일,14,15,2,15,17.05
31,4374441,도영쇼핑,학기,평일,07,18,12,16,27.32
31,4374441,도영쇼핑,학기,토요일,08,16,9,10,31.91
31,4374441,도영쇼핑,학기,일요일·공휴일,10,12,3,10,26.19
31,4374441,도영쇼핑,학기,일요일·공휴일,15,15,1,15,15.15
31,4374441,도영쇼핑,시험,평일,07,17,11,07,24.57
31,4374441,도영쇼핑,시험,토요일,08,10,3,10,17.31
31,4374441,도영쇼핑,시험,토요일,12,13,2,13,16.51
31,4374441,도영쇼핑,시험,토요일,15,16,2,15,14.29
31,4374441,도영쇼핑,시험,일요일·공휴일,09,13,5,13,20.86
31,4374441,도영쇼핑,시험,일요일·공휴일,15,15,1,15,15.57
31,4374441,도영쇼핑,계절학기,평일,07,16,10,11,26.71
31,4374441,도영쇼핑,계절학기,토요일,08,09,2,08,14.17
31,4374441,도영쇼핑,계절학기,토요일,11,12,2,12,20.37
31,4374441,도영쇼핑,계절학기,토요일,14,14,1,14,14.01
31,4374441,도영쇼핑,계절학기,토요일,17,17,1,17,17.01
31,4374441,도영쇼핑,방학,평일,07,15,9,10,34.5
31,4374441,도영쇼핑,방학,평일,17,17,1,17,18.9
31,4374441,도영쇼핑,방학,토요일,08,13,6,10,27.38
31,4374441,도영쇼핑,방학,토요일,15,15,1,15,14.54
31,4374441,도영쇼핑,방학,일요일·공휴일,09,11,3,10,19.31
31,4374441,도영쇼핑,방학,일요일·공휴일,13,13,1,13,17.46
31,4374441,도영쇼핑,방학,일요일·공휴일,15,15,1,15,13.39
31,4374661,롯데아파트,학기,평일,15,15,1,15,14.18
31,4374661,롯데아파트,학기,토요일,10,10,1,10,13.35
31,4374661,롯데아파트,학기,토요일,12,12,1,12,13.47
31,4374661,롯데아파트,학기,토요일,14,14,1,14,13.5
31,4374661,롯데아파트,학기,일요일·공휴일,19,19,1,19,13.71
31,4374661,롯데아파트,시험,평일,08,10,3,10,15.31
31,4374661,롯데아파트,시험,평일,12,12,1,12,14.53
31,4374661,롯데아파트,시험,평일,15,18,4,17,15.58
31,4374661,롯데아파트,시험,토요일,10,10,1,10,13.64
31,4374661,롯데아파트,시험,토요일,16,16,1,16,14.11
31,4374661,롯데아파트,시험,일요일·공휴일,13,13,1,13,17.53
31,4374661,롯데아파트,시험,일요일·공휴일,16,16,1,16,14.64
31,4374661,롯데아파트,시험,일요일·공휴일,19,19,1,19,13.68
31,4374661,롯데아파트,계절학기,평일,11,11,1,11,14.61
31,4374661,롯데아파트,계절학기,평일,15,16,2,15,16.61
31,4374661,롯데아파트,계절학기,평일,18,18,1,18,15.4
31,4374661,롯데아파트,계절학기,토요일,14,14,1,14,14.18
31,4374661,롯데아파트,방학,평일,15,16,2,16,16.18
31,4374661,롯데아파트,방학,평일,18,18,1,18,15.4
31,4374661,롯데아파트,방학,토요일,10,13,4,12,16.96
31,4374671,단계현진아파트,학기,토요일,12,13,2,13,13.81
31,4374671,단계현진아파트,학기,일요일·공휴일,10,10,1,10,14.02
31,4374671,단계현진아파트,시험,평일,07,07,1,07,13.71
31,4374671,단계현진아파트,시험,평일,10,10,1,10,14.41
31,4374671,단계현진아파트,시험,평일,12,14,3,14,16.19
31,4374671,단계현진아파트,시험,평일,16,17,2,17,15.21
31,4374671,단계현진아파트,시험,토요일,16,16,1,16,13.77
31,4374671,단계현진아파트,시험,일요일·공휴일,16,16,1,16,13.97
31,4374671,단계현진아파트,계절학기,평일,15,16,2,15,15.03
31,4374671,단계현진아파트,계절학기,토요일,14,14,1,14,13.51
31,4374671,단계현진아파트,계절학기,토요일,17,17,1,17,14.34
31,4374671,단계현진아파트,방학,평일,08,08,1,08,15.23
31,4374671,단계현진아파트,방학,평일,12,12,1,12,13.55
31,4374671,단계현진아파트,방학,평일,15,15,1,15,14.1
31,4374671,단계현진아파트,방학,토요일,10,13,4,13,15.77
31,4374671,단계현진아파트,방학,일요일·공휴일,10,10,1,10,14.17
31,4374751,롯데아파트,학기,평일,06,06,1,06,15.24
31,4374751,롯데아파트,학기,평일,08,11,4,09,19.35
31,4374751,롯데아파트,학기,평일,13,14,2,14,15.9
31,4374751,롯데아파트,학기,토요일,08,09,2,09,16.12
31,4374751,롯데아파트,학기,토요일,11,13,3,12,21.58
31,4374751,롯데아파트,학기,일요일·공휴일,12,12,1,12,14.44
31,4374751,롯데아파트,시험,평일,07,11,5,09,17.59
31,4374751,롯데아파트,시험,평일,13,16,4,15,16.37
31,4374751,롯데아파트,시험,토요일,12,12,1,12,16.38
31,4374751,롯데아파트,계절학기,평일,08,08,1,08,14.92
31,4374751,롯데아파트,계절학기,평일,10,11,2,11,14.54
31,4374751,롯데아파트,계절학기,평일,13,15,3,14,15.33
31,4374751,롯데아파트,계절학기,토요일,12,12,1,12,17.71
31,4374751,롯데아파트,방학,평일,08,13,6,12,18.35
31,4374751,롯데아파트,방학,평일,16,17,2,17,16.12
31,4374751,롯데아파트,방학,토요일,09,13,5,12,16.68
31,4374751,롯데아파트,방학,일요일·공휴일,12,13,2,12,16.53
31,4375151,대동마을,학기,평일,08,08,1,08,15.36
31,4375151,대동마을,학기,토요일,10,11,2,11,15.34
31,4375151,대동마을,학기,토요일,13,13,1,13,13.42
31,4375151,대동마을,시험,평일,08,08,1,08,15.92
31,4375151,대동마을,시험,평일,12,12,1,12,13.7
31,4375151,대동마을,시험,평일,14,15,2,15,17.6
31,4375151,대동마을,시험,토요일,10,10,1,10,13.64
31,4375151,대동마을,시험,일요일·공휴일,13,13,1,13,18.03
31,4375151,대동마을,계절학기,평일,13,13,1,13,14.52
31,4375151,대동마을,계절학기,평일,15,15,1,15,13.22
31,4375151,대동마을,방학,평일,08,08,1,08,13.87
31,4375151,대동마을,방학,토요일,10,10,1,10,14.86
31,4375211,청구아파트,학기,평일,07,18,12,13,25.96
31,4375211,청구아파트,학기,토요일,10,14,5,13,21.16
31,4375211,청구아파트,학기,토요일,16,16,1,16,14.76
31,4375211,청구아파트,학기,일요일·공휴일,15,16,2,16,15.62
31,4375211,청구아파트,학기,일요일·공휴일,18,18,1,18,14.68
31,4375211,청구아파트,학기,일요일·공휴일,20,20,1,20,22.29
31,4375211,청구아파트,시험,평일,07,08,2,08,16.42
31,4375211,청구아파트,시험,평일,10,17,8,13,21.88
31,4375211,청구아파트,시험,토요일,10,10,1,10,15.81
31,4375211,청구아파트,시험,토요일,13,13,1,13,16.18
31,4375211,청구아파트,시험,토요일,16,16,1,16,15.27
31,4375211,청구아파트,시험,일요일·공휴일,16,16,1,16,14.64
31,4375211,청구아파트,계절학기,평일,07,07,1,07,13.28
31,4375211,청구아파트,계절학기,평일,12,16,5,12,19.03
31,4375211,청구아파트,계절학기,평일,18,18,1,18,14.87
31,4375211,청구아파트,계절학기,토요일,16,16,1,16,13.6
31,4375211,청구아파트,방학,평일,10,18,9,16,22.87
31,4375211,청구아파트,방학,토요일,10,13,4,10,16.27
31,4375211,청구아파트,방학,토요일,15,16,2,15,14.49
31,4375211,청구아파트,방학,일요일·공휴일,10,10,1,10,13.96
31,4375211,청구아파트,방학,일요일·공휴일,13,13,1,13,13.36
31,4375221,동보노빌리티입구,학기,평일,07,13,7,10,26.96
31,4375221,동보노빌리티입구,학기,평일,15,18,4,17,22.35
31,4375221,동보노빌리티입구,학기,토요일,10,13,4,13,21.0
31,4375221,동보노빌리티입구,학기,토요일,16,16,1,16,13.66
31,4375221,동보노빌리티입구,학기,일요일·공휴일,16,16,1,16,14.22
31,4375221,동보노빌리티입구,학기,일요일·공휴일,18,18,1,18,14.2
31,4375221,동보노빌리티입구,학기,일요일·공휴일,20,20,1,20,25.65
31,4375221,동보노빌리티입구,시험,평일,08,08,1,08,15.47
31,4375221,동보노빌리티입구,시험,평일,10,18,9,13,23.36
31,4375221,동보노빌리티입구,시험,토요일,09,09,1,09,15.63
31,4375221,동보노빌리티입구,시험,토요일,13,13,1,13,15.84
31,4375221,동보노빌리티입구,시험,토요일,16,16,1,16,14.61
31,4375221,동보노빌리티입구,시험,일요일·공휴일,13,13,1,13,22.02
31,4375221,동보노빌리티입구,시험,일요일·공휴일,19,19,1,19,16.18
31,4375221,동보노빌리티입구,계절학기,평일,08,08,1,08,14.26
31,4375221,동보노빌리티입구,계절학기,평일,12,18,7,13,20.31
31,4375221,동보노빌리티입구,계절학기,토요일,12,12,1,12,13.32
31,4375221,동보노빌리티입구,방학,평일,07,07,1,07,13.5
31,4375221,동보노빌리티입구,방학,평일,10,10,1,10,17.35
31,4375221,동보노빌리티입구,방학,평일,12,18,7,16,23.05
31,4375221,동보노빌리티입구,방학,토요일,10,13,4,11,16.83
31,4375221,동보노빌리티입구,방학,토요일,16,16,1,16,14.59
31,4375221,동보노빌리티입구,방학,일요일·공휴일,16,16,1,16,13.34
31,4375231,오페라웨딩홀,학기,평일,07,10,4,10,21.26
31,4375231,오페라웨딩홀,학기,평일,12,18,7,13,26.48
31,4375231,오페라웨딩홀,학기,토요일,10,14,5,13,19.49
31,4375231,오페라웨딩홀,학기,토요일,16,16,1,16,13.79
31,4375231,오페라웨딩홀,학기,일요일·공휴일,14,16,3,16,15.9
31,4375231,오페라웨딩홀,학기,일요일·공휴일,18,18,1,18,13.58
31,4375231,오페라웨딩홀,학기,일요일·공휴일,20,20,1,20,15.88
31,4375231,오페라웨딩홀,시험,평일,07,08,2,08,15.05
31,4375231,오페라웨딩홀,시험,평일,10,10,1,10,19.48
31,4375231,오페라웨딩홀,시험,평일,13,17,5,13,19.84
31,4375231,오페라웨딩홀,시험,토요일,09,09,1,09,16.13
31,4375231,오페라웨딩홀,시험,토요일,13,13,1,13,15.01
31,4375231,오페라웨딩홀,시험,일요일·공휴일,15,16,2,16,14.97
31,4375231,오페라웨딩홀,계절학기,평일,09,09,1,09,14.06
31,4375231,오페라웨딩홀,계절학기,평일,11,16,6,13,20.79
31,4375231,오페라웨딩홀,계절학기,평일,18,18,1,18,14.92
31,4375231,오페라웨딩홀,방학,평일,10,18,9,16,21.09
31,4375231,오페라웨딩홀,방학,토요일,10,13,4,12,16.82
31,4375231,오페라웨딩홀,방학,토요일,15,15,1,15,13.56
31,4375231,오페라웨딩홀,방학,일요일·공휴일,13,13,1,13,13.27
31,4375241,남송,학기,평일,08,18,11,13,24.09
31,4375241,남송,학기,토요일,11,11,1,11,16.07
31,4375241,남송,학기,토요일,13,14,2,13,17.16
31,4375241,남송,학기,토요일,16,16,1,16,14.24
31,4375241,남송,학기,일요일·공휴일,15,16,2,16,14.65
31,4375241,남송,시험,평일,08,08,1,08,15.61
31,4375241,남송,시험,평일,10,11,2,10,15.7
31,4375241,남송,시험,평일,13,13,1,13,18.65
31,4375241,남송,시험,평일,15,16,2,15,17.1
31,4375241,남송,시험,평일,18,18,1,18,14.49
31,4375241,남송,시험,토요일,10,10,1,10,15.47
31,4375241,남송,시험,일요일·공휴일,13,13,1,13,21.69
31,4375241,남송,계절학기,평일,07,07,1,07,13.57
31,4375241,남송,계절학기,평일,09,09,1,09,13.58
31,4375241,남송,계절학기,평일,11,11,1,11,14.87
31,4375241,남송,계절학기,평일,13,16,4,15,19.92
31,4375241,남송,계절학기,토요일,17,17,1,17,14.67
31,4375241,남송,방학,평일,10,18,9,13,19.24
31,4375241,남송,방학,토요일,11,11,1,11,16.08
31,4375241,남송,방학,토요일,13,13,1,13,14.27
31,4375241,남송,방학,토요일,15,16,2,16,15.01
31,4375251,아랫거리,학기,평일,08,08,1,08,14.9
31,4375251,아랫거리,학기,평일,12,12,1,12,19.1
31,4375251,아랫거리,학기,평일,15,15,1,15,19.86
31,4375251,아랫거리,학기,평일,17,17,1,17,23.56
31,4375251,아랫거리,시험,평일,08,08,1,08,13.21
31,4375251,아랫거리,시험,일요일·공휴일,12,12,1,12,13.45
31,4375251,아랫거리,방학,평일,12,12,1,12,18.32
31,4375251,아랫거리,방학,평일,15,15,1,15,14.77
31,4375251,아랫거리,방학,평일,18,18,1,18,14.03
31,4375261,아랫거리,학기,평일,08,08,1,08,15.9
31,4375261,아랫거리,학기,평일,10,11,2,10,18.78
31,4375261,아랫거리,학기,평일,13,18,6,17,20.84
31,4375261,아랫거리,학기,토요일,11,11,1,11,16.06
31,4375261,아랫거리,시험,평일,08,08,1,08,14.71
31,4375261,아랫거리,시험,평일,10,10,1,10,18.64
31,4375261,아랫거리,시험,평일,14,15,2,14,16.86
31,4375261,아랫거리,시험,평일,18,18,1,18,13.82
31,4375261,아랫거리,시험,토요일,09,09,1,09,17.13
31,4375261,아랫거리,계절학기,평일,11,11,1,11,14.04
31,4375261,아랫거리,계절학기,평일,13,13,1,13,21.18
31,4375261,아랫거리,계절학기,평일,15,15,1,15,17.72
31,4375261,아랫거리,방학,평일,10,10,1,10,17.13
31,4375261,아랫거리,방학,평일,13,15,3,13,18.15
31,4375261,아랫거리,방학,토요일,13,13,1,13,13.6
31,4375271,거장아파트,학기,평일,07,10,4,10,21.54
31,4375271,거장아파트,학기,평일,12,18,7,13,23.46
31,4375271,거장아파트,학기,토요일,10,14,5,13,18.58
31,4375271,거장아파트,학기,토요일,16,16,1,16,13.84
31,4375271,거장아파트,학기,일요일·공휴일,15,16,2,15,13.52
31,4375271,거장아파트,학기,일요일·공휴일,20,20,1,20,20.83
31,4375271,거장아파트,시험,평일,07,08,2,07,13.79
31,4375271,거장아파트,시험,평일,10,15,6,10,20.65
31,4375271,거장아파트,시험,평일,17,18,2,17,18.21
31,4375271,거장아파트,시험,토요일,09,10,2,09,16.8
31,4375271,거장아파트,시험,토요일,16,16,1,16,14.11
31,4375271,거장아파트,시험,일요일·공휴일,13,13,1,13,21.36
31,4375271,거장아파트,시험,일요일·공휴일,15,16,2,15,14.4
31,4375271,거장아파트,시험,일요일·공휴일,19,19,1,19,15.51
31,4375271,거장아파트,계절학기,평일,09,09,1,09,14.78
31,4375271,거장아파트,계절학기,평일,12,16,5,13,17.01
31,4375271,거장아파트,계절학기,평일,18,18,1,18,13.57
31,4375271,거장아파트,계절학기,토요일,12,12,1,12,13.32
31,4375271,거장아파트,계절학기,토요일,17,17,1,17,14.34
31,4375271,거장아파트,방학,평일,10,10,1,10,13.73
31,4375271,거장아파트,방학,평일,12,18,7,16,19.37
31,4375271,거장아파트,방학,토요일,10,13,4,12,15.19
31,4375271,거장아파트,방학,토요일,15,15,1,15,13.93
31,4375281,서곡삼거리,학기,평일,07,10,4,10,17.71
31,4375281,서곡삼거리,학기,평일,12,17,6,13,24.14
31,4375281,서곡삼거리,학기,토요일,13,13,1,13,17.16
31,4375281,서곡삼거리,학기,일요일·공휴일,20,20,1,20,16.7
31,4375281,서곡삼거리,시험,평일,10,11,2,10,17.48
31,4375281,서곡삼거리,시험,평일,15,15,1,15,16.77
31,4375281,서곡삼거리,시험,평일,17,17,1,17,18.08
31,4375281,서곡삼거리,시험,일요일·공휴일,13,13,1,13,20.86
31,4375281,서곡삼거리,시험,일요일·공휴일,19,19,1,19,15.01
31,4375281,서곡삼거리,계절학기,평일,14,15,2,14,16.28
31,4375281,서곡삼거리,방학,평일,11,15,5,11,17.19
31,4375281,서곡삼거리,방학,평일,18,18,1,18,14.77
31,4375281,서곡삼거리,방학,토요일,10,10,1,10,14.86
31,4375291,국립강릉원주대학교,학기,평일,08,10,3,10,21.82
31,4375291,국립강릉원주대학교,학기,평일,12,13,2,13,22.51
31,4375291,국립강릉원주대학교,학기,평일,15,18,4,17,18.69
31,4375291,국립강릉원주대학교,학기,토요일,10,10,1,10,16.73
31,4375291,국립강릉원주대학교,학기,토요일,12,13,2,13,16.77
31,4375291,국립강릉원주대학교,학기,일요일·공휴일,16,16,1,16,15.35
31,4375291,국립강릉원주대학교,학기,일요일·공휴일,20,20,1,20,17.67
31,4375291,국립강릉원주대학교,시험,평일,08,08,1,08,13.54
31,4375291,국립강릉원주대학교,시험,평일,10,17,8,13,21.41
31,4375291,국립강릉원주대학교,시험,토요일,09,09,1,09,15.3
31,4375291,국립강릉원주대학교,시험,일요일·공휴일,19,19,1,19,13.6
31,4375291,국립강릉원주대학교,계절학기,평일,10,10,1,10,13.72
31,4375291,국립강릉원주대학교,계절학기,평일,12,16,5,13,17.01
31,4375291,국립강릉원주대학교,계절학기,토요일,12,12,1,12,13.71
31,4375291,국립강릉원주대학교,계절학기,토요일,14,14,1,14,13.73
31,4375291,국립강릉원주대학교,방학,평일,10,10,1,10,14.99
31,4375291,국립강릉원주대학교,방학,평일,12,12,1,12,14.42
31,4375291,국립강릉원주대학교,방학,평일,14,14,1,14,14.72
31,4375291,국립강릉원주대학교,방학,평일,16,17,2,17,19.25
31,4375291,국립강릉원주대학교,방학,토요일,11,13,3,11,15.74
31,4375301,육민관중.고등학교,학기,평일,08,08,1,08,14.25
31,4375301,육민관중.고등학교,학기,평일,10,10,1,10,16.67
31,4375301,육민관중.고등학교,학기,평일,12,13,2,13,19.1
31,4375301,육민관중.고등학교,학기,평일,15,18,4,17,18.46
31,4375301,육민관중.고등학교,학기,토요일,10,13,4,13,16.49
31,4375301,육민관중.고등학교,학기,토요일,16,16,1,16,13.66
31,4375301,육민관중.고등학교,학기,일요일·공휴일,20,20,1,20,20.82
31,4375301,육민관중.고등학교,시험,평일,08,08,1,08,14.6
31,4375301,육민관중.고등학교,시험,평일,10,10,1,10,16.04
31,4375301,육민관중.고등학교,시험,평일,12,17,6,12,18.46
31,4375301,육민관중.고등학교,시험,일요일·공휴일,15,15,1,15,14.07
31,4375301,육민관중.고등학교,계절학기,평일,13,13,1,13,17.12
31,4375301,육민관중.고등학교,계절학기,평일,15,15,1,15,16.23
31,4375301,육민관중.고등학교,계절학기,토요일,17,17,1,17,15.51
31,4375301,육민관중.고등학교,방학,평일,12,17,6,13,16.39
31,4375301,육민관중.고등학교,방학,토요일,10,13,4,10,15.52
31,4375351,흥업사거리,학기,평일,07,12,6,07,20.33
31,4375351,흥업사거리,학기,평일,14,17,4,15,19.49
31,4375351,흥업사거리,학기,토요일,09,13,5,10,20.15
31,4375351,흥업사거리,학기,토요일,17,17,1,17,14.82
31,4375351,흥업사거리,학기,일요일·공휴일,10,11,2,10,17.46
31,4375351,흥업사거리,시험,평일,07,14,8,07,18.72
31,4375351,흥업사거리,시험,평일,16,17,2,16,19.31
31,4375351,흥업사거리,시험,토요일,09,10,2,10,15.06
31,4375351,흥업사거리,시험,토요일,12,12,1,12,16.04
31,4375351,흥업사거리,시험,토요일,15,16,2,15,15.21
31,4375351,흥업사거리,시험,일요일·공휴일,10,10,1,10,16.59
31,4375351,흥업사거리,시험,일요일·공휴일,15,15,1,15,13.73
31,4375351,흥업사거리,계절학기,평일,07,15,9,07,20.67
31,4375351,흥업사거리,계절학기,토요일,11,12,2,12,16.71
31,4375351,흥업사거리,방학,평일,07,15,9,10,23.29
31,4375351,흥업사거리,방학,토요일,09,12,4,10,16.1
31,4375601,흥업사거리,학기,평일,10,10,1,10,13.25
31,4375601,흥업사거리,학기,평일,13,13,1,13,17.1
31,4375601,흥업사거리,학기,토요일,10,10,1,10,15.5
31,4375601,흥업사거리,학기,토요일,13,13,1,13,17.25
31,4375601,흥업사거리,학기,일요일·공휴일,20,20,1,20,17.6
31,4375601,흥업사거리,시험,평일,10,10,1,10,14.34
31,4375601,흥업사거리,시험,평일,12,15,4,13,18.09
31,4375601,흥업사거리,시험,평일,18,18,1,18,13.21
31,4375601,흥업사거리,시험,토요일,09,10,2,09,14.96
31,4375601,흥업사거리,시험,토요일,13,13,1,13,15.01
31,4375601,흥업사거리,시험,토요일,16,16,1,16,14.11
31,4375601,흥업사거리,시험,일요일·공휴일,10,10,1,10,13.26
31,4375601,흥업사거리,시험,일요일·공휴일,13,13,1,13,19.86
31,4375601,흥업사거리,시험,일요일·공휴일,15,15,1,15,14.9
31,4375601,흥업사거리,계절학기,평일,15,16,2,15,13.46
31,4375601,흥업사거리,방학,평일,12,12,1,12,13.41
31,4375601,흥업사거리,방학,평일,16,16,1,16,15.92
31,4375601,흥업사거리,방학,토요일,10,10,1,10,13.29
31,4375601,흥업사거리,방학,토요일,12,12,1,12,13.27
31,4375621,국립강릉원주대학교,학기,평일,07,07,1,07,18.52
31,4375621,국립강릉원주대학교,학기,평일,09,18,10,15,26.2
31,4375621,국립강릉원주대학교,학기,토요일,09,13,5,10,19.65
31,4375621,국립강릉원주대학교,학기,토요일,15,17,3,17,14.56
31,4375621,국립강릉원주대학교,학기,일요일·공휴일,10,10,1,10,17.78
31,4375621,국립강릉원주대학교,학기,일요일·공휴일,12,12,1,12,14.33
31,4375621,국립강릉원주대학교,시험,평일,09,14,6,10,19.32
31,4375621,국립강릉원주대학교,시험,평일,16,18,3,16,23.83
31,4375621,국립강릉원주대학교,시험,토요일,09,09,1,09,14.21
31,4375621,국립강릉원주대학교,계절학기,평일,07,07,1,07,13.27
31,4375621,국립강릉원주대학교,계절학기,평일,09,15,7,14,18.77
31,4375621,국립강릉원주대학교,계절학기,토요일,11,11,1,11,13.64
31,4375621,국립강릉원주대학교,방학,평일,07,07,1,07,13.44
31,4375621,국립강릉원주대학교,방학,평일,09,17,9,12,23.21
31,4375621,국립강릉원주대학교,방학,토요일,09,12,4,12,16.71
31,4375621,국립강릉원주대학교,방학,토요일,15,15,1,15,13.56
31,4375621,국립강릉원주대학교,방학,일요일·공휴일,10,10,1,10,13.44
31,4375631,국립강릉원주대학교,학기,평일,07,18,12,15,27.35
31,4375631,국립강릉원주대학교,학기,토요일,09,12,4,10,23.39
31,4375631,국립강릉원주대학교,학기,토요일,14,15,2,15,15.77
31,4375631,국립강릉원주대학교,학기,토요일,17,17,1,17,14.51
31,4375631,국립강릉원주대학교,학기,일요일·공휴일,10,10,1,10,17.37
31,4375631,국립강릉원주대학교,시험,평일,07,07,1,07,18.29
31,4375631,국립강릉원주대학교,시험,평일,09,14,6,09,19.51
31,4375631,국립강릉원주대학교,시험,평일,16,18,3,17,22.55
31,4375631,국립강릉원주대학교,시험,토요일,10,10,1,10,16.97
31,4375631,국립강릉원주대학교,시험,토요일,15,15,1,15,15.54
31,4375631,국립강릉원주대학교,시험,일요일·공휴일,10,10,1,10,17.09
31,4375631,국립강릉원주대학교,시험,일요일·공휴일,15,15,1,15,14.07
31,4375631,국립강릉원주대학교,계절학기,평일,07,11,5,10,17.13
31,4375631,국립강릉원주대학교,계절학기,평일,13,14,2,13,16.02
31,4375631,국립강릉원주대학교,계절학기,평일,16,16,1,16,16.15
31,4375631,국립강릉원주대학교,계절학기,토요일,17,17,1,17,15.17
31,4375631,국립강릉원주대학교,방학,평일,09,12,4,10,27.24
31,4375631,국립강릉원주대학교,방학,평일,14,15,2,14,16.95
31,4375631,국립강릉원주대학교,방학,평일,17,17,1,17,13.67
31,4375631,국립강릉원주대학교,방학,토요일,09,09,1,09,15.46
31,4375631,국립강릉원주대학교,방학,토요일,15,15,1,15,13.2
31,4375631,국립강릉원주대학교,방학,일요일·공휴일,10,10,1,10,13.44
31,4375631,국립강릉원주대학교,방학,일요일·공휴일,15,15,1,15,15.69
31,4375651,거장아파트,학기,평일,07,18,12,15,29.35
31,4375651,거장아파트,학기,토요일,09,13,5,10,21.97
31,4375651,거장아파트,학기,토요일,15,15,1,15,13.5
31,4375651,거장아파트,학기,토요일,17,17,1,17,14.12
31,4375651,거장아파트,학기,일요일·공휴일,10,10,1,10,19.88
31,4375651,거장아파트,학기,일요일·공휴일,14,15,2,15,13.71
31,4375651,거장아파트,시험,평일,07,14,8,07,21.92
31,4375651,거장아파트,시험,평일,16,18,3,16,21.71
31,4375651,거장아파트,시험,토요일,09,10,2,10,17.31
31,4375651,거장아파트,시험,토요일,15,15,1,15,15.88
31,4375651,거장아파트,시험,일요일·공휴일,10,10,1,10,17.09
31,4375651,거장아파트,시험,일요일·공휴일,12,12,1,12,14.12
31,4375651,거장아파트,시험,일요일·공휴일,15,15,1,15,15.9
31,4375651,거장아파트,계절학기,평일,07,07,1,07,21.91
31,4375651,거장아파트,계절학기,평일,09,16,8,11,22.52
31,4375651,거장아파트,계절학기,토요일,11,12,2,12,17.46
31,4375651,거장아파트,계절학기,토요일,17,17,1,17,15.51
31,4375651,거장아파트,계절학기,일요일·공휴일,12,12,1,12,13.2
31,4375651,거장아파트,방학,평일,07,17,11,10,27.29
31,4375651,거장아파트,방학,토요일,09,13,5,11,20.05
31,4375661,아랫거리,학기,평일,07,18,12,15,27.84
31,4375661,아랫거리,학기,토요일,10,14,5,11,22.38
31,4375661,아랫거리,학기,토요일,16,17,2,17,13.68
31,4375661,아랫거리,학기,일요일·공휴일,10,10,1,10,17.04
31,4375661,아랫거리,학기,일요일·공휴일,12,12,1,12,13.71
31,4375661,아랫거리,시험,평일,07,07,1,07,14.12
31,4375661,아랫거리,시험,평일,12,12,1,12,20.04
31,4375661,아랫거리,시험,평일,14,14,1,14,14.69
31,4375661,아랫거리,시험,평일,17,18,2,17,18.08
31,4375661,아랫거리,시험,토요일,10,10,1,10,16.97
31,4375661,아랫거리,시험,일요일·공휴일,12,13,2,13,19.03
31,4375661,아랫거리,계절학기,평일,07,07,1,07,15.83
31,4375661,아랫거리,계절학기,평일,10,13,4,11,19.18
31,4375661,아랫거리,계절학기,평일,15,15,1,15,13.9
31,4375661,아랫거리,계절학기,토요일,12,12,1,12,16.71
31,4375661,아랫거리,방학,평일,09,16,8,11,23.74
31,4375661,아랫거리,방학,토요일,11,12,2,11,17.08
31,4375661,아랫거리,방학,토요일,15,15,1,15,13.9
31,4375681,남송,학기,평일,07,18,12,07,27.72
31,4375681,남송,학기,토요일,09,09,1,09,16.49
31,4375681,남송,학기,토요일,12,14,3,12,22.94
31,4375681,남송,학기,토요일,17,17,1,17,13.34
31,4375681,남송,학기,일요일·공휴일,10,10,1,10,13.7
31,4375681,남송,학기,일요일·공휴일,13,13,1,13,13.23
31,4375681,남송,시험,평일,07,07,1,07,13.79
31,4375681,남송,시험,평일,09,10,2,09,16.92
31,4375681,남송,시험,평일,12,14,3,12,19.65
31,4375681,남송,시험,평일,17,17,1,17,19.28
31,4375681,남송,계절학기,평일,09,10,2,10,17.13
31,4375681,남송,계절학기,평일,13,14,2,13,18.16
31,4375681,남송,계절학기,평일,16,16,1,16,15.03
31,4375681,남송,계절학기,토요일,12,12,1,12,17.04
31,4375681,남송,방학,평일,07,07,1,07,13.92
31,4375681,남송,방학,평일,09,17,9,13,26.1
31,4375681,남송,방학,토요일,10,10,1,10,17.52
31,4375681,남송,방학,토요일,12,13,2,12,14.62
31,4375681,남송,방학,일요일·공휴일,10,10,1,10,13.38
31,4375691,오페라웨딩홀,학기,평일,07,18,12,07,29.11
31,4375691,오페라웨딩홀,학기,토요일,09,17,9,10,22.23
31,4375691,오페라웨딩홀,학기,일요일·공휴일,10,10,1,10,17.23
31,4375691,오페라웨딩홀,시험,평일,07,13,7,09,22.06
31,4375691,오페라웨딩홀,시험,평일,15,18,4,17,24.69
31,4375691,오페라웨딩홀,시험,토요일,09,09,1,09,13.8
31,4375691,오페라웨딩홀,시험,토요일,13,13,1,13,18.34
31,4375691,오페라웨딩홀,시험,토요일,15,15,1,15,13.38
31,4375691,오페라웨딩홀,시험,일요일·공휴일,12,12,1,12,15.62
31,4375691,오페라웨딩홀,계절학기,평일,07,07,1,07,25.0
31,4375691,오페라웨딩홀,계절학기,평일,09,16,8,11,20.93
31,4375691,오페라웨딩홀,계절학기,토요일,17,17,1,17,13.58
31,4375691,오페라웨딩홀,방학,평일,07,07,1,07,19.31
31,4375691,오페라웨딩홀,방학,평일,09,15,7,10,27.66
31,4375691,오페라웨딩홀,방학,평일,17,17,1,17,14.0
31,4375691,오페라웨딩홀,방학,토요일,10,13,4,11,18.83
31,4375691,오페라웨딩홀,방학,토요일,15,15,1,15,13.55
31,4375691,오페라웨딩홀,방학,일요일·공휴일,15,15,1,15,14.17
31,4375701,청구아파트,학기,평일,07,18,12,07,31.16
31,4375701,청구아파트,학기,토요일,09,17,9,10,26.04
31,4375701,청구아파트,학기,일요일·공휴일,10,10,1,10,22.42
31,4375701,청구아파트,학기,일요일·공휴일,12,12,1,12,14.82
31,4375701,청구아파트,학기,일요일·공휴일,14,14,1,14,13.48
31,4375701,청구아파트,시험,평일,07,18,12,17,24.85
31,4375701,청구아파트,시험,토요일,09,09,1,09,14.38
31,4375701,청구아파트,시험,토요일,13,13,1,13,18.34
31,4375701,청구아파트,시험,토요일,15,15,1,15,14.21
31,4375701,청구아파트,시험,일요일·공휴일,12,13,2,13,20.19
31,4375701,청구아파트,시험,일요일·공휴일,15,15,1,15,15.23
31,4375701,청구아파트,계절학기,평일,07,17,11,10,24.28
31,4375701,청구아파트,계절학기,토요일,11,12,2,12,17.75
31,4375701,청구아파트,계절학기,토요일,17,17,1,17,15.51
31,4375701,청구아파트,방학,평일,07,17,11,10,29.93
31,4375701,청구아파트,방학,토요일,08,13,6,10,22.71
31,4375701,청구아파트,방학,일요일·공휴일,10,10,1,10,17.62
31,4375701,청구아파트,방학,일요일·공휴일,12,13,2,12,13.68
31,4376201,동막골,학기,평일,07,09,3,08,15.22
31,4376201,동막골,학기,평일,13,14,2,13,15.04
31,4376201,동막골,학기,평일,16,16,1,16,15.02
31,4376201,동막골,학기,토요일,10,10,1,10,15.59
31,4376201,동막골,학기,토요일,13,13,1,13,15.32
31,4376201,동막골,학기,일요일·공휴일,10,10,1,10,13.6
31,4376201,동막골,계절학기,평일,13,13,1,13,13.73
31,4376201,동막골,방학,평일,12,15,4,13,16.98
31,4376311,동막골,학기,평일,10,10,1,10,13.71
31,4376311,동막골,학기,평일,13,13,1,13,13.53
31,4376311,동막골,학기,일요일·공휴일,10,10,1,10,14.87
31,4376311,동막골,방학,평일,11,11,1,11,14.45
31,4376311,동막골,방학,평일,13,14,2,14,15.6
31,4376311,동막골,방학,평일,16,16,1,16,15.32
31,4376451,꿈드림새마을금고,학기,평일,09,09,1,09,14.12
31,4376451,꿈드림새마을금고,학기,평일,18,18,1,18,13.83
31,4376451,꿈드림새마을금고,학기,토요일,08,08,1,08,15.53
31,4376451,꿈드림새마을금고,학기,토요일,10,12,3,12,22.81
31,4376451,꿈드림새마을금고,학기,일요일·공휴일,10,10,1,10,13.32
31,4376451,꿈드림새마을금고,학기,일요일·공휴일,13,13,1,13,13.46
31,4376451,꿈드림새마을금고,시험,평일,08,09,2,09,15.28
31,4376451,꿈드림새마을금고,시험,평일,11,12,2,12,14.04
31,4376451,꿈드림새마을금고,시험,평일,14,14,1,14,14.89
31,4376451,꿈드림새마을금고,시험,평일,16,17,2,17,13.56
31,4376451,꿈드림새마을금고,시험,토요일,12,12,1,12,15.38
31,4376451,꿈드림새마을금고,시험,일요일·공휴일,10,10,1,10,13.26
31,4376451,꿈드림새마을금고,시험,일요일·공휴일,13,13,1,13,19.53
31,4376451,꿈드림새마을금고,시험,일요일·공휴일,15,15,1,15,14.07
31,4376451,꿈드림새마을금고,계절학기,평일,07,07,1,07,13.75
31,4376451,꿈드림새마을금고,방학,평일,08,08,1,08,13.39
31,4376451,꿈드림새마을금고,방학,평일,12,12,1,12,13.86
31,4376451,꿈드림새마을금고,방학,평일,17,17,1,17,15.33
31,4376451,꿈드림새마을금고,방학,토요일,10,13,4,12,18.84
31,4376451,꿈드림새마을금고,방학,일요일·공휴일,12,12,1,12,14.09
31,4376461,단계은행아파트,학기,평일,08,11,4,09,16.67
31,4376461,단계은행아파트,학기,평일,14,14,1,14,13.39
31,4376461,단계은행아파트,학기,토요일,08,08,1,08,15.66
31,4376461,단계은행아파트,학기,토요일,11,12,2,12,21.97
31,4376461,단계은행아파트,학기,일요일·공휴일,13,13,1,13,16.76
31,4376461,단계은행아파트,시험,평일,07,11,5,09,15.06
31,4376461,단계은행아파트,시험,평일,13,14,2,14,17.45
31,4376461,단계은행아파트,시험,평일,16,17,2,17,13.94
31,4376461,단계은행아파트,시험,토요일,10,10,1,10,13.97
31,4376461,단계은행아파트,시험,토요일,12,13,2,12,16.38
31,4376461,단계은행아파트,시험,일요일·공휴일,10,10,1,10,14.76
31,4376461,단계은행아파트,시험,일요일·공휴일,12,13,2,13,19.86
31,4376461,단계은행아파트,시험,일요일·공휴일,19,19,1,19,13.68
31,4376461,단계은행아파트,계절학기,평일,07,08,2,08,14.42
31,4376461,단계은행아파트,계절학기,평일,10,10,1,10,14.46
31,4376461,단계은행아파트,계절학기,평일,12,14,3,12,14.78
31,4376461,단계은행아파트,계절학기,토요일,12,12,1,12,17.75
31,4376461,단계은행아파트,계절학기,토요일,14,14,1,14,13.51
31,4376461,단계은행아파트,계절학기,토요일,17,17,1,17,14.67
31,4376461,단계은행아파트,방학,평일,08,08,1,08,14.54
31,4376461,단계은행아파트,방학,평일,12,13,2,12,15.94
31,4376461,단계은행아파트,방학,평일,17,17,1,17,15.27
31,4376461,단계은행아파트,방학,토요일,08,08,1,08,13.89
31,4376461,단계은행아파트,방학,토요일,10,13,4,12,20.64
31,4376461,단계은행아파트,방학,일요일·공휴일,10,10,1,10,13.3
31,4376461,단계은행아파트,방학,일요일·공휴일,12,12,1,12,16.88
31,4376491,보촌,학기,평일,10,10,1,10,13.86
31,4376491,보촌,학기,평일,13,13,1,13,16.46
31,4376491,보촌,학기,토요일,10,14,5,10,17.55
31,4376491,보촌,학기,일요일·공휴일,20,20,1,20,18.19
31,4376491,보촌,시험,평일,07,07,1,07,14.21
31,4376491,보촌,시험,평일,09,10,2,10,16.86
31,4376491,보촌,시험,평일,12,16,5,13,16.99
31,4376491,보촌,시험,평일,18,18,1,18,13.61
31,4376491,보촌,시험,토요일,09,09,1,09,14.63
31,4376491,보촌,시험,토요일,16,16,1,16,14.11
31,4376491,보촌,시험,일요일·공휴일,13,13,1,13,19.53
31,4376491,보촌,시험,일요일·공휴일,19,19,1,19,14.01
31,4376491,보촌,계절학기,평일,13,15,3,15,13.45
31,4376491,보촌,계절학기,토요일,17,17,1,17,13.67
31,4376491,보촌,방학,평일,13,13,1,13,15.41
31,4376491,보촌,방학,평일,16,16,1,16,15.06
31,4376491,보촌,방학,토요일,10,11,2,10,13.39
31,4376491,보촌,방학,토요일,13,13,1,13,14.27
31,4376501,두산위브정문,학기,평일,10,10,1,10,15.31
31,4376501,두산위브정문,학기,평일,13,13,1,13,13.36
31,4376501,두산위브정문,학기,토요일,10,13,4,13,17.49
31,4376501,두산위브정문,학기,일요일·공휴일,10,10,1,10,13.37
31,4376501,두산위브정문,학기,일요일·공휴일,20,20,1,20,15.6
31,4376501,두산위브정문,시험,평일,10,10,1,10,15.84
31,4376501,두산위브정문,시험,평일,12,12,1,12,13.28
31,4376501,두산위브정문,시험,평일,14,14,1,14,14.16
31,4376501,두산위브정문,시험,평일,16,17,2,16,17.68
31,4376501,두산위브정문,시험,토요일,09,09,1,09,14.3
31,4376501,두산위브정문,계절학기,평일,09,09,1,09,13.78
31,4376501,두산위브정문,계절학기,평일,14,14,1,14,13.63
31,4376501,두산위브정문,방학,평일,12,13,2,12,15.32
31,4376501,두산위브정문,방학,평일,16,16,1,16,14.26
31,4376501,두산위브정문,방학,토요일,11,11,1,11,13.41
31,4376501,두산위브정문,방학,토요일,13,13,1,13,13.6
31,4376521,벌밤골,학기,평일,08,08,1,08,13.91
31,4376521,벌밤골,학기,평일,10,10,1,10,15.64
31,4376521,벌밤골,학기,평일,13,13,1,13,13.33
31,4376521,벌밤골,학기,토요일,10,10,1,10,16.32
31,4376521,벌밤골,학기,토요일,12,13,2,13,14.49
31,4376521,벌밤골,학기,일요일·공휴일,20,20,1,20,14.02
31,4376521,벌밤골,시험,평일,10,10,1,10,14.98
31,4376521,벌밤골,시험,평일,12,14,3,12,16.04
31,4376521,벌밤골,시험,평일,16,16,1,16,15.59
31,4376521,벌밤골,시험,토요일,16,16,1,16,13.44
31,4376521,벌밤골,계절학기,평일,13,14,2,13,14.3
31,4376521,벌밤골,방학,평일,12,14,3,13,16.84
31,4376521,벌밤골,방학,평일,16,16,1,16,14.13
31,4376521,벌밤골,방학,토요일,11,13,3,12,15.12
31,4376531,무수막마을,학기,평일,14,14,1,14,13.76
31,4376531,무수막마을,학기,토요일,11,11,1,11,14.57
31,4376531,무수막마을,시험,평일,10,15,6,13,15.41
31,4376531,무수막마을,시험,평일,18,18,1,18,14.15
31,4376531,무수막마을,시험,토요일,09,09,1,09,13.8
31,4376531,무수막마을,시험,일요일·공휴일,13,13,1,13,18.36
31,4376531,무수막마을,계절학기,평일,09,09,1,09,13.91
31,4376531,무수막마을,방학,평일,11,13,3,13,15.32
31,4376531,무수막마을,방학,평일,16,17,2,16,15.32
31,4376541,세동마을,학기,토요일,10,10,1,10,15.35
31,4376541,세동마을,시험,평일,09,09,1,09,14.76
31,4376541,세동마을,시험,평일,12,13,2,12,14.03
31,4376541,세동마을,시험,평일,17,17,1,17,14.42
31,4376541,세동마을,시험,토요일,10,10,1,10,14.31
31,4376541,세동마을,시험,토요일,13,13,1,13,14.34
31,4376541,세동마을,방학,토요일,10,10,1,10,14.02
31,4376591,연세대학교,학기,평일,08,08,1,08,19.42
31,4376591,연세대학교,학기,평일,14,14,1,14,13.2
31,4376591,연세대학교,학기,토요일,10,11,2,11,14.91
31,4376591,연세대학교,학기,일요일·공휴일,10,10,1,10,13.66
31,4376591,연세대학교,시험,평일,08,10,3,08,14.38
31,4376591,연세대학교,시험,평일,13,13,1,13,14.1
31,4376591,연세대학교,시험,평일,16,17,2,17,16.21
31,4376591,연세대학교,시험,일요일·공휴일,10,10,1,10,15.26
31,4376591,연세대학교,계절학기,평일,08,08,1,08,13.22
31,4376591,연세대학교,계절학기,평일,13,14,2,13,14.92
31,4376591,연세대학교,방학,평일,10,10,1,10,13.33
31,4376591,연세대학교,방학,평일,13,14,2,13,15.81
31,4376591,연세대학교,방학,토요일,10,10,1,10,15.31
31,4376591,연세대학교,방학,토요일,12,13,2,13,13.94
31,4376601,세동,학기,평일,08,09,2,08,23.88
31,4376601,세동,학기,평일,13,14,2,14,15.0
31,4376601,세동,학기,토요일,10,11,2,10,14.8
31,4376601,세동,학기,토요일,13,13,1,13,13.84
31,4376601,세동,시험,평일,08,09,2,09,18.3
31,4376601,세동,시험,평일,12,13,2,13,14.32
31,4376601,세동,시험,평일,15,17,3,17,17.5
31,4376601,세동,시험,토요일,08,08,1,08,13.53
31,4376601,세동,시험,토요일,13,13,1,13,13.84
31,4376601,세동,시험,일요일·공휴일,10,10,1,10,15.59
31,4376601,세동,시험,일요일·공휴일,13,13,1,13,18.03
31,4376601,세동,시험,일요일·공휴일,15,15,1,15,13.4
31,4376601,세동,계절학기,평일,08,08,1,08,17.2
31,4376601,세동,계절학기,평일,11,11,1,11,14.19
31,4376601,세동,계절학기,평일,13,13,1,13,15.43
31,4376601,세동,계절학기,평일,15,15,1,15,13.54
31,4376601,세동,계절학기,토요일,11,11,1,11,13.31
31,4376601,세동,방학,평일,08,08,1,08,14.64
31,4376601,세동,방학,평일,10,13,4,13,16.93
31,4376601,세동,방학,토요일,10,10,1,10,14.79
31,4376601,세동,방학,토요일,15,15,1,15,13.48
31,4376611,무수막마을,학기,평일,07,10,4,09,14.94
31,4376611,무수막마을,학기,평일,14,14,1,14,16.13
31,4376611,무수막마을,학기,평일,16,17,2,17,15.13
31,4376611,무수막마을,학기,토요일,10,13,4,11,16.64
31,4376611,무수막마을,학기,일요일·공휴일,17,17,1,17,13.99
31,4376611,무수막마을,시험,평일,09,09,1,09,18.09
31,4376611,무수막마을,시험,평일,13,13,1,13,16.15
31,4376611,무수막마을,시험,평일,16,16,1,16,15.52
31,4376611,무수막마을,시험,토요일,15,15,1,15,13.38
31,4376611,무수막마을,계절학기,평일,10,11,2,10,13.67
31,4376611,무수막마을,계절학기,평일,13,14,2,13,18.51
31,4376611,무수막마을,계절학기,토요일,12,12,1,12,14.37
31,4376611,무수막마을,방학,평일,08,08,1,08,15.35
31,4376611,무수막마을,방학,평일,10,15,6,13,18.09
31,4376611,무수막마을,방학,평일,17,17,1,17,14.88
31,4376611,무수막마을,방학,토요일,10,12,3,11,15.06
31,4376621,벌밤골,학기,평일,08,10,3,08,19.04
31,4376621,벌밤골,학기,평일,13,17,5,14,14.92
31,4376621,벌밤골,학기,토요일,08,08,1,08,14.36
31,4376621,벌밤골,학기,토요일,10,13,4,10,16.22
31,4376621,벌밤골,시험,평일,09,09,1,09,16.92
31,4376621,벌밤골,시험,평일,11,11,1,11,14.46
31,4376621,벌밤골,시험,평일,14,14,1,14,14.16
31,4376621,벌밤골,시험,평일,16,16,1,16,17.01
31,4376621,벌밤골,시험,토요일,15,15,1,15,13.71
31,4376621,벌밤골,계절학기,평일,07,08,2,08,16.76
31,4376621,벌밤골,계절학기,평일,10,11,2,11,14.77
31,4376621,벌밤골,계절학기,평일,13,13,1,13,16.02
31,4376621,벌밤골,계절학기,토요일,17,17,1,17,14.67
31,4376621,벌밤골,방학,평일,10,15,6,10,18.26
31,4376621,벌밤골,방학,토요일,10,13,4,10,16.02
31,4376631,두산위브아파트,학기,평일,07,10,4,08,23.65
31,4376631,두산위브아파트,학기,평일,14,16,3,14,15.44
31,4376631,두산위브아파트,학기,토요일,10,13,4,10,18.71
31,4376631,두산위브아파트,학기,토요일,16,17,2,16,13.49
31,4376631,두산위브아파트,시험,평일,08,09,2,09,18.89
31,4376631,두산위브아파트,시험,평일,12,14,3,13,16.48
31,4376631,두산위브아파트,시험,평일,16,17,2,16,17.39
31,4376631,두산위브아파트,시험,토요일,10,10,1,10,13.97
31,4376631,두산위브아파트,시험,일요일·공휴일,10,10,1,10,15.93
31,4376631,두산위브아파트,계절학기,평일,07,11,5,08,16.96
31,4376631,두산위브아파트,계절학기,평일,13,14,2,14,18.33
31,4376631,두산위브아파트,계절학기,토요일,12,12,1,12,14.87
31,4376631,두산위브아파트,방학,평일,08,08,1,08,15.22
31,4376631,두산위브아파트,방학,평일,10,15,6,10,19.03
31,4376631,두산위브아파트,방학,토요일,10,13,4,10,15.9
31,4376641,흥업지구대,학기,평일,07,10,4,08,21.49
31,4376641,흥업지구대,학기,평일,14,16,3,15,17.28
31,4376641,흥업지구대,학기,토요일,10,13,4,10,18.09
31,4376641,흥업지구대,학기,일요일·공휴일,10,10,1,10,14.3
31,4376641,흥업지구대,시험,평일,07,10,4,09,19.05
31,4376641,흥업지구대,시험,평일,12,13,2,13,15.11
31,4376641,흥업지구대,시험,평일,16,17,2,16,17.31
31,4376641,흥업지구대,시험,토요일,10,10,1,10,15.47
31,4376641,흥업지구대,시험,토요일,13,13,1,13,13.51
31,4376641,흥업지구대,시험,토요일,15,15,1,15,14.04
31,4376641,흥업지구대,시험,일요일·공휴일,12,12,1,12,13.79
31,4376641,흥업지구대,시험,일요일·공휴일,15,15,1,15,13.73
31,4376641,흥업지구대,계절학기,평일,07,11,5,07,16.53
31,4376641,흥업지구대,계절학기,평일,13,15,3,13,15.66
31,4376641,흥업지구대,계절학기,토요일,11,12,2,12,15.87
31,4376641,흥업지구대,방학,평일,07,14,8,10,22.14
31,4376641,흥업지구대,방학,토요일,09,11,3,10,15.66
31,4376691,단계은행아파트,학기,토요일,10,10,1,10,13.3
31,4376691,단계은행아파트,학기,토요일,12,12,1,12,13.88
31,4376691,단계은행아파트,시험,평일,10,10,1,10,14.7
31,4376691,단계은행아파트,시험,평일,12,13,2,13,14.65
31,4376691,단계은행아파트,시험,평일,15,15,1,15,13.77
31,4376691,단계은행아파트,시험,평일,17,17,1,17,14.05
31,4376691,단계은행아파트,시험,일요일·공휴일,16,16,1,16,13.47
31,4376691,단계은행아파트,계절학기,평일,15,15,1,15,13.82
31,4376691,단계은행아파트,방학,평일,08,08,1,08,13.98
31,4376691,단계은행아파트,방학,토요일,10,13,4,12,16.11
31,4376701,꿈드림새마을금고,학기,토요일,11,11,1,11,15.23
31,4376701,꿈드림새마을금고,학기,토요일,13,13,1,13,14.71
31,4376701,꿈드림새마을금고,학기,일요일·공휴일,10,10,1,10,13.37
31,4376701,꿈드림새마을금고,시험,평일,07,07,1,07,13.79
31,4376701,꿈드림새마을금고,시험,평일,09,11,3,09,15.09
31,4376701,꿈드림새마을금고,시험,평일,13,13,1,13,14.65
31,4376701,꿈드림새마을금고,시험,평일,16,17,2,16,14.35
31,4376701,꿈드림새마을금고,계절학기,평일,15,15,1,15,15.79
31,4376701,꿈드림새마을금고,계절학기,토요일,17,17,1,17,14.01
31,4376701,꿈드림새마을금고,방학,평일,10,10,1,10,14.36
31,4376701,꿈드림새마을금고,방학,평일,15,15,1,15,13.54
31,4376701,꿈드림새마을금고,방학,토요일,10,11,2,11,15.74
31,4376711,우리병원,학기,평일,08,08,1,08,13.81
31,4376711,우리병원,학기,토요일,11,12,2,12,17.27
31,4376711,우리병원,학기,일요일·공휴일,10,10,1,10,13.37
31,4376711,우리병원,시험,평일,07,07,1,07,14.62
31,4376711,우리병원,시험,평일,09,09,1,09,16.92
31,4376711,우리병원,시험,평일,11,11,1,11,14.46
31,4376711,우리병원,시험,평일,14,14,1,14,13.31
31,4376711,우리병원,시험,평일,17,17,1,17,14.07
31,4376711,우리병원,시험,토요일,12,12,1,12,15.38
31,4376711,우리병원,시험,일요일·공휴일,12,12,1,12,15.95
31,4376711,우리병원,시험,일요일·공휴일,15,15,1,15,13.73
31,4376711,우리병원,계절학기,평일,11,11,1,11,14.04
31,4376711,우리병원,계절학기,평일,13,13,1,13,14.02
31,4376711,우리병원,계절학기,평일,15,15,1,15,13.55
31,4376711,우리병원,계절학기,토요일,12,12,1,12,13.71
31,4376711,우리병원,방학,평일,10,10,1,10,13.36
31,4376711,우리병원,방학,토요일,12,13,2,12,14.86
31,4376711,우리병원,방학,일요일·공휴일,12,12,1,12,13.7
31,4376731,서곡초교,학기,평일,08,08,1,08,13.72
31,4376751,외동막,학기,평일,08,08,1,08,15.22
31,4376781,사격장입구,시험,평일,08,08,1,08,13.55
31,4376811,서곡초등학교,학기,평일,08,08,1,08,13.32
31,4376821,구억동,학기,평일,08,08,1,08,15.48
31,4376821,구억동,시험,평일,08,08,1,08,14.66
31,4376831,서곡삼거리,학기,평일,07,12,6,10,21.5
31,4376831,서곡삼거리,학기,평일,14,18,5,17,24.65
31,4376831,서곡삼거리,학기,토요일,09,12,4,11,17.9
31,4376831,서곡삼거리,학기,토요일,14,14,1,14,14.25
31,4376831,서곡삼거리,학기,일요일·공휴일,12,12,1,12,13.33
31,4376831,서곡삼거리,시험,평일,07,07,1,07,17.95
31,4376831,서곡삼거리,시험,평일,09,12,4,09,19.59
31,4376831,서곡삼거리,시험,일요일·공휴일,10,10,1,10,16.59
31,4376831,서곡삼거리,계절학기,평일,07,07,1,07,15.83
31,4376831,서곡삼거리,계절학기,평일,10,11,2,11,19.75
31,4376831,서곡삼거리,계절학기,평일,17,17,1,17,13.53
31,4376831,서곡삼거리,방학,평일,09,17,9,10,24.74
31,4376831,서곡삼거리,방학,토요일,15,15,1,15,14.56
31,4377071,황산마을,시험,평일,17,17,1,17,14.08
31,4377081,황산마을,시험,평일,08,08,1,08,13.55
31,4377331,한촌,학기,평일,08,08,1,08,20.01
31,4377331,한촌,학기,평일,10,10,1,10,14.11
31,4377331,한촌,학기,토요일,10,11,2,11,14.9
31,4377331,한촌,학기,토요일,13,13,1,13,14.71
31,4377331,한촌,시험,평일,08,09,2,08,17.33
31,4377331,한촌,시험,평일,12,14,3,13,16.15
31,4377331,한촌,계절학기,평일,10,11,2,10,15.01
31,4377331,한촌,계절학기,평일,15,15,1,15,14.05
31,4377331,한촌,방학,평일,10,13,4,12,14.8
31,4377331,한촌,방학,토요일,10,11,2,10,14.59
31,4377341,한촌,학기,평일,13,13,1,13,15.03
31,4377341,한촌,학기,토요일,10,12,3,10,15.92
31,4377341,한촌,시험,평일,07,07,1,07,13.45
31,4377341,한촌,시험,평일,14,15,2,15,14.09
31,4377341,한촌,방학,평일,10,13,4,13,16.84
31,4377401,변판서골,학기,평일,07,07,1,07,14.34
31,4377401,변판서골,학기,평일,09,18,10,17,20.89
31,4377401,변판서골,학기,토요일,10,10,1,10,16.59
31,4377401,변판서골,학기,토요일,12,12,1,12,16.28
31,4377401,변판서골,학기,일요일·공휴일,20,20,1,20,24.4
31,4377401,변판서골,시험,평일,09,09,1,09,16.59
31,4377401,변판서골,시험,평일,11,11,1,11,13.29
31,4377401,변판서골,시험,평일,13,13,1,13,21.98
31,4377401,변판서골,시험,일요일·공휴일,12,12,1,12,13.79
31,4377401,변판서골,방학,평일,10,10,1,10,16.15
31,4377401,변판서골,방학,평일,12,14,3,12,18.94
31,4377401,변판서골,방학,토요일,10,10,1,10,15.19
31,4377401,변판서골,방학,토요일,13,13,1,13,15.1
31,4377401,변판서골,방학,토요일,15,15,1,15,13.9
31,4377671,철동골,학기,평일,13,13,1,13,14.71
31,4377671,철동골,학기,평일,16,16,1,16,15.53
31,4377671,철동골,시험,평일,13,13,1,13,14.15
31,4377671,철동골,방학,평일,13,13,1,13,14.82
31,4377671,철동골,방학,평일,16,16,1,16,14.65
31,4377681,,학기,평일,13,13,1,13,15.04
31,4377681,,방학,평일,13,14,2,13,16.32
31,4377851,청원휴게소,학기,평일,08,08,1,08,16.07
31,4377851,청원휴게소,학기,평일,13,13,1,13,14.21
31,4377851,청원휴게소,시험,평일,08,09,2,08,15.76
31,4377851,청원휴게소,시험,평일,13,13,1,13,14.65
31,4377851,청원휴게소,계절학기,평일,08,08,1,08,13.45
31,4377851,청원휴게소,계절학기,평일,11,11,1,11,13.71
31,4377851,청원휴게소,계절학기,평일,14,14,1,14,13.44
31,4377851,청원휴게소,방학,평일,10,10,1,10,16.15
31,4377861,청원휴게소,학기,평일,17,17,1,17,15.34
31,4377861,청원휴게소,시험,평일,12,12,1,12,14.04
31,4377861,청원휴게소,방학,평일,11,13,3,13,14.99
31,4377881,변판서골,학기,평일,07,07,1,07,16.17
31,4377881,변판서골,학기,평일,09,10,2,10,21.0
31,4377881,변판서골,학기,평일,12,14,3,13,19.54
31,4377881,변판서골,학기,평일,16,18,3,17,21.8
31,4377881,변판서골,학기,토요일,13,14,2,13,16.82
31,4377881,변판서골,학기,일요일·공휴일,10,10,1,10,15.2
31,4377881,변판서골,학기,일요일·공휴일,17,17,1,17,13.32
31,4377881,변판서골,시험,평일,17,17,1,17,18.92
31,4377881,변판서골,시험,일요일·공휴일,15,15,1,15,14.4
31,4377881,변판서골,계절학기,평일,10,10,1,10,15.01
31,4377881,변판서골,계절학기,평일,13,13,1,13,15.52
31,4377881,변판서골,계절학기,토요일,11,11,1,11,14.14
31,4377881,변판서골,방학,평일,11,11,1,11,16.53
31,4377881,변판서골,방학,평일,13,16,4,13,17.82
31,4377881,변판서골,방학,토요일,11,12,2,11,16.41
31,4377881,변판서골,방학,일요일·공휴일,13,13,1,13,16.12
31,4377911,천은사정류장,학기,평일,08,10,3,08,19.53
31,4377911,천은사정류장,학기,평일,13,13,1,13,16.03
31,4377911,천은사정류장,학기,평일,16,17,2,17,15.01
31,4377911,천은사정류장,학기,토요일,11,11,1,11,16.4
31,4377911,천은사정류장,시험,평일,09,10,2,09,15.76
31,4377911,천은사정류장,계절학기,평일,09,09,1,09,13.91
31,4377911,천은사정류장,방학,평일,10,10,1,10,14.98
31,4377911,천은사정류장,방학,평일,13,14,2,13,16.98
31,4377921,천은사정류장,학기,평일,17,17,1,17,14.17
31,4377921,천은사정류장,학기,토요일,13,13,1,13,14.49
31,4377921,천은사정류장,시험,평일,12,13,2,13,14.98
31,4377921,천은사정류장,시험,일요일·공휴일,13,13,1,13,18.03
31,4377921,천은사정류장,계절학기,평일,16,16,1,16,13.53
31,4377921,천은사정류장,방학,평일,10,13,4,13,16.24
31,4377921,천은사정류장,방학,토요일,10,10,1,10,13.69
31,4378321,,학기,평일,17,17,1,17,13.51
31,4378671,유현마을,학기,평일,08,08,1,08,17.02
31,4378671,유현마을,학기,토요일,12,12,1,12,14.28
31,4378671,유현마을,시험,평일,08,09,2,09,14.76
31,4378671,유현마을,시험,평일,12,13,2,12,14.04
31,4378671,유현마을,시험,평일,16,17,2,17,15.58
31,4378671,유현마을,계절학기,평일,08,08,1,08,15.16
31,4378671,유현마을,방학,평일,08,08,1,08,13.54
31,4378671,유현마을,방학,평일,11,11,1,11,13.74
31,4378671,유현마을,방학,토요일,10,10,1,10,14.86
31,4378671,유현마을,방학,토요일,12,12,1,12,13.96
31,4378681,유현마을앞,학기,평일,09,09,1,09,13.57
31,4378681,유현마을앞,학기,평일,13,13,1,13,15.41
31,4378681,유현마을앞,학기,토요일,11,11,1,11,13.73
31,4378681,유현마을앞,학기,토요일,13,13,1,13,14.99
31,4378681,유현마을앞,시험,평일,14,15,2,15,14.27
31,4378681,유현마을앞,계절학기,평일,13,13,1,13,14.02
31,4378681,유현마을앞,방학,평일,13,13,1,13,15.56
31,4378861,웃한치,학기,평일,09,09,1,09,14.67
31,4378861,웃한치,학기,평일,13,14,2,13,14.18
31,4378861,웃한치,학기,평일,16,16,1,16,15.2
31,4378861,웃한치,학기,토요일,10,10,1,10,15.59
31,4378861,웃한치,학기,토요일,12,12,1,12,13.94
31,4378861,웃한치,시험,평일,14,14,1,14,15.52
31,4378861,웃한치,계절학기,평일,13,13,1,13,15.52
31,4378861,웃한치,방학,평일,08,11,4,10,14.65
31,4378861,웃한치,방학,평일,16,16,1,16,13.48
31,4378871,웃한치,학기,평일,15,15,1,15,13.73
31,4378871,웃한치,학기,토요일,10,11,2,11,14.9
31,4378871,웃한치,시험,평일,10,10,1,10,13.48
31,4378871,웃한치,시험,평일,12,12,1,12,15.54
31,4378871,웃한치,계절학기,평일,16,16,1,16,13.2
31,4378871,웃한치,방학,평일,13,13,1,13,15.48
31,4378871,웃한치,방학,토요일,11,11,1,11,13.41
31,4378881,,시험,평일,17,17,1,17,14.42
31,4378891,욕골,학기,평일,08,08,1,08,13.72
31,4378911,다리골,방학,평일,10,10,1,10,14.65
31,4378921,,학기,평일,08,08,1,08,18.7
31,4378921,,학기,평일,13,13,1,13,14.21
31,4378921,,학기,평일,17,17,1,17,13.86
31,4378921,,학기,토요일,12,12,1,12,13.94
31,4378921,,시험,평일,09,09,1,09,14.76
31,4378921,,시험,평일,14,15,2,15,13.77
31,4378941,운계정류장,학기,평일,09,09,1,09,13.86
31,4378941,운계정류장,학기,평일,15,16,2,16,15.53
31,4378941,운계정류장,학기,토요일,10,10,1,10,15.92
31,4378941,운계정류장,학기,토요일,13,13,1,13,13.82
31,4378941,운계정류장,방학,평일,12,14,3,13,14.82
31,4378961,용암말,학기,토요일,10,12,3,11,15.06
31,4378961,용암말,시험,평일,08,08,1,08,15.03
31,4378961,용암말,시험,평일,13,13,1,13,13.81
31,4378961,용암말,시험,일요일·공휴일,13,13,1,13,17.53
31,4378961,용암말,계절학기,평일,13,13,1,13,14.01
31,4378961,용암말,방학,평일,10,12,3,10,14.98
31,4378961,용암말,방학,평일,14,14,1,14,14.1
31,4378961,용암말,방학,토요일,11,11,1,11,15.74
31,4378971,용암말,학기,토요일,11,11,1,11,14.07
31,4378971,용암말,학기,토요일,13,13,1,13,14.49
31,4378971,용암말,시험,평일,09,09,1,09,14.26
31,4378971,용암말,시험,평일,12,12,1,12,14.03
31,4378971,용암말,계절학기,평일,15,15,1,15,13.55
31,4378971,용암말,방학,평일,13,13,1,13,15.15
31,4379271,큰양안치고개,학기,평일,10,10,1,10,15.33
31,4379271,큰양안치고개,학기,평일,12,12,1,12,13.45
31,4379271,큰양안치고개,학기,평일,15,15,1,15,13.73
31,4379281,,학기,평일,13,13,1,13,14.71
31,4379281,,학기,평일,17,17,1,17,15.01
31,4379281,,학기,토요일,10,10,1,10,16.26
31,4379281,,학기,토요일,13,13,1,13,14.49
31,4379281,,방학,평일,13,13,1,13,15.48
31,4379281,,방학,토요일,11,11,1,11,14.24
31,4379301,귀래정류장,학기,평일,08,09,2,08,13.72
31,4379301,귀래정류장,학기,평일,13,13,1,13,16.75
31,4379301,귀래정류장,학기,토요일,11,11,1,11,13.48
31,4379301,귀래정류장,시험,평일,16,16,1,16,14.68
31,4379301,귀래정류장,계절학기,평일,13,13,1,13,16.01
31,4379301,귀래정류장,방학,평일,10,12,3,12,15.1
31,4379301,귀래정류장,방학,평일,14,14,1,14,14.44
31,4379301,귀래정류장,방학,토요일,10,10,1,10,14.86
31,4379301,귀래정류장,방학,토요일,13,13,1,13,13.6
31,4379451,유현느티나무,시험,일요일·공휴일,13,13,1,13,18.36
31,4379451,유현느티나무,방학,토요일,10,10,1,10,15.52
31,4379621,대동마을,학기,토요일,13,13,1,13,14.14
31,4379621,대동마을,시험,평일,10,10,1,10,13.81
31,4379621,대동마을,시험,평일,12,13,2,12,15.03
31,4379621,대동마을,계절학기,평일,13,13,1,13,13.68
31,4379621,대동마을,방학,평일,10,13,4,10,14.32
31,4379621,대동마을,방학,평일,16,16,1,16,15.82
31,4380061,,학기,평일,17,17,1,17,13.51
31,4380471,사두정류장,학기,평일,07,07,1,07,14.67
31,4380941,백운령,학기,평일,08,08,1,08,15.76
31,4380941,백운령,학기,평일,13,13,1,13,14.71
31,4380941,백운령,학기,평일,16,16,1,16,15.53
31,4380941,백운령,시험,평일,08,09,2,09,15.42
31,4380941,백운령,시험,평일,13,13,1,13,14.15
31,4380941,백운령,시험,평일,15,15,1,15,13.77
31,4380941,백운령,방학,평일,10,11,2,11,15.86
31,4380951,백운령,학기,평일,09,09,1,09,14.67
31,4380951,백운령,학기,평일,15,17,3,15,14.9
31,4380951,백운령,학기,토요일,13,13,1,13,14.49
31,4380951,백운령,시험,평일,10,10,1,10,13.81
31,4380951,백운령,시험,평일,12,12,1,12,13.37
31,4380951,백운령,시험,평일,16,16,1,16,14.35
31,4380951,백운령,계절학기,평일,13,13,1,13,14.52
31,4380951,백운령,방학,평일,14,15,2,14,14.44
31,4381021,이동부락,시험,평일,12,12,1,12,14.04
31,4381021,이동부락,방학,토요일,11,11,1,11,13.74
31,4381031,다리골,시험,평일,12,12,1,12,13.7
31,4381031,다리골,방학,평일,10,10,1,10,14.32
31,4381451,미촌,학기,평일,08,08,1,08,21.76
31,4381451,미촌,학기,평일,17,17,1,17,14.43
31,4381451,미촌,학기,토요일,11,13,3,13,15.99
31,4381451,미촌,시험,평일,09,10,2,09,15.22
31,4381451,미촌,시험,평일,13,13,1,13,14.24
31,4381451,미촌,시험,평일,16,16,1,16,14.68
31,4381451,미촌,계절학기,평일,08,08,1,08,15.65
31,4381451,미촌,계절학기,평일,11,11,1,11,13.66
31,4381451,미촌,계절학기,평일,13,14,2,14,14.11
31,4381451,미촌,계절학기,토요일,17,17,1,17,13.67
31,4381451,미촌,방학,평일,08,08,1,08,15.07
31,4381451,미촌,방학,평일,10,10,1,10,17.71
31,4381451,미촌,방학,평일,12,13,2,13,14.56
31,4381451,미촌,방학,토요일,10,11,2,10,15.19
31,4381451,미촌,방학,토요일,13,13,1,13,14.27
31,4381461,매지리,학기,평일,17,17,1,17,13.84
31,4381461,매지리,학기,토요일,12,13,2,13,15.32
31,4381461,매지리,시험,평일,13,13,1,13,14.15
31,4381461,매지리,시험,토요일,13,13,1,13,13.51
31,4381461,매지리,시험,일요일·공휴일,15,15,1,15,13.4
31,4381461,매지리,계절학기,평일,13,13,1,13,15.18
31,4381461,매지리,방학,평일,11,11,1,11,13.19
31,4381461,매지리,방학,평일,13,13,1,13,14.99
31,4381471,,학기,평일,17,17,1,17,14.17
31,4381471,,학기,토요일,10,12,3,11,14.57
31,4381471,,시험,평일,10,10,1,10,13.98
31,4381471,,시험,평일,15,15,1,15,13.77
31,4381471,,계절학기,평일,13,15,3,14,13.44
31,4381471,,방학,평일,10,11,2,11,15.36
31,4381471,,방학,평일,13,14,2,13,16.32
31,4381471,,방학,토요일,11,11,1,11,13.41
31,4381481,매지휴게소,학기,평일,07,08,2,07,15.01
31,4381481,매지휴게소,학기,평일,10,10,1,10,15.0
31,4381481,매지휴게소,학기,평일,13,15,3,13,14.71
31,4381481,매지휴게소,학기,토요일,10,10,1,10,15.59
31,4381481,매지휴게소,학기,토요일,13,13,1,13,14.49
31,4381481,매지휴게소,학기,일요일·공휴일,10,10,1,10,13.37
31,4381481,매지휴게소,시험,평일,11,11,1,11,13.63
31,4381481,매지휴게소,시험,평일,17,17,1,17,17.08
31,4381481,매지휴게소,계절학기,평일,13,13,1,13,15.18
31,4381481,매지휴게소,계절학기,평일,15,15,1,15,13.55
31,4381481,매지휴게소,방학,평일,11,11,1,11,15.03
31,4381481,매지휴게소,방학,평일,13,13,1,13,16.65
31,4381481,매지휴게소,방학,평일,16,16,1,16,14.13
31,4381581,동막정류장,학기,평일,08,08,1,08,19.43
31,4381581,동막정류장,학기,토요일,08,08,1,08,14.13
31,4381581,동막정류장,학기,토요일,10,11,2,11,15.23
31,4381581,동막정류장,시험,평일,08,09,2,09,15.82
31,4381581,동막정류장,시험,평일,12,15,4,13,14.98
31,4381581,동막정류장,시험,일요일·공휴일,10,10,1,10,13.76
31,4381581,동막정류장,계절학기,평일,08,08,1,08,14.19
31,4381581,동막정류장,계절학기,평일,13,13,1,13,14.02
31,4381581,동막정류장,방학,평일,08,08,1,08,15.11
31,4381581,동막정류장,방학,평일,11,12,2,12,14.23
31,4381581,동막정류장,방학,평일,16,16,1,16,13.27
31,4381581,동막정류장,방학,토요일,10,10,1,10,14.86
31,4381591,동막골,학기,토요일,10,10,1,10,13.28
31,4381591,동막골,학기,토요일,13,13,1,13,15.99
31,4381591,동막골,시험,평일,12,12,1,12,16.37
31,4381591,동막골,시험,평일,17,17,1,17,14.08
31,4381591,동막골,시험,토요일,10,10,1,10,13.64
31,4381591,동막골,계절학기,평일,13,13,1,13,13.87
31,4381591,동막골,방학,평일,10,10,1,10,13.84
31,4381591,동막골,방학,평일,13,13,1,13,16.13
31,4381591,동막골,방학,평일,16,16,1,16,13.82
31,4381591,동막골,방학,토요일,11,11,1,11,14.24
31,4381881,당우,시험,평일,17,17,1,17,14.08
31,4381911,단구은행아파트,학기,평일,07,17,11,07,31.15
31,4381911,단구은행아파트,학기,토요일,08,16,9,10,25.55
31,4381911,단구은행아파트,학기,일요일·공휴일,10,10,1,10,16.74
31,4381911,단구은행아파트,학기,일요일·공휴일,12,12,1,12,14.0
31,4381911,단구은행아파트,시험,평일,07,11,5,09,22.78
31,4381911,단구은행아파트,시험,평일,13,18,6,17,22.94
31,4381911,단구은행아파트,시험,토요일,09,09,1,09,14.63
31,4381911,단구은행아파트,시험,일요일·공휴일,13,13,1,13,20.19
31,4381911,단구은행아파트,계절학기,평일,07,11,5,07,23.5
31,4381911,단구은행아파트,계절학기,평일,13,16,4,14,18.85
31,4381911,단구은행아파트,계절학기,토요일,11,11,1,11,15.26
31,4381911,단구은행아파트,방학,평일,07,17,11,10,29.84
31,4381911,단구은행아파트,방학,토요일,09,11,3,10,22.91
31,4381911,단구은행아파트,방학,토요일,13,13,1,13,17.08
31,4381911,단구은행아파트,방학,토요일,15,15,1,15,14.9
31,4381911,단구은행아파트,방학,일요일·공휴일,10,10,1,10,15.67
31,4381911,단구은행아파트,방학,일요일·공휴일,13,13,1,13,13.55
31,4381911,단구은행아파트,방학,일요일·공휴일,15,15,1,15,13.81
31,4381921,단구은행아파트,학기,평일,07,07,1,07,15.19
31,4381921,단구은행아파트,학기,평일,09,18,10,17,23.06
31,4381921,단구은행아파트,학기,토요일,10,14,5,12,16.61
31,4381921,단구은행아파트,학기,토요일,16,16,1,16,14.56
31,4381921,단구은행아파트,학기,일요일·공휴일,17,17,1,17,14.99
31,4381921,단구은행아파트,시험,평일,11,12,2,12,18.2
31,4381921,단구은행아파트,시험,평일,15,17,3,15,20.26
31,4381921,단구은행아파트,시험,일요일·공휴일,13,13,1,13,22.86
31,4381921,단구은행아파트,시험,일요일·공휴일,15,15,1,15,15.57
31,4381921,단구은행아파트,시험,일요일·공휴일,17,17,1,17,13.73
31,4381921,단구은행아파트,계절학기,평일,10,10,1,10,14.01
31,4381921,단구은행아파트,계절학기,평일,13,18,6,15,18.54
31,4381921,단구은행아파트,계절학기,토요일,17,17,1,17,14.67
31,4381921,단구은행아파트,방학,평일,10,18,9,12,23.37
31,4381921,단구은행아파트,방학,토요일,10,10,1,10,16.02
31,4381921,단구은행아파트,방학,토요일,13,13,1,13,15.1
31,4381921,단구은행아파트,방학,토요일,15,16,2,16,13.69
31,4381921,단구은행아파트,방학,일요일·공휴일,10,10,1,10,13.44
31,4382161,서곡삼거리앞,학기,평일,07,08,2,07,14.01
31,4382171,서곡삼거리앞,시험,평일,08,08,1,08,14.38
31,4382181,가마골,학기,평일,08,08,1,08,13.72
31,4382181,가마골,학기,토요일,11,13,3,13,15.32
31,4382181,가마골,시험,평일,10,10,1,10,14.14
31,4382181,가마골,시험,평일,14,14,1,14,13.52
31,4382181,가마골,계절학기,평일,11,11,1,11,13.37
31,4382181,가마골,계절학기,평일,13,13,1,13,13.68
31,4382181,가마골,계절학기,평일,15,15,1,15,13.55
31,4382181,가마골,방학,평일,10,10,1,10,15.48
31,4382181,가마골,방학,평일,14,14,1,14,13.27
31,4382181,가마골,방학,평일,16,16,1,16,13.48
31,4382191,귀래면사무소,시험,평일,13,13,1,13,13.48
31,4382201,귀래면사무소,시험,평일,15,15,1,15,14.94
31,4382201,귀래면사무소,시험,토요일,13,13,1,13,13.51
31,4382201,귀래면사무소,시험,일요일·공휴일,10,10,1,10,13.26
31,4382201,귀래면사무소,시험,일요일·공휴일,13,13,1,13,17.19
31,4383161,귀래3리,학기,토요일,13,13,1,13,15.32
31,4383161,귀래3리,시험,평일,17,17,1,17,16.75
31,4383161,귀래3리,방학,평일,13,13,1,13,15.48
31,4383171,,시험,평일,10,10,1,10,13.41
31,4383171,,시험,평일,13,13,1,13,13.84
31,4383171,,계절학기,평일,10,10,1,10,15.29
31,4383171,,방학,평일,09,09,1,09,13.34
31,4383171,,방학,평일,13,13,1,13,14.7
31,4383181,웅동경로당,학기,평일,17,17,1,17,13.51
31,4383181,웅동경로당,시험,평일,12,12,1,12,14.32
31,4383181,웅동경로당,시험,평일,16,16,1,16,13.87
31,4383191,탑상골,학기,토요일,12,12,1,12,14.28
31,4383191,탑상골,방학,평일,12,12,1,12,14.23
31,4383201,탑상골,방학,평일,13,13,1,13,15.56
31,4383201,탑상골,방학,평일,16,16,1,16,13.82
31,4383211,,시험,평일,09,09,1,09,13.92
31,4383211,,시험,평일,16,16,1,16,15.18
31,4383221,구사,학기,토요일,13,13,1,13,15.32
31,4383221,구사,시험,평일,10,10,1,10,13.81
31,4383221,구사,시험,평일,17,17,1,17,15.92
31,4383221,구사,계절학기,평일,10,10,1,10,14.72
31,4383221,구사,계절학기,평일,13,13,1,13,13.87
31,4383221,구사,방학,평일,13,13,1,13,14.49
31,4383231,웃골,방학,평일,12,12,1,12,13.51
31,4383241,웃골,학기,토요일,13,13,1,13,14.49
31,4383241,웃골,계절학기,평일,10,10,1,10,14.17
31,4383241,웃골,계절학기,평일,13,13,1,13,14.52
31,4383241,웃골,방학,평일,09,09,1,09,15.07
31,4383241,웃골,방학,평일,13,13,1,13,16.13
31,4383241,웃골,방학,평일,16,16,1,16,13.48
31,4383251,,학기,토요일,12,12,1,12,13.61
31,4383251,,시험,평일,16,16,1,16,14.35
31,4383251,,방학,평일,12,12,1,12,13.93
31,4383251,,방학,평일,16,16,1,16,13.48
31,4383261,유현,학기,평일,13,13,1,13,13.87
31,4383261,유현,시험,평일,17,17,1,17,14.75
31,4383261,유현,방학,평일,13,13,1,13,14.56
31,4383271,유현마을,학기,평일,13,14,2,13,14.71
31,4383271,유현마을,학기,평일,16,16,1,16,14.03
31,4383271,유현마을,학기,토요일,10,10,1,10,15.09
31,4383271,유현마을,학기,토요일,12,12,1,12,14.28
31,4383271,유현마을,계절학기,평일,16,16,1,16,13.53
31,4383271,유현마을,방학,평일,14,14,1,14,13.77
31,4383281,가마골,학기,평일,08,08,1,08,15.16
31,4383281,가마골,학기,평일,15,16,2,16,15.2
31,4383281,가마골,학기,토요일,10,11,2,10,15.09
31,4383281,가마골,시험,평일,08,09,2,08,14.85
31,4383281,가마골,시험,평일,14,14,1,14,14.02
31,4383281,가마골,시험,토요일,10,10,1,10,13.97
31,4383281,가마골,계절학기,평일,15,15,1,15,13.55
31,4383281,가마골,방학,평일,11,12,2,11,16.19
31,4383281,가마골,방학,토요일,10,10,1,10,14.02
31,4383291,삼태미마을입구,학기,평일,15,15,1,15,13.73
31,4383291,삼태미마을입구,학기,평일,17,17,1,17,14.17
31,4383291,삼태미마을입구,시험,평일,10,10,1,10,13.48
31,4383291,삼태미마을입구,계절학기,평일,14,14,1,14,13.44
31,4383401,버덩,시험,평일,07,07,1,07,14.62
31,4383401,버덩,시험,평일,10,10,1,10,13.21
31,4383401,버덩,시험,평일,13,13,1,13,14.98
31,4383401,버덩,시험,평일,17,17,1,17,14.75
31,4383401,버덩,계절학기,평일,09,09,1,09,13.58
31,4383401,버덩,방학,평일,09,09,1,09,15.31
31,4383401,버덩,방학,토요일,13,13,1,13,13.94
31,4383411,,학기,평일,16,16,1,16,14.7
31,4383411,,방학,평일,16,16,1,16,14.65
31,4383421,,학기,평일,16,16,1,16,14.31
31,4383971,,학기,평일,09,10,2,10,14.5
31,4383971,,학기,평일,17,17,1,17,14.17
31,4383971,,시험,평일,07,07,1,07,13.45
31,4383971,,방학,평일,10,10,1,10,14.98
31,4383971,,방학,평일,13,13,1,13,15.15
31,4384101,귀래3리,학기,평일,17,17,1,17,13.51
31,4384101,귀래3리,시험,평일,12,12,1,12,14.87
31,4384101,귀래3리,시험,평일,16,16,1,16,14.68
31,4384101,귀래3리,방학,평일,12,12,1,12,13.8
31,4385171,,학기,평일,17,17,1,17,13.84
31,4385171,,방학,평일,12,12,1,12,14.26
31,4385191,,학기,평일,09,10,2,09,15.84
31,4385191,,학기,평일,12,12,1,12,13.78
31,4385191,,학기,평일,17,17,1,17,15.67
31,4385191,,방학,토요일,10,10,1,10,14.52
31,4385821,약수터,학기,평일,13,13,1,13,14.18
31,4385831,귀래3리,시험,평일,10,10,1,10,15.31
31,4385831,귀래3리,시험,평일,17,17,1,17,14.42
31,4385831,귀래3리,계절학기,평일,10,10,1,10,13.43
31,4385831,귀래3리,계절학기,평일,13,13,1,13,13.79
31,4385831,귀래3리,방학,평일,09,09,1,09,13.49
31,4385841,매지리,학기,평일,09,09,1,09,14.34
31,4385841,매지리,학기,평일,12,14,3,13,14.28
31,4385841,매지리,시험,평일,13,13,1,13,14.65
31,4385841,매지리,시험,평일,17,17,1,17,15.58
31,4385841,매지리,계절학기,평일,11,11,1,11,13.37
31,4385841,매지리,방학,평일,10,11,2,11,16.19
31,4385841,매지리,방학,평일,13,14,2,13,18.15
31,4385881,,학기,평일,17,17,1,17,13.84
31,4385881,,시험,평일,17,17,1,17,14.08
31,4386281,,학기,평일,13,13,1,13,14.21
31,4386281,,시험,평일,16,16,1,16,14.68
31,4386281,,방학,평일,16,16,1,16,14.32
31,4386291,유현,학기,평일,13,13,1,13,13.53
31,4386291,유현,시험,평일,13,13,1,13,14.15
31,4386291,유현,계절학기,평일,09,09,1,09,13.49
31,4386291,유현,계절학기,평일,13,13,1,13,14.3
31,4386291,유현,방학,평일,13,13,1,13,14.99
31,4386291,유현,방학,평일,16,16,1,16,13.48
31,4386301,이동부락,방학,평일,10,10,1,10,14.32
31,4386331,용수골,시험,평일,08,08,1,08,13.21
31,4388541,법등마을,학기,토요일,10,10,1,10,15.59
31,4388541,법등마을,학기,토요일,12,13,2,13,14.49
31,4388541,법등마을,시험,평일,09,09,1,09,13.92
31,4388541,법등마을,계절학기,평일,13,13,1,13,13.68
31,4388611,웃골,학기,평일,13,13,1,13,14.21
31,4388611,웃골,시험,토요일,10,10,1,10,13.97
31,4388611,웃골,방학,평일,10,11,2,11,15.03
31,4388611,웃골,방학,평일,14,14,1,14,14.77
31,4389061,연세대삼거리,학기,평일,17,17,1,17,13.84
31,4389061,연세대삼거리,시험,평일,17,17,1,17,14.08
31,4389081,원주역(시내방면.승차전용),학기,평일,07,07,1,07,18.46
31,4389081,원주역(시내방면.승차전용),학기,평일,12,13,2,12,17.48
31,4389081,원주역(시내방면.승차전용),학기,평일,16,16,1,16,16.2
31,4389081,원주역(시내방면.승차전용),학기,토요일,12,12,1,12,15.11
31,4389081,원주역(시내방면.승차전용),시험,일요일·공휴일,16,16,1,16,13.47
31,4389081,원주역(시내방면.승차전용),계절학기,평일,16,16,1,16,13.53
31,4389081,원주역(시내방면.승차전용),방학,평일,12,13,2,13,22.56
31,4389081,원주역(시내방면.승차전용),방학,평일,16,16,1,16,14.55
31,4389081,원주역(시내방면.승차전용),방학,토요일,12,13,2,13,16.44
31,4389081,원주역(시내방면.승차전용),방학,일요일·공휴일,13,13,1,13,13.98
31,4389311,선황골,학기,평일,10,10,1,10,13.5
31,4389311,선황골,학기,평일,16,16,1,16,14.7
31,4389311,선황골,방학,평일,11,13,3,13,16.32
31,4389311,선황골,방학,토요일,10,10,1,10,13.69
31,4389321,,학기,평일,15,15,1,15,14.56
31,4389321,,방학,평일,13,13,1,13,15.48
31,4389451,원주역(하차전용),학기,평일,07,07,1,07,18.27
31,4389451,원주역(하차전용),학기,평일,12,13,2,12,15.65
31,4389451,원주역(하차전용),학기,평일,16,16,1,16,15.86
31,4389451,원주역(하차전용),학기,토요일,13,13,1,13,16.74
31,4389451,원주역(하차전용),시험,평일,07,07,1,07,14.96
31,4389451,원주역(하차전용),시험,평일,13,13,1,13,19.27
31,4389451,원주역(하차전용),시험,토요일,13,13,1,13,17.68
31,4389451,원주역(하차전용),계절학기,평일,07,07,1,07,14.85
31,4389451,원주역(하차전용),방학,평일,12,13,2,13,21.77
31,4389451,원주역(하차전용),방학,평일,16,16,1,16,13.21
31,4389451,원주역(하차전용),방학,토요일,12,13,2,12,16.11
31,4389451,원주역(하차전용),방학,일요일·공휴일,13,13,1,13,14.31
31,4389591,귀래리,학기,평일,10,10,1,10,13.83
31,4389591,귀래리,학기,평일,13,13,1,13,14.21
31,4389591,귀래리,학기,평일,15,17,3,16,15.2
31,4389591,귀래리,방학,평일,12,12,1,12,14.23
31,4389591,귀래리,방학,토요일,12,12,1,12,13.62
31,4389601,귀래리,학기,평일,08,10,3,08,19.05
31,4389601,귀래리,학기,평일,13,13,1,13,14.25
31,4389601,귀래리,학기,평일,15,17,3,15,13.77
31,4389601,귀래리,시험,평일,15,15,1,15,14.6
31,4389601,귀래리,방학,평일,09,09,1,09,13.34
31,4389601,귀래리,방학,평일,14,14,1,14,14.77
31,4389601,귀래리,방학,평일,16,16,1,16,14.13
31,7984461,광산골,학기,평일,15,15,1,15,14.56
31,7984461,광산골,학기,토요일,10,11,2,11,14.9
31,7984461,광산골,시험,평일,11,11,1,11,13.29
31,7984461,광산골,시험,평일,13,13,1,13,14.65
31,7984461,광산골,시험,평일,16,16,1,16,14.68
31,7984461,광산골,계절학기,평일,15,15,1,15,14.72
31,7984461,광산골,방학,평일,12,14,3,14,15.27
31,7984461,광산골,방학,토요일,11,11,1,11,14.58
31,7984462,,학기,평일,15,16,2,16,15.53
31,7984462,,시험,평일,12,12,1,12,14.87
31,7984462,,시험,평일,14,14,1,14,16.19
31,7984462,,방학,평일,12,12,1,12,17.94
34,4370231,대림아파트,학기,평일,06,18,13,17,35.07
34,4370231,대림아파트,학기,토요일,08,16,9,14,22.0
34,4370231,대림아파트,학기,일요일·공휴일,14,16,3,15,15.29
34,4370231,대림아파트,시험,평일,06,06,1,06,14.74
34,4370231,대림아파트,시험,평일,08,18,11,15,24.1
34,4370231,대림아파트,시험,토요일,09,10,2,10,17.66
34,4370231,대림아파트,시험,토요일,12,12,1,12,14.21
34,4370231,대림아파트,시험,토요일,16,16,1,16,15.61
34,4370231,대림아파트,시험,토요일,18,18,1,18,13.34
34,4370231,대림아파트,시험,일요일·공휴일,09,09,1,09,17.27
34,4370231,대림아파트,시험,일요일·공휴일,12,13,2,12,16.73
34,4370231,대림아파트,시험,일요일·공휴일,15,15,1,15,13.59
34,4370231,대림아파트,계절학기,평일,06,06,1,06,13.98
34,4370231,대림아파트,계절학기,평일,08,17,10,16,25.23
34,4370231,대림아파트,계절학기,토요일,11,11,1,11,19.77
34,4370231,대림아파트,계절학기,토요일,13,15,3,14,28.31
34,4370231,대림아파트,계절학기,토요일,17,17,1,17,14.28
34,4370231,대림아파트,계절학기,일요일·공휴일,12,12,1,12,14.52
34,4370231,대림아파트,방학,평일,07,17,11,16,26.43
34,4370231,대림아파트,방학,토요일,10,12,3,11,16.9
34,4370231,대림아파트,방학,토요일,14,14,1,14,14.95
34,4370231,대림아파트,방학,토요일,17,17,1,17,14.08
34,4370231,대림아파트,방학,일요일·공휴일,12,12,1,12,15.92
34,4370231,대림아파트,방학,일요일·공휴일,14,14,1,14,15.75
34,4370241,원주의료원,학기,평일,09,19,11,16,31.43
34,4370241,원주의료원,학기,평일,21,21,1,21,16.42
34,4370241,원주의료원,학기,토요일,09,17,9,13,17.48
34,4370241,원주의료원,학기,일요일·공휴일,13,13,1,13,15.95
34,4370241,원주의료원,학기,일요일·공휴일,15,21,7,18,22.06
34,4370241,원주의료원,시험,평일,08,18,11,16,31.43
34,4370241,원주의료원,시험,토요일,11,12,2,11,20.27
34,4370241,원주의료원,시험,토요일,15,17,3,16,15.28
34,4370241,원주의료원,시험,일요일·공휴일,11,13,3,11,17.34
34,4370241,원주의료원,시험,일요일·공휴일,15,15,1,15,14.92
34,4370241,원주의료원,시험,일요일·공휴일,19,19,1,19,15.72
34,4370241,원주의료원,계절학기,평일,10,18,9,17,25.57
34,4370241,원주의료원,계절학기,토요일,11,11,1,11,14.48
34,4370241,원주의료원,계절학기,토요일,13,15,3,14,20.15
34,4370241,원주의료원,계절학기,토요일,17,17,1,17,18.39
34,4370241,원주의료원,계절학기,일요일·공휴일,15,15,1,15,14.85
34,4370241,원주의료원,방학,평일,10,18,9,17,26.12
34,4370241,원주의료원,방학,토요일,11,17,7,11,18.73
34,4370241,원주의료원,방학,일요일·공휴일,13,13,1,13,14.28
34,4370241,원주의료원,방학,일요일·공휴일,15,17,3,15,14.24
34,4370241,원주의료원,방학,일요일·공휴일,19,19,1,19,13.56
34,4370251,젊음의광장사거리,학기,평일,08,18,11,15,32.39
34,4370251,젊음의광장사거리,학기,토요일,08,12,5,10,28.39
34,4370251,젊음의광장사거리,학기,토요일,14,17,4,14,22.25
34,4370251,젊음의광장사거리,학기,일요일·공휴일,09,09,1,09,14.28
34,4370251,젊음의광장사거리,학기,일요일·공휴일,11,12,2,12,16.09
34,4370251,젊음의광장사거리,학기,일요일·공휴일,14,17,4,15,18.58
34,4370251,젊음의광장사거리,시험,평일,08,10,3,10,23.6
34,4370251,젊음의광장사거리,시험,평일,12,18,7,15,27.89
34,4370251,젊음의광장사거리,시험,토요일,13,14,2,14,16.57
34,4370251,젊음의광장사거리,시험,토요일,16,16,1,16,15.61
34,4370251,젊음의광장사거리,시험,일요일·공휴일,12,12,1,12,17.48
34,4370251,젊음의광장사거리,시험,일요일·공휴일,17,17,1,17,13.48
34,4370251,젊음의광장사거리,계절학기,평일,08,18,11,12,29.46
34,4370251,젊음의광장사거리,계절학기,토요일,11,11,1,11,18.56
34,4370251,젊음의광장사거리,계절학기,토요일,13,15,3,15,22.12
34,4370251,젊음의광장사거리,계절학기,일요일·공휴일,12,12,1,12,15.31
34,4370251,젊음의광장사거리,방학,평일,08,18,11,10,33.13
34,4370251,젊음의광장사거리,방학,토요일,09,14,6,12,24.19
34,4370251,젊음의광장사거리,방학,일요일·공휴일,10,16,7,12,23.06
34,4370261,개운현대아파트,학기,평일,06,18,13,10,36.54
34,4370261,개운현대아파트,학기,평일,21,21,1,21,13.53
34,4370261,개운현대아파트,학기,토요일,08,17,10,11,30.26
34,4370261,개운현대아파트,학기,일요일·공휴일,09,17,9,12,20.82
34,4370261,개운현대아파트,시험,평일,06,06,1,06,14.65
34,4370261,개운현대아파트,시험,평일,08,18,11,18,29.08
34,4370261,개운현대아파트,시험,토요일,09,10,2,10,18.49
34,4370261,개운현대아파트,시험,토요일,15,15,1,15,13.19
34,4370261,개운현대아파트,시험,일요일·공휴일,09,14,6,12,20.32
34,4370261,개운현대아파트,시험,일요일·공휴일,17,17,1,17,13.98
34,4370261,개운현대아파트,시험,일요일·공휴일,19,19,1,19,14.22
34,4370261,개운현대아파트,계절학기,평일,08,18,11,12,30.74
34,4370261,개운현대아파트,계절학기,토요일,10,11,2,11,19.39
34,4370261,개운현대아파트,계절학기,토요일,14,14,1,14,20.98
34,4370261,개운현대아파트,계절학기,토요일,17,17,1,17,15.12
34,4370261,개운현대아파트,계절학기,일요일·공휴일,12,12,1,12,19.24
34,4370261,개운현대아파트,방학,평일,07,18,12,08,34.11
34,4370261,개운현대아파트,방학,토요일,08,12,5,11,25.04
34,4370261,개운현대아파트,방학,토요일,14,14,1,14,17.95
34,4370261,개운현대아파트,방학,토요일,16,17,2,17,15.28
34,4370261,개운현대아파트,방학,일요일·공휴일,10,17,8,12,24.92
34,4370271,대성현대아파트,학기,평일,06,06,1,06,14.47
34,4370271,대성현대아파트,학기,평일,08,18,11,12,34.56
34,4370271,대성현대아파트,학기,평일,21,21,1,21,14.65
34,4370271,대성현대아파트,학기,토요일,08,17,10,10,31.6
34,4370271,대성현대아파트,학기,일요일·공휴일,11,18,8,15,19.53
34,4370271,대성현대아파트,시험,평일,06,06,1,06,14.46
34,4370271,대성현대아파트,시험,평일,08,19,12,15,25.65
34,4370271,대성현대아파트,시험,토요일,09,11,3,10,18.16
34,4370271,대성현대아파트,시험,토요일,13,14,2,14,16.57
34,4370271,대성현대아파트,시험,토요일,17,17,1,17,13.43
34,4370271,대성현대아파트,시험,일요일·공휴일,09,09,1,09,20.6
34,4370271,대성현대아파트,시험,일요일·공휴일,12,14,3,12,17.48
34,4370271,대성현대아파트,계절학기,평일,08,18,11,16,29.39
34,4370271,대성현대아파트,계절학기,토요일,10,11,2,11,19.73
34,4370271,대성현대아파트,계절학기,토요일,14,15,2,14,24.7
34,4370271,대성현대아파트,계절학기,토요일,17,17,1,17,15.45
34,4370271,대성현대아파트,계절학기,일요일·공휴일,11,12,2,11,15.97
34,4370271,대성현대아파트,계절학기,일요일·공휴일,15,15,1,15,16.52
34,4370271,대성현대아파트,방학,평일,08,18,11,10,35.23
34,4370271,대성현대아파트,방학,토요일,09,14,6,12,21.91
34,4370271,대성현대아파트,방학,토요일,16,17,2,17,15.48
34,4370271,대성현대아파트,방학,일요일·공휴일,09,14,6,11,19.99
34,4370271,대성현대아파트,방학,일요일·공휴일,16,17,2,17,14.44
34,4370281,남원로남부시장,학기,평일,07,18,12,16,33.39
34,4370281,남원로남부시장,학기,토요일,08,17,10,10,31.08
34,4370281,남원로남부시장,학기,일요일·공휴일,09,09,1,09,15.91
34,4370281,남원로남부시장,학기,일요일·공휴일,11,18,8,15,19.5
34,4370281,남원로남부시장,시험,평일,06,06,1,06,14.91
34,4370281,남원로남부시장,시험,평일,08,19,12,10,27.08
34,4370281,남원로남부시장,시험,토요일,08,08,1,08,14.38
34,4370281,남원로남부시장,시험,토요일,10,14,5,11,17.85
34,4370281,남원로남부시장,시험,토요일,16,17,2,16,15.28
34,4370281,남원로남부시장,시험,일요일·공휴일,09,10,2,09,20.27
34,4370281,남원로남부시장,시험,일요일·공휴일,12,15,4,12,16.98
34,4370281,남원로남부시장,시험,일요일·공휴일,17,17,1,17,14.64
34,4370281,남원로남부시장,시험,일요일·공휴일,19,19,1,19,14.88
34,4370281,남원로남부시장,계절학기,평일,08,18,11,16,28.03
34,4370281,남원로남부시장,계절학기,토요일,10,11,2,11,22.05
34,4370281,남원로남부시장,계절학기,토요일,13,14,2,14,22.55
34,4370281,남원로남부시장,계절학기,일요일·공휴일,11,13,3,12,18.09
34,4370281,남원로남부시장,계절학기,일요일·공휴일,15,15,1,15,17.01
34,4370281,남원로남부시장,방학,평일,08,18,11,08,31.75
34,4370281,남원로남부시장,방학,토요일,09,17,9,11,24.53
34,4370281,남원로남부시장,방학,일요일·공휴일,09,18,10,12,22.75
34,4370371,풍물시장,학기,평일,08,18,11,16,32.63
34,4370371,풍물시장,학기,토요일,08,17,10,11,25.25
34,4370371,풍물시장,학기,일요일·공휴일,09,09,1,09,13.91
34,4370371,풍물시장,학기,일요일·공휴일,11,17,7,12,18.5
34,4370371,풍물시장,시험,평일,08,19,12,16,25.7
34,4370371,풍물시장,시험,토요일,08,08,1,08,14.38
34,4370371,풍물시장,시험,토요일,11,11,1,11,17.85
34,4370371,풍물시장,시험,토요일,13,14,2,13,14.87
34,4370371,풍물시장,시험,토요일,16,16,1,16,16.11
34,4370371,풍물시장,시험,토요일,18,18,1,18,13.34
34,4370371,풍물시장,시험,일요일·공휴일,09,09,1,09,16.27
34,4370371,풍물시장,시험,일요일·공휴일,11,13,3,13,16.22
34,4370371,풍물시장,시험,일요일·공휴일,15,15,1,15,16.26
34,4370371,풍물시장,시험,일요일·공휴일,17,17,1,17,14.48
34,4370371,풍물시장,계절학기,평일,08,18,11,16,27.53
34,4370371,풍물시장,계절학기,토요일,10,10,1,10,15.76
34,4370371,풍물시장,계절학기,토요일,12,15,4,14,22.81
34,4370371,풍물시장,계절학기,토요일,17,17,1,17,15.17
34,4370371,풍물시장,계절학기,일요일·공휴일,11,12,2,12,14.58
34,4370371,풍물시장,계절학기,일요일·공휴일,15,15,1,15,14.87
34,4370371,풍물시장,방학,평일,08,18,11,16,27.29
34,4370371,풍물시장,방학,토요일,09,14,6,11,22.04
34,4370371,풍물시장,방학,토요일,16,17,2,17,15.12
34,4370371,풍물시장,방학,일요일·공휴일,11,18,8,13,19.67
34,4370381,평원로중앙시장,학기,평일,10,18,9,16,32.17
34,4370381,평원로중앙시장,학기,토요일,09,17,9,10,17.89
34,4370381,평원로중앙시장,학기,일요일·공휴일,13,17,5,15,15.97
34,4370381,평원로중앙시장,시험,평일,10,18,9,18,28.37
34,4370381,평원로중앙시장,시험,토요일,08,16,9,11,16.85
34,4370381,평원로중앙시장,시험,토요일,18,18,1,18,13.68
34,4370381,평원로중앙시장,시험,일요일·공휴일,09,09,1,09,15.43
34,4370381,평원로중앙시장,시험,일요일·공휴일,11,13,3,12,15.98
34,4370381,평원로중앙시장,시험,일요일·공휴일,15,15,1,15,17.76
34,4370381,평원로중앙시장,시험,일요일·공휴일,17,19,3,19,15.72
34,4370381,평원로중앙시장,계절학기,평일,09,18,10,16,27.68
34,4370381,평원로중앙시장,계절학기,토요일,12,17,6,15,22.81
34,4370381,평원로중앙시장,계절학기,일요일·공휴일,11,12,2,12,13.52
34,4370381,평원로중앙시장,계절학기,일요일·공휴일,15,15,1,15,15.26
34,4370381,평원로중앙시장,방학,평일,08,18,11,16,23.25
34,4370381,평원로중앙시장,방학,토요일,09,17,9,11,18.37
34,4370381,평원로중앙시장,방학,일요일·공휴일,12,13,2,13,16.18
34,4370381,평원로중앙시장,방학,일요일·공휴일,15,18,4,16,15.46
34,4370401,YWCA,학기,평일,10,18,9,18,37.59
34,4370401,YWCA,학기,토요일,09,18,10,14,21.43
34,4370401,YWCA,학기,일요일·공휴일,09,09,1,09,13.32
34,4370401,YWCA,학기,일요일·공휴일,12,19,8,16,19.74
34,4370401,YWCA,시험,평일,07,07,1,07,14.15
34,4370401,YWCA,시험,평일,09,18,10,18,31.87
34,4370401,YWCA,시험,토요일,08,08,1,08,13.38
34,4370401,YWCA,시험,토요일,10,14,5,10,18.16
34,4370401,YWCA,시험,토요일,16,16,1,16,17.11
34,4370401,YWCA,시험,토요일,18,18,1,18,13.34
34,4370401,YWCA,시험,일요일·공휴일,09,09,1,09,15.1
34,4370401,YWCA,시험,일요일·공휴일,13,13,1,13,16.06
34,4370401,YWCA,시험,일요일·공휴일,15,15,1,15,17.76
34,4370401,YWCA,시험,일요일·공휴일,17,19,3,19,13.97
34,4370401,YWCA,계절학기,평일,09,18,10,17,29.27
34,4370401,YWCA,계절학기,토요일,11,18,8,15,28.96
34,4370401,YWCA,계절학기,일요일·공휴일,12,12,1,12,14.64
34,4370401,YWCA,방학,평일,08,09,2,09,15.61
34,4370401,YWCA,방학,평일,11,18,8,16,27.8
34,4370401,YWCA,방학,토요일,09,09,1,09,13.51
34,4370401,YWCA,방학,토요일,11,18,8,12,22.63
34,4370401,YWCA,방학,일요일·공휴일,12,18,7,16,18.81
34,4370411,학성중학교정문,학기,평일,07,18,12,09,30.77
34,4370411,학성중학교정문,학기,평일,21,21,1,21,15.36
34,4370411,학성중학교정문,학기,토요일,08,16,9,11,22.59
34,4370411,학성중학교정문,학기,일요일·공휴일,12,16,5,15,24.82
34,4370411,학성중학교정문,학기,일요일·공휴일,18,21,4,18,24.25
34,4370411,학성중학교정문,시험,평일,07,18,12,11,24.64
34,4370411,학성중학교정문,시험,평일,21,21,1,21,14.1
34,4370411,학성중학교정문,시험,토요일,16,16,1,16,14.94
34,4370411,학성중학교정문,시험,일요일·공휴일,08,09,2,09,17.6
34,4370411,학성중학교정문,시험,일요일·공휴일,11,12,2,12,16.98
34,4370411,학성중학교정문,시험,일요일·공휴일,15,16,2,15,15.67
34,4370411,학성중학교정문,시험,일요일·공휴일,18,19,2,18,15.3
34,4370411,학성중학교정문,시험,일요일·공휴일,21,21,1,21,16.62
34,4370411,학성중학교정문,계절학기,평일,07,18,12,13,25.61
34,4370411,학성중학교정문,계절학기,토요일,10,11,2,11,15.73
34,4370411,학성중학교정문,계절학기,토요일,13,15,3,15,22.78
34,4370411,학성중학교정문,계절학기,일요일·공휴일,12,12,1,12,14.74
34,4370411,학성중학교정문,계절학기,일요일·공휴일,15,15,1,15,16.85
34,4370411,학성중학교정문,방학,평일,07,16,10,12,28.61
34,4370411,학성중학교정문,방학,평일,18,18,1,18,16.32
34,4370411,학성중학교정문,방학,토요일,09,12,4,11,22.54
34,4370411,학성중학교정문,방학,토요일,15,17,3,15,15.59
34,4370411,학성중학교정문,방학,일요일·공휴일,09,09,1,09,13.87
34,4370411,학성중학교정문,방학,일요일·공휴일,11,13,3,12,20.3
34,4370411,학성중학교정문,방학,일요일·공휴일,15,15,1,15,24.06
34,4370411,학성중학교정문,방학,일요일·공휴일,18,18,1,18,16.9
34,4370421,서원주유소,학기,평일,07,18,12,09,28.02
34,4370421,서원주유소,학기,평일,21,21,1,21,13.82
34,4370421,서원주유소,학기,토요일,08,16,9,11,22.05
34,4370421,서원주유소,학기,토요일,18,18,1,18,14.28
34,4370421,서원주유소,학기,일요일·공휴일,12,19,8,15,19.67
34,4370421,서원주유소,학기,일요일·공휴일,21,21,1,21,16.59
34,4370421,서원주유소,시험,평일,07,08,2,08,17.66
34,4370421,서원주유소,시험,평일,11,13,3,11,22.06
34,4370421,서원주유소,시험,평일,15,15,1,15,23.42
34,4370421,서원주유소,시험,평일,17,17,1,17,18.55
34,4370421,서원주유소,시험,토요일,11,12,2,11,18.69
34,4370421,서원주유소,시험,토요일,14,15,2,15,17.19
34,4370421,서원주유소,시험,토요일,18,18,1,18,13.34
34,4370421,서원주유소,시험,일요일·공휴일,08,08,1,08,13.71
34,4370421,서원주유소,시험,일요일·공휴일,19,19,1,19,15.72
34,4370421,서원주유소,계절학기,평일,07,07,1,07,17.11
34,4370421,서원주유소,계절학기,평일,09,17,9,12,24.42
34,4370421,서원주유소,계절학기,토요일,12,12,1,12,14.83
34,4370421,서원주유소,계절학기,토요일,15,15,1,15,22.78
34,4370421,서원주유소,계절학기,일요일·공휴일,15,15,1,15,16.52
34,4370421,서원주유소,방학,평일,07,16,10,12,26.66
34,4370421,서원주유소,방학,평일,18,18,1,18,14.21
34,4370421,서원주유소,방학,토요일,10,10,1,10,13.82
34,4370421,서원주유소,방학,토요일,12,16,5,12,16.1
34,4370421,서원주유소,방학,토요일,18,18,1,18,13.82
34,4370421,서원주유소,방학,일요일·공휴일,10,10,1,10,15.48
34,4370421,서원주유소,방학,일요일·공휴일,12,16,5,12,17.87
34,4370421,서원주유소,방학,일요일·공휴일,18,18,1,18,15.27
34,4370431,옛합동청사,학기,평일,10,18,9,18,33.91
34,4370431,옛합동청사,학기,토요일,08,18,11,14,18.91
34,4370431,옛합동청사,학기,일요일·공휴일,13,17,5,15,19.73
34,4370431,옛합동청사,시험,평일,09,09,1,09,14.38
34,4370431,옛합동청사,시험,평일,11,19,9,18,24.09
34,4370431,옛합동청사,시험,토요일,10,10,1,10,17.66
34,4370431,옛합동청사,시험,토요일,13,14,2,14,14.4
34,4370431,옛합동청사,시험,일요일·공휴일,12,12,1,12,16.32
34,4370431,옛합동청사,시험,일요일·공휴일,15,15,1,15,15.76
34,4370431,옛합동청사,시험,일요일·공휴일,17,17,1,17,14.31
34,4370431,옛합동청사,시험,일요일·공휴일,19,19,1,19,13.88
34,4370431,옛합동청사,계절학기,평일,09,09,1,09,14.29
34,4370431,옛합동청사,계절학기,평일,11,18,8,17,27.05
34,4370431,옛합동청사,계절학기,토요일,12,13,2,13,22.59
34,4370431,옛합동청사,계절학기,토요일,15,15,1,15,20.95
34,4370431,옛합동청사,계절학기,토요일,17,17,1,17,15.78
34,4370431,옛합동청사,계절학기,일요일·공휴일,13,13,1,13,13.47
34,4370431,옛합동청사,계절학기,일요일·공휴일,16,16,1,16,13.72
34,4370431,옛합동청사,방학,평일,08,18,11,15,25.5
34,4370431,옛합동청사,방학,토요일,09,09,1,09,13.67
34,4370431,옛합동청사,방학,토요일,11,14,4,12,18.33
34,4370431,옛합동청사,방학,토요일,16,17,2,17,15.48
34,4370431,옛합동청사,방학,일요일·공휴일,12,12,1,12,16.57
34,4370431,옛합동청사,방학,일요일·공휴일,14,18,5,17,17.58
34,4370441,시외.고속버스터미널,학기,평일,15,18,4,18,23.1
34,4370441,시외.고속버스터미널,학기,토요일,11,12,2,11,16.09
34,4370441,시외.고속버스터미널,학기,토요일,14,15,2,14,14.41
34,4370441,시외.고속버스터미널,학기,일요일·공휴일,16,16,1,16,14.9
34,4370441,시외.고속버스터미널,시험,평일,08,08,1,08,14.95
34,4370441,시외.고속버스터미널,시험,평일,10,18,9,18,22.27
34,4370441,시외.고속버스터미널,시험,토요일,10,16,7,11,16.35
34,4370441,시외.고속버스터미널,시험,토요일,18,18,1,18,13.34
34,4370441,시외.고속버스터미널,시험,토요일,20,20,1,20,16.27
34,4370441,시외.고속버스터미널,시험,일요일·공휴일,09,09,1,09,14.27
34,4370441,시외.고속버스터미널,시험,일요일·공휴일,12,13,2,12,16.48
34,4370441,시외.고속버스터미널,시험,일요일·공휴일,15,15,1,15,14.17
34,4370441,시외.고속버스터미널,시험,일요일·공휴일,17,17,1,17,15.39
34,4370441,시외.고속버스터미널,시험,일요일·공휴일,19,19,1,19,14.13
34,4370441,시외.고속버스터미널,계절학기,평일,12,13,2,13,14.88
34,4370441,시외.고속버스터미널,계절학기,평일,15,18,4,16,20.69
34,4370441,시외.고속버스터미널,계절학기,토요일,11,11,1,11,14.05
34,4370441,시외.고속버스터미널,계절학기,토요일,14,15,2,15,20.31
34,4370441,시외.고속버스터미널,계절학기,토요일,17,17,1,17,15.1
34,4370441,시외.고속버스터미널,계절학기,일요일·공휴일,15,15,1,15,15.64
34,4370441,시외.고속버스터미널,방학,평일,12,12,1,12,15.87
34,4370441,시외.고속버스터미널,방학,평일,15,18,4,16,20.15
34,4370441,시외.고속버스터미널,방학,토요일,11,12,2,12,15.38
34,4370441,시외.고속버스터미널,방학,토요일,14,14,1,14,14.15
34,4370441,시외.고속버스터미널,방학,일요일·공휴일,16,16,1,16,13.24
34,4370661,시외.고속버스터미널,학기,평일,08,18,11,12,24.43
34,4370661,시외.고속버스터미널,학기,평일,21,21,1,21,15.17
34,4370661,시외.고속버스터미널,학기,토요일,08,17,10,11,22.67
34,4370661,시외.고속버스터미널,학기,일요일·공휴일,12,19,8,15,29.39
34,4370661,시외.고속버스터미널,학기,일요일·공휴일,21,21,1,21,23.78
34,4370661,시외.고속버스터미널,시험,평일,08,18,11,12,22.8
34,4370661,시외.고속버스터미널,시험,평일,21,21,1,21,15.06
34,4370661,시외.고속버스터미널,시험,토요일,10,16,7,10,18.49
34,4370661,시외.고속버스터미널,시험,일요일·공휴일,09,09,1,09,17.27
34,4370661,시외.고속버스터미널,시험,일요일·공휴일,11,12,2,12,15.98
34,4370661,시외.고속버스터미널,시험,일요일·공휴일,15,15,1,15,14.42
34,4370661,시외.고속버스터미널,시험,일요일·공휴일,18,19,2,19,14.88
34,4370661,시외.고속버스터미널,시험,일요일·공휴일,21,21,1,21,14.62
34,4370661,시외.고속버스터미널,계절학기,평일,07,18,12,13,23.27
34,4370661,시외.고속버스터미널,계절학기,토요일,11,15,5,15,21.1
34,4370661,시외.고속버스터미널,계절학기,토요일,17,17,1,17,16.53
34,4370661,시외.고속버스터미널,계절학기,일요일·공휴일,12,12,1,12,15.21
34,4370661,시외.고속버스터미널,계절학기,일요일·공휴일,15,15,1,15,19.7
34,4370661,시외.고속버스터미널,계절학기,일요일·공휴일,19,19,1,19,13.27
34,4370661,시외.고속버스터미널,방학,평일,07,18,12,12,25.29
34,4370661,시외.고속버스터미널,방학,토요일,09,09,1,09,13.91
34,4370661,시외.고속버스터미널,방학,토요일,11,17,7,11,25.67
34,4370661,시외.고속버스터미널,방학,일요일·공휴일,11,15,5,15,21.46
34,4370661,시외.고속버스터미널,방학,일요일·공휴일,17,18,2,17,15.42
34,4370671,서원주유소,학기,평일,09,18,10,18,35.54
34,4370671,서원주유소,학기,토요일,08,15,8,14,21.05
34,4370671,서원주유소,학기,토요일,17,18,2,17,18.88
34,4370671,서원주유소,학기,일요일·공휴일,12,14,3,13,16.04
34,4370671,서원주유소,학기,일요일·공휴일,16,18,3,16,18.12
34,4370671,서원주유소,시험,평일,08,08,1,08,15.23
34,4370671,서원주유소,시험,평일,10,10,1,10,18.14
34,4370671,서원주유소,시험,평일,14,19,6,18,28.46
34,4370671,서원주유소,시험,일요일·공휴일,09,09,1,09,15.1
34,4370671,서원주유소,시험,일요일·공휴일,13,13,1,13,15.72
34,4370671,서원주유소,시험,일요일·공휴일,19,19,1,19,14.55
34,4370671,서원주유소,계절학기,평일,09,10,2,10,16.38
34,4370671,서원주유소,계절학기,평일,12,18,7,17,27.46
34,4370671,서원주유소,계절학기,토요일,12,12,1,12,16.5
34,4370671,서원주유소,계절학기,토요일,14,14,1,14,19.13
34,4370671,서원주유소,계절학기,일요일·공휴일,13,13,1,13,14.4
34,4370671,서원주유소,방학,평일,08,18,11,16,23.98
34,4370671,서원주유소,방학,토요일,10,10,1,10,13.49
34,4370671,서원주유소,방학,토요일,12,16,5,12,15.44
34,4370671,서원주유소,방학,일요일·공휴일,12,12,1,12,14.84
34,4370671,서원주유소,방학,일요일·공휴일,17,18,2,17,18.67
34,4370681,국제아파트,학기,평일,08,18,11,12,24.62
34,4370681,국제아파트,학기,토요일,09,10,2,10,16.63
34,4370681,국제아파트,학기,토요일,13,13,1,13,14.94
34,4370681,국제아파트,학기,일요일·공휴일,12,12,1,12,14.46
34,4370681,국제아파트,학기,일요일·공휴일,18,19,2,18,14.83
34,4370681,국제아파트,학기,일요일·공휴일,21,21,1,21,18.93
34,4370681,국제아파트,시험,평일,09,12,4,11,20.57
34,4370681,국제아파트,시험,평일,14,14,1,14,17.66
34,4370681,국제아파트,시험,평일,16,19,4,16,20.0
34,4370681,국제아파트,시험,토요일,16,16,1,16,14.61
34,4370681,국제아파트,계절학기,평일,09,09,1,09,15.79
34,4370681,국제아파트,계절학기,평일,16,17,2,16,22.08
34,4370681,국제아파트,방학,평일,08,09,2,09,20.87
34,4370681,국제아파트,방학,평일,12,14,3,12,25.44
34,4370681,국제아파트,방학,평일,16,16,1,16,17.82
34,4370681,국제아파트,방학,평일,18,18,1,18,16.4
34,4370681,국제아파트,방학,토요일,16,16,1,16,14.03
34,4370681,국제아파트,방학,일요일·공휴일,12,12,1,12,13.54
34,4370681,국제아파트,방학,일요일·공휴일,15,15,1,15,13.9
34,4370681,국제아파트,방학,일요일·공휴일,18,18,1,18,13.53
34,4370691,학성중학교정문,학기,평일,07,07,1,07,13.23
34,4370691,학성중학교정문,학기,평일,09,18,10,18,36.32
34,4370691,학성중학교정문,학기,토요일,08,18,11,14,23.33
34,4370691,학성중학교정문,학기,일요일·공휴일,12,19,8,17,18.83
34,4370691,학성중학교정문,시험,평일,07,07,1,07,13.83
34,4370691,학성중학교정문,시험,평일,09,18,10,18,27.96
34,4370691,학성중학교정문,시험,토요일,10,10,1,10,18.49
34,4370691,학성중학교정문,시험,토요일,12,13,2,12,14.71
34,4370691,학성중학교정문,시험,토요일,17,18,2,18,13.68
34,4370691,학성중학교정문,시험,일요일·공휴일,09,09,1,09,15.43
34,4370691,학성중학교정문,시험,일요일·공휴일,12,12,1,12,16.48
34,4370691,학성중학교정문,시험,일요일·공휴일,15,15,1,15,16.59
34,4370691,학성중학교정문,시험,일요일·공휴일,17,17,1,17,14.06
34,4370691,학성중학교정문,시험,일요일·공휴일,19,19,1,19,13.38
34,4370691,학성중학교정문,계절학기,평일,09,18,10,16,29.5
34,4370691,학성중학교정문,계절학기,토요일,11,17,7,15,29.24
34,4370691,학성중학교정문,계절학기,일요일·공휴일,12,12,1,12,15.16
34,4370691,학성중학교정문,계절학기,일요일·공휴일,17,17,1,17,13.85
34,4370691,학성중학교정문,방학,평일,08,18,11,16,29.94
34,4370691,학성중학교정문,방학,토요일,09,09,1,09,15.01
34,4370691,학성중학교정문,방학,토요일,11,16,6,12,23.12
34,4370691,학성중학교정문,방학,일요일·공휴일,12,18,7,12,18.49
34,4370701,YWCA,학기,평일,07,18,12,09,27.52
34,4370701,YWCA,학기,평일,21,21,1,21,14.28
34,4370701,YWCA,학기,토요일,08,16,9,11,23.03
34,4370701,YWCA,학기,일요일·공휴일,12,21,10,15,28.53
34,4370701,YWCA,시험,평일,07,18,12,10,22.31
34,4370701,YWCA,시험,평일,21,21,1,21,16.11
34,4370701,YWCA,시험,토요일,10,11,2,11,18.19
34,4370701,YWCA,시험,토요일,13,15,3,15,17.53
34,4370701,YWCA,시험,일요일·공휴일,09,09,1,09,17.27
34,4370701,YWCA,시험,일요일·공휴일,11,12,2,12,16.15
34,4370701,YWCA,시험,일요일·공휴일,18,18,1,18,15.49
34,4370701,YWCA,시험,일요일·공휴일,21,21,1,21,13.71
34,4370701,YWCA,계절학기,평일,07,18,12,13,25.57
34,4370701,YWCA,계절학기,토요일,12,13,2,12,16.42
34,4370701,YWCA,계절학기,토요일,15,15,1,15,18.78
34,4370701,YWCA,계절학기,토요일,17,17,1,17,15.78
34,4370701,YWCA,계절학기,일요일·공휴일,12,12,1,12,15.31
34,4370701,YWCA,계절학기,일요일·공휴일,15,15,1,15,19.51
34,4370701,YWCA,방학,평일,07,16,10,12,24.38
34,4370701,YWCA,방학,평일,18,18,1,18,16.09
34,4370701,YWCA,방학,토요일,09,09,1,09,14.0
34,4370701,YWCA,방학,토요일,11,12,2,11,25.03
34,4370701,YWCA,방학,토요일,14,14,1,14,13.2
34,4370701,YWCA,방학,토요일,16,16,1,16,15.89
34,4370701,YWCA,방학,일요일·공휴일,11,13,3,12,17.39
34,4370701,YWCA,방학,일요일·공휴일,15,15,1,15,20.64
34,4370711,지하상가,학기,평일,08,18,11,09,25.27
34,4370711,지하상가,학기,토요일,08,16,9,11,19.81
34,4370711,지하상가,학기,일요일·공휴일,12,16,5,15,18.5
34,4370711,지하상가,학기,일요일·공휴일,18,18,1,18,20.64
34,4370711,지하상가,학기,일요일·공휴일,20,21,2,21,15.57
34,4370711,지하상가,시험,평일,08,18,11,10,21.65
34,4370711,지하상가,시험,토요일,11,12,2,11,17.85
34,4370711,지하상가,시험,토요일,16,16,1,16,14.61
34,4370711,지하상가,시험,토요일,18,18,1,18,13.51
34,4370711,지하상가,시험,일요일·공휴일,08,08,1,08,13.37
34,4370711,지하상가,시험,일요일·공휴일,11,12,2,12,16.32
34,4370711,지하상가,시험,일요일·공휴일,15,15,1,15,15.09
34,4370711,지하상가,계절학기,평일,08,18,11,12,23.15
34,4370711,지하상가,계절학기,토요일,10,10,1,10,13.38
34,4370711,지하상가,계절학기,토요일,12,15,4,14,19.34
34,4370711,지하상가,계절학기,일요일·공휴일,12,12,1,12,14.52
34,4370711,지하상가,계절학기,일요일·공휴일,15,15,1,15,14.35
34,4370711,지하상가,방학,평일,08,16,9,12,23.57
34,4370711,지하상가,방학,평일,18,18,1,18,16.31
34,4370711,지하상가,방학,토요일,11,12,2,11,22.26
34,4370711,지하상가,방학,일요일·공휴일,11,12,2,12,17.79
34,4370711,지하상가,방학,일요일·공휴일,15,15,1,15,17.98
34,4370711,지하상가,방학,일요일·공휴일,18,18,1,18,17.2
34,4370721,원일로중앙시장,학기,평일,08,18,11,09,23.28
34,4370721,원일로중앙시장,학기,평일,21,21,1,21,17.11
34,4370721,원일로중앙시장,학기,토요일,08,17,10,17,20.98
34,4370721,원일로중앙시장,학기,일요일·공휴일,12,18,7,15,22.83
34,4370721,원일로중앙시장,학기,일요일·공휴일,20,21,2,21,20.08
34,4370721,원일로중앙시장,시험,평일,08,18,11,15,23.65
34,4370721,원일로중앙시장,시험,평일,21,21,1,21,15.51
34,4370721,원일로중앙시장,시험,토요일,10,16,7,11,18.6
34,4370721,원일로중앙시장,시험,일요일·공휴일,09,09,1,09,18.1
34,4370721,원일로중앙시장,시험,일요일·공휴일,11,13,3,12,16.57
34,4370721,원일로중앙시장,시험,일요일·공휴일,15,15,1,15,16.01
34,4370721,원일로중앙시장,시험,일요일·공휴일,18,18,1,18,15.07
34,4370721,원일로중앙시장,시험,일요일·공휴일,21,21,1,21,13.71
34,4370721,원일로중앙시장,계절학기,평일,07,09,3,09,16.26
34,4370721,원일로중앙시장,계절학기,평일,11,18,8,16,24.03
34,4370721,원일로중앙시장,계절학기,토요일,11,11,1,11,16.05
34,4370721,원일로중앙시장,계절학기,토요일,13,15,3,14,21.13
34,4370721,원일로중앙시장,계절학기,토요일,17,17,1,17,15.45
34,4370721,원일로중앙시장,계절학기,일요일·공휴일,12,12,1,12,13.77
34,4370721,원일로중앙시장,계절학기,일요일·공휴일,15,15,1,15,16.01
34,4370721,원일로중앙시장,방학,평일,08,09,2,09,20.03
34,4370721,원일로중앙시장,방학,평일,11,18,8,13,24.01
34,4370721,원일로중앙시장,방학,토요일,11,13,3,11,20.26
34,4370721,원일로중앙시장,방학,토요일,15,16,2,15,15.37
34,4370721,원일로중앙시장,방학,토요일,18,18,1,18,13.31
34,4370721,원일로중앙시장,방학,일요일·공휴일,13,15,3,15,17.49
34,4370721,원일로중앙시장,방학,일요일·공휴일,18,18,1,18,13.96
34,4370731,강원감영,학기,평일,08,18,11,17,26.21
34,4370731,강원감영,학기,평일,21,21,1,21,17.26
34,4370731,강원감영,학기,토요일,08,18,11,17,20.98
34,4370731,강원감영,학기,일요일·공휴일,12,18,7,18,22.97
34,4370731,강원감영,학기,일요일·공휴일,20,21,2,21,18.95
34,4370731,강원감영,시험,평일,08,13,6,11,20.79
34,4370731,강원감영,시험,평일,15,17,3,15,25.05
34,4370731,강원감영,시험,평일,21,21,1,21,15.11
34,4370731,강원감영,시험,토요일,11,16,6,11,20.52
34,4370731,강원감영,시험,일요일·공휴일,09,09,1,09,17.6
34,4370731,강원감영,시험,일요일·공휴일,11,13,3,11,15.68
34,4370731,강원감영,시험,일요일·공휴일,15,15,1,15,16.92
34,4370731,강원감영,시험,일요일·공휴일,18,18,1,18,14.41
34,4370731,강원감영,계절학기,평일,07,09,3,08,15.08
34,4370731,강원감영,계절학기,평일,11,18,8,17,24.22
34,4370731,강원감영,계절학기,토요일,11,15,5,14,20.84
34,4370731,강원감영,계절학기,토요일,17,18,2,17,15.78
34,4370731,강원감영,계절학기,일요일·공휴일,15,15,1,15,17.16
34,4370731,강원감영,방학,평일,08,09,2,09,20.98
34,4370731,강원감영,방학,평일,11,18,8,16,24.32
34,4370731,강원감영,방학,토요일,11,13,3,11,20.58
34,4370731,강원감영,방학,토요일,15,18,4,15,17.62
34,4370731,강원감영,방학,일요일·공휴일,12,16,5,15,16.95
34,4370731,강원감영,방학,일요일·공휴일,18,18,1,18,14.29
34,4370821,남원로남부시장,학기,평일,09,19,11,16,26.88
34,4370821,남원로남부시장,학기,평일,21,21,1,21,15.36
34,4370821,남원로남부시장,학기,토요일,08,15,8,13,21.07
34,4370821,남원로남부시장,학기,토요일,17,17,1,17,20.84
34,4370821,남원로남부시장,학기,일요일·공휴일,12,18,7,15,24.44
34,4370821,남원로남부시장,학기,일요일·공휴일,20,21,2,20,16.13
34,4370821,남원로남부시장,시험,평일,08,19,12,15,23.75
34,4370821,남원로남부시장,시험,평일,21,21,1,21,13.48
34,4370821,남원로남부시장,시험,토요일,08,08,1,08,14.04
34,4370821,남원로남부시장,시험,토요일,11,15,5,11,20.27
34,4370821,남원로남부시장,시험,일요일·공휴일,09,09,1,09,18.43
34,4370821,남원로남부시장,시험,일요일·공휴일,11,13,3,11,17.01
34,4370821,남원로남부시장,시험,일요일·공휴일,18,18,1,18,14.85
34,4370821,남원로남부시장,계절학기,평일,10,18,9,16,26.56
34,4370821,남원로남부시장,계절학기,토요일,11,11,1,11,15.12
34,4370821,남원로남부시장,계절학기,토요일,13,15,3,14,21.13
34,4370821,남원로남부시장,계절학기,토요일,17,17,1,17,18.96
34,4370821,남원로남부시장,계절학기,일요일·공휴일,15,15,1,15,16.01
34,4370821,남원로남부시장,방학,평일,09,19,11,17,27.76
34,4370821,남원로남부시장,방학,토요일,11,17,7,14,18.7
34,4370821,남원로남부시장,방학,일요일·공휴일,12,18,7,15,17.74
34,4370831,대성현대아파트,학기,평일,08,19,12,17,27.45
34,4370831,대성현대아파트,학기,평일,21,21,1,21,17.58
34,4370831,대성현대아파트,학기,토요일,09,18,10,17,20.42
34,4370831,대성현대아파트,학기,일요일·공휴일,12,21,10,15,23.27
34,4370831,대성현대아파트,시험,평일,09,19,11,15,24.7
34,4370831,대성현대아파트,시험,평일,21,21,1,21,13.68
34,4370831,대성현대아파트,시험,토요일,08,08,1,08,14.38
34,4370831,대성현대아파트,시험,토요일,11,11,1,11,20.27
34,4370831,대성현대아파트,시험,토요일,14,16,3,16,15.61
34,4370831,대성현대아파트,시험,일요일·공휴일,09,09,1,09,18.1
34,4370831,대성현대아파트,시험,일요일·공휴일,11,13,3,11,19.84
34,4370831,대성현대아파트,시험,일요일·공휴일,18,18,1,18,14.85
34,4370831,대성현대아파트,계절학기,평일,10,18,9,16,27.55
34,4370831,대성현대아파트,계절학기,토요일,11,11,1,11,16.06
34,4370831,대성현대아파트,계절학기,토요일,14,14,1,14,20.98
34,4370831,대성현대아파트,계절학기,일요일·공휴일,13,13,1,13,13.69
34,4370831,대성현대아파트,계절학기,일요일·공휴일,15,15,1,15,15.16
34,4370831,대성현대아파트,방학,평일,08,09,2,09,15.56
34,4370831,대성현대아파트,방학,평일,11,18,8,17,25.5
34,4370831,대성현대아파트,방학,토요일,11,12,2,11,18.59
34,4370831,대성현대아파트,방학,토요일,14,17,4,15,16.08
34,4370831,대성현대아파트,방학,일요일·공휴일,12,15,4,13,15.02
34,4370831,대성현대아파트,방학,일요일·공휴일,17,18,2,18,15.14
34,4370841,향교입구,학기,평일,07,18,12,15,28.51
34,4370841,향교입구,학기,평일,21,21,1,21,14.72
34,4370841,향교입구,학기,토요일,09,17,9,13,19.77
34,4370841,향교입구,학기,일요일·공휴일,11,18,8,18,23.37
34,4370841,향교입구,학기,일요일·공휴일,21,21,1,21,17.0
34,4370841,향교입구,시험,평일,09,19,11,12,22.0
34,4370841,향교입구,시험,평일,21,21,1,21,14.87
34,4370841,향교입구,시험,토요일,11,11,1,11,19.35
34,4370841,향교입구,시험,토요일,13,13,1,13,15.87
34,4370841,향교입구,시험,토요일,15,16,2,16,15.28
34,4370841,향교입구,시험,일요일·공휴일,09,09,1,09,17.27
34,4370841,향교입구,시험,일요일·공휴일,11,12,2,11,19.18
34,4370841,향교입구,시험,일요일·공휴일,15,15,1,15,16.59
34,4370841,향교입구,시험,일요일·공휴일,17,18,2,18,14.57
34,4370841,향교입구,계절학기,평일,09,18,10,17,26.62
34,4370841,향교입구,계절학기,토요일,11,11,1,11,15.73
34,4370841,향교입구,계절학기,토요일,15,15,1,15,18.78
34,4370841,향교입구,계절학기,토요일,17,18,2,17,16.95
34,4370841,향교입구,계절학기,일요일·공휴일,15,15,1,15,16.18
34,4370841,향교입구,방학,평일,09,18,10,17,24.42
34,4370841,향교입구,방학,토요일,11,17,7,11,16.4
34,4370841,향교입구,방학,일요일·공휴일,12,18,7,15,17.09
34,4370851,젊음의광장사거리,학기,평일,08,19,12,16,28.51
34,4370851,젊음의광장사거리,학기,평일,21,21,1,21,17.72
34,4370851,젊음의광장사거리,학기,토요일,09,17,9,13,19.56
34,4370851,젊음의광장사거리,학기,일요일·공휴일,12,13,2,13,19.33
34,4370851,젊음의광장사거리,학기,일요일·공휴일,15,19,5,16,22.27
34,4370851,젊음의광장사거리,학기,일요일·공휴일,21,21,1,21,15.95
34,4370851,젊음의광장사거리,시험,평일,09,17,9,15,25.27
34,4370851,젊음의광장사거리,시험,평일,19,19,1,19,13.66
34,4370851,젊음의광장사거리,시험,평일,21,21,1,21,15.26
34,4370851,젊음의광장사거리,시험,토요일,11,11,1,11,20.19
34,4370851,젊음의광장사거리,시험,토요일,14,14,1,14,14.4
34,4370851,젊음의광장사거리,시험,토요일,16,16,1,16,15.61
34,4370851,젊음의광장사거리,시험,일요일·공휴일,11,11,1,11,18.84
34,4370851,젊음의광장사거리,시험,일요일·공휴일,15,15,1,15,14.42
34,4370851,젊음의광장사거리,시험,일요일·공휴일,18,19,2,19,16.05
34,4370851,젊음의광장사거리,계절학기,평일,10,18,9,16,24.05
34,4370851,젊음의광장사거리,계절학기,토요일,11,11,1,11,14.56
34,4370851,젊음의광장사거리,계절학기,토요일,14,15,2,15,19.96
34,4370851,젊음의광장사거리,계절학기,토요일,17,17,1,17,17.28
34,4370851,젊음의광장사거리,방학,평일,09,09,1,09,14.35
34,4370851,젊음의광장사거리,방학,평일,11,18,8,16,26.01
34,4370851,젊음의광장사거리,방학,토요일,11,18,8,11,16.67
34,4370851,젊음의광장사거리,방학,일요일·공휴일,13,13,1,13,15.46
34,4370851,젊음의광장사거리,방학,일요일·공휴일,17,18,2,18,14.18
34,4370861,원주의료원,학기,평일,06,06,1,06,13.42
34,4370861,원주의료원,학기,평일,08,18,11,12,33.67
34,4370861,원주의료원,학기,토요일,08,17,10,10,27.67
34,4370861,원주의료원,학기,일요일·공휴일,09,18,10,16,17.37
34,4370861,원주의료원,시험,평일,06,06,1,06,15.42
34,4370861,원주의료원,시험,평일,08,18,11,10,26.88
34,4370861,원주의료원,시험,토요일,10,10,1,10,18.49
34,4370861,원주의료원,시험,토요일,12,14,3,14,16.9
34,4370861,원주의료원,시험,토요일,16,16,1,16,15.28
34,4370861,원주의료원,시험,일요일·공휴일,09,12,4,09,19.93
34,4370861,원주의료원,시험,일요일·공휴일,15,15,1,15,14.76
34,4370861,원주의료원,시험,일요일·공휴일,17,17,1,17,14.06
34,4370861,원주의료원,시험,일요일·공휴일,19,19,1,19,13.38
34,4370861,원주의료원,계절학기,평일,06,06,1,06,14.29
34,4370861,원주의료원,계절학기,평일,08,18,11,16,29.57
34,4370861,원주의료원,계절학기,토요일,10,11,2,11,19.39
34,4370861,원주의료원,계절학기,토요일,14,15,2,15,22.45
34,4370861,원주의료원,계절학기,토요일,17,17,1,17,14.53
34,4370861,원주의료원,계절학기,일요일·공휴일,11,12,2,12,18.52
34,4370861,원주의료원,계절학기,일요일·공휴일,15,15,1,15,14.73
34,4370861,원주의료원,방학,평일,07,18,12,16,31.4
34,4370861,원주의료원,방학,토요일,09,14,6,11,25.58
34,4370861,원주의료원,방학,토요일,16,17,2,17,14.31
34,4370861,원주의료원,방학,일요일·공휴일,10,14,5,12,20.85
34,4370871,단구2차아파트,학기,평일,08,21,14,16,29.67
34,4370871,단구2차아파트,학기,토요일,10,17,8,10,17.75
34,4370871,단구2차아파트,학기,일요일·공휴일,13,21,9,16,24.62
34,4370871,단구2차아파트,시험,평일,07,07,1,07,13.5
34,4370871,단구2차아파트,시험,평일,09,18,10,16,29.43
34,4370871,단구2차아파트,시험,평일,21,21,1,21,16.76
34,4370871,단구2차아파트,시험,토요일,11,11,1,11,20.19
34,4370871,단구2차아파트,시험,토요일,13,13,1,13,16.12
34,4370871,단구2차아파트,시험,토요일,17,17,1,17,14.26
34,4370871,단구2차아파트,시험,일요일·공휴일,09,09,1,09,16.27
34,4370871,단구2차아파트,시험,일요일·공휴일,11,13,3,12,14.82
34,4370871,단구2차아파트,시험,일요일·공휴일,17,18,2,17,14.31
34,4370871,단구2차아파트,계절학기,평일,11,18,8,17,23.69
34,4370871,단구2차아파트,계절학기,토요일,11,11,1,11,14.89
34,4370871,단구2차아파트,계절학기,토요일,13,15,3,14,17.98
34,4370871,단구2차아파트,계절학기,토요일,17,17,1,17,16.53
34,4370871,단구2차아파트,계절학기,일요일·공휴일,15,15,1,15,14.02
34,4370871,단구2차아파트,방학,평일,09,18,10,18,21.2
34,4370871,단구2차아파트,방학,토요일,11,14,4,11,18.33
34,4370871,단구2차아파트,방학,일요일·공휴일,19,19,1,19,13.84
34,4370881,원주시시설관리공단,학기,평일,08,21,14,16,26.39
34,4370881,원주시시설관리공단,학기,토요일,10,11,2,10,15.22
34,4370881,원주시시설관리공단,학기,토요일,15,15,1,15,13.83
34,4370881,원주시시설관리공단,학기,토요일,17,17,1,17,14.92
34,4370881,원주시시설관리공단,학기,일요일·공휴일,14,21,8,16,22.01
34,4370881,원주시시설관리공단,시험,평일,08,18,11,16,28.44
34,4370881,원주시시설관리공단,시험,평일,21,21,1,21,13.7
34,4370881,원주시시설관리공단,시험,토요일,08,08,1,08,14.38
34,4370881,원주시시설관리공단,시험,토요일,11,13,3,11,18.6
34,4370881,원주시시설관리공단,시험,토요일,17,17,1,17,14.26
34,4370881,원주시시설관리공단,시험,일요일·공휴일,11,11,1,11,15.18
34,4370881,원주시시설관리공단,시험,일요일·공휴일,13,13,1,13,13.39
34,4370881,원주시시설관리공단,시험,일요일·공휴일,15,15,1,15,13.92
34,4370881,원주시시설관리공단,시험,일요일·공휴일,17,18,2,17,13.98
34,4370881,원주시시설관리공단,시험,일요일·공휴일,21,21,1,21,13.62
34,4370881,원주시시설관리공단,계절학기,평일,08,08,1,08,14.31
34,4370881,원주시시설관리공단,계절학기,평일,10,13,4,12,18.54
34,4370881,원주시시설관리공단,계절학기,평일,15,18,4,17,21.41
34,4370881,원주시시설관리공단,계절학기,토요일,11,11,1,11,14.62
34,4370881,원주시시설관리공단,계절학기,토요일,13,15,3,14,19.81
34,4370881,원주시시설관리공단,계절학기,토요일,17,17,1,17,16.1
34,4370881,원주시시설관리공단,계절학기,일요일·공휴일,15,15,1,15,13.52
34,4370881,원주시시설관리공단,방학,평일,11,18,8,18,19.48
34,4370881,원주시시설관리공단,방학,토요일,11,13,3,11,16.98
34,4370881,원주시시설관리공단,방학,일요일·공휴일,14,14,1,14,13.92
34,4371111,성지병원,학기,평일,08,18,11,16,34.92
34,4371111,성지병원,학기,평일,21,21,1,21,14.8
34,4371111,성지병원,학기,토요일,08,17,10,10,28.99
34,4371111,성지병원,학기,일요일·공휴일,11,17,7,15,19.73
34,4371111,성지병원,학기,일요일·공휴일,19,19,1,19,13.63
34,4371111,성지병원,시험,평일,08,18,11,16,28.33
34,4371111,성지병원,시험,토요일,08,08,1,08,14.88
34,4371111,성지병원,시험,토요일,13,16,4,13,16.87
34,4371111,성지병원,시험,토요일,18,18,1,18,13.68
34,4371111,성지병원,시험,일요일·공휴일,09,09,1,09,19.6
34,4371111,성지병원,시험,일요일·공휴일,11,11,1,11,17.68
34,4371111,성지병원,시험,일요일·공휴일,14,14,1,14,13.68
34,4371111,성지병원,시험,일요일·공휴일,17,17,1,17,13.48
34,4371111,성지병원,시험,일요일·공휴일,19,19,1,19,13.63
34,4371111,성지병원,계절학기,평일,08,18,11,16,30.15
34,4371111,성지병원,계절학기,토요일,10,15,6,15,22.1
34,4371111,성지병원,계절학기,토요일,17,17,1,17,15.39
34,4371111,성지병원,계절학기,일요일·공휴일,11,13,3,12,20.38
34,4371111,성지병원,방학,평일,08,18,11,10,32.57
34,4371111,성지병원,방학,토요일,09,14,6,10,21.27
34,4371111,성지병원,방학,토요일,16,17,2,16,14.59
34,4371111,성지병원,방학,일요일·공휴일,10,16,7,12,22.42
34,4371181,SK텔레콤원주지점,학기,평일,15,18,4,18,21.34
34,4371181,SK텔레콤원주지점,학기,토요일,11,11,1,11,16.2
34,4371181,SK텔레콤원주지점,학기,토요일,14,15,2,15,15.85
34,4371181,SK텔레콤원주지점,학기,토요일,18,18,1,18,13.81
34,4371181,SK텔레콤원주지점,학기,일요일·공휴일,16,16,1,16,18.23
34,4371181,SK텔레콤원주지점,학기,일요일·공휴일,18,18,1,18,13.29
34,4371181,SK텔레콤원주지점,시험,평일,08,08,1,08,13.52
34,4371181,SK텔레콤원주지점,시험,평일,11,12,2,11,15.72
34,4371181,SK텔레콤원주지점,시험,평일,14,18,5,18,20.97
34,4371181,SK텔레콤원주지점,시험,토요일,10,10,1,10,14.33
34,4371181,SK텔레콤원주지점,시험,토요일,12,12,1,12,13.55
34,4371181,SK텔레콤원주지점,시험,토요일,14,16,3,16,15.28
34,4371181,SK텔레콤원주지점,시험,토요일,20,20,1,20,13.77
34,4371181,SK텔레콤원주지점,시험,일요일·공휴일,12,13,2,12,15.98
34,4371181,SK텔레콤원주지점,시험,일요일·공휴일,19,19,1,19,15.72
34,4371181,SK텔레콤원주지점,계절학기,평일,12,13,2,12,17.01
34,4371181,SK텔레콤원주지점,계절학기,평일,15,18,4,16,20.34
34,4371181,SK텔레콤원주지점,계절학기,토요일,11,11,1,11,14.34
34,4371181,SK텔레콤원주지점,계절학기,토요일,14,15,2,15,20.53
34,4371181,SK텔레콤원주지점,계절학기,토요일,17,17,1,17,15.74
34,4371181,SK텔레콤원주지점,계절학기,일요일·공휴일,15,15,1,15,14.39
34,4371181,SK텔레콤원주지점,방학,평일,12,18,7,16,18.74
34,4371181,SK텔레콤원주지점,방학,토요일,11,12,2,12,14.12
34,4371181,SK텔레콤원주지점,방학,토요일,15,15,1,15,16.07
34,4371181,SK텔레콤원주지점,방학,일요일·공휴일,16,17,2,16,14.36
34,4371181,SK텔레콤원주지점,방학,일요일·공휴일,20,20,1,20,13.54
34,4371191,금불사거리,학기,평일,08,17,10,12,18.69
34,4371191,금불사거리,학기,토요일,09,14,6,11,23.73
34,4371191,금불사거리,학기,일요일·공휴일,13,13,1,13,14.31
34,4371191,금불사거리,학기,일요일·공휴일,15,15,1,15,13.58
34,4371191,금불사거리,시험,평일,08,18,11,10,24.43
34,4371191,금불사거리,시험,토요일,10,13,4,11,16.85
34,4371191,금불사거리,시험,일요일·공휴일,11,11,1,11,14.34
34,4371191,금불사거리,시험,일요일·공휴일,14,14,1,14,13.68
34,4371191,금불사거리,계절학기,평일,08,10,3,09,16.01
34,4371191,금불사거리,계절학기,평일,12,17,6,13,19.35
34,4371191,금불사거리,계절학기,토요일,11,15,5,14,18.77
34,4371191,금불사거리,계절학기,일요일·공휴일,15,15,1,15,13.39
34,4371191,금불사거리,방학,평일,08,14,7,13,19.96
34,4371191,금불사거리,방학,평일,17,17,1,17,14.08
34,4371191,금불사거리,방학,토요일,09,09,1,09,13.5
34,4371191,금불사거리,방학,토요일,11,12,2,11,22.12
34,4371191,금불사거리,방학,토요일,14,14,1,14,14.96
34,4371191,금불사거리,방학,일요일·공휴일,12,14,3,14,16.17
34,4371201,단계삼익아파트,학기,평일,15,18,4,18,17.72
34,4371201,단계삼익아파트,학기,토요일,10,12,3,11,14.35
34,4371201,단계삼익아파트,학기,토요일,14,14,1,14,13.63
34,4371201,단계삼익아파트,학기,토요일,18,18,1,18,13.64
34,4371201,단계삼익아파트,학기,일요일·공휴일,16,16,1,16,18.13
34,4371201,단계삼익아파트,학기,일요일·공휴일,18,18,1,18,15.29
34,4371201,단계삼익아파트,시험,평일,10,12,3,11,16.35
34,4371201,단계삼익아파트,시험,평일,15,18,4,18,17.86
34,4371201,단계삼익아파트,시험,일요일·공휴일,12,13,2,12,15.15
34,4371201,단계삼익아파트,시험,일요일·공휴일,15,15,1,15,13.26
34,4371201,단계삼익아파트,시험,일요일·공휴일,17,17,1,17,14.23
34,4371201,단계삼익아파트,계절학기,평일,12,13,2,12,14.02
34,4371201,단계삼익아파트,계절학기,평일,15,18,4,17,19.74
34,4371201,단계삼익아파트,계절학기,토요일,11,11,1,11,16.06
34,4371201,단계삼익아파트,계절학기,토요일,15,15,1,15,19.46
34,4371201,단계삼익아파트,계절학기,토요일,17,17,1,17,17.28
34,4371201,단계삼익아파트,계절학기,일요일·공휴일,15,15,1,15,16.18
34,4371201,단계삼익아파트,방학,평일,08,08,1,08,13.4
34,4371201,단계삼익아파트,방학,평일,12,12,1,12,16.75
34,4371201,단계삼익아파트,방학,평일,15,18,4,15,16.87
34,4371201,단계삼익아파트,방학,토요일,10,12,3,11,15.76
34,4371201,단계삼익아파트,방학,토요일,15,15,1,15,16.81
34,4371741,e편한세상아파트,학기,평일,08,17,10,16,21.39
34,4371741,e편한세상아파트,학기,토요일,09,14,6,11,24.36
34,4371741,e편한세상아파트,학기,토요일,16,16,1,16,13.36
34,4371741,e편한세상아파트,학기,일요일·공휴일,13,13,1,13,14.22
34,4371741,e편한세상아파트,시험,평일,07,18,12,10,23.17
34,4371741,e편한세상아파트,시험,토요일,10,14,5,11,17.52
34,4371741,e편한세상아파트,시험,일요일·공휴일,11,11,1,11,14.68
34,4371741,e편한세상아파트,시험,일요일·공휴일,14,15,2,14,13.35
34,4371741,e편한세상아파트,계절학기,평일,08,10,3,09,19.17
34,4371741,e편한세상아파트,계절학기,평일,12,17,6,13,19.6
34,4371741,e편한세상아파트,계절학기,토요일,11,15,5,14,19.48
34,4371741,e편한세상아파트,계절학기,토요일,17,17,1,17,13.28
34,4371741,e편한세상아파트,계절학기,일요일·공휴일,12,12,1,12,13.24
34,4371741,e편한세상아파트,계절학기,일요일·공휴일,15,15,1,15,14.35
34,4371741,e편한세상아파트,방학,평일,08,14,7,13,20.99
34,4371741,e편한세상아파트,방학,평일,17,17,1,17,14.0
34,4371741,e편한세상아파트,방학,토요일,09,09,1,09,14.4
34,4371741,e편한세상아파트,방학,토요일,11,12,2,11,22.94
34,4371741,e편한세상아파트,방학,토요일,14,14,1,14,17.37
34,4371741,e편한세상아파트,방학,일요일·공휴일,11,14,4,14,16.86
34,4371781,KBS방송국,학기,평일,07,18,12,15,27.0
34,4371781,KBS방송국,학기,평일,21,21,1,21,19.32
34,4371781,KBS방송국,학기,토요일,08,18,11,15,21.83
34,4371781,KBS방송국,학기,일요일·공휴일,12,21,10,15,23.57
34,4371781,KBS방송국,시험,평일,08,19,12,15,26.89
34,4371781,KBS방송국,시험,평일,21,21,1,21,16.01
34,4371781,KBS방송국,시험,토요일,11,12,2,11,18.69
34,4371781,KBS방송국,시험,토요일,15,16,2,16,14.03
34,4371781,KBS방송국,시험,일요일·공휴일,09,09,1,09,18.1
34,4371781,KBS방송국,시험,일요일·공휴일,11,13,3,12,16.65
34,4371781,KBS방송국,시험,일요일·공휴일,15,15,1,15,15.42
34,4371781,KBS방송국,시험,일요일·공휴일,18,18,1,18,14.91
34,4371781,KBS방송국,계절학기,평일,08,18,11,16,27.89
34,4371781,KBS방송국,계절학기,토요일,11,11,1,11,15.14
34,4371781,KBS방송국,계절학기,토요일,14,17,4,14,21.31
34,4371781,KBS방송국,계절학기,일요일·공휴일,15,16,2,15,16.26
34,4371781,KBS방송국,방학,평일,08,09,2,09,17.84
34,4371781,KBS방송국,방학,평일,11,18,8,13,25.28
34,4371781,KBS방송국,방학,토요일,11,17,7,12,18.22
34,4371781,KBS방송국,방학,일요일·공휴일,12,16,5,13,17.4
34,4371781,KBS방송국,방학,일요일·공휴일,18,18,1,18,16.29
34,4371871,금불사거리,학기,평일,11,11,1,11,13.28
34,4371871,금불사거리,학기,평일,15,18,4,18,19.28
34,4371871,금불사거리,학기,토요일,11,14,4,12,15.76
34,4371871,금불사거리,학기,일요일·공휴일,15,16,2,15,15.39
34,4371871,금불사거리,학기,일요일·공휴일,18,18,1,18,13.62
34,4371871,금불사거리,학기,일요일·공휴일,20,20,1,20,13.36
34,4371871,금불사거리,시험,평일,11,12,2,11,15.68
34,4371871,금불사거리,시험,평일,14,18,5,18,19.78
34,4371871,금불사거리,시험,토요일,16,16,1,16,14.61
34,4371871,금불사거리,시험,일요일·공휴일,09,09,1,09,13.93
34,4371871,금불사거리,시험,일요일·공휴일,17,17,1,17,16.81
34,4371871,금불사거리,시험,일요일·공휴일,19,19,1,19,16.72
34,4371871,금불사거리,계절학기,평일,12,13,2,12,16.68
34,4371871,금불사거리,계절학기,평일,15,18,4,17,19.15
34,4371871,금불사거리,계절학기,토요일,14,15,2,15,20.62
34,4371871,금불사거리,계절학기,일요일·공휴일,15,15,1,15,13.59
34,4371871,금불사거리,방학,평일,12,12,1,12,18.63
34,4371871,금불사거리,방학,평일,15,17,3,16,18.94
34,4371871,금불사거리,방학,토요일,11,12,2,11,16.39
34,4371871,금불사거리,방학,토요일,14,14,1,14,13.35
34,4371871,금불사거리,방학,일요일·공휴일,16,16,1,16,13.75
34,4371971,단계현진아파트,학기,평일,08,10,3,09,18.63
34,4371971,단계현진아파트,학기,평일,12,17,6,16,18.59
34,4371971,단계현진아파트,학기,토요일,09,14,6,11,21.4
34,4371971,단계현진아파트,학기,토요일,16,16,1,16,13.92
34,4371971,단계현진아파트,학기,일요일·공휴일,15,15,1,15,13.28
34,4371971,단계현진아파트,시험,평일,08,18,11,12,19.88
34,4371971,단계현진아파트,시험,토요일,10,13,4,11,17.85
34,4371971,단계현진아파트,시험,토요일,15,15,1,15,13.19
34,4371971,단계현진아파트,시험,일요일·공휴일,12,12,1,12,14.82
34,4371971,단계현진아파트,계절학기,평일,09,17,9,16,18.05
34,4371971,단계현진아파트,계절학기,토요일,11,14,4,14,16.98
34,4371971,단계현진아파트,계절학기,일요일·공휴일,12,12,1,12,13.31
34,4371971,단계현진아파트,방학,평일,08,14,7,12,17.33
34,4371971,단계현진아파트,방학,토요일,11,12,2,11,22.92
34,4371971,단계현진아파트,방학,토요일,14,14,1,14,14.23
34,4371971,단계현진아파트,방학,일요일·공휴일,09,09,1,09,13.91
34,4371971,단계현진아파트,방학,일요일·공휴일,11,12,2,11,13.91
34,4371971,단계현진아파트,방학,일요일·공휴일,14,14,1,14,13.37
34,4371981,옛합동청사,학기,평일,07,19,13,12,29.26
34,4371981,옛합동청사,학기,평일,21,21,1,21,15.47
34,4371981,옛합동청사,학기,토요일,08,15,8,12,22.59
34,4371981,옛합동청사,학기,일요일·공휴일,12,18,7,15,24.56
34,4371981,옛합동청사,학기,일요일·공휴일,21,21,1,21,20.58
34,4371981,옛합동청사,시험,평일,07,09,3,08,17.77
34,4371981,옛합동청사,시험,평일,11,12,2,12,20.51
34,4371981,옛합동청사,시험,평일,15,15,1,15,23.99
34,4371981,옛합동청사,시험,평일,17,18,2,18,17.89
34,4371981,옛합동청사,시험,토요일,10,10,1,10,16.66
34,4371981,옛합동청사,시험,토요일,12,12,1,12,15.21
34,4371981,옛합동청사,시험,토요일,14,14,1,14,14.82
34,4371981,옛합동청사,시험,토요일,18,18,1,18,13.68
34,4371981,옛합동청사,시험,일요일·공휴일,18,18,1,18,16.91
34,4371981,옛합동청사,계절학기,평일,08,13,6,09,19.67
34,4371981,옛합동청사,계절학기,평일,15,15,1,15,19.7
34,4371981,옛합동청사,계절학기,평일,17,18,2,18,18.05
34,4371981,옛합동청사,계절학기,일요일·공휴일,12,12,1,12,14.86
34,4371981,옛합동청사,계절학기,일요일·공휴일,15,15,1,15,16.18
34,4371981,옛합동청사,방학,평일,08,18,11,09,25.98
34,4371981,옛합동청사,방학,토요일,11,12,2,11,20.55
34,4371981,옛합동청사,방학,토요일,16,16,1,16,14.59
34,4371981,옛합동청사,방학,토요일,18,18,1,18,14.09
34,4371981,옛합동청사,방학,일요일·공휴일,13,15,3,15,18.7
34,4371981,옛합동청사,방학,일요일·공휴일,17,18,2,18,17.24
34,4372311,구곡현대아파트,학기,평일,06,18,13,17,41.77
34,4372311,구곡현대아파트,학기,평일,21,21,1,21,15.79
34,4372311,구곡현대아파트,학기,토요일,08,17,10,10,24.45
34,4372311,구곡현대아파트,학기,일요일·공휴일,09,09,1,09,14.03
34,4372311,구곡현대아파트,학기,일요일·공휴일,11,16,6,14,18.45
34,4372311,구곡현대아파트,학기,일요일·공휴일,18,18,1,18,13.82
34,4372311,구곡현대아파트,시험,평일,06,18,13,15,26.55
34,4372311,구곡현대아파트,시험,토요일,09,11,3,10,18.83
34,4372311,구곡현대아파트,시험,토요일,14,14,1,14,15.98
34,4372311,구곡현대아파트,시험,토요일,16,16,1,16,16.11
34,4372311,구곡현대아파트,시험,일요일·공휴일,09,10,2,09,16.93
34,4372311,구곡현대아파트,시험,일요일·공휴일,12,12,1,12,15.98
34,4372311,구곡현대아파트,계절학기,평일,07,17,11,16,28.5
34,4372311,구곡현대아파트,계절학기,토요일,11,11,1,11,19.06
34,4372311,구곡현대아파트,계절학기,토요일,13,15,3,14,26.13
34,4372311,구곡현대아파트,계절학기,토요일,17,17,1,17,14.78
34,4372311,구곡현대아파트,계절학기,일요일·공휴일,12,12,1,12,15.69
34,4372311,구곡현대아파트,방학,평일,07,18,12,16,28.78
34,4372311,구곡현대아파트,방학,토요일,09,12,4,11,19.85
34,4372311,구곡현대아파트,방학,토요일,14,14,1,14,16.9
34,4372311,구곡현대아파트,방학,토요일,17,18,2,17,14.63
34,4372311,구곡현대아파트,방학,일요일·공휴일,09,12,4,11,16.66
34,4372311,구곡현대아파트,방학,일요일·공휴일,14,14,1,14,17.25
34,4372311,구곡현대아파트,방학,일요일·공휴일,16,16,1,16,13.92
34,4372661,단계사거리,학기,토요일,10,11,2,11,14.72
34,4372661,단계사거리,학기,일요일·공휴일,16,16,1,16,15.31
34,4372661,단계사거리,학기,일요일·공휴일,18,18,1,18,18.22
34,4372661,단계사거리,시험,평일,10,13,4,11,15.74
34,4372661,단계사거리,시험,평일,15,15,1,15,17.99
34,4372661,단계사거리,시험,평일,17,18,2,18,16.21
34,4372661,단계사거리,시험,토요일,10,10,1,10,13.66
34,4372661,단계사거리,시험,토요일,15,16,2,15,13.86
34,4372661,단계사거리,시험,일요일·공휴일,12,13,2,12,15.65
34,4372661,단계사거리,시험,일요일·공휴일,17,17,1,17,15.31
34,4372661,단계사거리,계절학기,평일,12,12,1,12,13.33
34,4372661,단계사거리,계절학기,평일,16,17,2,16,16.16
34,4372661,단계사거리,계절학기,토요일,11,11,1,11,14.89
34,4372661,단계사거리,계절학기,토요일,14,15,2,14,17.81
34,4372661,단계사거리,방학,토요일,11,11,1,11,14.29
34,4372671,우산철교.폴리텍대학,학기,토요일,10,12,3,11,14.54
34,4372671,우산철교.폴리텍대학,시험,평일,10,11,2,10,16.31
34,4372671,우산철교.폴리텍대학,시험,평일,13,16,4,16,17.66
34,4372671,우산철교.폴리텍대학,시험,평일,18,18,1,18,15.59
34,4372671,우산철교.폴리텍대학,시험,토요일,15,15,1,15,13.19
34,4372671,우산철교.폴리텍대학,시험,일요일·공휴일,11,11,1,11,13.68
34,4372671,우산철교.폴리텍대학,시험,일요일·공휴일,17,17,1,17,14.64
34,4372671,우산철교.폴리텍대학,계절학기,평일,16,16,1,16,15.5
34,4372671,우산철교.폴리텍대학,계절학기,토요일,11,11,1,11,14.56
34,4372671,우산철교.폴리텍대학,계절학기,토요일,14,15,2,15,18.28
34,4372671,우산철교.폴리텍대학,계절학기,일요일·공휴일,15,15,1,15,13.35
34,4372671,우산철교.폴리텍대학,방학,토요일,11,11,1,11,15.62
34,4372681,삼한주유소,학기,토요일,10,11,2,10,15.26
34,4372681,삼한주유소,시험,평일,08,08,1,08,13.27
34,4372681,삼한주유소,시험,평일,11,11,1,11,16.41
34,4372681,삼한주유소,시험,평일,15,18,4,16,17.33
34,4372681,삼한주유소,시험,일요일·공휴일,09,09,1,09,14.27
34,4372681,삼한주유소,계절학기,평일,16,16,1,16,14.15
34,4372681,삼한주유소,계절학기,토요일,14,15,2,15,19.12
34,4372681,삼한주유소,계절학기,토요일,17,17,1,17,13.82
34,4372681,삼한주유소,방학,토요일,10,11,2,11,14.55
34,4372691,현대자동차.상공회의소,학기,토요일,11,11,1,11,14.49
34,4372691,현대자동차.상공회의소,학기,일요일·공휴일,18,18,1,18,13.67
34,4372691,현대자동차.상공회의소,시험,평일,10,13,4,12,15.67
34,4372691,현대자동차.상공회의소,시험,평일,15,18,4,16,17.66
34,4372691,현대자동차.상공회의소,시험,일요일·공휴일,12,12,1,12,13.32
34,4372691,현대자동차.상공회의소,계절학기,평일,16,16,1,16,13.25
34,4372691,현대자동차.상공회의소,계절학기,토요일,15,15,1,15,19.45
34,4372691,현대자동차.상공회의소,계절학기,토요일,17,17,1,17,15.45
34,4372691,현대자동차.상공회의소,방학,평일,12,12,1,12,14.19
34,4372701,우리병원,학기,평일,13,13,1,13,14.49
34,4372701,우리병원,학기,평일,16,16,1,16,17.19
34,4372701,우리병원,학기,토요일,11,12,2,11,16.74
34,4372701,우리병원,학기,토요일,16,16,1,16,14.74
34,4372701,우리병원,시험,평일,11,11,1,11,16.91
34,4372701,우리병원,시험,평일,14,15,2,15,16.14
34,4372701,우리병원,시험,평일,17,17,1,17,13.9
34,4372701,우리병원,시험,토요일,20,20,1,20,14.77
34,4372701,우리병원,계절학기,평일,13,13,1,13,13.3
34,4372701,우리병원,계절학기,평일,15,15,1,15,13.56
34,4372701,우리병원,계절학기,평일,17,17,1,17,13.8
34,4372701,우리병원,방학,평일,08,09,2,08,13.67
34,4372701,우리병원,방학,평일,16,16,1,16,13.22
34,4372711,북원교,학기,평일,16,16,1,16,15.7
34,4372711,북원교,학기,평일,18,18,1,18,16.9
34,4372711,북원교,학기,토요일,11,12,2,12,13.88
34,4372711,북원교,학기,일요일·공휴일,16,16,1,16,13.31
34,4372711,북원교,시험,평일,10,11,2,10,15.64
34,4372711,북원교,시험,평일,17,17,1,17,16.24
34,4372711,북원교,시험,토요일,20,20,1,20,14.27
34,4372711,북원교,시험,일요일·공휴일,09,09,1,09,13.93
34,4372711,북원교,계절학기,평일,13,13,1,13,13.68
34,4372711,북원교,계절학기,평일,15,16,2,16,16.14
34,4372711,북원교,계절학기,토요일,14,15,2,15,18.37
34,4372711,북원교,방학,평일,16,16,1,16,14.43
34,4372721,태장삼거리,시험,평일,10,10,1,10,15.14
34,4372721,태장삼거리,시험,평일,15,16,2,16,15.14
34,4372721,태장삼거리,시험,토요일,11,11,1,11,15.35
34,4372721,태장삼거리,시험,토요일,20,20,1,20,13.6
34,4372721,태장삼거리,계절학기,토요일,11,11,1,11,14.23
34,4372721,태장삼거리,계절학기,토요일,14,15,2,15,18.78
34,4372731,태장2동,시험,평일,11,12,2,12,15.34
34,4372731,태장2동,시험,평일,16,16,1,16,14.57
34,4372731,태장2동,시험,평일,18,18,1,18,16.78
34,4372731,태장2동,시험,토요일,11,11,1,11,14.85
34,4372731,태장2동,계절학기,평일,16,16,1,16,13.93
34,4372731,태장2동,계절학기,토요일,15,15,1,15,16.78
34,4372731,태장2동,계절학기,토요일,17,17,1,17,13.62
34,4372741,북원중학교,시험,평일,11,11,1,11,14.06
34,4372741,북원중학교,시험,평일,16,16,1,16,17.33
34,4372741,북원중학교,시험,평일,18,18,1,18,16.45
34,4372741,북원중학교,계절학기,토요일,11,11,1,11,13.39
34,4372741,북원중학교,계절학기,토요일,14,15,2,15,17.95
34,4372741,북원중학교,방학,토요일,11,11,1,11,14.22
34,4372751,우성아파트,학기,평일,18,18,1,18,15.4
34,4372751,우성아파트,시험,평일,11,12,2,12,15.67
34,4372751,우성아파트,시험,평일,16,16,1,16,17.0
34,4372751,우성아파트,시험,평일,18,18,1,18,14.39
34,4372751,우성아파트,시험,토요일,11,11,1,11,14.52
34,4372751,우성아파트,계절학기,평일,16,16,1,16,16.91
34,4372751,우성아파트,계절학기,토요일,14,14,1,14,16.48
34,4372761,장양초등학교,학기,평일,12,12,1,12,15.0
34,4372761,장양초등학교,학기,평일,15,15,1,15,14.2
34,4372761,장양초등학교,학기,평일,17,18,2,18,15.06
34,4372761,장양초등학교,시험,평일,16,16,1,16,17.0
34,4372761,장양초등학교,시험,토요일,10,11,2,11,14.19
34,4372761,장양초등학교,계절학기,평일,16,16,1,16,17.25
34,4372761,장양초등학교,방학,평일,13,13,1,13,14.37
34,4372761,장양초등학교,방학,토요일,11,11,1,11,14.55
34,4372771,태장농공단지,학기,토요일,10,10,1,10,13.63
34,4372771,태장농공단지,시험,평일,10,14,5,10,14.47
34,4372771,태장농공단지,시험,평일,17,18,2,18,16.12
34,4372771,태장농공단지,계절학기,평일,15,17,3,16,16.91
34,4372771,태장농공단지,계절학기,토요일,15,15,1,15,16.12
34,4372781,KGC인삼공사원주공장,시험,평일,12,13,2,12,15.01
34,4372781,KGC인삼공사원주공장,시험,평일,15,15,1,15,13.85
34,4372781,KGC인삼공사원주공장,시험,평일,17,17,1,17,13.57
34,4372781,KGC인삼공사원주공장,시험,일요일·공휴일,09,09,1,09,13.6
34,4372791,영진아파트,학기,평일,16,16,1,16,17.25
34,4372791,영진아파트,시험,평일,12,12,1,12,15.01
34,4372791,영진아파트,시험,평일,15,15,1,15,13.85
34,4372791,영진아파트,시험,평일,18,18,1,18,13.82
34,4372791,영진아파트,시험,토요일,10,10,1,10,13.66
34,4372791,영진아파트,계절학기,평일,16,16,1,16,16.91
34,4372791,영진아파트,계절학기,토요일,14,14,1,14,16.81
34,4372791,영진아파트,방학,토요일,11,11,1,11,14.22
34,4372801,부안동,학기,평일,12,12,1,12,16.5
34,4372801,부안동,학기,평일,16,17,2,17,16.96
34,4372801,부안동,계절학기,평일,12,13,2,12,14.44
34,4372801,부안동,계절학기,토요일,14,14,1,14,16.48
34,4372801,부안동,방학,평일,16,16,1,16,14.13
34,4372811,원대,학기,평일,10,10,1,10,14.39
34,4372811,원대,학기,평일,12,12,1,12,14.14
34,4372811,원대,학기,평일,16,17,2,17,16.96
34,4372811,원대,계절학기,평일,13,13,1,13,13.34
34,4372811,원대,방학,평일,16,16,1,16,14.13
34,4372901,원대,학기,평일,09,09,1,09,13.57
34,4372901,원대,학기,평일,16,16,1,16,17.54
34,4372901,원대,학기,토요일,11,11,1,11,14.07
34,4372901,원대,학기,일요일·공휴일,16,16,1,16,13.53
34,4372901,원대,시험,평일,10,10,1,10,14.81
34,4372901,원대,시험,평일,13,13,1,13,13.25
34,4372901,원대,시험,평일,18,18,1,18,16.45
34,4372911,소초농협앞,학기,평일,09,09,1,09,13.24
34,4372911,소초농협앞,학기,평일,12,12,1,12,17.16
34,4372911,소초농협앞,학기,평일,15,16,2,16,20.13
34,4372911,소초농협앞,학기,평일,18,18,1,18,15.4
34,4372921,영진아파트,학기,평일,17,17,1,17,17.3
34,4372921,영진아파트,학기,일요일·공휴일,15,15,1,15,13.33
34,4372921,영진아파트,시험,평일,10,10,1,10,13.69
34,4372921,영진아파트,시험,평일,12,12,1,12,15.34
34,4372921,영진아파트,시험,평일,14,14,1,14,13.5
34,4372921,영진아파트,시험,평일,16,16,1,16,17.33
34,4372921,영진아파트,시험,토요일,11,11,1,11,14.69
34,4372921,영진아파트,시험,일요일·공휴일,09,09,1,09,13.93
34,4372921,영진아파트,시험,일요일·공휴일,12,12,1,12,13.32
34,4372921,영진아파트,계절학기,평일,16,16,1,16,13.68
34,4372931,KGC인삼공사원주공장,학기,평일,12,12,1,12,13.37
34,4372931,KGC인삼공사원주공장,학기,평일,17,17,1,17,17.63
34,4372931,KGC인삼공사원주공장,학기,토요일,10,11,2,11,14.41
34,4372931,KGC인삼공사원주공장,시험,평일,14,16,3,16,17.33
34,4372931,KGC인삼공사원주공장,계절학기,토요일,11,11,1,11,13.73
34,4372941,한국도로공사,학기,토요일,10,10,1,10,13.97
34,4372941,한국도로공사,시험,평일,10,10,1,10,14.81
34,4372941,한국도로공사,시험,평일,12,12,1,12,13.43
34,4372941,한국도로공사,시험,평일,15,17,3,16,17.33
34,4372941,한국도로공사,시험,토요일,11,12,2,11,15.35
34,4372941,한국도로공사,시험,일요일·공휴일,09,09,1,09,14.77
34,4372941,한국도로공사,계절학기,평일,12,12,1,12,15.11
34,4372941,한국도로공사,계절학기,평일,16,16,1,16,15.07
34,4372941,한국도로공사,계절학기,토요일,11,11,1,11,14.23
34,4372941,한국도로공사,계절학기,토요일,14,15,2,15,16.45
34,4372961,우성아파트,학기,토요일,10,10,1,10,13.26
34,4372961,우성아파트,시험,평일,10,10,1,10,14.81
34,4372961,우성아파트,시험,평일,12,13,2,12,15.67
34,4372961,우성아파트,시험,평일,15,15,1,15,16.83
34,4372961,우성아파트,시험,평일,18,18,1,18,15.39
34,4372961,우성아파트,시험,토요일,11,11,1,11,15.69
34,4372961,우성아파트,시험,일요일·공휴일,09,09,1,09,14.77
34,4372961,우성아파트,계절학기,평일,12,12,1,12,13.24
34,4372961,우성아파트,계절학기,평일,17,17,1,17,15.1
34,4372961,우성아파트,계절학기,토요일,11,11,1,11,13.73
34,4372971,북원중학교,시험,평일,11,12,2,12,16.17
34,4372971,북원중학교,시험,평일,15,17,3,15,17.33
34,4372971,북원중학교,시험,토요일,11,11,1,11,15.35
34,4372971,북원중학교,시험,일요일·공휴일,09,09,1,09,15.1
34,4372971,북원중학교,계절학기,평일,16,16,1,16,14.56
34,4372971,북원중학교,계절학기,토요일,11,11,1,11,13.39
34,4372971,북원중학교,방학,토요일,11,11,1,11,14.19
34,4372981,태장2동,시험,평일,11,12,2,11,16.41
34,4372981,태장2동,시험,평일,14,16,3,15,14.42
34,4372981,태장2동,시험,토요일,10,12,3,11,16.02
34,4372981,태장2동,시험,토요일,14,14,1,14,13.23
34,4372981,태장2동,시험,일요일·공휴일,09,09,1,09,15.43
34,4372981,태장2동,계절학기,평일,16,16,1,16,18.41
34,4372981,태장2동,계절학기,토요일,11,11,1,11,14.56
34,4372981,태장2동,계절학기,토요일,14,14,1,14,17.98
34,4372981,태장2동,계절학기,토요일,17,17,1,17,13.28
34,4372981,태장2동,방학,토요일,11,11,1,11,13.76
34,4372991,한일주유소,시험,평일,11,12,2,11,14.91
34,4372991,한일주유소,시험,평일,14,15,2,15,15.71
34,4372991,한일주유소,시험,평일,18,18,1,18,16.09
34,4372991,한일주유소,시험,토요일,10,12,3,11,16.35
34,4372991,한일주유소,시험,일요일·공휴일,09,09,1,09,16.27
34,4372991,한일주유소,시험,일요일·공휴일,12,12,1,12,13.65
34,4372991,한일주유소,계절학기,토요일,11,11,1,11,16.06
34,4372991,한일주유소,계절학기,토요일,13,15,3,14,17.65
34,4373001,북원교,학기,평일,09,10,2,10,14.76
34,4373001,북원교,학기,평일,12,12,1,12,13.23
34,4373001,북원교,학기,평일,15,17,3,16,16.42
34,4373001,북원교,학기,토요일,09,09,1,09,14.19
34,4373001,북원교,학기,토요일,11,11,1,11,14.92
34,4373001,북원교,학기,토요일,13,13,1,13,13.52
34,4373001,북원교,학기,일요일·공휴일,14,14,1,14,15.22
34,4373001,북원교,시험,평일,10,11,2,10,15.97
34,4373001,북원교,시험,평일,14,14,1,14,15.14
34,4373001,북원교,시험,평일,18,18,1,18,17.95
34,4373001,북원교,시험,토요일,10,10,1,10,15.49
34,4373001,북원교,시험,일요일·공휴일,09,09,1,09,16.6
34,4373001,북원교,계절학기,평일,10,10,1,10,13.38
34,4373001,북원교,계절학기,평일,15,18,4,17,15.52
34,4373001,북원교,계절학기,토요일,14,14,1,14,17.98
34,4373001,북원교,방학,평일,09,09,1,09,13.43
34,4373001,북원교,방학,평일,12,13,2,12,17.36
34,4373001,북원교,방학,토요일,12,12,1,12,13.61
34,4373001,북원교,방학,일요일·공휴일,13,13,1,13,13.75
34,4373021,현대자동차.상공회의소,학기,토요일,11,11,1,11,13.37
34,4373021,현대자동차.상공회의소,시험,평일,10,10,1,10,14.04
34,4373021,현대자동차.상공회의소,시험,평일,12,12,1,12,15.43
34,4373021,현대자동차.상공회의소,시험,평일,14,18,5,18,16.19
34,4373021,현대자동차.상공회의소,시험,토요일,13,13,1,13,13.2
34,4373021,현대자동차.상공회의소,시험,일요일·공휴일,12,12,1,12,14.15
34,4373021,현대자동차.상공회의소,계절학기,평일,16,16,1,16,17.58
34,4373021,현대자동차.상공회의소,계절학기,토요일,13,14,2,14,18.31
34,4373021,현대자동차.상공회의소,방학,토요일,11,11,1,11,13.26
34,4373031,강원정비기술학원,학기,평일,17,17,1,17,13.27
34,4373031,강원정비기술학원,학기,토요일,10,11,2,11,14.82
34,4373031,강원정비기술학원,시험,평일,10,10,1,10,16.83
34,4373031,강원정비기술학원,시험,평일,12,18,7,15,15.42
34,4373031,강원정비기술학원,시험,토요일,10,12,3,11,17.19
34,4373031,강원정비기술학원,시험,일요일·공휴일,09,09,1,09,16.27
34,4373031,강원정비기술학원,시험,일요일·공휴일,12,12,1,12,13.65
34,4373031,강원정비기술학원,계절학기,평일,14,15,2,14,15.54
34,4373031,강원정비기술학원,계절학기,평일,17,17,1,17,14.55
34,4373031,강원정비기술학원,계절학기,토요일,11,11,1,11,13.73
34,4373031,강원정비기술학원,계절학기,토요일,13,14,2,14,18.31
34,4373031,강원정비기술학원,계절학기,토요일,17,17,1,17,13.28
34,4373031,강원정비기술학원,방학,토요일,11,11,1,11,14.92
34,4373031,강원정비기술학원,방학,토요일,14,14,1,14,13.96
34,4373031,강원정비기술학원,방학,일요일·공휴일,13,13,1,13,14.3
34,4373041,우산철교.폴리텍대학,학기,평일,14,14,1,14,13.73
34,4373041,우산철교.폴리텍대학,학기,평일,17,17,1,17,15.96
34,4373041,우산철교.폴리텍대학,학기,토요일,10,11,2,11,17.14
34,4373041,우산철교.폴리텍대학,학기,토요일,13,13,1,13,13.46
34,4373041,우산철교.폴리텍대학,학기,일요일·공휴일,13,14,2,13,14.02
34,4373041,우산철교.폴리텍대학,시험,평일,10,14,5,13,16.94
34,4373041,우산철교.폴리텍대학,시험,평일,17,18,2,18,16.84
34,4373041,우산철교.폴리텍대학,시험,토요일,10,12,3,11,17.52
34,4373041,우산철교.폴리텍대학,시험,일요일·공휴일,11,11,1,11,13.68
34,4373041,우산철교.폴리텍대학,계절학기,평일,13,17,5,15,14.32
34,4373041,우산철교.폴리텍대학,계절학기,토요일,11,11,1,11,16.39
34,4373041,우산철교.폴리텍대학,계절학기,토요일,14,15,2,14,18.65
34,4373041,우산철교.폴리텍대학,방학,평일,14,14,1,14,14.61
34,4373041,우산철교.폴리텍대학,방학,토요일,11,11,1,11,17.05
34,4373041,우산철교.폴리텍대학,방학,일요일·공휴일,09,09,1,09,13.3
34,4373041,우산철교.폴리텍대학,방학,일요일·공휴일,13,13,1,13,14.09
34,4373051,단계사거리,학기,평일,09,09,1,09,14.35
34,4373051,단계사거리,학기,평일,15,15,1,15,14.63
34,4373051,단계사거리,학기,평일,17,17,1,17,14.91
34,4373051,단계사거리,학기,토요일,09,09,1,09,13.81
34,4373051,단계사거리,학기,토요일,11,11,1,11,17.78
34,4373051,단계사거리,학기,토요일,14,14,1,14,14.11
34,4373051,단계사거리,시험,평일,10,17,8,16,18.83
34,4373051,단계사거리,계절학기,평일,08,08,1,08,13.34
34,4373051,단계사거리,계절학기,평일,12,13,2,13,13.51
34,4373051,단계사거리,계절학기,평일,15,17,3,16,15.31
34,4373051,단계사거리,계절학기,토요일,13,14,2,14,18.31
34,4373051,단계사거리,방학,평일,12,12,1,12,15.66
34,4373051,단계사거리,방학,평일,14,14,1,14,15.23
34,4373051,단계사거리,방학,토요일,11,12,2,11,14.89
34,4373111,장양리차고지,학기,평일,09,09,1,09,13.57
34,4373111,장양리차고지,학기,평일,15,17,3,17,15.11
34,4373111,장양리차고지,시험,평일,10,10,1,10,14.81
34,4373111,장양리차고지,시험,평일,12,12,1,12,14.86
34,4373111,장양리차고지,시험,평일,18,18,1,18,16.45
34,4373111,장양리차고지,계절학기,평일,12,12,1,12,14.78
34,4373111,장양리차고지,계절학기,평일,14,14,1,14,14.32
34,4373111,장양리차고지,계절학기,평일,17,17,1,17,15.1
34,4373111,장양리차고지,방학,평일,16,16,1,16,14.46
34,4373651,장양리차고지,학기,평일,09,10,2,10,14.39
34,4373651,장양리차고지,학기,평일,16,16,1,16,13.19
34,4373651,장양리차고지,학기,토요일,11,11,1,11,13.74
34,4373651,장양리차고지,시험,평일,12,12,1,12,15.01
34,4373651,장양리차고지,계절학기,평일,13,13,1,13,13.34
34,4373651,장양리차고지,방학,평일,16,16,1,16,14.13
34,4373981,도영쇼핑,학기,평일,08,18,11,16,29.23
34,4373981,도영쇼핑,학기,평일,20,21,2,21,14.74
34,4373981,도영쇼핑,학기,토요일,10,17,8,15,16.08
34,4373981,도영쇼핑,학기,일요일·공휴일,13,19,7,18,20.58
34,4373981,도영쇼핑,학기,일요일·공휴일,21,21,1,21,19.61
34,4373981,도영쇼핑,시험,평일,08,18,11,16,28.55
34,4373981,도영쇼핑,시험,토요일,08,08,1,08,14.04
34,4373981,도영쇼핑,시험,토요일,10,13,4,11,18.77
34,4373981,도영쇼핑,시험,토요일,16,16,1,16,13.28
34,4373981,도영쇼핑,시험,일요일·공휴일,09,09,1,09,16.6
34,4373981,도영쇼핑,시험,일요일·공휴일,11,13,3,11,14.68
34,4373981,도영쇼핑,시험,일요일·공휴일,15,15,1,15,13.84
34,4373981,도영쇼핑,시험,일요일·공휴일,17,19,3,19,15.22
34,4373981,도영쇼핑,시험,일요일·공휴일,21,21,1,21,14.12
34,4373981,도영쇼핑,계절학기,평일,08,08,1,08,14.77
34,4373981,도영쇼핑,계절학기,평일,12,13,2,12,19.78
34,4373981,도영쇼핑,계절학기,평일,15,18,4,17,21.62
34,4373981,도영쇼핑,계절학기,토요일,11,11,1,11,13.62
34,4373981,도영쇼핑,계절학기,토요일,13,15,3,14,18.27
34,4373981,도영쇼핑,계절학기,토요일,17,17,1,17,16.39
34,4373981,도영쇼핑,계절학기,일요일·공휴일,15,15,1,15,13.66
34,4373981,도영쇼핑,방학,평일,12,18,7,17,20.13
34,4373981,도영쇼핑,방학,토요일,11,12,2,11,15.94
34,4374311,지하상가사거리,학기,평일,09,18,10,18,35.89
34,4374311,지하상가사거리,학기,토요일,08,17,10,14,21.18
34,4374311,지하상가사거리,학기,일요일·공휴일,12,19,8,16,17.85
34,4374311,지하상가사거리,시험,평일,07,07,1,07,13.79
34,4374311,지하상가사거리,시험,평일,09,19,11,18,31.67
34,4374311,지하상가사거리,시험,토요일,08,11,4,10,17.66
34,4374311,지하상가사거리,시험,토요일,13,14,2,14,15.07
34,4374311,지하상가사거리,시험,토요일,16,16,1,16,17.11
34,4374311,지하상가사거리,시험,일요일·공휴일,12,13,2,12,16.48
34,4374311,지하상가사거리,시험,일요일·공휴일,15,15,1,15,18.09
34,4374311,지하상가사거리,시험,일요일·공휴일,19,19,1,19,14.88
34,4374311,지하상가사거리,계절학기,평일,09,18,10,17,28.51
34,4374311,지하상가사거리,계절학기,토요일,12,15,4,15,26.31
34,4374311,지하상가사거리,계절학기,토요일,17,17,1,17,16.53
34,4374311,지하상가사거리,계절학기,일요일·공휴일,12,13,2,13,14.85
34,4374311,지하상가사거리,계절학기,일요일·공휴일,15,15,1,15,15.85
34,4374311,지하상가사거리,방학,평일,08,18,11,16,25.14
34,4374311,지하상가사거리,방학,토요일,11,17,7,12,19.97
34,4374311,지하상가사거리,방학,일요일·공휴일,12,18,7,16,17.56
34,4374441,도영쇼핑,학기,평일,06,18,13,10,31.59
34,4374441,도영쇼핑,학기,토요일,07,17,11,10,28.71
34,4374441,도영쇼핑,학기,일요일·공휴일,09,12,4,12,15.74
34,4374441,도영쇼핑,학기,일요일·공휴일,14,17,4,16,17.29
34,4374441,도영쇼핑,시험,평일,06,06,1,06,18.8
34,4374441,도영쇼핑,시험,평일,08,18,11,15,24.5
34,4374441,도영쇼핑,시험,토요일,08,08,1,08,14.04
34,4374441,도영쇼핑,시험,토요일,10,10,1,10,19.16
34,4374441,도영쇼핑,시험,토요일,12,14,3,14,16.15
34,4374441,도영쇼핑,시험,토요일,18,18,1,18,13.68
34,4374441,도영쇼핑,시험,일요일·공휴일,09,13,5,09,18.43
34,4374441,도영쇼핑,계절학기,평일,06,18,13,16,25.94
34,4374441,도영쇼핑,계절학기,토요일,10,11,2,11,21.05
34,4374441,도영쇼핑,계절학기,토요일,13,15,3,14,23.13
34,4374441,도영쇼핑,계절학기,토요일,17,17,1,17,14.89
34,4374441,도영쇼핑,계절학기,일요일·공휴일,11,12,2,12,16.21
34,4374441,도영쇼핑,계절학기,일요일·공휴일,15,15,1,15,14.02
34,4374441,도영쇼핑,방학,평일,06,17,12,16,30.73
34,4374441,도영쇼핑,방학,토요일,09,12,4,11,23.94
34,4374441,도영쇼핑,방학,토요일,14,14,1,14,16.36
34,4374441,도영쇼핑,방학,토요일,16,18,3,17,14.53
34,4374441,도영쇼핑,방학,일요일·공휴일,09,14,6,11,17.92
34,4374661,롯데아파트,학기,평일,08,08,1,08,13.82
34,4374661,롯데아파트,학기,평일,16,16,1,16,14.9
34,4374661,롯데아파트,학기,평일,18,18,1,18,14.81
34,4374661,롯데아파트,학기,토요일,11,12,2,11,16.8
34,4374661,롯데아파트,학기,일요일·공휴일,16,16,1,16,17.35
34,4374661,롯데아파트,학기,일요일·공휴일,18,18,1,18,14.6
34,4374661,롯데아파트,시험,평일,10,12,3,12,15.43
34,4374661,롯데아파트,시험,평일,14,16,3,16,18.16
34,4374661,롯데아파트,시험,평일,18,18,1,18,17.46
34,4374661,롯데아파트,시험,토요일,16,16,1,16,13.78
34,4374661,롯데아파트,시험,일요일·공휴일,09,09,1,09,14.27
34,4374661,롯데아파트,시험,일요일·공휴일,11,13,3,12,15.4
34,4374661,롯데아파트,시험,일요일·공휴일,15,15,1,15,13.76
34,4374661,롯데아파트,시험,일요일·공휴일,19,19,1,19,15.47
34,4374661,롯데아파트,계절학기,평일,13,13,1,13,14.76
34,4374661,롯데아파트,계절학기,평일,15,17,3,16,17.65
34,4374661,롯데아파트,계절학기,토요일,14,15,2,14,17.98
34,4374661,롯데아파트,계절학기,토요일,17,17,1,17,13.62
34,4374661,롯데아파트,계절학기,일요일·공휴일,15,15,1,15,15.16
34,4374661,롯데아파트,방학,평일,12,12,1,12,15.43
34,4374661,롯데아파트,방학,평일,15,17,3,16,14.82
34,4374661,롯데아파트,방학,토요일,13,13,1,13,13.34
34,4374661,롯데아파트,방학,토요일,15,15,1,15,14.59
34,4374671,단계현진아파트,학기,평일,16,17,2,16,14.39
34,4374671,단계현진아파트,학기,토요일,11,12,2,11,17.29
34,4374671,단계현진아파트,학기,일요일·공휴일,16,16,1,16,17.9
34,4374671,단계현진아파트,학기,일요일·공휴일,18,18,1,18,14.22
34,4374671,단계현진아파트,시험,평일,13,18,6,15,15.92
34,4374671,단계현진아파트,시험,토요일,11,11,1,11,16.02
34,4374671,단계현진아파트,시험,토요일,15,15,1,15,14.53
34,4374671,단계현진아파트,시험,일요일·공휴일,12,12,1,12,15.4
34,4374671,단계현진아파트,시험,일요일·공휴일,15,15,1,15,13.26
34,4374671,단계현진아파트,시험,일요일·공휴일,17,17,1,17,15.31
34,4374671,단계현진아파트,시험,일요일·공휴일,19,19,1,19,14.22
34,4374671,단계현진아파트,계절학기,평일,12,13,2,13,14.26
34,4374671,단계현진아파트,계절학기,평일,15,17,3,16,17.04
34,4374671,단계현진아파트,계절학기,토요일,11,11,1,11,15.23
34,4374671,단계현진아파트,계절학기,토요일,14,15,2,15,18.1
34,4374671,단계현진아파트,계절학기,일요일·공휴일,15,15,1,15,15.51
34,4374671,단계현진아파트,방학,평일,12,12,1,12,13.89
34,4374671,단계현진아파트,방학,평일,15,16,2,16,15.09
34,4374671,단계현진아파트,방학,평일,18,18,1,18,13.63
34,4374671,단계현진아파트,방학,토요일,15,15,1,15,14.07
34,4374751,롯데아파트,학기,평일,08,10,3,08,17.34
34,4374751,롯데아파트,학기,평일,12,17,6,16,23.98
34,4374751,롯데아파트,학기,토요일,09,14,6,11,21.49
34,4374751,롯데아파트,학기,일요일·공휴일,13,16,4,15,14.89
34,4374751,롯데아파트,시험,평일,08,10,3,10,20.6
34,4374751,롯데아파트,시험,평일,12,18,7,14,19.5
34,4374751,롯데아파트,시험,토요일,10,10,1,10,15.16
34,4374751,롯데아파트,시험,토요일,12,13,2,12,15.71
34,4374751,롯데아파트,시험,일요일·공휴일,09,09,1,09,16.6
34,4374751,롯데아파트,계절학기,평일,08,10,3,09,15.62
34,4374751,롯데아파트,계절학기,평일,12,17,6,13,18.17
34,4374751,롯데아파트,계절학기,토요일,14,14,1,14,19.06
34,4374751,롯데아파트,계절학기,일요일·공휴일,12,12,1,12,13.52
34,4374751,롯데아파트,계절학기,일요일·공휴일,15,15,1,15,14.68
34,4374751,롯데아파트,방학,평일,08,14,7,12,19.17
34,4374751,롯데아파트,방학,평일,16,17,2,17,14.44
34,4374751,롯데아파트,방학,토요일,11,12,2,11,22.04
34,4374751,롯데아파트,방학,토요일,14,14,1,14,16.09
34,4374751,롯데아파트,방학,토요일,16,16,1,16,13.36
34,4374751,롯데아파트,방학,일요일·공휴일,13,14,2,14,16.35
34,4375211,청구아파트,학기,평일,08,21,14,09,23.64
34,4375211,청구아파트,학기,토요일,10,10,1,10,15.14
34,4375211,청구아파트,학기,토요일,13,13,1,13,13.29
34,4375211,청구아파트,학기,토요일,15,15,1,15,14.13
34,4375211,청구아파트,학기,토요일,17,17,1,17,13.68
34,4375211,청구아파트,학기,일요일·공휴일,13,13,1,13,13.21
34,4375211,청구아파트,학기,일요일·공휴일,16,21,6,16,22.01
34,4375211,청구아파트,시험,평일,08,18,11,16,26.0
34,4375211,청구아파트,시험,평일,21,21,1,21,17.72
34,4375211,청구아파트,시험,토요일,08,08,1,08,13.71
34,4375211,청구아파트,시험,토요일,11,13,3,11,17.69
34,4375211,청구아파트,시험,일요일·공휴일,09,09,1,09,15.77
34,4375211,청구아파트,시험,일요일·공휴일,11,11,1,11,14.68
34,4375211,청구아파트,시험,일요일·공휴일,13,13,1,13,13.89
34,4375211,청구아파트,시험,일요일·공휴일,15,15,1,15,13.59
34,4375211,청구아파트,시험,일요일·공휴일,17,17,1,17,13.48
34,4375211,청구아파트,시험,일요일·공휴일,19,19,1,19,15.22
34,4375211,청구아파트,시험,일요일·공휴일,21,21,1,21,14.12
34,4375211,청구아파트,계절학기,평일,08,08,1,08,15.79
34,4375211,청구아파트,계절학기,평일,12,18,7,17,21.23
34,4375211,청구아파트,계절학기,토요일,11,11,1,11,14.98
34,4375211,청구아파트,계절학기,토요일,13,14,2,14,20.15
34,4375211,청구아파트,계절학기,토요일,17,17,1,17,16.39
34,4375211,청구아파트,방학,평일,10,10,1,10,13.68
34,4375211,청구아파트,방학,평일,12,18,7,17,17.25
34,4375211,청구아파트,방학,토요일,11,11,1,11,14.7
34,4375221,동보노빌리티입구,학기,평일,08,18,11,09,25.68
34,4375221,동보노빌리티입구,학기,평일,20,21,2,21,16.13
34,4375221,동보노빌리티입구,학기,토요일,09,10,2,10,16.1
34,4375221,동보노빌리티입구,학기,토요일,12,12,1,12,13.57
34,4375221,동보노빌리티입구,학기,토요일,14,14,1,14,13.9
34,4375221,동보노빌리티입구,학기,토요일,17,17,1,17,14.42
34,4375221,동보노빌리티입구,학기,일요일·공휴일,13,13,1,13,14.79
34,4375221,동보노빌리티입구,학기,일요일·공휴일,15,19,5,19,18.77
34,4375221,동보노빌리티입구,학기,일요일·공휴일,21,21,1,21,18.04
34,4375221,동보노빌리티입구,시험,평일,08,18,11,16,25.22
34,4375221,동보노빌리티입구,시험,평일,21,21,1,21,15.12
34,4375221,동보노빌리티입구,시험,토요일,08,08,1,08,13.38
34,4375221,동보노빌리티입구,시험,토요일,11,11,1,11,18.69
34,4375221,동보노빌리티입구,시험,토요일,13,13,1,13,15.04
34,4375221,동보노빌리티입구,시험,일요일·공휴일,09,09,1,09,16.6
34,4375221,동보노빌리티입구,시험,일요일·공휴일,13,13,1,13,13.47
34,4375221,동보노빌리티입구,시험,일요일·공휴일,15,15,1,15,13.26
34,4375221,동보노빌리티입구,시험,일요일·공휴일,18,19,2,19,14.88
34,4375221,동보노빌리티입구,계절학기,평일,08,09,2,08,15.75
34,4375221,동보노빌리티입구,계절학기,평일,12,14,3,12,18.54
34,4375221,동보노빌리티입구,계절학기,평일,16,18,3,16,21.37
34,4375221,동보노빌리티입구,계절학기,토요일,11,11,1,11,13.91
34,4375221,동보노빌리티입구,계절학기,토요일,13,13,1,13,14.59
34,4375221,동보노빌리티입구,계절학기,토요일,15,15,1,15,16.45
34,4375221,동보노빌리티입구,계절학기,토요일,17,17,1,17,15.53
34,4375221,동보노빌리티입구,방학,평일,10,10,1,10,14.3
34,4375221,동보노빌리티입구,방학,평일,13,18,6,17,17.53
34,4375221,동보노빌리티입구,방학,토요일,12,12,1,12,15.78
34,4375221,동보노빌리티입구,방학,일요일·공휴일,16,16,1,16,13.28
34,4375231,오페라웨딩홀,학기,평일,08,21,14,09,25.8
34,4375231,오페라웨딩홀,학기,토요일,11,12,2,12,14.91
34,4375231,오페라웨딩홀,학기,토요일,17,17,1,17,13.64
34,4375231,오페라웨딩홀,학기,일요일·공휴일,13,16,4,14,17.19
34,4375231,오페라웨딩홀,학기,일요일·공휴일,18,19,2,19,25.64
34,4375231,오페라웨딩홀,학기,일요일·공휴일,21,21,1,21,16.59
34,4375231,오페라웨딩홀,시험,평일,08,13,6,10,17.12
34,4375231,오페라웨딩홀,시험,평일,15,17,3,16,19.66
34,4375231,오페라웨딩홀,시험,토요일,11,13,3,11,18.19
34,4375231,오페라웨딩홀,시험,일요일·공휴일,12,12,1,12,14.48
34,4375231,오페라웨딩홀,시험,일요일·공휴일,18,18,1,18,13.91
34,4375231,오페라웨딩홀,계절학기,평일,08,08,1,08,16.75
34,4375231,오페라웨딩홀,계절학기,평일,12,18,7,16,20.25
34,4375231,오페라웨딩홀,계절학기,토요일,13,13,1,13,13.76
34,4375231,오페라웨딩홀,계절학기,일요일·공휴일,15,15,1,15,14.02
34,4375231,오페라웨딩홀,방학,평일,13,13,1,13,14.47
34,4375231,오페라웨딩홀,방학,평일,15,18,4,17,17.66
34,4375231,오페라웨딩홀,방학,토요일,11,11,1,11,14.55
34,4375231,오페라웨딩홀,방학,토요일,13,13,1,13,14.68
34,4375231,오페라웨딩홀,방학,토요일,16,16,1,16,13.36
34,4375231,오페라웨딩홀,방학,일요일·공휴일,17,17,1,17,14.67
34,4375241,남송,학기,평일,09,18,10,16,24.06
34,4375241,남송,학기,평일,21,21,1,21,14.83
34,4375241,남송,학기,토요일,10,10,1,10,17.63
34,4375241,남송,학기,토요일,12,12,1,12,13.79
34,4375241,남송,학기,토요일,17,17,1,17,14.35
34,4375241,남송,학기,일요일·공휴일,15,19,5,16,18.9
34,4375241,남송,시험,평일,09,11,3,11,16.91
34,4375241,남송,시험,평일,16,16,1,16,21.43
34,4375241,남송,시험,토요일,11,11,1,11,17.52
34,4375241,남송,시험,일요일·공휴일,18,18,1,18,14.24
34,4375241,남송,계절학기,평일,08,08,1,08,15.34
34,4375241,남송,계절학기,평일,12,13,2,12,15.81
34,4375241,남송,계절학기,평일,16,18,3,17,22.7
34,4375241,남송,계절학기,토요일,13,15,3,15,17.62
34,4375241,남송,방학,평일,10,18,9,10,16.93
34,4375241,남송,방학,토요일,13,14,2,14,13.93
34,4375241,남송,방학,일요일·공휴일,14,14,1,14,13.46
34,4375261,아랫거리,학기,평일,08,18,11,09,24.89
34,4375261,아랫거리,학기,토요일,11,11,1,11,14.91
34,4375261,아랫거리,학기,토요일,13,14,2,14,16.0
34,4375261,아랫거리,학기,일요일·공휴일,16,16,1,16,15.31
34,4375261,아랫거리,학기,일요일·공휴일,18,18,1,18,17.37
34,4375261,아랫거리,시험,평일,14,14,1,14,15.0
34,4375261,아랫거리,시험,평일,16,17,2,16,26.33
34,4375261,아랫거리,시험,일요일·공휴일,13,13,1,13,13.89
34,4375261,아랫거리,시험,일요일·공휴일,18,18,1,18,13.91
34,4375261,아랫거리,계절학기,평일,12,12,1,12,19.71
34,4375261,아랫거리,계절학기,평일,16,18,3,16,16.78
34,4375261,아랫거리,계절학기,토요일,11,11,1,11,16.39
34,4375261,아랫거리,계절학기,일요일·공휴일,15,15,1,15,13.52
34,4375261,아랫거리,방학,평일,10,13,4,12,19.22
34,4375261,아랫거리,방학,평일,16,17,2,17,17.62
34,4375261,아랫거리,방학,토요일,13,14,2,13,13.85
34,4375261,아랫거리,방학,일요일·공휴일,17,17,1,17,13.81
34,4375271,거장아파트,학기,평일,08,18,11,09,24.71
34,4375271,거장아파트,학기,평일,21,21,1,21,14.49
34,4375271,거장아파트,학기,토요일,08,08,1,08,16.25
34,4375271,거장아파트,학기,토요일,17,17,1,17,13.45
34,4375271,거장아파트,학기,일요일·공휴일,15,19,5,19,24.04
34,4375271,거장아파트,학기,일요일·공휴일,21,21,1,21,19.5
34,4375271,거장아파트,시험,평일,08,13,6,10,17.54
34,4375271,거장아파트,시험,평일,15,18,4,16,23.87
34,4375271,거장아파트,시험,평일,21,21,1,21,14.46
34,4375271,거장아파트,시험,토요일,10,12,3,11,16.35
34,4375271,거장아파트,시험,토요일,14,14,1,14,15.4
34,4375271,거장아파트,시험,일요일·공휴일,12,12,1,12,13.65
34,4375271,거장아파트,시험,일요일·공휴일,21,21,1,21,13.62
34,4375271,거장아파트,계절학기,평일,08,08,1,08,16.3
34,4375271,거장아파트,계절학기,평일,12,13,2,12,15.1
34,4375271,거장아파트,계절학기,평일,16,17,2,17,19.21
34,4375271,거장아파트,계절학기,토요일,11,11,1,11,13.48
34,4375271,거장아파트,계절학기,토요일,13,15,3,14,18.31
34,4375271,거장아파트,계절학기,토요일,17,17,1,17,13.28
34,4375271,거장아파트,방학,평일,08,08,1,08,13.4
34,4375271,거장아파트,방학,평일,13,13,1,13,14.74
34,4375271,거장아파트,방학,평일,15,17,3,17,16.19
34,4375281,서곡삼거리,학기,평일,09,18,10,09,22.5
34,4375281,서곡삼거리,학기,토요일,11,11,1,11,15.49
34,4375281,서곡삼거리,학기,토요일,15,15,1,15,13.3
34,4375281,서곡삼거리,학기,일요일·공휴일,15,15,1,15,15.67
34,4375281,서곡삼거리,학기,일요일·공휴일,18,18,1,18,18.0
34,4375281,서곡삼거리,시험,평일,09,09,1,09,16.34
34,4375281,서곡삼거리,시험,평일,11,11,1,11,13.21
34,4375281,서곡삼거리,시험,평일,14,14,1,14,13.83
34,4375281,서곡삼거리,시험,평일,21,21,1,21,13.52
34,4375281,서곡삼거리,계절학기,평일,08,08,1,08,13.34
34,4375281,서곡삼거리,계절학기,평일,12,13,2,12,15.95
34,4375281,서곡삼거리,계절학기,평일,16,16,1,16,19.08
34,4375281,서곡삼거리,계절학기,토요일,14,14,1,14,17.98
34,4375281,서곡삼거리,방학,평일,09,09,1,09,15.08
34,4375281,서곡삼거리,방학,평일,12,14,3,12,17.59
34,4375281,서곡삼거리,방학,평일,16,17,2,17,17.16
34,4375281,서곡삼거리,방학,토요일,11,11,1,11,14.22
34,4375291,국립강릉원주대학교,학기,평일,08,10,3,09,21.53
34,4375291,국립강릉원주대학교,학기,평일,12,18,7,17,18.47
34,4375291,국립강릉원주대학교,학기,평일,20,20,1,20,13.92
34,4375291,국립강릉원주대학교,학기,토요일,14,15,2,14,14.43
34,4375291,국립강릉원주대학교,학기,토요일,17,17,1,17,13.97
34,4375291,국립강릉원주대학교,학기,일요일·공휴일,13,13,1,13,14.03
34,4375291,국립강릉원주대학교,학기,일요일·공휴일,16,19,4,19,20.92
34,4375291,국립강릉원주대학교,학기,일요일·공휴일,21,21,1,21,13.24
34,4375291,국립강릉원주대학교,시험,평일,09,13,5,12,17.23
34,4375291,국립강릉원주대학교,시험,평일,15,17,3,16,19.71
34,4375291,국립강릉원주대학교,시험,토요일,11,12,2,11,16.02
34,4375291,국립강릉원주대학교,시험,토요일,14,14,1,14,13.73
34,4375291,국립강릉원주대학교,시험,일요일·공휴일,19,19,1,19,14.55
34,4375291,국립강릉원주대학교,계절학기,평일,08,08,1,08,15.12
34,4375291,국립강릉원주대학교,계절학기,평일,12,12,1,12,16.14
34,4375291,국립강릉원주대학교,계절학기,평일,15,18,4,17,17.09
34,4375291,국립강릉원주대학교,계절학기,토요일,11,11,1,11,15.73
34,4375291,국립강릉원주대학교,계절학기,토요일,17,17,1,17,15.78
34,4375291,국립강릉원주대학교,방학,평일,15,15,1,15,14.86
34,4375291,국립강릉원주대학교,방학,평일,17,17,1,17,13.49
34,4375291,국립강릉원주대학교,방학,토요일,12,12,1,12,14.78
34,4375291,국립강릉원주대학교,방학,일요일·공휴일,16,18,3,18,14.69
34,4375301,육민관중.고등학교,학기,평일,09,10,2,10,19.85
34,4375301,육민관중.고등학교,학기,평일,13,13,1,13,14.96
34,4375301,육민관중.고등학교,학기,평일,15,18,4,17,19.18
34,4375301,육민관중.고등학교,학기,토요일,10,10,1,10,13.85
34,4375301,육민관중.고등학교,학기,토요일,13,13,1,13,13.96
34,4375301,육민관중.고등학교,학기,일요일·공휴일,15,21,7,21,21.84
34,4375301,육민관중.고등학교,시험,평일,08,08,1,08,14.2
34,4375301,육민관중.고등학교,시험,평일,10,12,3,10,17.23
34,4375301,육민관중.고등학교,시험,평일,15,17,3,16,22.14
34,4375301,육민관중.고등학교,시험,토요일,11,12,2,11,15.69
34,4375301,육민관중.고등학교,시험,일요일·공휴일,12,12,1,12,13.32
34,4375301,육민관중.고등학교,시험,일요일·공휴일,19,19,1,19,14.22
34,4375301,육민관중.고등학교,계절학기,평일,08,08,1,08,15.52
34,4375301,육민관중.고등학교,계절학기,평일,12,13,2,12,15.26
34,4375301,육민관중.고등학교,계절학기,평일,16,18,3,17,19.07
34,4375301,육민관중.고등학교,계절학기,토요일,11,11,1,11,15.23
34,4375301,육민관중.고등학교,계절학기,토요일,14,15,2,14,17.65
34,4375301,육민관중.고등학교,계절학기,토요일,17,17,1,17,13.62
34,4375301,육민관중.고등학교,방학,평일,15,15,1,15,13.29
34,4375301,육민관중.고등학교,방학,평일,17,18,2,17,17.45
34,4375351,흥업사거리,학기,평일,06,18,13,16,31.66
34,4375351,흥업사거리,학기,평일,21,21,1,21,16.12
34,4375351,흥업사거리,학기,토요일,08,11,4,11,18.85
34,4375351,흥업사거리,학기,토요일,13,14,2,13,15.39
34,4375351,흥업사거리,학기,일요일·공휴일,14,16,3,15,15.22
34,4375351,흥업사거리,시험,평일,06,18,13,18,23.67
34,4375351,흥업사거리,시험,토요일,10,13,4,10,17.66
34,4375351,흥업사거리,시험,토요일,16,16,1,16,13.78
34,4375351,흥업사거리,시험,일요일·공휴일,09,09,1,09,15.77
34,4375351,흥업사거리,시험,일요일·공휴일,11,13,3,12,16.9
34,4375351,흥업사거리,시험,일요일·공휴일,15,15,1,15,14.42
34,4375351,흥업사거리,계절학기,평일,06,06,1,06,13.35
34,4375351,흥업사거리,계절학기,평일,08,17,10,16,21.5
34,4375351,흥업사거리,계절학기,토요일,11,11,1,11,17.48
34,4375351,흥업사거리,계절학기,토요일,14,15,2,15,19.81
34,4375351,흥업사거리,계절학기,토요일,17,17,1,17,14.53
34,4375351,흥업사거리,계절학기,일요일·공휴일,12,12,1,12,15.77
34,4375351,흥업사거리,방학,평일,07,13,7,10,18.83
34,4375351,흥업사거리,방학,평일,15,16,2,16,18.39
34,4375351,흥업사거리,방학,토요일,11,11,1,11,17.93
34,4375351,흥업사거리,방학,일요일·공휴일,12,12,1,12,13.42
34,4375601,흥업사거리,학기,평일,10,10,1,10,14.76
34,4375601,흥업사거리,학기,평일,17,18,2,18,17.03
34,4375601,흥업사거리,학기,일요일·공휴일,16,16,1,16,14.43
34,4375601,흥업사거리,학기,일요일·공휴일,19,21,3,19,17.7
34,4375601,흥업사거리,시험,평일,10,10,1,10,16.1
34,4375601,흥업사거리,시험,평일,16,16,1,16,18.44
34,4375601,흥업사거리,시험,토요일,11,14,4,11,15.44
34,4375601,흥업사거리,시험,일요일·공휴일,09,09,1,09,14.68
34,4375601,흥업사거리,시험,일요일·공휴일,11,11,1,11,13.76
34,4375601,흥업사거리,시험,일요일·공휴일,17,17,1,17,13.98
34,4375601,흥업사거리,시험,일요일·공휴일,19,19,1,19,14.22
34,4375601,흥업사거리,시험,일요일·공휴일,21,21,1,21,13.29
34,4375601,흥업사거리,계절학기,평일,08,08,1,08,13.41
34,4375601,흥업사거리,계절학기,평일,17,17,1,17,15.65
34,4375601,흥업사거리,계절학기,토요일,14,15,2,15,16.78
34,4375601,흥업사거리,계절학기,토요일,17,17,1,17,13.53
34,4375621,국립강릉원주대학교,학기,평일,06,18,13,16,46.04
34,4375621,국립강릉원주대학교,학기,평일,20,21,2,21,19.73
34,4375621,국립강릉원주대학교,학기,토요일,08,15,8,10,18.6
34,4375621,국립강릉원주대학교,학기,일요일·공휴일,13,13,1,13,14.1
34,4375621,국립강릉원주대학교,학기,일요일·공휴일,15,16,2,15,15.33
34,4375621,국립강릉원주대학교,학기,일요일·공휴일,21,21,1,21,13.26
34,4375621,국립강릉원주대학교,시험,평일,08,18,11,18,26.46
34,4375621,국립강릉원주대학교,시험,토요일,12,12,1,12,16.88
34,4375621,국립강릉원주대학교,시험,일요일·공휴일,13,13,1,13,14.89
34,4375621,국립강릉원주대학교,계절학기,평일,08,18,11,16,27.29
34,4375621,국립강릉원주대학교,계절학기,토요일,11,11,1,11,16.73
34,4375621,국립강릉원주대학교,계절학기,토요일,13,13,1,13,15.01
34,4375621,국립강릉원주대학교,계절학기,토요일,15,15,1,15,20.62
34,4375621,국립강릉원주대학교,방학,평일,07,16,10,16,20.36
34,4375621,국립강릉원주대학교,방학,평일,18,18,1,18,16.23
34,4375621,국립강릉원주대학교,방학,토요일,11,12,2,11,18.72
34,4375621,국립강릉원주대학교,방학,토요일,14,14,1,14,13.45
34,4375621,국립강릉원주대학교,방학,일요일·공휴일,12,12,1,12,17.9
34,4375621,국립강릉원주대학교,방학,일요일·공휴일,14,14,1,14,14.54
34,4375631,국립강릉원주대학교,학기,평일,06,18,13,16,46.68
34,4375631,국립강릉원주대학교,학기,평일,20,21,2,20,14.85
34,4375631,국립강릉원주대학교,학기,토요일,08,14,7,11,19.93
34,4375631,국립강릉원주대학교,학기,토요일,16,17,2,16,14.19
34,4375631,국립강릉원주대학교,학기,일요일·공휴일,12,13,2,13,15.07
34,4375631,국립강릉원주대학교,학기,일요일·공휴일,15,16,2,16,17.22
34,4375631,국립강릉원주대학교,학기,일요일·공휴일,21,21,1,21,13.59
34,4375631,국립강릉원주대학교,시험,평일,06,06,1,06,14.53
34,4375631,국립강릉원주대학교,시험,평일,08,08,1,08,16.62
34,4375631,국립강릉원주대학교,시험,평일,10,18,9,18,27.71
34,4375631,국립강릉원주대학교,시험,토요일,10,10,1,10,18.16
34,4375631,국립강릉원주대학교,시험,토요일,12,14,3,13,14.04
34,4375631,국립강릉원주대학교,계절학기,평일,06,06,1,06,13.98
34,4375631,국립강릉원주대학교,계절학기,평일,08,18,11,16,26.68
34,4375631,국립강릉원주대학교,계절학기,토요일,15,15,1,15,19.78
34,4375631,국립강릉원주대학교,방학,평일,06,06,1,06,14.42
34,4375631,국립강릉원주대학교,방학,평일,08,18,11,10,19.37
34,4375631,국립강릉원주대학교,방학,일요일·공휴일,12,12,1,12,13.87
34,4375651,거장아파트,학기,평일,06,18,13,16,47.22
34,4375651,거장아파트,학기,평일,20,21,2,21,16.54
34,4375651,거장아파트,학기,토요일,08,16,9,11,20.86
34,4375651,거장아파트,학기,일요일·공휴일,12,16,5,16,17.6
34,4375651,거장아파트,시험,평일,06,18,13,18,27.46
34,4375651,거장아파트,시험,토요일,10,13,4,10,18.16
34,4375651,거장아파트,시험,일요일·공휴일,09,09,1,09,16.27
34,4375651,거장아파트,시험,일요일·공휴일,11,13,3,12,16.32
34,4375651,거장아파트,계절학기,평일,06,06,1,06,15.79
34,4375651,거장아파트,계절학기,평일,08,18,11,16,26.87
34,4375651,거장아파트,계절학기,토요일,11,11,1,11,19.05
34,4375651,거장아파트,계절학기,토요일,13,15,3,14,29.13
34,4375651,거장아파트,계절학기,일요일·공휴일,12,12,1,12,15.09
34,4375651,거장아파트,방학,평일,07,18,12,10,22.71
34,4375651,거장아파트,방학,토요일,10,11,2,11,18.42
34,4375651,거장아파트,방학,토요일,14,14,1,14,15.29
34,4375651,거장아파트,방학,일요일·공휴일,10,10,1,10,14.88
34,4375651,거장아파트,방학,일요일·공휴일,12,12,1,12,15.7
34,4375651,거장아파트,방학,일요일·공휴일,14,14,1,14,14.27
34,4375661,아랫거리,학기,평일,07,18,12,16,41.14
34,4375661,아랫거리,학기,평일,20,21,2,21,15.01
34,4375661,아랫거리,학기,토요일,08,09,2,09,17.41
34,4375661,아랫거리,학기,토요일,11,15,5,11,23.21
34,4375661,아랫거리,학기,토요일,17,17,1,17,14.3
34,4375661,아랫거리,학기,일요일·공휴일,12,12,1,12,13.3
34,4375661,아랫거리,학기,일요일·공휴일,15,16,2,15,19.0
34,4375661,아랫거리,시험,평일,11,12,2,12,24.89
34,4375661,아랫거리,시험,평일,14,14,1,14,18.28
34,4375661,아랫거리,시험,평일,17,18,2,18,29.39
34,4375661,아랫거리,시험,일요일·공휴일,11,11,1,11,15.51
34,4375661,아랫거리,계절학기,평일,08,12,5,12,20.24
34,4375661,아랫거리,계절학기,평일,15,16,2,16,21.61
34,4375661,아랫거리,계절학기,토요일,14,14,1,14,31.65
34,4375661,아랫거리,방학,평일,07,08,2,08,19.1
34,4375661,아랫거리,방학,평일,10,18,9,12,21.55
34,4375661,아랫거리,방학,토요일,12,12,1,12,14.52
34,4375661,아랫거리,방학,일요일·공휴일,13,13,1,13,13.37
34,4375681,남송,학기,평일,06,18,13,16,47.31
34,4375681,남송,학기,평일,21,21,1,21,16.81
34,4375681,남송,학기,토요일,10,15,6,13,21.18
34,4375681,남송,학기,토요일,17,17,1,17,14.64
34,4375681,남송,학기,일요일·공휴일,12,12,1,12,14.72
34,4375681,남송,학기,일요일·공휴일,15,16,2,15,17.0
34,4375681,남송,시험,평일,06,08,3,08,16.27
34,4375681,남송,시험,평일,10,13,4,13,22.93
34,4375681,남송,시험,평일,15,16,2,16,22.5
34,4375681,남송,시험,평일,18,18,1,18,30.95
34,4375681,남송,시험,일요일·공휴일,13,13,1,13,14.22
34,4375681,남송,계절학기,평일,08,17,10,16,25.31
34,4375681,남송,계절학기,토요일,11,11,1,11,17.56
34,4375681,남송,계절학기,토요일,14,14,1,14,29.81
34,4375681,남송,계절학기,일요일·공휴일,15,15,1,15,14.35
34,4375681,남송,방학,평일,08,18,11,16,20.58
34,4375681,남송,방학,토요일,12,12,1,12,15.58
34,4375681,남송,방학,토요일,17,17,1,17,13.47
34,4375681,남송,방학,일요일·공휴일,12,12,1,12,20.4
34,4375681,남송,방학,일요일·공휴일,14,14,1,14,15.66
34,4375691,오페라웨딩홀,학기,평일,06,18,13,16,45.75
34,4375691,오페라웨딩홀,학기,평일,21,21,1,21,17.59
34,4375691,오페라웨딩홀,학기,토요일,08,17,10,11,18.68
34,4375691,오페라웨딩홀,학기,일요일·공휴일,12,16,5,15,17.0
34,4375691,오페라웨딩홀,학기,일요일·공휴일,18,18,1,18,13.73
34,4375691,오페라웨딩홀,시험,평일,06,18,13,18,28.1
34,4375691,오페라웨딩홀,시험,토요일,12,12,1,12,14.8
34,4375691,오페라웨딩홀,시험,토요일,14,14,1,14,15.07
34,4375691,오페라웨딩홀,시험,토요일,18,18,1,18,14.51
34,4375691,오페라웨딩홀,시험,일요일·공휴일,09,09,1,09,15.77
34,4375691,오페라웨딩홀,계절학기,평일,06,06,1,06,13.53
34,4375691,오페라웨딩홀,계절학기,평일,08,18,11,16,21.93
34,4375691,오페라웨딩홀,계절학기,토요일,11,11,1,11,19.48
34,4375691,오페라웨딩홀,계절학기,토요일,14,15,2,14,29.48
34,4375691,오페라웨딩홀,계절학기,토요일,17,17,1,17,15.78
34,4375691,오페라웨딩홀,계절학기,일요일·공휴일,12,12,1,12,15.52
34,4375691,오페라웨딩홀,계절학기,일요일·공휴일,15,15,1,15,13.52
34,4375691,오페라웨딩홀,방학,평일,07,16,10,10,23.19
34,4375691,오페라웨딩홀,방학,평일,18,18,1,18,17.37
34,4375691,오페라웨딩홀,방학,토요일,10,14,5,11,18.33
34,4375691,오페라웨딩홀,방학,토요일,17,18,2,17,13.65
34,4375691,오페라웨딩홀,방학,일요일·공휴일,11,12,2,12,17.35
34,4375691,오페라웨딩홀,방학,일요일·공휴일,14,14,1,14,14.58
34,4375691,오페라웨딩홀,방학,일요일·공휴일,18,18,1,18,13.88
34,4375701,청구아파트,학기,평일,06,18,13,16,44.37
34,4375701,청구아파트,학기,평일,21,21,1,21,14.64
34,4375701,청구아파트,학기,토요일,08,17,10,10,22.32
34,4375701,청구아파트,학기,일요일·공휴일,11,12,2,12,14.36
34,4375701,청구아파트,학기,일요일·공휴일,14,16,3,15,17.93
34,4375701,청구아파트,시험,평일,07,18,12,15,27.9
34,4375701,청구아파트,시험,토요일,08,12,5,10,18.16
34,4375701,청구아파트,시험,토요일,14,14,1,14,15.65
34,4375701,청구아파트,시험,토요일,16,16,1,16,13.94
34,4375701,청구아파트,시험,토요일,18,18,1,18,14.01
34,4375701,청구아파트,시험,일요일·공휴일,09,09,1,09,16.43
34,4375701,청구아파트,시험,일요일·공휴일,11,13,3,12,17.23
34,4375701,청구아파트,시험,일요일·공휴일,15,15,1,15,14.42
34,4375701,청구아파트,계절학기,평일,06,06,1,06,15.35
34,4375701,청구아파트,계절학기,평일,08,18,11,16,28.69
34,4375701,청구아파트,계절학기,토요일,10,11,2,11,21.05
34,4375701,청구아파트,계절학기,토요일,13,15,3,14,26.55
34,4375701,청구아파트,계절학기,토요일,17,17,1,17,15.1
34,4375701,청구아파트,계절학기,일요일·공휴일,12,12,1,12,15.44
34,4375701,청구아파트,방학,평일,06,18,13,16,24.2
34,4375701,청구아파트,방학,토요일,09,14,6,11,19.59
34,4375701,청구아파트,방학,토요일,17,17,1,17,14.73
34,4375701,청구아파트,방학,일요일·공휴일,10,12,3,12,16.17
34,4375701,청구아파트,방학,일요일·공휴일,14,14,1,14,16.38
34,4376451,꿈드림새마을금고,학기,평일,13,17,5,14,15.45
34,4376451,꿈드림새마을금고,학기,토요일,09,12,4,11,16.12
34,4376451,꿈드림새마을금고,학기,토요일,14,14,1,14,15.54
34,4376451,꿈드림새마을금고,학기,토요일,16,16,1,16,14.06
34,4376451,꿈드림새마을금고,학기,일요일·공휴일,18,18,1,18,14.39
34,4376451,꿈드림새마을금고,시험,평일,10,10,1,10,17.12
34,4376451,꿈드림새마을금고,시험,평일,12,18,7,18,16.84
34,4376451,꿈드림새마을금고,시험,토요일,10,10,1,10,17.33
34,4376451,꿈드림새마을금고,시험,토요일,13,13,1,13,13.54
34,4376451,꿈드림새마을금고,시험,일요일·공휴일,09,09,1,09,16.6
34,4376451,꿈드림새마을금고,시험,일요일·공휴일,11,12,2,12,14.15
34,4376451,꿈드림새마을금고,시험,일요일·공휴일,14,14,1,14,13.35
34,4376451,꿈드림새마을금고,계절학기,평일,12,12,1,12,13.23
34,4376451,꿈드림새마을금고,계절학기,평일,14,14,1,14,15.39
34,4376451,꿈드림새마을금고,계절학기,평일,16,17,2,17,15.56
34,4376451,꿈드림새마을금고,계절학기,토요일,12,14,3,14,16.7
34,4376451,꿈드림새마을금고,계절학기,토요일,17,17,1,17,13.95
34,4376451,꿈드림새마을금고,방학,평일,13,13,1,13,13.49
34,4376451,꿈드림새마을금고,방학,토요일,11,12,2,11,16.33
34,4376451,꿈드림새마을금고,방학,토요일,14,14,1,14,14.51
34,4376451,꿈드림새마을금고,방학,일요일·공휴일,13,13,1,13,14.36
34,4376461,단계은행아파트,학기,평일,08,08,1,08,13.62
34,4376461,단계은행아파트,학기,평일,12,17,6,15,19.08
34,4376461,단계은행아파트,학기,토요일,09,12,4,11,19.03
34,4376461,단계은행아파트,학기,토요일,14,14,1,14,15.0
34,4376461,단계은행아파트,학기,일요일·공휴일,13,14,2,14,14.85
34,4376461,단계은행아파트,시험,평일,08,18,11,09,19.99
34,4376461,단계은행아파트,시험,토요일,10,10,1,10,14.83
34,4376461,단계은행아파트,시험,토요일,12,13,2,12,15.71
34,4376461,단계은행아파트,시험,일요일·공휴일,09,09,1,09,16.93
34,4376461,단계은행아파트,시험,일요일·공휴일,11,12,2,12,14.82
34,4376461,단계은행아파트,계절학기,평일,10,10,1,10,13.32
34,4376461,단계은행아파트,계절학기,평일,12,17,6,16,17.5
34,4376461,단계은행아파트,계절학기,토요일,11,11,1,11,15.34
34,4376461,단계은행아파트,계절학기,토요일,13,13,1,13,16.79
34,4376461,단계은행아파트,방학,평일,10,13,4,12,15.78
34,4376461,단계은행아파트,방학,토요일,11,12,2,11,18.83
34,4376461,단계은행아파트,방학,일요일·공휴일,09,09,1,09,13.85
34,4376461,단계은행아파트,방학,일요일·공휴일,13,13,1,13,13.41
34,4376491,보촌,학기,평일,08,08,1,08,15.07
34,4376491,보촌,학기,평일,10,10,1,10,15.54
34,4376491,보촌,학기,평일,16,18,3,18,14.03
34,4376491,보촌,학기,일요일·공휴일,16,19,4,19,15.79
34,4376491,보촌,학기,일요일·공휴일,21,21,1,21,19.07
34,4376491,보촌,시험,평일,08,08,1,08,14.02
34,4376491,보촌,시험,평일,10,10,1,10,15.76
34,4376491,보촌,시험,평일,14,16,3,16,17.78
34,4376491,보촌,시험,토요일,11,13,3,11,15.35
34,4376491,보촌,시험,일요일·공휴일,12,12,1,12,14.23
34,4376491,보촌,시험,일요일·공휴일,19,19,1,19,13.88
34,4376491,보촌,계절학기,평일,08,08,1,08,14.27
34,4376491,보촌,계절학기,평일,16,17,2,16,16.37
34,4376491,보촌,계절학기,토요일,11,11,1,11,13.2
34,4376491,보촌,계절학기,토요일,14,14,1,14,14.41
34,4376501,두산위브정문,학기,평일,08,09,2,08,15.66
34,4376501,두산위브정문,학기,평일,16,16,1,16,13.85
34,4376501,두산위브정문,학기,평일,18,18,1,18,17.41
34,4376501,두산위브정문,학기,일요일·공휴일,18,19,2,19,18.24
34,4376501,두산위브정문,시험,평일,08,13,6,10,17.23
34,4376501,두산위브정문,시험,평일,15,16,2,16,19.57
34,4376501,두산위브정문,시험,토요일,11,11,1,11,15.35
34,4376501,두산위브정문,시험,일요일·공휴일,12,12,1,12,14.48
34,4376501,두산위브정문,시험,일요일·공휴일,19,19,1,19,13.38
34,4376501,두산위브정문,계절학기,평일,13,13,1,13,14.3
34,4376501,두산위브정문,계절학기,평일,17,17,1,17,13.88
34,4376501,두산위브정문,계절학기,토요일,14,15,2,14,18.31
34,4376501,두산위브정문,방학,평일,08,08,1,08,13.57
34,4376501,두산위브정문,방학,토요일,11,11,1,11,15.39
34,4376521,벌밤골,학기,평일,08,08,1,08,14.54
34,4376521,벌밤골,학기,평일,10,10,1,10,15.59
34,4376521,벌밤골,학기,평일,15,16,2,16,15.8
34,4376521,벌밤골,학기,토요일,10,10,1,10,14.1
34,4376521,벌밤골,학기,일요일·공휴일,15,16,2,16,16.77
34,4376521,벌밤골,학기,일요일·공휴일,18,18,1,18,13.21
34,4376521,벌밤골,시험,평일,10,15,6,15,16.83
34,4376521,벌밤골,시험,평일,17,17,1,17,13.57
34,4376521,벌밤골,계절학기,평일,08,08,1,08,15.22
34,4376521,벌밤골,계절학기,평일,13,13,1,13,14.01
34,4376521,벌밤골,계절학기,평일,17,17,1,17,17.77
34,4376521,벌밤골,계절학기,토요일,14,14,1,14,17.65
34,4376521,벌밤골,방학,평일,08,08,1,08,14.67
34,4376521,벌밤골,방학,토요일,12,12,1,12,13.28
34,4376531,무수막마을,학기,평일,09,09,1,09,13.4
34,4376531,무수막마을,학기,평일,12,12,1,12,14.86
34,4376531,무수막마을,학기,평일,16,16,1,16,16.7
34,4376531,무수막마을,학기,평일,18,18,1,18,15.03
34,4376531,무수막마을,학기,토요일,11,11,1,11,14.07
34,4376531,무수막마을,학기,일요일·공휴일,16,16,1,16,14.19
34,4376531,무수막마을,학기,일요일·공휴일,19,19,1,19,16.92
34,4376531,무수막마을,시험,평일,11,13,3,12,16.34
34,4376531,무수막마을,시험,평일,16,16,1,16,18.16
34,4376531,무수막마을,시험,토요일,10,11,2,11,14.52
34,4376531,무수막마을,계절학기,평일,12,12,1,12,15.61
34,4376531,무수막마을,계절학기,평일,15,17,3,17,17.44
34,4376541,세동마을,학기,평일,08,10,3,10,16.87
34,4376541,세동마을,학기,일요일·공휴일,21,21,1,21,15.63
34,4376541,세동마을,시험,평일,10,10,1,10,17.14
34,4376541,세동마을,시험,평일,12,12,1,12,14.25
34,4376541,세동마을,시험,평일,15,16,2,16,17.37
34,4376541,세동마을,시험,평일,18,18,1,18,13.96
34,4376541,세동마을,시험,토요일,10,10,1,10,13.66
34,4376541,세동마을,시험,일요일·공휴일,12,12,1,12,13.32
34,4376541,세동마을,계절학기,토요일,14,15,2,15,16.78
34,4376561,연세대스포츠센터,시험,평일,08,08,1,08,13.52
34,4376561,연세대스포츠센터,시험,평일,10,10,1,10,14.23
34,4376561,연세대스포츠센터,시험,평일,15,16,2,16,15.87
34,4376561,연세대스포츠센터,시험,평일,18,18,1,18,14.39
34,4376561,연세대스포츠센터,시험,토요일,11,11,1,11,14.35
34,4376561,연세대스포츠센터,시험,일요일·공휴일,09,09,1,09,13.6
34,4376561,연세대스포츠센터,계절학기,토요일,14,15,2,14,16.48
34,4376581,연세대복지타운,학기,평일,11,12,2,12,17.28
34,4376581,연세대복지타운,학기,평일,15,17,3,16,28.2
34,4376581,연세대복지타운,시험,평일,10,10,1,10,14.93
34,4376581,연세대복지타운,시험,평일,12,12,1,12,16.55
34,4376581,연세대복지타운,시험,평일,14,18,5,18,22.34
34,4376581,연세대복지타운,시험,일요일·공휴일,12,12,1,12,14.15
34,4376581,연세대복지타운,계절학기,평일,12,12,1,12,14.82
34,4376581,연세대복지타운,계절학기,평일,16,17,2,16,17.24
34,4376581,연세대복지타운,계절학기,토요일,11,11,1,11,14.23
34,4376581,연세대복지타운,계절학기,토요일,15,15,1,15,16.53
34,4376581,연세대복지타운,계절학기,일요일·공휴일,12,12,1,12,16.59
34,4376581,연세대복지타운,방학,평일,09,09,1,09,13.43
34,4376581,연세대복지타운,방학,토요일,11,11,1,11,13.48
34,4376591,연세대학교,학기,평일,10,12,3,12,18.68
34,4376591,연세대학교,학기,평일,14,18,5,16,32.31
34,4376591,연세대학교,학기,토요일,10,12,3,11,16.21
34,4376591,연세대학교,시험,평일,10,12,3,12,21.01
34,4376591,연세대학교,시험,평일,14,18,5,17,20.84
34,4376591,연세대학교,시험,토요일,11,11,1,11,14.52
34,4376591,연세대학교,시험,일요일·공휴일,09,09,1,09,13.93
34,4376591,연세대학교,시험,일요일·공휴일,12,12,1,12,16.32
34,4376591,연세대학교,계절학기,평일,12,12,1,12,14.95
34,4376591,연세대학교,계절학기,평일,16,17,2,16,20.04
34,4376591,연세대학교,계절학기,토요일,14,15,2,15,18.78
34,4376591,연세대학교,방학,토요일,11,11,1,11,14.89
34,4376601,세동,학기,평일,11,12,2,12,18.19
34,4376601,세동,학기,평일,14,18,5,16,28.72
34,4376601,세동,시험,평일,11,18,8,18,26.53
34,4376601,세동,시험,토요일,11,12,2,11,15.69
34,4376601,세동,시험,일요일·공휴일,09,09,1,09,15.1
34,4376601,세동,시험,일요일·공휴일,11,12,2,12,18.48
34,4376601,세동,시험,일요일·공휴일,15,15,1,15,13.26
34,4376601,세동,계절학기,평일,16,17,2,16,17.75
34,4376601,세동,계절학기,토요일,11,11,1,11,13.77
34,4376601,세동,계절학기,토요일,15,15,1,15,18.28
34,4376601,세동,계절학기,토요일,17,17,1,17,13.32
34,4376601,세동,계절학기,일요일·공휴일,12,12,1,12,14.27
34,4376611,무수막마을,학기,평일,10,12,3,12,19.45
34,4376611,무수막마을,학기,평일,14,18,5,16,30.28
34,4376611,무수막마을,학기,평일,20,20,1,20,14.14
34,4376611,무수막마을,학기,토요일,09,10,2,10,13.83
34,4376611,무수막마을,시험,평일,11,11,1,11,16.92
34,4376611,무수막마을,시험,평일,13,14,2,14,16.0
34,4376611,무수막마을,시험,토요일,11,11,1,11,16.02
34,4376611,무수막마을,계절학기,평일,10,10,1,10,13.79
34,4376611,무수막마을,계절학기,평일,15,16,2,16,20.58
34,4376611,무수막마을,계절학기,토요일,13,13,1,13,13.42
34,4376611,무수막마을,계절학기,토요일,17,17,1,17,13.62
34,4376611,무수막마을,방학,평일,09,09,1,09,13.43
34,4376611,무수막마을,방학,평일,15,16,2,15,14.91
34,4376611,무수막마을,방학,평일,18,18,1,18,13.23
34,4376621,벌밤골,학기,평일,10,18,9,16,30.75
34,4376621,벌밤골,학기,토요일,10,11,2,11,15.91
34,4376621,벌밤골,학기,토요일,13,15,3,13,15.2
34,4376621,벌밤골,학기,일요일·공휴일,15,16,2,16,15.13
34,4376621,벌밤골,시험,평일,11,17,7,17,18.4
34,4376621,벌밤골,시험,토요일,13,13,1,13,13.2
34,4376621,벌밤골,시험,일요일·공휴일,11,11,1,11,14.01
34,4376621,벌밤골,시험,일요일·공휴일,17,17,1,17,13.48
34,4376621,벌밤골,계절학기,평일,12,17,6,16,19.32
34,4376621,벌밤골,계절학기,토요일,13,13,1,13,14.09
34,4376621,벌밤골,방학,평일,13,13,1,13,15.02
34,4376621,벌밤골,방학,평일,15,16,2,15,14.35
34,4376631,두산위브아파트,학기,평일,10,18,9,17,30.23
34,4376631,두산위브아파트,학기,토요일,11,14,4,11,14.38
34,4376631,두산위브아파트,학기,일요일·공휴일,15,16,2,15,14.88
34,4376631,두산위브아파트,시험,평일,10,17,8,14,21.25
34,4376631,두산위브아파트,시험,토요일,10,10,1,10,15.16
34,4376631,두산위브아파트,시험,일요일·공휴일,12,12,1,12,14.82
34,4376631,두산위브아파트,계절학기,평일,10,10,1,10,14.33
34,4376631,두산위브아파트,계절학기,평일,12,17,6,16,18.16
34,4376631,두산위브아파트,계절학기,토요일,11,11,1,11,16.39
34,4376631,두산위브아파트,계절학기,토요일,13,15,3,15,18.96
34,4376631,두산위브아파트,계절학기,토요일,17,17,1,17,15.12
34,4376631,두산위브아파트,계절학기,일요일·공휴일,12,12,1,12,17.19
34,4376631,두산위브아파트,방학,평일,16,16,1,16,14.97
34,4376641,흥업지구대,학기,평일,07,08,2,07,16.51
34,4376641,흥업지구대,학기,평일,10,18,9,16,29.97
34,4376641,흥업지구대,학기,평일,21,21,1,21,13.88
34,4376641,흥업지구대,학기,토요일,08,08,1,08,13.43
34,4376641,흥업지구대,학기,토요일,10,11,2,11,17.1
34,4376641,흥업지구대,학기,토요일,13,13,1,13,14.01
34,4376641,흥업지구대,학기,토요일,15,15,1,15,13.62
34,4376641,흥업지구대,학기,일요일·공휴일,15,16,2,15,15.08
34,4376641,흥업지구대,시험,평일,06,06,1,06,13.42
34,4376641,흥업지구대,시험,평일,10,18,9,15,21.25
34,4376641,흥업지구대,시험,토요일,10,10,1,10,16.33
34,4376641,흥업지구대,시험,토요일,12,12,1,12,15.38
34,4376641,흥업지구대,시험,일요일·공휴일,09,09,1,09,15.43
34,4376641,흥업지구대,시험,일요일·공휴일,11,12,2,12,16.82
34,4376641,흥업지구대,시험,일요일·공휴일,15,15,1,15,13.92
34,4376641,흥업지구대,계절학기,평일,09,10,2,10,15.1
34,4376641,흥업지구대,계절학기,평일,12,17,6,16,20.22
34,4376641,흥업지구대,계절학기,토요일,11,11,1,11,16.2
34,4376641,흥업지구대,계절학기,토요일,14,15,2,15,19.78
34,4376641,흥업지구대,계절학기,일요일·공휴일,12,12,1,12,14.19
34,4376641,흥업지구대,방학,평일,08,08,1,08,13.24
34,4376641,흥업지구대,방학,평일,16,16,1,16,16.78
34,4376641,흥업지구대,방학,토요일,11,11,1,11,14.53
34,4376691,단계은행아파트,학기,평일,16,16,1,16,13.39
34,4376691,단계은행아파트,학기,토요일,11,11,1,11,15.29
34,4376691,단계은행아파트,학기,일요일·공휴일,15,16,2,16,16.22
34,4376691,단계은행아파트,학기,일요일·공휴일,18,18,1,18,17.44
34,4376691,단계은행아파트,학기,일요일·공휴일,21,21,1,21,14.09
34,4376691,단계은행아파트,시험,평일,08,08,1,08,13.23
34,4376691,단계은행아파트,시험,평일,11,11,1,11,15.41
34,4376691,단계은행아파트,시험,평일,15,18,4,18,15.96
34,4376691,단계은행아파트,시험,토요일,10,10,1,10,13.99
34,4376691,단계은행아파트,시험,토요일,16,16,1,16,14.28
34,4376691,단계은행아파트,시험,토요일,20,20,1,20,15.1
34,4376691,단계은행아파트,시험,일요일·공휴일,09,09,1,09,14.77
34,4376691,단계은행아파트,시험,일요일·공휴일,12,12,1,12,14.82
34,4376691,단계은행아파트,시험,일요일·공휴일,17,17,1,17,15.81
34,4376691,단계은행아파트,시험,일요일·공휴일,19,20,2,19,13.88
34,4376691,단계은행아파트,계절학기,평일,16,16,1,16,14.9
34,4376691,단계은행아파트,계절학기,토요일,14,15,2,15,17.67
34,4376691,단계은행아파트,계절학기,토요일,17,17,1,17,16.62
34,4376691,단계은행아파트,방학,토요일,11,11,1,11,16.9
34,4376701,꿈드림새마을금고,학기,토요일,10,11,2,11,16.43
34,4376701,꿈드림새마을금고,학기,일요일·공휴일,16,16,1,16,16.46
34,4376701,꿈드림새마을금고,시험,평일,11,13,3,11,16.07
34,4376701,꿈드림새마을금고,시험,평일,16,18,3,16,17.33
34,4376701,꿈드림새마을금고,시험,토요일,11,11,1,11,15.69
34,4376701,꿈드림새마을금고,시험,토요일,16,16,1,16,13.78
34,4376701,꿈드림새마을금고,시험,일요일·공휴일,13,13,1,13,13.39
34,4376701,꿈드림새마을금고,계절학기,평일,16,17,2,16,18.75
34,4376701,꿈드림새마을금고,계절학기,토요일,11,11,1,11,14.56
34,4376701,꿈드림새마을금고,계절학기,토요일,14,15,2,15,18.78
34,4376701,꿈드림새마을금고,계절학기,토요일,17,17,1,17,14.87
34,4376701,꿈드림새마을금고,방학,토요일,10,12,3,12,14.28
34,4376711,우리병원,학기,평일,16,17,2,16,14.68
34,4376711,우리병원,학기,토요일,10,11,2,10,15.54
34,4376711,우리병원,학기,토요일,15,15,1,15,13.3
34,4376711,우리병원,시험,평일,10,14,5,14,16.83
34,4376711,우리병원,시험,평일,17,18,2,18,17.62
34,4376711,우리병원,시험,토요일,10,10,1,10,14.33
34,4376711,우리병원,시험,토요일,12,12,1,12,14.71
34,4376711,우리병원,계절학기,평일,09,09,1,09,14.52
34,4376711,우리병원,계절학기,평일,12,13,2,13,15.18
34,4376711,우리병원,계절학기,평일,15,17,3,16,17.64
34,4376711,우리병원,방학,평일,09,09,1,09,13.93
34,4376711,우리병원,방학,평일,15,15,1,15,13.22
34,4376711,우리병원,방학,일요일·공휴일,13,13,1,13,13.37
34,4376831,서곡삼거리,학기,평일,06,06,1,06,19.66
34,4376831,서곡삼거리,학기,평일,08,18,11,16,38.52
34,4376831,서곡삼거리,학기,평일,21,21,1,21,15.12
34,4376831,서곡삼거리,학기,토요일,09,10,2,10,18.54
34,4376831,서곡삼거리,학기,토요일,12,15,4,12,16.16
34,4376831,서곡삼거리,학기,일요일·공휴일,13,13,1,13,15.22
34,4376831,서곡삼거리,학기,일요일·공휴일,16,16,1,16,15.95
34,4376831,서곡삼거리,학기,일요일·공휴일,18,18,1,18,14.33
34,4376831,서곡삼거리,시험,평일,06,06,1,06,13.87
34,4376831,서곡삼거리,시험,평일,08,08,1,08,14.44
34,4376831,서곡삼거리,시험,평일,10,10,1,10,17.55
34,4376831,서곡삼거리,시험,평일,13,13,1,13,19.59
34,4376831,서곡삼거리,시험,평일,15,17,3,15,21.33
34,4376831,서곡삼거리,시험,토요일,13,14,2,14,13.57
34,4376831,서곡삼거리,계절학기,평일,08,09,2,09,15.01
34,4376831,서곡삼거리,계절학기,평일,12,14,3,12,18.11
34,4376831,서곡삼거리,계절학기,평일,17,17,1,17,16.94
34,4376831,서곡삼거리,계절학기,토요일,13,13,1,13,14.92
34,4376831,서곡삼거리,방학,평일,08,17,10,13,20.02
34,4376831,서곡삼거리,방학,토요일,12,12,1,12,15.81
34,4376831,서곡삼거리,방학,일요일·공휴일,12,12,1,12,13.4
34,4376831,서곡삼거리,방학,일요일·공휴일,16,16,1,16,13.47
34,4377401,변판서골,학기,평일,09,14,6,13,21.06
34,4377401,변판서골,학기,평일,16,18,3,16,24.68
34,4377401,변판서골,학기,토요일,09,10,2,10,14.8
34,4377401,변판서골,학기,토요일,12,12,1,12,15.72
34,4377401,변판서골,학기,토요일,16,16,1,16,13.24
34,4377401,변판서골,학기,일요일·공휴일,13,13,1,13,15.62
34,4377401,변판서골,학기,일요일·공휴일,15,16,2,16,23.31
34,4377401,변판서골,시험,평일,09,09,1,09,16.34
34,4377401,변판서골,시험,평일,11,12,2,12,16.84
34,4377401,변판서골,시험,토요일,11,11,1,11,17.19
34,4377401,변판서골,시험,일요일·공휴일,09,09,1,09,15.77
34,4377401,변판서골,계절학기,평일,10,10,1,10,13.72
34,4377401,변판서골,계절학기,평일,13,14,2,13,15.58
34,4377401,변판서골,계절학기,평일,18,18,1,18,13.92
34,4377401,변판서골,방학,평일,12,12,1,12,15.19
34,4377401,변판서골,방학,평일,14,14,1,14,17.67
34,4377401,변판서골,방학,평일,16,16,1,16,17.22
34,4377401,변판서골,방학,평일,18,18,1,18,13.43
34,4377401,변판서골,방학,토요일,11,12,2,11,17.22
34,4377401,변판서골,방학,일요일·공휴일,14,14,1,14,14.54
34,4377881,변판서골,학기,평일,08,14,7,12,25.92
34,4377881,변판서골,학기,평일,16,18,3,16,33.48
34,4377881,변판서골,학기,평일,21,21,1,21,15.02
34,4377881,변판서골,학기,토요일,14,14,1,14,17.57
34,4377881,변판서골,학기,토요일,17,17,1,17,13.97
34,4377881,변판서골,학기,일요일·공휴일,12,12,1,12,14.48
34,4377881,변판서골,학기,일요일·공휴일,15,16,2,15,19.43
34,4377881,변판서골,시험,평일,09,10,2,10,18.47
34,4377881,변판서골,시험,일요일·공휴일,12,12,1,12,15.98
34,4377881,변판서골,계절학기,평일,11,11,1,11,14.93
34,4377881,변판서골,계절학기,평일,18,18,1,18,14.74
34,4377881,변판서골,계절학기,토요일,14,14,1,14,30.98
34,4377881,변판서골,방학,평일,08,16,9,16,20.58
34,4377881,변판서골,방학,평일,18,18,1,18,13.57
34,4377881,변판서골,방학,일요일·공휴일,12,13,2,13,13.7
34,4379181,연세대(시내방면),학기,평일,16,17,2,16,21.87
34,4379181,연세대(시내방면),시험,평일,12,12,1,12,13.88
34,4379181,연세대(시내방면),시험,평일,14,17,4,14,18.22
34,4379181,연세대(시내방면),시험,토요일,10,10,1,10,14.33
34,4379181,연세대(시내방면),시험,일요일·공휴일,12,12,1,12,17.82
34,4379181,연세대(시내방면),계절학기,평일,16,16,1,16,14.41
34,4379181,연세대(시내방면),계절학기,토요일,11,11,1,11,13.23
34,4379181,연세대(시내방면),계절학기,토요일,14,15,2,14,33.15
34,4379181,연세대(시내방면),계절학기,일요일·공휴일,12,12,1,12,17.52
34,4379181,연세대(시내방면),방학,일요일·공휴일,12,12,1,12,14.47
34,4379191,연세대정문,학기,평일,10,10,1,10,15.79
34,4379191,연세대정문,학기,평일,12,12,1,12,14.66
34,4379191,연세대정문,학기,평일,16,18,3,17,16.38
34,4379191,연세대정문,학기,일요일·공휴일,16,16,1,16,15.4
34,4379191,연세대정문,시험,평일,08,08,1,08,13.27
34,4379191,연세대정문,시험,평일,15,15,1,15,17.33
34,4379191,연세대정문,계절학기,평일,12,13,2,12,15.11
34,4379191,연세대정문,계절학기,평일,16,16,1,16,15.5
34,4381911,단구은행아파트,학기,평일,06,18,13,17,32.93
34,4381911,단구은행아파트,학기,토요일,08,17,10,10,25.69
34,4381911,단구은행아파트,학기,일요일·공휴일,11,12,2,11,13.81
34,4381911,단구은행아파트,학기,일요일·공휴일,15,15,1,15,16.5
34,4381911,단구은행아파트,학기,일요일·공휴일,17,17,1,17,14.41
34,4381911,단구은행아파트,시험,평일,06,06,1,06,17.22
34,4381911,단구은행아파트,시험,평일,08,08,1,08,20.01
34,4381911,단구은행아파트,시험,평일,10,16,7,15,25.15
34,4381911,단구은행아파트,시험,평일,18,18,1,18,25.71
34,4381911,단구은행아파트,시험,토요일,10,10,1,10,18.83
34,4381911,단구은행아파트,시험,토요일,16,16,1,16,16.11
34,4381911,단구은행아파트,시험,일요일·공휴일,09,09,1,09,16.93
34,4381911,단구은행아파트,시험,일요일·공휴일,11,12,2,12,15.98
34,4381911,단구은행아파트,계절학기,평일,06,06,1,06,16.99
34,4381911,단구은행아파트,계절학기,평일,08,18,11,12,26.01
34,4381911,단구은행아파트,계절학기,토요일,10,11,2,11,19.06
34,4381911,단구은행아파트,계절학기,토요일,14,14,1,14,23.98
34,4381911,단구은행아파트,계절학기,일요일·공휴일,12,12,1,12,14.86
34,4381911,단구은행아파트,방학,평일,06,18,13,16,27.21
34,4381911,단구은행아파트,방학,토요일,09,12,4,11,19.17
34,4381911,단구은행아파트,방학,토요일,14,14,1,14,14.16
34,4381911,단구은행아파트,방학,일요일·공휴일,10,10,1,10,13.48
34,4381911,단구은행아파트,방학,일요일·공휴일,12,14,3,14,17.36
34,4381921,단구은행아파트,학기,평일,08,18,11,16,29.23
34,4381921,단구은행아파트,학기,토요일,09,17,9,11,15.62
34,4381921,단구은행아파트,학기,일요일·공휴일,12,12,1,12,13.26
34,4381921,단구은행아파트,학기,일요일·공휴일,16,19,4,16,17.46
34,4381921,단구은행아파트,학기,일요일·공휴일,21,21,1,21,15.2
34,4381921,단구은행아파트,시험,평일,08,14,7,12,18.89
34,4381921,단구은행아파트,시험,평일,16,18,3,16,28.57
34,4381921,단구은행아파트,시험,토요일,12,13,2,12,15.38
34,4381921,단구은행아파트,시험,토요일,16,16,1,16,13.44
34,4381921,단구은행아파트,시험,일요일·공휴일,17,18,2,18,14.24
34,4381921,단구은행아파트,계절학기,평일,08,08,1,08,14.41
34,4381921,단구은행아파트,계절학기,평일,10,13,4,13,19.13
34,4381921,단구은행아파트,계절학기,평일,15,16,2,16,18.07
34,4381921,단구은행아파트,계절학기,평일,18,18,1,18,15.99
34,4381921,단구은행아파트,계절학기,토요일,15,15,1,15,18.28
34,4381921,단구은행아파트,계절학기,토요일,17,17,1,17,15.78
34,4381921,단구은행아파트,방학,평일,12,18,7,18,19.59
34,4381921,단구은행아파트,방학,토요일,11,11,1,11,17.05
34,4381921,단구은행아파트,방학,일요일·공휴일,15,15,1,15,13.67
34,4387531,장양삼거리,학기,평일,18,18,1,18,15.4
34,4388811,연세대(귀래방면),학기,토요일,10,10,1,10,13.63
34,4388811,연세대(귀래방면),시험,평일,17,18,2,18,13.82
34,4388811,연세대(귀래방면),시험,토요일,11,11,1,11,14.19
34,4388811,연세대(귀래방면),계절학기,토요일,11,11,1,11,13.23
34,4388811,연세대(귀래방면),계절학기,토요일,14,15,2,14,16.48
34,4388811,연세대(귀래방면),방학,토요일,11,11,1,11,14.22
34,4389081,원주역(시내방면.승차전용),학기,평일,12,12,1,12,30.18
34,4389081,원주역(시내방면.승차전용),학기,평일,15,15,1,15,34.81
34,4389081,원주역(시내방면.승차전용),시험,평일,12,12,1,12,22.15
34,4389081,원주역(시내방면.승차전용),시험,평일,15,15,1,15,26.0
34,4389081,원주역(시내방면.승차전용),계절학기,평일,12,12,1,12,19.24
34,4389081,원주역(시내방면.승차전용),방학,평일,07,08,2,08,16.5
34,4389451,원주역(하차전용),학기,평일,12,12,1,12,26.83
34,4389451,원주역(하차전용),학기,평일,15,15,1,15,28.34
34,4389451,원주역(하차전용),시험,평일,12,12,1,12,19.01
34,4389451,원주역(하차전용),시험,평일,15,15,1,15,22.71
34,4389451,원주역(하차전용),방학,평일,08,08,1,08,16.17
34-1,4370231,대림아파트,학기,평일,07,18,12,13,33.12
34-1,4370231,대림아파트,학기,토요일,08,16,9,13,20.63
34-1,4370231,대림아파트,학기,토요일,18,18,1,18,17.27
34-1,4370231,대림아파트,학기,일요일·공휴일,10,10,1,10,13.27
34-1,4370231,대림아파트,학기,일요일·공휴일,13,18,6,13,17.18
34-1,4370231,대림아파트,시험,평일,08,18,11,13,24.61
34-1,4370231,대림아파트,시험,토요일,09,09,1,09,16.35
34-1,4370231,대림아파트,시험,토요일,11,14,4,14,18.96
34-1,4370231,대림아파트,시험,토요일,20,20,1,20,15.0
34-1,4370231,대림아파트,시험,일요일·공휴일,12,13,2,12,22.2
34-1,4370231,대림아파트,시험,일요일·공휴일,16,18,3,16,15.92
34-1,4370231,대림아파트,시험,일요일·공휴일,20,20,1,20,18.63
34-1,4370231,대림아파트,계절학기,평일,08,18,11,11,20.16
34-1,4370231,대림아파트,계절학기,토요일,10,11,2,11,20.66
34-1,4370231,대림아파트,계절학기,토요일,13,13,1,13,14.96
34-1,4370231,대림아파트,계절학기,토요일,15,15,1,15,17.73
34-1,4370231,대림아파트,계절학기,일요일·공휴일,12,12,1,12,14.58
34-1,4370231,대림아파트,방학,평일,08,14,7,13,24.46
34-1,4370231,대림아파트,방학,평일,16,18,3,16,19.71
34-1,4370231,대림아파트,방학,토요일,09,16,8,13,20.38
34-1,4370231,대림아파트,방학,토요일,18,18,1,18,13.35
34-1,4370231,대림아파트,방학,일요일·공휴일,10,11,2,11,16.27
34-1,4370231,대림아파트,방학,일요일·공휴일,13,16,4,13,14.88
34-1,4370241,원주의료원,학기,평일,08,19,12,12,29.11
34-1,4370241,원주의료원,학기,토요일,08,08,1,08,14.66
34-1,4370241,원주의료원,학기,토요일,10,19,10,14,20.16
34-1,4370241,원주의료원,학기,토요일,21,21,1,21,13.89
34-1,4370241,원주의료원,학기,일요일·공휴일,10,10,1,10,16.01
34-1,4370241,원주의료원,학기,일요일·공휴일,12,21,10,21,25.28
34-1,4370241,원주의료원,시험,평일,08,18,11,13,24.89
34-1,4370241,원주의료원,시험,토요일,06,06,1,06,14.85
34-1,4370241,원주의료원,시험,토요일,11,13,3,12,18.73
34-1,4370241,원주의료원,시험,토요일,15,15,1,15,14.9
34-1,4370241,원주의료원,시험,토요일,18,18,1,18,13.35
34-1,4370241,원주의료원,시험,토요일,20,20,1,20,21.0
34-1,4370241,원주의료원,시험,일요일·공휴일,08,08,1,08,13.6
34-1,4370241,원주의료원,시험,일요일·공휴일,11,11,1,11,13.71
34-1,4370241,원주의료원,시험,일요일·공휴일,13,16,4,16,18.58
34-1,4370241,원주의료원,시험,일요일·공휴일,18,18,1,18,14.14
34-1,4370241,원주의료원,시험,일요일·공휴일,20,20,1,20,21.29
34-1,4370241,원주의료원,계절학기,평일,08,08,1,08,15.34
34-1,4370241,원주의료원,계절학기,평일,10,18,9,16,23.38
34-1,4370241,원주의료원,계절학기,토요일,10,13,4,11,16.88
34-1,4370241,원주의료원,계절학기,토요일,18,18,1,18,13.47
34-1,4370241,원주의료원,계절학기,일요일·공휴일,12,13,2,12,14.65
34-1,4370241,원주의료원,방학,평일,08,08,1,08,17.72
34-1,4370241,원주의료원,방학,평일,10,18,9,14,33.34
34-1,4370241,원주의료원,방학,토요일,10,17,8,14,22.35
34-1,4370241,원주의료원,방학,일요일·공휴일,10,10,1,10,14.52
34-1,4370241,원주의료원,방학,일요일·공휴일,12,18,7,15,19.86
34-1,4370251,젊음의광장사거리,학기,평일,07,18,12,13,43.33
34-1,4370251,젊음의광장사거리,학기,토요일,08,18,11,11,23.87
34-1,4370251,젊음의광장사거리,학기,일요일·공휴일,09,21,13,13,19.37
34-1,4370251,젊음의광장사거리,시험,평일,08,18,11,13,29.49
34-1,4370251,젊음의광장사거리,시험,토요일,12,13,2,12,20.9
34-1,4370251,젊음의광장사거리,시험,토요일,20,20,1,20,16.17
34-1,4370251,젊음의광장사거리,시험,일요일·공휴일,14,14,1,14,17.19
34-1,4370251,젊음의광장사거리,시험,일요일·공휴일,17,17,1,17,14.3
34-1,4370251,젊음의광장사거리,시험,일요일·공휴일,21,21,1,21,18.56
34-1,4370251,젊음의광장사거리,계절학기,평일,08,18,11,09,28.16
34-1,4370251,젊음의광장사거리,계절학기,토요일,11,11,1,11,21.05
34-1,4370251,젊음의광장사거리,계절학기,토요일,13,13,1,13,18.46
34-1,4370251,젊음의광장사거리,계절학기,토요일,16,16,1,16,20.41
34-1,4370251,젊음의광장사거리,계절학기,토요일,18,18,1,18,13.38
34-1,4370251,젊음의광장사거리,계절학기,일요일·공휴일,11,13,3,13,16.61
34-1,4370251,젊음의광장사거리,방학,평일,08,18,11,11,29.03
34-1,4370251,젊음의광장사거리,방학,토요일,08,08,1,08,13.65
34-1,4370251,젊음의광장사거리,방학,토요일,10,16,7,14,21.05
34-1,4370251,젊음의광장사거리,방학,일요일·공휴일,08,08,1,08,15.64
34-1,4370251,젊음의광장사거리,방학,일요일·공휴일,10,16,7,11,19.71
34-1,4370261,개운현대아파트,학기,평일,07,18,12,13,38.39
34-1,4370261,개운현대아파트,학기,토요일,08,16,9,11,27.57
34-1,4370261,개운현대아파트,학기,토요일,18,18,1,18,14.86
34-1,4370261,개운현대아파트,학기,일요일·공휴일,09,18,10,13,23.56
34-1,4370261,개운현대아파트,학기,일요일·공휴일,21,21,1,21,17.84
34-1,4370261,개운현대아파트,시험,평일,08,18,11,13,27.84
34-1,4370261,개운현대아파트,시험,토요일,09,12,4,12,19.98
34-1,4370261,개운현대아파트,시험,토요일,14,14,1,14,19.46
34-1,4370261,개운현대아파트,시험,토요일,18,18,1,18,13.6
34-1,4370261,개운현대아파트,시험,토요일,20,20,1,20,16.5
34-1,4370261,개운현대아파트,시험,일요일·공휴일,08,08,1,08,14.1
34-1,4370261,개운현대아파트,시험,일요일·공휴일,11,13,3,12,24.37
34-1,4370261,개운현대아파트,시험,일요일·공휴일,16,18,3,16,19.75
34-1,4370261,개운현대아파트,시험,일요일·공휴일,20,20,1,20,18.29
34-1,4370261,개운현대아파트,계절학기,평일,08,18,11,13,29.3
34-1,4370261,개운현대아파트,계절학기,토요일,09,11,3,11,22.38
34-1,4370261,개운현대아파트,계절학기,토요일,13,13,1,13,17.46
34-1,4370261,개운현대아파트,계절학기,토요일,15,16,2,15,18.1
34-1,4370261,개운현대아파트,계절학기,일요일·공휴일,11,11,1,11,15.61
34-1,4370261,개운현대아파트,계절학기,일요일·공휴일,13,13,1,13,16.12
34-1,4370261,개운현대아파트,계절학기,일요일·공휴일,15,15,1,15,14.37
34-1,4370261,개운현대아파트,방학,평일,08,18,11,08,34.08
34-1,4370261,개운현대아파트,방학,토요일,09,16,8,13,22.9
34-1,4370261,개운현대아파트,방학,일요일·공휴일,09,16,8,13,22.43
34-1,4370271,대성현대아파트,학기,평일,08,18,11,13,38.96
34-1,4370271,대성현대아파트,학기,토요일,08,18,11,11,28.88
34-1,4370271,대성현대아파트,학기,일요일·공휴일,08,19,12,15,18.56
34-1,4370271,대성현대아파트,학기,일요일·공휴일,21,21,1,21,17.19
34-1,4370271,대성현대아파트,시험,평일,08,19,12,16,24.93
34-1,4370271,대성현대아파트,시험,토요일,09,15,7,11,20.12
34-1,4370271,대성현대아파트,시험,토요일,20,20,1,20,17.67
34-1,4370271,대성현대아파트,시험,일요일·공휴일,08,08,1,08,14.6
34-1,4370271,대성현대아파트,시험,일요일·공휴일,11,13,3,12,21.62
34-1,4370271,대성현대아파트,시험,일요일·공휴일,15,16,2,16,19.25
34-1,4370271,대성현대아파트,시험,일요일·공휴일,18,18,1,18,13.81
34-1,4370271,대성현대아파트,시험,일요일·공휴일,20,21,2,21,18.89
34-1,4370271,대성현대아파트,계절학기,평일,08,18,11,11,30.38
34-1,4370271,대성현대아파트,계절학기,토요일,09,13,5,11,22.8
34-1,4370271,대성현대아파트,계절학기,토요일,15,16,2,15,19.37
34-1,4370271,대성현대아파트,계절학기,일요일·공휴일,11,13,3,11,16.66
34-1,4370271,대성현대아파트,계절학기,일요일·공휴일,15,15,1,15,13.51
34-1,4370271,대성현대아파트,방학,평일,08,18,11,08,32.18
34-1,4370271,대성현대아파트,방학,토요일,08,16,9,11,23.19
34-1,4370271,대성현대아파트,방학,일요일·공휴일,09,16,8,14,21.84
34-1,4370281,남원로남부시장,학기,평일,08,18,11,13,35.77
34-1,4370281,남원로남부시장,학기,토요일,08,18,11,11,27.43
34-1,4370281,남원로남부시장,학기,일요일·공휴일,09,18,10,13,19.8
34-1,4370281,남원로남부시장,시험,평일,08,18,11,13,27.94
34-1,4370281,남원로남부시장,시험,토요일,09,14,6,12,20.06
34-1,4370281,남원로남부시장,시험,토요일,20,20,1,20,13.83
34-1,4370281,남원로남부시장,시험,일요일·공휴일,11,13,3,13,22.74
34-1,4370281,남원로남부시장,시험,일요일·공휴일,15,18,4,16,19.75
34-1,4370281,남원로남부시장,시험,일요일·공휴일,20,21,2,21,18.56
34-1,4370281,남원로남부시장,계절학기,평일,08,18,11,11,26.81
34-1,4370281,남원로남부시장,계절학기,토요일,10,13,4,11,22.54
34-1,4370281,남원로남부시장,계절학기,토요일,15,16,2,15,20.15
34-1,4370281,남원로남부시장,계절학기,일요일·공휴일,11,11,1,11,16.53
34-1,4370281,남원로남부시장,계절학기,일요일·공휴일,13,13,1,13,16.45
34-1,4370281,남원로남부시장,방학,평일,08,18,11,08,30.76
34-1,4370281,남원로남부시장,방학,토요일,08,16,9,12,25.24
34-1,4370281,남원로남부시장,방학,토요일,18,18,1,18,13.69
34-1,4370281,남원로남부시장,방학,일요일·공휴일,10,16,7,11,20.26
34-1,4370371,풍물시장,학기,평일,08,18,11,13,28.39
34-1,4370371,풍물시장,학기,토요일,08,18,11,14,20.96
34-1,4370371,풍물시장,학기,일요일·공휴일,10,11,2,10,16.51
34-1,4370371,풍물시장,학기,일요일·공휴일,13,18,6,15,19.41
34-1,4370371,풍물시장,시험,평일,08,18,11,13,26.19
34-1,4370371,풍물시장,시험,토요일,09,14,6,11,20.87
34-1,4370371,풍물시장,시험,토요일,20,20,1,20,17.67
34-1,4370371,풍물시장,시험,일요일·공휴일,08,08,1,08,13.43
34-1,4370371,풍물시장,시험,일요일·공휴일,11,17,7,12,18.48
34-1,4370371,풍물시장,시험,일요일·공휴일,20,21,2,21,18.56
34-1,4370371,풍물시장,계절학기,평일,08,18,11,13,21.9
34-1,4370371,풍물시장,계절학기,토요일,10,16,7,11,22.04
34-1,4370371,풍물시장,방학,평일,08,18,11,08,25.1
34-1,4370371,풍물시장,방학,토요일,08,16,9,11,20.29
34-1,4370371,풍물시장,방학,일요일·공휴일,10,17,8,14,18.94
34-1,4370381,평원로중앙시장,학기,평일,08,08,1,08,16.93
34-1,4370381,평원로중앙시장,학기,평일,11,18,8,15,25.69
34-1,4370381,평원로중앙시장,학기,토요일,08,18,11,13,19.88
34-1,4370381,평원로중앙시장,학기,일요일·공휴일,13,15,3,15,17.61
34-1,4370381,평원로중앙시장,학기,일요일·공휴일,17,18,2,17,15.9
34-1,4370381,평원로중앙시장,시험,평일,08,08,1,08,16.51
34-1,4370381,평원로중앙시장,시험,평일,10,18,9,16,21.8
34-1,4370381,평원로중앙시장,시험,토요일,09,09,1,09,17.02
34-1,4370381,평원로중앙시장,시험,토요일,11,14,4,14,18.3
34-1,4370381,평원로중앙시장,시험,토요일,17,17,1,17,14.3
34-1,4370381,평원로중앙시장,시험,토요일,20,20,1,20,15.17
34-1,4370381,평원로중앙시장,시험,일요일·공휴일,11,14,4,12,19.7
34-1,4370381,평원로중앙시장,시험,일요일·공휴일,16,18,3,16,16.75
34-1,4370381,평원로중앙시장,시험,일요일·공휴일,20,21,2,21,18.22
34-1,4370381,평원로중앙시장,계절학기,평일,08,08,1,08,15.03
34-1,4370381,평원로중앙시장,계절학기,평일,11,18,8,15,20.91
34-1,4370381,평원로중앙시장,계절학기,토요일,11,11,1,11,19.33
34-1,4370381,평원로중앙시장,계절학기,토요일,13,16,4,16,16.13
34-1,4370381,평원로중앙시장,방학,평일,08,08,1,08,17.6
34-1,4370381,평원로중앙시장,방학,평일,11,18,8,15,23.03
34-1,4370381,평원로중앙시장,방학,토요일,11,16,6,13,16.69
34-1,4370381,평원로중앙시장,방학,토요일,18,18,1,18,14.31
34-1,4370381,평원로중앙시장,방학,일요일·공휴일,13,15,3,15,15.63
34-1,4370381,평원로중앙시장,방학,일요일·공휴일,17,17,1,17,13.58
34-1,4370401,YWCA,학기,평일,08,08,1,08,17.78
34-1,4370401,YWCA,학기,평일,11,18,8,15,32.09
34-1,4370401,YWCA,학기,토요일,08,18,11,13,23.73
34-1,4370401,YWCA,학기,일요일·공휴일,12,18,7,15,25.0
34-1,4370401,YWCA,시험,평일,08,08,1,08,17.51
34-1,4370401,YWCA,시험,평일,10,18,9,15,27.0
34-1,4370401,YWCA,시험,토요일,09,11,3,11,18.04
34-1,4370401,YWCA,시험,토요일,13,14,2,14,20.46
34-1,4370401,YWCA,시험,토요일,17,18,2,17,14.71
34-1,4370401,YWCA,시험,토요일,20,20,1,20,14.83
34-1,4370401,YWCA,시험,일요일·공휴일,12,14,3,12,19.95
34-1,4370401,YWCA,시험,일요일·공휴일,16,18,3,16,17.42
34-1,4370401,YWCA,시험,일요일·공휴일,20,20,1,20,16.52
34-1,4370401,YWCA,계절학기,평일,11,18,8,15,24.49
34-1,4370401,YWCA,계절학기,토요일,10,11,2,11,17.33
34-1,4370401,YWCA,계절학기,토요일,13,16,4,15,21.58
34-1,4370401,YWCA,계절학기,토요일,18,18,1,18,13.75
34-1,4370401,YWCA,계절학기,일요일·공휴일,15,16,2,16,14.63
34-1,4370401,YWCA,방학,평일,08,08,1,08,15.56
34-1,4370401,YWCA,방학,평일,10,18,9,18,28.6
34-1,4370401,YWCA,방학,토요일,11,17,7,14,19.85
34-1,4370401,YWCA,방학,일요일·공휴일,11,11,1,11,13.54
34-1,4370401,YWCA,방학,일요일·공휴일,13,18,6,15,25.04
34-1,4370411,학성중학교정문,학기,평일,07,18,12,13,27.5
34-1,4370411,학성중학교정문,학기,토요일,08,21,14,12,26.51
34-1,4370411,학성중학교정문,학기,일요일·공휴일,08,08,1,08,14.61
34-1,4370411,학성중학교정문,학기,일요일·공휴일,10,21,12,21,33.73
34-1,4370411,학성중학교정문,시험,평일,08,18,11,08,23.91
34-1,4370411,학성중학교정문,시험,토요일,06,06,1,06,14.02
34-1,4370411,학성중학교정문,시험,토요일,09,09,1,09,17.02
34-1,4370411,학성중학교정문,시험,토요일,11,12,2,11,19.71
34-1,4370411,학성중학교정문,시험,토요일,14,15,2,14,20.13
34-1,4370411,학성중학교정문,시험,토요일,20,20,1,20,15.0
34-1,4370411,학성중학교정문,시험,일요일·공휴일,08,08,1,08,13.27
34-1,4370411,학성중학교정문,시험,일요일·공휴일,10,12,3,12,19.2
34-1,4370411,학성중학교정문,시험,일요일·공휴일,14,21,8,21,22.22
34-1,4370411,학성중학교정문,계절학기,평일,07,17,11,13,24.0
34-1,4370411,학성중학교정문,계절학기,토요일,09,13,5,11,22.54
34-1,4370411,학성중학교정문,계절학기,토요일,15,15,1,15,14.93
34-1,4370411,학성중학교정문,계절학기,토요일,18,18,1,18,16.18
34-1,4370411,학성중학교정문,계절학기,일요일·공휴일,12,13,2,12,14.94
34-1,4370411,학성중학교정문,방학,평일,08,18,11,14,27.15
34-1,4370411,학성중학교정문,방학,토요일,09,18,10,13,21.06
34-1,4370411,학성중학교정문,방학,일요일·공휴일,10,19,10,14,19.09
34-1,4370411,학성중학교정문,방학,일요일·공휴일,21,21,1,21,15.16
34-1,4370421,서원주유소,학기,평일,07,18,12,13,27.69
34-1,4370421,서원주유소,학기,토요일,08,18,11,12,22.01
34-1,4370421,서원주유소,학기,일요일·공휴일,10,18,9,16,22.91
34-1,4370421,서원주유소,학기,일요일·공휴일,20,21,2,20,31.58
34-1,4370421,서원주유소,시험,평일,08,09,2,08,21.76
34-1,4370421,서원주유소,시험,평일,12,18,7,13,22.99
34-1,4370421,서원주유소,시험,토요일,14,14,1,14,20.13
34-1,4370421,서원주유소,시험,일요일·공휴일,10,10,1,10,14.31
34-1,4370421,서원주유소,시험,일요일·공휴일,14,15,2,14,16.86
34-1,4370421,서원주유소,시험,일요일·공휴일,17,17,1,17,13.63
34-1,4370421,서원주유소,계절학기,평일,08,17,10,13,24.37
34-1,4370421,서원주유소,계절학기,토요일,10,11,2,10,20.83
34-1,4370421,서원주유소,계절학기,토요일,14,14,1,14,13.57
34-1,4370421,서원주유소,계절학기,토요일,18,18,1,18,13.21
34-1,4370421,서원주유소,계절학기,일요일·공휴일,12,12,1,12,14.09
34-1,4370421,서원주유소,방학,평일,08,18,11,13,24.31
34-1,4370421,서원주유소,방학,토요일,09,09,1,09,14.66
34-1,4370421,서원주유소,방학,토요일,11,11,1,11,19.5
34-1,4370421,서원주유소,방학,토요일,13,16,4,13,20.33
34-1,4370421,서원주유소,방학,토요일,18,18,1,18,13.32
34-1,4370421,서원주유소,방학,일요일·공휴일,11,18,8,16,17.74
34-1,4370431,옛합동청사,학기,평일,08,08,1,08,20.04
34-1,4370431,옛합동청사,학기,평일,11,18,8,15,32.28
34-1,4370431,옛합동청사,학기,토요일,08,08,1,08,15.57
34-1,4370431,옛합동청사,학기,토요일,10,16,7,14,23.33
34-1,4370431,옛합동청사,학기,토요일,18,18,1,18,17.38
34-1,4370431,옛합동청사,학기,일요일·공휴일,13,18,6,15,27.86
34-1,4370431,옛합동청사,학기,일요일·공휴일,21,21,1,21,14.96
34-1,4370431,옛합동청사,시험,평일,08,08,1,08,18.68
34-1,4370431,옛합동청사,시험,평일,10,10,1,10,14.63
34-1,4370431,옛합동청사,시험,평일,12,13,2,13,21.82
34-1,4370431,옛합동청사,시험,평일,15,18,4,15,24.38
34-1,4370431,옛합동청사,시험,토요일,12,15,4,14,19.8
34-1,4370431,옛합동청사,시험,일요일·공휴일,13,13,1,13,17.82
34-1,4370431,옛합동청사,계절학기,평일,08,08,1,08,14.71
34-1,4370431,옛합동청사,계절학기,평일,11,18,8,15,19.87
34-1,4370431,옛합동청사,계절학기,토요일,10,10,1,10,13.97
34-1,4370431,옛합동청사,계절학기,토요일,13,16,4,13,17.87
34-1,4370431,옛합동청사,계절학기,일요일·공휴일,13,13,1,13,14.53
34-1,4370431,옛합동청사,방학,평일,08,18,11,18,28.64
34-1,4370431,옛합동청사,방학,토요일,11,16,6,13,17.16
34-1,4370431,옛합동청사,방학,토요일,19,19,1,19,14.49
34-1,4370431,옛합동청사,방학,일요일·공휴일,13,19,7,15,22.77
34-1,4370441,시외.고속버스터미널,학기,평일,08,08,1,08,15.99
34-1,4370441,시외.고속버스터미널,학기,평일,12,12,1,12,13.7
34-1,4370441,시외.고속버스터미널,학기,평일,15,18,4,16,17.99
34-1,4370441,시외.고속버스터미널,학기,토요일,11,11,1,11,13.28
34-1,4370441,시외.고속버스터미널,학기,토요일,13,14,2,13,14.3
34-1,4370441,시외.고속버스터미널,학기,일요일·공휴일,15,18,4,17,14.22
34-1,4370441,시외.고속버스터미널,시험,평일,08,08,1,08,16.61
34-1,4370441,시외.고속버스터미널,시험,평일,11,18,8,16,20.1
34-1,4370441,시외.고속버스터미널,시험,토요일,09,09,1,09,16.44
34-1,4370441,시외.고속버스터미널,시험,토요일,11,14,4,14,17.38
34-1,4370441,시외.고속버스터미널,시험,토요일,20,20,1,20,14.58
34-1,4370441,시외.고속버스터미널,시험,일요일·공휴일,11,18,8,12,17.37
34-1,4370441,시외.고속버스터미널,시험,일요일·공휴일,20,21,2,20,18.63
34-1,4370441,시외.고속버스터미널,계절학기,평일,12,18,7,16,16.86
34-1,4370441,시외.고속버스터미널,계절학기,토요일,11,11,1,11,16.4
34-1,4370441,시외.고속버스터미널,계절학기,토요일,13,13,1,13,13.22
34-1,4370441,시외.고속버스터미널,계절학기,토요일,15,16,2,16,14.46
34-1,4370441,시외.고속버스터미널,방학,평일,12,18,7,18,20.53
34-1,4370441,시외.고속버스터미널,방학,토요일,14,16,3,15,14.67
34-1,4370441,시외.고속버스터미널,방학,일요일·공휴일,15,15,1,15,14.17
34-1,4370661,시외.고속버스터미널,학기,평일,07,18,12,13,24.17
34-1,4370661,시외.고속버스터미널,학기,토요일,08,17,10,12,23.69
34-1,4370661,시외.고속버스터미널,학기,토요일,20,21,2,21,16.24
34-1,4370661,시외.고속버스터미널,학기,일요일·공휴일,10,10,1,10,14.42
34-1,4370661,시외.고속버스터미널,학기,일요일·공휴일,12,21,10,21,34.6
34-1,4370661,시외.고속버스터미널,시험,평일,08,18,11,13,23.99
34-1,4370661,시외.고속버스터미널,시험,토요일,09,09,1,09,16.69
34-1,4370661,시외.고속버스터미널,시험,토요일,11,15,5,14,19.96
34-1,4370661,시외.고속버스터미널,시험,토요일,20,20,1,20,16.17
34-1,4370661,시외.고속버스터미널,시험,일요일·공휴일,10,18,9,16,18.92
34-1,4370661,시외.고속버스터미널,시험,일요일·공휴일,20,21,2,20,21.96
34-1,4370661,시외.고속버스터미널,계절학기,평일,08,17,10,13,25.06
34-1,4370661,시외.고속버스터미널,계절학기,토요일,10,15,6,11,20.23
34-1,4370661,시외.고속버스터미널,계절학기,일요일·공휴일,12,13,2,12,15.01
34-1,4370661,시외.고속버스터미널,방학,평일,08,17,10,14,24.46
34-1,4370661,시외.고속버스터미널,방학,토요일,09,16,8,14,19.82
34-1,4370661,시외.고속버스터미널,방학,토요일,18,18,1,18,13.53
34-1,4370661,시외.고속버스터미널,방학,일요일·공휴일,12,16,5,16,19.67
34-1,4370661,시외.고속버스터미널,방학,일요일·공휴일,21,21,1,21,16.37
34-1,4370671,서원주유소,학기,평일,08,18,11,15,32.58
34-1,4370671,서원주유소,학기,토요일,08,16,9,14,23.73
34-1,4370671,서원주유소,학기,토요일,18,18,1,18,16.45
34-1,4370671,서원주유소,학기,일요일·공휴일,13,17,5,15,21.75
34-1,4370671,서원주유소,학기,일요일·공휴일,19,19,1,19,17.93
34-1,4370671,서원주유소,학기,일요일·공휴일,21,21,1,21,17.46
34-1,4370671,서원주유소,시험,평일,08,10,3,08,18.02
34-1,4370671,서원주유소,시험,평일,12,18,7,15,24.5
34-1,4370671,서원주유소,시험,토요일,09,09,1,09,16.85
34-1,4370671,서원주유소,시험,일요일·공휴일,15,15,1,15,14.13
34-1,4370671,서원주유소,계절학기,평일,08,08,1,08,15.16
34-1,4370671,서원주유소,계절학기,평일,11,18,8,18,21.96
34-1,4370671,서원주유소,계절학기,토요일,10,11,2,11,20.88
34-1,4370671,서원주유소,계절학기,토요일,13,13,1,13,15.54
34-1,4370671,서원주유소,계절학기,토요일,15,16,2,15,21.15
34-1,4370671,서원주유소,방학,평일,08,18,11,18,29.52
34-1,4370671,서원주유소,방학,토요일,11,16,6,14,19.31
34-1,4370671,서원주유소,방학,토요일,18,18,1,18,14.59
34-1,4370671,서원주유소,방학,일요일·공휴일,11,12,2,11,14.5
34-1,4370671,서원주유소,방학,일요일·공휴일,14,15,2,15,22.08
34-1,4370671,서원주유소,방학,일요일·공휴일,17,18,2,17,17.6
34-1,4370681,국제아파트,학기,평일,08,18,11,13,25.01
34-1,4370681,국제아파트,학기,토요일,09,16,8,11,21.96
34-1,4370681,국제아파트,학기,일요일·공휴일,15,16,2,15,20.25
34-1,4370681,국제아파트,학기,일요일·공휴일,18,20,3,20,25.64
34-1,4370681,국제아파트,시험,평일,12,12,1,12,19.7
34-1,4370681,국제아파트,시험,평일,17,17,1,17,16.59
34-1,4370681,국제아파트,시험,토요일,09,09,1,09,16.35
34-1,4370681,국제아파트,계절학기,평일,09,09,1,09,15.11
34-1,4370681,국제아파트,계절학기,평일,11,11,1,11,16.72
34-1,4370681,국제아파트,계절학기,평일,14,17,4,15,17.2
34-1,4370681,국제아파트,계절학기,토요일,10,10,1,10,22.47
34-1,4370681,국제아파트,계절학기,토요일,15,15,1,15,13.35
34-1,4370681,국제아파트,계절학기,일요일·공휴일,12,12,1,12,13.76
34-1,4370681,국제아파트,방학,평일,09,09,1,09,16.39
34-1,4370681,국제아파트,방학,평일,12,12,1,12,15.16
34-1,4370681,국제아파트,방학,평일,14,17,4,15,20.06
34-1,4370681,국제아파트,방학,일요일·공휴일,14,15,2,15,15.37
34-1,4370691,학성중학교정문,학기,평일,08,08,1,08,20.56
34-1,4370691,학성중학교정문,학기,평일,11,19,9,15,32.28
34-1,4370691,학성중학교정문,학기,토요일,08,18,11,13,25.1
34-1,4370691,학성중학교정문,학기,일요일·공휴일,12,19,8,15,22.0
34-1,4370691,학성중학교정문,시험,평일,10,18,9,16,24.65
34-1,4370691,학성중학교정문,시험,토요일,09,14,6,11,19.37
34-1,4370691,학성중학교정문,시험,토요일,17,18,2,17,14.3
34-1,4370691,학성중학교정문,시험,일요일·공휴일,12,15,4,12,19.95
34-1,4370691,학성중학교정문,시험,일요일·공휴일,17,17,1,17,14.3
34-1,4370691,학성중학교정문,시험,일요일·공휴일,20,21,2,20,17.13
34-1,4370691,학성중학교정문,계절학기,평일,08,08,1,08,15.67
34-1,4370691,학성중학교정문,계절학기,평일,11,18,8,17,24.12
34-1,4370691,학성중학교정문,계절학기,토요일,10,11,2,11,20.76
34-1,4370691,학성중학교정문,계절학기,토요일,13,16,4,15,21.87
34-1,4370691,학성중학교정문,계절학기,일요일·공휴일,15,15,1,15,14.26
34-1,4370691,학성중학교정문,방학,평일,08,08,1,08,17.25
34-1,4370691,학성중학교정문,방학,평일,10,18,9,18,28.51
34-1,4370691,학성중학교정문,방학,토요일,11,16,6,14,19.7
34-1,4370691,학성중학교정문,방학,토요일,18,18,1,18,16.39
34-1,4370691,학성중학교정문,방학,일요일·공휴일,11,11,1,11,15.12
34-1,4370691,학성중학교정문,방학,일요일·공휴일,13,15,3,15,21.72
34-1,4370691,학성중학교정문,방학,일요일·공휴일,17,18,2,17,14.62
34-1,4370701,YWCA,학기,평일,08,18,11,13,27.16
34-1,4370701,YWCA,학기,토요일,08,17,10,12,24.37
34-1,4370701,YWCA,학기,일요일·공휴일,10,10,1,10,16.72
34-1,4370701,YWCA,학기,일요일·공휴일,12,21,10,21,34.98
34-1,4370701,YWCA,시험,평일,08,18,11,13,22.44
34-1,4370701,YWCA,시험,토요일,06,06,1,06,14.52
34-1,4370701,YWCA,시험,토요일,09,09,1,09,17.35
34-1,4370701,YWCA,시험,토요일,11,15,5,14,20.46
34-1,4370701,YWCA,시험,토요일,20,20,1,20,17.67
34-1,4370701,YWCA,시험,일요일·공휴일,08,08,1,08,13.85
34-1,4370701,YWCA,시험,일요일·공휴일,10,11,2,10,14.97
34-1,4370701,YWCA,시험,일요일·공휴일,13,20,8,20,20.29
34-1,4370701,YWCA,계절학기,평일,08,17,10,13,22.5
34-1,4370701,YWCA,계절학기,토요일,09,12,4,10,22.13
34-1,4370701,YWCA,계절학기,토요일,14,15,2,14,15.49
34-1,4370701,YWCA,계절학기,일요일·공휴일,12,12,1,12,13.36
34-1,4370701,YWCA,방학,평일,08,18,11,14,26.56
34-1,4370701,YWCA,방학,토요일,10,18,9,14,21.15
34-1,4370701,YWCA,방학,일요일·공휴일,10,19,10,14,19.06
34-1,4370711,지하상가,학기,평일,08,18,11,13,24.2
34-1,4370711,지하상가,학기,토요일,08,18,11,11,22.91
34-1,4370711,지하상가,학기,일요일·공휴일,10,21,12,21,29.22
34-1,4370711,지하상가,시험,평일,08,18,11,16,22.11
34-1,4370711,지하상가,시험,토요일,09,09,1,09,16.69
34-1,4370711,지하상가,시험,토요일,11,14,4,14,19.8
34-1,4370711,지하상가,시험,토요일,20,20,1,20,14.67
34-1,4370711,지하상가,시험,일요일·공휴일,11,11,1,11,13.37
34-1,4370711,지하상가,시험,일요일·공휴일,14,15,2,14,16.52
34-1,4370711,지하상가,시험,일요일·공휴일,20,21,2,21,21.89
34-1,4370711,지하상가,계절학기,평일,08,18,11,13,23.59
34-1,4370711,지하상가,계절학기,토요일,10,11,2,11,22.71
34-1,4370711,지하상가,계절학기,토요일,13,14,2,13,15.1
34-1,4370711,지하상가,계절학기,토요일,18,18,1,18,14.04
34-1,4370711,지하상가,계절학기,일요일·공휴일,12,13,2,13,15.24
34-1,4370711,지하상가,방학,평일,08,18,11,14,22.24
34-1,4370711,지하상가,방학,토요일,10,16,7,13,21.85
34-1,4370711,지하상가,방학,토요일,18,18,1,18,15.43
34-1,4370711,지하상가,방학,일요일·공휴일,10,10,1,10,15.15
34-1,4370711,지하상가,방학,일요일·공휴일,12,17,6,14,19.7
34-1,4370711,지하상가,방학,일요일·공휴일,19,19,1,19,14.91
34-1,4370721,원일로중앙시장,학기,평일,08,18,11,12,24.95
34-1,4370721,원일로중앙시장,학기,토요일,08,18,11,14,19.12
34-1,4370721,원일로중앙시장,학기,토요일,20,21,2,21,15.58
34-1,4370721,원일로중앙시장,학기,일요일·공휴일,08,08,1,08,13.81
34-1,4370721,원일로중앙시장,학기,일요일·공휴일,12,21,10,21,30.38
34-1,4370721,원일로중앙시장,시험,평일,08,18,11,13,24.09
34-1,4370721,원일로중앙시장,시험,토요일,06,06,1,06,14.52
34-1,4370721,원일로중앙시장,시험,토요일,09,09,1,09,16.1
34-1,4370721,원일로중앙시장,시험,토요일,11,14,4,14,20.71
34-1,4370721,원일로중앙시장,시험,토요일,18,18,1,18,13.26
34-1,4370721,원일로중앙시장,시험,토요일,20,20,1,20,16.67
34-1,4370721,원일로중앙시장,시험,일요일·공휴일,08,08,1,08,14.43
34-1,4370721,원일로중앙시장,시험,일요일·공휴일,10,21,12,20,21.54
34-1,4370721,원일로중앙시장,계절학기,평일,08,18,11,17,21.38
34-1,4370721,원일로중앙시장,계절학기,토요일,10,12,3,11,21.54
34-1,4370721,원일로중앙시장,계절학기,토요일,14,16,3,15,13.77
34-1,4370721,원일로중앙시장,계절학기,토요일,18,18,1,18,13.4
34-1,4370721,원일로중앙시장,계절학기,일요일·공휴일,12,13,2,12,14.19
34-1,4370721,원일로중앙시장,방학,평일,08,18,11,14,27.08
34-1,4370721,원일로중앙시장,방학,토요일,10,18,9,14,20.86
34-1,4370721,원일로중앙시장,방학,일요일·공휴일,13,18,6,16,18.2
34-1,4370731,강원감영,학기,평일,08,18,11,12,28.12
34-1,4370731,강원감영,학기,토요일,08,21,14,14,20.59
34-1,4370731,강원감영,학기,일요일·공휴일,10,21,12,21,29.08
34-1,4370731,강원감영,시험,평일,08,18,11,13,24.14
34-1,4370731,강원감영,시험,평일,20,20,1,20,14.06
34-1,4370731,강원감영,시험,토요일,09,09,1,09,16.27
34-1,4370731,강원감영,시험,토요일,11,11,1,11,17.37
34-1,4370731,강원감영,시험,토요일,14,14,1,14,21.3
34-1,4370731,강원감영,시험,토요일,17,17,1,17,15.21
34-1,4370731,강원감영,시험,토요일,20,20,1,20,18.67
34-1,4370731,강원감영,시험,일요일·공휴일,10,18,9,16,19.67
34-1,4370731,강원감영,계절학기,평일,08,18,11,16,24.61
34-1,4370731,강원감영,계절학기,토요일,10,16,7,10,19.97
34-1,4370731,강원감영,계절학기,토요일,18,18,1,18,13.47
34-1,4370731,강원감영,계절학기,일요일·공휴일,11,13,3,12,14.76
34-1,4370731,강원감영,방학,평일,08,19,12,14,29.89
34-1,4370731,강원감영,방학,토요일,10,18,9,14,21.94
34-1,4370731,강원감영,방학,일요일·공휴일,11,18,8,17,19.44
34-1,4370821,남원로남부시장,학기,평일,08,19,12,12,29.46
34-1,4370821,남원로남부시장,학기,토요일,08,19,12,14,21.82
34-1,4370821,남원로남부시장,학기,토요일,21,21,1,21,15.34
34-1,4370821,남원로남부시장,학기,일요일·공휴일,10,10,1,10,13.45
34-1,4370821,남원로남부시장,학기,일요일·공휴일,12,21,10,21,28.48
34-1,4370821,남원로남부시장,시험,평일,08,18,11,13,25.84
34-1,4370821,남원로남부시장,시험,토요일,06,06,1,06,15.19
34-1,4370821,남원로남부시장,시험,토요일,09,09,1,09,16.02
34-1,4370821,남원로남부시장,시험,토요일,11,15,5,14,21.3
34-1,4370821,남원로남부시장,시험,토요일,17,18,2,18,14.76
34-1,4370821,남원로남부시장,시험,토요일,20,20,1,20,19.5
34-1,4370821,남원로남부시장,시험,일요일·공휴일,08,08,1,08,13.6
34-1,4370821,남원로남부시장,시험,일요일·공휴일,10,17,8,16,20.25
34-1,4370821,남원로남부시장,시험,일요일·공휴일,20,20,1,20,21.04
34-1,4370821,남원로남부시장,계절학기,평일,08,18,11,16,27.53
34-1,4370821,남원로남부시장,계절학기,토요일,10,12,3,11,22.04
34-1,4370821,남원로남부시장,계절학기,토요일,14,16,3,16,15.13
34-1,4370821,남원로남부시장,계절학기,일요일·공휴일,11,13,3,12,15.19
34-1,4370821,남원로남부시장,방학,평일,08,08,1,08,18.25
34-1,4370821,남원로남부시장,방학,평일,10,18,9,14,32.13
34-1,4370821,남원로남부시장,방학,토요일,10,18,9,14,23.82
34-1,4370821,남원로남부시장,방학,일요일·공휴일,11,19,9,14,20.77
34-1,4370821,남원로남부시장,방학,일요일·공휴일,21,21,1,21,15.03
34-1,4370831,대성현대아파트,학기,평일,08,19,12,17,32.85
34-1,4370831,대성현대아파트,학기,토요일,08,18,11,14,22.4
34-1,4370831,대성현대아파트,학기,토요일,20,21,2,20,14.88
34-1,4370831,대성현대아파트,학기,일요일·공휴일,10,10,1,10,15.64
34-1,4370831,대성현대아파트,학기,일요일·공휴일,12,21,10,21,28.77
34-1,4370831,대성현대아파트,시험,평일,08,18,11,18,26.73
34-1,4370831,대성현대아파트,시험,토요일,09,09,1,09,16.35
34-1,4370831,대성현대아파트,시험,토요일,11,15,5,14,21.63
34-1,4370831,대성현대아파트,시험,토요일,17,18,2,17,14.88
34-1,4370831,대성현대아파트,시험,토요일,20,20,1,20,19.17
34-1,4370831,대성현대아파트,시험,일요일·공휴일,11,12,2,12,21.03
34-1,4370831,대성현대아파트,시험,일요일·공휴일,15,18,4,16,20.08
34-1,4370831,대성현대아파트,시험,일요일·공휴일,20,21,2,20,20.79
34-1,4370831,대성현대아파트,계절학기,평일,08,18,11,16,25.53
34-1,4370831,대성현대아파트,계절학기,토요일,10,12,3,11,27.21
34-1,4370831,대성현대아파트,계절학기,토요일,15,16,2,16,14.7
34-1,4370831,대성현대아파트,계절학기,일요일·공휴일,12,13,2,12,15.72
34-1,4370831,대성현대아파트,방학,평일,08,18,11,14,31.06
34-1,4370831,대성현대아파트,방학,토요일,10,17,8,14,20.66
34-1,4370831,대성현대아파트,방학,일요일·공휴일,10,10,1,10,13.36
34-1,4370831,대성현대아파트,방학,일요일·공휴일,12,19,8,14,21.39
34-1,4370841,향교입구,학기,평일,08,19,12,12,32.08
34-1,4370841,향교입구,학기,토요일,08,18,11,12,20.05
34-1,4370841,향교입구,학기,일요일·공휴일,10,10,1,10,14.61
34-1,4370841,향교입구,학기,일요일·공휴일,12,21,10,21,24.28
34-1,4370841,향교입구,시험,평일,08,18,11,15,26.25
34-1,4370841,향교입구,시험,토요일,06,06,1,06,15.52
34-1,4370841,향교입구,시험,토요일,11,11,1,11,16.96
34-1,4370841,향교입구,시험,토요일,13,13,1,13,16.11
34-1,4370841,향교입구,시험,토요일,20,20,1,20,19.5
34-1,4370841,향교입구,시험,일요일·공휴일,08,08,1,08,15.6
34-1,4370841,향교입구,시험,일요일·공휴일,12,14,3,14,20.86
34-1,4370841,향교입구,시험,일요일·공휴일,16,18,3,16,18.92
34-1,4370841,향교입구,시험,일요일·공휴일,21,21,1,21,20.06
34-1,4370841,향교입구,계절학기,평일,08,18,11,16,24.75
34-1,4370841,향교입구,계절학기,토요일,11,13,3,11,18.38
34-1,4370841,향교입구,계절학기,토요일,16,16,1,16,13.98
34-1,4370841,향교입구,계절학기,일요일·공휴일,12,13,2,13,14.67
34-1,4370841,향교입구,방학,평일,08,18,11,14,32.07
34-1,4370841,향교입구,방학,토요일,10,17,8,14,24.68
34-1,4370841,향교입구,방학,일요일·공휴일,12,12,1,12,16.4
34-1,4370841,향교입구,방학,일요일·공휴일,14,18,5,14,19.36
34-1,4370851,젊음의광장사거리,학기,평일,08,19,12,12,30.89
34-1,4370851,젊음의광장사거리,학기,토요일,09,19,11,12,21.37
34-1,4370851,젊음의광장사거리,학기,토요일,21,21,1,21,13.64
34-1,4370851,젊음의광장사거리,학기,일요일·공휴일,10,10,1,10,14.82
34-1,4370851,젊음의광장사거리,학기,일요일·공휴일,12,21,10,21,26.97
34-1,4370851,젊음의광장사거리,시험,평일,08,18,11,13,24.61
34-1,4370851,젊음의광장사거리,시험,토요일,06,06,1,06,15.19
34-1,4370851,젊음의광장사거리,시험,토요일,09,09,1,09,16.02
34-1,4370851,젊음의광장사거리,시험,토요일,11,11,1,11,16.04
34-1,4370851,젊음의광장사거리,시험,토요일,14,15,2,14,21.46
34-1,4370851,젊음의광장사거리,시험,토요일,20,20,1,20,19.83
34-1,4370851,젊음의광장사거리,시험,일요일·공휴일,10,15,6,14,20.52
34-1,4370851,젊음의광장사거리,시험,일요일·공휴일,17,18,2,17,15.13
34-1,4370851,젊음의광장사거리,시험,일요일·공휴일,20,20,1,20,21.29
34-1,4370851,젊음의광장사거리,계절학기,평일,08,18,11,16,25.76
34-1,4370851,젊음의광장사거리,계절학기,토요일,10,12,3,10,17.97
34-1,4370851,젊음의광장사거리,계절학기,토요일,16,16,1,16,13.27
34-1,4370851,젊음의광장사거리,계절학기,일요일·공휴일,12,13,2,12,15.26
34-1,4370851,젊음의광장사거리,계절학기,일요일·공휴일,17,17,1,17,13.24
34-1,4370851,젊음의광장사거리,방학,평일,08,08,1,08,18.37
34-1,4370851,젊음의광장사거리,방학,평일,10,18,9,14,33.05
34-1,4370851,젊음의광장사거리,방학,토요일,11,17,7,14,21.18
34-1,4370851,젊음의광장사거리,방학,일요일·공휴일,12,18,7,14,20.31
34-1,4370861,원주의료원,학기,평일,07,18,12,13,38.26
34-1,4370861,원주의료원,학기,토요일,08,18,11,10,26.02
34-1,4370861,원주의료원,학기,일요일·공휴일,08,18,11,10,18.01
34-1,4370861,원주의료원,학기,일요일·공휴일,21,21,1,21,16.16
34-1,4370861,원주의료원,시험,평일,08,18,11,13,29.39
34-1,4370861,원주의료원,시험,토요일,09,15,7,11,18.54
34-1,4370861,원주의료원,시험,토요일,20,20,1,20,15.83
34-1,4370861,원주의료원,시험,일요일·공휴일,11,13,3,12,23.2
34-1,4370861,원주의료원,시험,일요일·공휴일,16,18,3,16,16.92
34-1,4370861,원주의료원,시험,일요일·공휴일,20,21,2,21,17.56
34-1,4370861,원주의료원,계절학기,평일,08,18,11,11,25.99
34-1,4370861,원주의료원,계절학기,토요일,09,16,8,11,21.8
34-1,4370861,원주의료원,계절학기,일요일·공휴일,11,11,1,11,14.18
34-1,4370861,원주의료원,계절학기,일요일·공휴일,13,13,1,13,14.44
34-1,4370861,원주의료원,방학,평일,08,18,11,13,30.19
34-1,4370861,원주의료원,방학,토요일,08,16,9,12,21.15
34-1,4370861,원주의료원,방학,일요일·공휴일,08,08,1,08,13.45
34-1,4370861,원주의료원,방학,일요일·공휴일,10,16,7,14,22.37
34-1,4370871,단구2차아파트,학기,평일,06,06,1,06,16.69
34-1,4370871,단구2차아파트,학기,평일,08,21,14,18,28.31
34-1,4370871,단구2차아파트,학기,토요일,08,08,1,08,19.88
34-1,4370871,단구2차아파트,학기,토요일,10,17,8,16,19.1
34-1,4370871,단구2차아파트,학기,토요일,20,21,2,21,16.21
34-1,4370871,단구2차아파트,학기,일요일·공휴일,08,08,1,08,13.89
34-1,4370871,단구2차아파트,학기,일요일·공휴일,10,10,1,10,15.52
34-1,4370871,단구2차아파트,학기,일요일·공휴일,12,21,10,18,29.15
34-1,4370871,단구2차아파트,시험,평일,08,18,11,08,24.9
34-1,4370871,단구2차아파트,시험,토요일,06,06,1,06,16.35
34-1,4370871,단구2차아파트,시험,토요일,09,09,1,09,15.6
34-1,4370871,단구2차아파트,시험,토요일,11,12,2,12,18.06
34-1,4370871,단구2차아파트,시험,토요일,14,15,2,14,16.8
34-1,4370871,단구2차아파트,시험,토요일,17,17,1,17,13.71
34-1,4370871,단구2차아파트,시험,토요일,20,20,1,20,19.83
34-1,4370871,단구2차아파트,시험,일요일·공휴일,11,17,7,14,22.02
34-1,4370871,단구2차아파트,시험,일요일·공휴일,20,21,2,21,20.39
34-1,4370871,단구2차아파트,계절학기,평일,08,08,1,08,22.14
34-1,4370871,단구2차아파트,계절학기,평일,10,18,9,16,21.54
34-1,4370871,단구2차아파트,계절학기,토요일,10,11,2,11,22.55
34-1,4370871,단구2차아파트,계절학기,토요일,13,14,2,13,14.32
34-1,4370871,단구2차아파트,방학,평일,08,08,1,08,22.26
34-1,4370871,단구2차아파트,방학,평일,10,18,9,14,27.33
34-1,4370871,단구2차아파트,방학,토요일,11,16,6,14,20.32
34-1,4370871,단구2차아파트,방학,일요일·공휴일,12,19,8,15,17.12
34-1,4370881,원주시시설관리공단,학기,평일,06,18,13,12,30.61
34-1,4370881,원주시시설관리공단,학기,토요일,08,08,1,08,20.78
34-1,4370881,원주시시설관리공단,학기,토요일,10,19,10,10,19.02
34-1,4370881,원주시시설관리공단,학기,토요일,21,21,1,21,14.26
34-1,4370881,원주시시설관리공단,학기,일요일·공휴일,08,08,1,08,14.92
34-1,4370881,원주시시설관리공단,학기,일요일·공휴일,10,10,1,10,15.42
34-1,4370881,원주시시설관리공단,학기,일요일·공휴일,12,21,10,20,26.02
34-1,4370881,원주시시설관리공단,시험,평일,08,18,11,08,25.06
34-1,4370881,원주시시설관리공단,시험,평일,20,20,1,20,13.41
34-1,4370881,원주시시설관리공단,시험,토요일,06,06,1,06,15.52
34-1,4370881,원주시시설관리공단,시험,토요일,12,12,1,12,19.9
34-1,4370881,원주시시설관리공단,시험,토요일,15,15,1,15,14.48
34-1,4370881,원주시시설관리공단,시험,토요일,20,20,1,20,19.5
34-1,4370881,원주시시설관리공단,시험,일요일·공휴일,08,08,1,08,15.27
34-1,4370881,원주시시설관리공단,시험,일요일·공휴일,10,18,9,14,22.36
34-1,4370881,원주시시설관리공단,시험,일요일·공휴일,20,21,2,21,20.39
34-1,4370881,원주시시설관리공단,계절학기,평일,08,08,1,08,20.12
34-1,4370881,원주시시설관리공단,계절학기,평일,11,18,8,16,20.75
34-1,4370881,원주시시설관리공단,계절학기,토요일,10,11,2,11,17.55
34-1,4370881,원주시시설관리공단,방학,평일,08,18,11,14,28.42
34-1,4370881,원주시시설관리공단,방학,토요일,10,16,7,15,18.58
34-1,4370881,원주시시설관리공단,방학,일요일·공휴일,08,08,1,08,15.21
34-1,4370881,원주시시설관리공단,방학,일요일·공휴일,10,10,1,10,13.64
34-1,4370881,원주시시설관리공단,방학,일요일·공휴일,12,18,7,14,19.23
34-1,4371111,성지병원,학기,평일,08,19,12,13,34.52
34-1,4371111,성지병원,학기,토요일,08,18,11,14,25.94
34-1,4371111,성지병원,학기,일요일·공휴일,09,11,3,11,17.23
34-1,4371111,성지병원,학기,일요일·공휴일,13,19,7,15,24.23
34-1,4371111,성지병원,학기,일요일·공휴일,21,21,1,21,14.23
34-1,4371111,성지병원,시험,평일,08,18,11,13,28.64
34-1,4371111,성지병원,시험,토요일,09,14,6,11,21.21
34-1,4371111,성지병원,시험,일요일·공휴일,08,08,1,08,13.77
34-1,4371111,성지병원,시험,일요일·공휴일,11,12,2,12,21.45
34-1,4371111,성지병원,시험,일요일·공휴일,16,16,1,16,15.25
34-1,4371111,성지병원,시험,일요일·공휴일,18,18,1,18,13.31
34-1,4371111,성지병원,계절학기,평일,08,18,11,13,28.1
34-1,4371111,성지병원,계절학기,토요일,10,16,7,11,21.61
34-1,4371111,성지병원,계절학기,일요일·공휴일,11,11,1,11,13.38
34-1,4371111,성지병원,계절학기,일요일·공휴일,13,13,1,13,17.53
34-1,4371111,성지병원,계절학기,일요일·공휴일,15,15,1,15,13.32
34-1,4371111,성지병원,방학,평일,08,18,11,08,29.75
34-1,4371111,성지병원,방학,토요일,09,13,5,12,24.56
34-1,4371111,성지병원,방학,토요일,15,16,2,15,21.72
34-1,4371111,성지병원,방학,토요일,18,18,1,18,13.96
34-1,4371111,성지병원,방학,일요일·공휴일,10,17,8,13,20.61
34-1,4371181,SK텔레콤원주지점,학기,평일,08,08,1,08,13.79
34-1,4371181,SK텔레콤원주지점,학기,평일,12,12,1,12,14.48
34-1,4371181,SK텔레콤원주지점,학기,평일,15,18,4,16,19.23
34-1,4371181,SK텔레콤원주지점,학기,토요일,11,11,1,11,14.88
34-1,4371181,SK텔레콤원주지점,학기,토요일,14,14,1,14,15.29
34-1,4371181,SK텔레콤원주지점,학기,토요일,16,16,1,16,14.27
34-1,4371181,SK텔레콤원주지점,학기,토요일,18,18,1,18,14.11
34-1,4371181,SK텔레콤원주지점,학기,일요일·공휴일,18,19,2,18,14.92
34-1,4371181,SK텔레콤원주지점,학기,일요일·공휴일,21,21,1,21,16.34
34-1,4371181,SK텔레콤원주지점,시험,평일,08,08,1,08,16.23
34-1,4371181,SK텔레콤원주지점,시험,평일,11,18,8,16,21.3
34-1,4371181,SK텔레콤원주지점,시험,토요일,09,09,1,09,18.19
34-1,4371181,SK텔레콤원주지점,시험,토요일,11,14,4,14,16.63
34-1,4371181,SK텔레콤원주지점,시험,토요일,20,20,1,20,14.67
34-1,4371181,SK텔레콤원주지점,시험,일요일·공휴일,11,11,1,11,15.21
34-1,4371181,SK텔레콤원주지점,시험,일요일·공휴일,13,14,2,13,16.32
34-1,4371181,SK텔레콤원주지점,시험,일요일·공휴일,16,17,2,16,14.83
34-1,4371181,SK텔레콤원주지점,시험,일요일·공휴일,20,20,1,20,18.63
34-1,4371181,SK텔레콤원주지점,계절학기,평일,08,08,1,08,13.89
34-1,4371181,SK텔레콤원주지점,계절학기,평일,12,18,7,18,16.74
34-1,4371181,SK텔레콤원주지점,계절학기,토요일,11,11,1,11,16.33
34-1,4371181,SK텔레콤원주지점,계절학기,토요일,13,13,1,13,14.74
34-1,4371181,SK텔레콤원주지점,계절학기,토요일,16,16,1,16,17.84
34-1,4371181,SK텔레콤원주지점,방학,평일,13,18,6,18,22.66
34-1,4371181,SK텔레콤원주지점,방학,토요일,13,16,4,14,15.36
34-1,4371181,SK텔레콤원주지점,방학,토요일,18,18,1,18,13.25
34-1,4371181,SK텔레콤원주지점,방학,일요일·공휴일,15,15,1,15,14.15
34-1,4371181,SK텔레콤원주지점,방학,일요일·공휴일,17,17,1,17,13.5
34-1,4371191,금불사거리,학기,평일,07,10,4,08,19.8
34-1,4371191,금불사거리,학기,평일,12,13,2,13,20.3
34-1,4371191,금불사거리,학기,평일,15,17,3,16,15.42
34-1,4371191,금불사거리,학기,토요일,08,14,7,12,16.82
34-1,4371191,금불사거리,학기,일요일·공휴일,12,12,1,12,16.16
34-1,4371191,금불사거리,학기,일요일·공휴일,14,14,1,14,16.55
34-1,4371191,금불사거리,시험,평일,08,18,11,08,24.01
34-1,4371191,금불사거리,시험,토요일,09,09,1,09,15.19
34-1,4371191,금불사거리,시험,토요일,13,15,3,14,19.21
34-1,4371191,금불사거리,시험,토요일,18,18,1,18,13.26
34-1,4371191,금불사거리,시험,토요일,20,20,1,20,14.67
34-1,4371191,금불사거리,시험,일요일·공휴일,11,11,1,11,14.87
34-1,4371191,금불사거리,시험,일요일·공휴일,14,16,3,14,17.86
34-1,4371191,금불사거리,시험,일요일·공휴일,20,20,1,20,16.63
34-1,4371191,금불사거리,계절학기,평일,08,15,8,13,21.0
34-1,4371191,금불사거리,계절학기,평일,17,17,1,17,14.27
34-1,4371191,금불사거리,계절학기,토요일,10,12,3,11,17.33
34-1,4371191,금불사거리,계절학기,토요일,14,15,2,15,15.11
34-1,4371191,금불사거리,방학,평일,08,14,7,14,20.05
34-1,4371191,금불사거리,방학,평일,16,16,1,16,13.99
34-1,4371191,금불사거리,방학,토요일,11,16,6,13,19.09
34-1,4371191,금불사거리,방학,일요일·공휴일,12,12,1,12,13.47
34-1,4371191,금불사거리,방학,일요일·공휴일,14,14,1,14,14.65
34-1,4371201,단계삼익아파트,학기,평일,15,16,2,16,18.17
34-1,4371201,단계삼익아파트,학기,평일,18,18,1,18,15.77
34-1,4371201,단계삼익아파트,학기,토요일,11,14,4,11,15.02
34-1,4371201,단계삼익아파트,학기,일요일·공휴일,14,14,1,14,13.24
34-1,4371201,단계삼익아파트,학기,일요일·공휴일,18,18,1,18,13.99
34-1,4371201,단계삼익아파트,학기,일요일·공휴일,20,21,2,21,17.34
34-1,4371201,단계삼익아파트,시험,평일,08,08,1,08,15.14
34-1,4371201,단계삼익아파트,시험,평일,11,18,8,16,20.55
34-1,4371201,단계삼익아파트,시험,토요일,09,09,1,09,18.85
34-1,4371201,단계삼익아파트,시험,토요일,12,14,3,14,16.46
34-1,4371201,단계삼익아파트,시험,토요일,20,20,1,20,14.67
34-1,4371201,단계삼익아파트,시험,일요일·공휴일,11,11,1,11,15.54
34-1,4371201,단계삼익아파트,시험,일요일·공휴일,17,18,2,18,14.31
34-1,4371201,단계삼익아파트,시험,일요일·공휴일,20,21,2,21,18.89
34-1,4371201,단계삼익아파트,계절학기,평일,13,13,1,13,15.53
34-1,4371201,단계삼익아파트,계절학기,평일,15,18,4,18,16.55
34-1,4371201,단계삼익아파트,계절학기,토요일,11,11,1,11,17.55
34-1,4371201,단계삼익아파트,계절학기,토요일,13,16,4,16,14.98
34-1,4371201,단계삼익아파트,계절학기,토요일,18,18,1,18,15.04
34-1,4371201,단계삼익아파트,방학,평일,12,16,5,15,18.31
34-1,4371201,단계삼익아파트,방학,평일,18,18,1,18,17.24
34-1,4371201,단계삼익아파트,방학,토요일,14,16,3,14,16.68
34-1,4371201,단계삼익아파트,방학,일요일·공휴일,15,15,1,15,15.18
34-1,4371201,단계삼익아파트,방학,일요일·공휴일,17,17,1,17,13.83
34-1,4371201,단계삼익아파트,방학,일요일·공휴일,21,21,1,21,13.77
34-1,4371741,e편한세상아파트,학기,평일,07,18,12,08,20.45
34-1,4371741,e편한세상아파트,학기,토요일,08,14,7,12,20.45
34-1,4371741,e편한세상아파트,학기,일요일·공휴일,12,12,1,12,16.33
34-1,4371741,e편한세상아파트,학기,일요일·공휴일,14,14,1,14,19.0
34-1,4371741,e편한세상아파트,시험,평일,08,18,11,08,21.21
34-1,4371741,e편한세상아파트,시험,토요일,06,06,1,06,13.94
34-1,4371741,e편한세상아파트,시험,토요일,09,09,1,09,15.6
34-1,4371741,e편한세상아파트,시험,토요일,11,15,5,14,19.38
34-1,4371741,e편한세상아파트,시험,토요일,20,20,1,20,13.83
34-1,4371741,e편한세상아파트,시험,일요일·공휴일,12,16,5,12,19.87
34-1,4371741,e편한세상아파트,시험,일요일·공휴일,20,21,2,20,15.63
34-1,4371741,e편한세상아파트,계절학기,평일,08,17,10,13,22.56
34-1,4371741,e편한세상아파트,계절학기,토요일,09,15,7,11,17.11
34-1,4371741,e편한세상아파트,계절학기,일요일·공휴일,11,13,3,11,14.91
34-1,4371741,e편한세상아파트,방학,평일,08,14,7,10,20.65
34-1,4371741,e편한세상아파트,방학,토요일,11,16,6,14,18.0
34-1,4371741,e편한세상아파트,방학,일요일·공휴일,14,14,1,14,15.08
34-1,4371781,KBS방송국,학기,평일,08,19,12,12,29.75
34-1,4371781,KBS방송국,학기,토요일,08,21,14,14,20.67
34-1,4371781,KBS방송국,학기,일요일·공휴일,08,08,1,08,14.69
34-1,4371781,KBS방송국,학기,일요일·공휴일,12,21,10,20,26.9
34-1,4371781,KBS방송국,시험,평일,08,18,11,13,25.54
34-1,4371781,KBS방송국,시험,토요일,06,06,1,06,14.52
34-1,4371781,KBS방송국,시험,토요일,09,09,1,09,16.02
34-1,4371781,KBS방송국,시험,토요일,11,12,2,12,17.48
34-1,4371781,KBS방송국,시험,토요일,14,15,2,14,21.63
34-1,4371781,KBS방송국,시험,토요일,20,20,1,20,17.25
34-1,4371781,KBS방송국,시험,일요일·공휴일,08,08,1,08,16.1
34-1,4371781,KBS방송국,시험,일요일·공휴일,10,18,9,16,20.0
34-1,4371781,KBS방송국,시험,일요일·공휴일,20,21,2,20,21.63
34-1,4371781,KBS방송국,계절학기,평일,08,18,11,14,25.88
34-1,4371781,KBS방송국,계절학기,토요일,11,12,2,11,23.3
34-1,4371781,KBS방송국,계절학기,토요일,15,16,2,15,15.18
34-1,4371781,KBS방송국,계절학기,토요일,18,18,1,18,13.47
34-1,4371781,KBS방송국,계절학기,일요일·공휴일,12,13,2,12,16.42
34-1,4371781,KBS방송국,방학,평일,08,19,12,14,30.97
34-1,4371781,KBS방송국,방학,토요일,10,18,9,14,23.0
34-1,4371781,KBS방송국,방학,토요일,21,21,1,21,13.99
34-1,4371781,KBS방송국,방학,일요일·공휴일,11,21,11,14,20.26
34-1,4371871,금불사거리,학기,평일,08,08,1,08,14.31
34-1,4371871,금불사거리,학기,평일,15,18,4,16,17.59
34-1,4371871,금불사거리,학기,토요일,11,11,1,11,15.36
34-1,4371871,금불사거리,학기,토요일,13,14,2,14,14.01
34-1,4371871,금불사거리,학기,일요일·공휴일,14,14,1,14,13.34
34-1,4371871,금불사거리,학기,일요일·공휴일,17,21,5,20,17.35
34-1,4371871,금불사거리,시험,평일,08,08,1,08,17.68
34-1,4371871,금불사거리,시험,평일,12,18,7,16,21.39
34-1,4371871,금불사거리,시험,토요일,09,09,1,09,16.69
34-1,4371871,금불사거리,시험,토요일,12,14,3,14,15.63
34-1,4371871,금불사거리,시험,일요일·공휴일,11,11,1,11,14.71
34-1,4371871,금불사거리,시험,일요일·공휴일,13,14,2,14,15.02
34-1,4371871,금불사거리,시험,일요일·공휴일,20,20,1,20,18.29
34-1,4371871,금불사거리,계절학기,평일,12,13,2,12,16.23
34-1,4371871,금불사거리,계절학기,평일,15,18,4,16,15.63
34-1,4371871,금불사거리,계절학기,토요일,11,11,1,11,15.04
34-1,4371871,금불사거리,계절학기,토요일,13,13,1,13,14.74
34-1,4371871,금불사거리,계절학기,토요일,16,16,1,16,13.9
34-1,4371871,금불사거리,계절학기,토요일,18,18,1,18,14.61
34-1,4371871,금불사거리,방학,평일,12,16,5,15,18.63
34-1,4371871,금불사거리,방학,평일,18,18,1,18,18.84
34-1,4371871,금불사거리,방학,토요일,13,13,1,13,14.3
34-1,4371871,금불사거리,방학,토요일,15,15,1,15,14.55
34-1,4371871,금불사거리,방학,일요일·공휴일,14,15,2,15,14.95
34-1,4371971,단계현진아파트,학기,평일,08,10,3,08,17.55
34-1,4371971,단계현진아파트,학기,평일,12,13,2,12,18.64
34-1,4371971,단계현진아파트,학기,평일,16,18,3,17,16.24
34-1,4371971,단계현진아파트,학기,토요일,08,14,7,12,21.39
34-1,4371971,단계현진아파트,학기,토요일,16,16,1,16,13.45
34-1,4371971,단계현진아파트,학기,일요일·공휴일,12,12,1,12,15.93
34-1,4371971,단계현진아파트,학기,일요일·공휴일,14,14,1,14,17.26
34-1,4371971,단계현진아파트,학기,일요일·공휴일,16,16,1,16,14.82
34-1,4371971,단계현진아파트,학기,일요일·공휴일,19,19,1,19,13.5
34-1,4371971,단계현진아파트,학기,일요일·공휴일,21,21,1,21,17.46
34-1,4371971,단계현진아파트,시험,평일,08,18,11,16,19.75
34-1,4371971,단계현진아파트,시험,토요일,11,14,4,14,19.8
34-1,4371971,단계현진아파트,시험,일요일·공휴일,11,12,2,12,19.2
34-1,4371971,단계현진아파트,시험,일요일·공휴일,16,16,1,16,14.92
34-1,4371971,단계현진아파트,계절학기,평일,08,08,1,08,14.3
34-1,4371971,단계현진아파트,계절학기,평일,10,17,8,12,18.83
34-1,4371971,단계현진아파트,계절학기,토요일,10,11,2,11,17.26
34-1,4371971,단계현진아파트,계절학기,토요일,13,13,1,13,14.54
34-1,4371971,단계현진아파트,계절학기,토요일,15,15,1,15,14.87
34-1,4371971,단계현진아파트,계절학기,일요일·공휴일,11,11,1,11,15.4
34-1,4371971,단계현진아파트,방학,평일,08,08,1,08,18.77
34-1,4371971,단계현진아파트,방학,평일,10,14,5,12,18.13
34-1,4371971,단계현진아파트,방학,평일,17,18,2,18,13.62
34-1,4371971,단계현진아파트,방학,토요일,11,16,6,13,16.24
34-1,4371971,단계현진아파트,방학,일요일·공휴일,12,12,1,12,13.28
34-1,4371971,단계현진아파트,방학,일요일·공휴일,14,14,1,14,17.49
34-1,4371981,옛합동청사,학기,평일,08,19,12,16,23.82
34-1,4371981,옛합동청사,학기,토요일,08,16,9,12,23.31
34-1,4371981,옛합동청사,학기,토요일,18,18,1,18,13.72
34-1,4371981,옛합동청사,학기,일요일·공휴일,10,10,1,10,16.9
34-1,4371981,옛합동청사,학기,일요일·공휴일,14,15,2,15,18.31
34-1,4371981,옛합동청사,학기,일요일·공휴일,17,21,5,21,28.68
34-1,4371981,옛합동청사,시험,평일,08,10,3,08,21.34
34-1,4371981,옛합동청사,시험,평일,12,16,5,13,24.82
34-1,4371981,옛합동청사,시험,평일,18,18,1,18,20.61
34-1,4371981,옛합동청사,시험,토요일,14,15,2,14,20.46
34-1,4371981,옛합동청사,시험,일요일·공휴일,12,12,1,12,20.37
34-1,4371981,옛합동청사,시험,일요일·공휴일,15,15,1,15,17.46
34-1,4371981,옛합동청사,계절학기,평일,08,09,2,09,17.23
34-1,4371981,옛합동청사,계절학기,평일,11,11,1,11,21.97
34-1,4371981,옛합동청사,계절학기,평일,14,19,6,15,17.43
34-1,4371981,옛합동청사,계절학기,토요일,12,12,1,12,14.86
34-1,4371981,옛합동청사,계절학기,토요일,14,14,1,14,13.57
34-1,4371981,옛합동청사,계절학기,토요일,18,18,1,18,15.71
34-1,4371981,옛합동청사,방학,평일,08,19,12,14,26.72
34-1,4371981,옛합동청사,방학,토요일,10,10,1,10,16.77
34-1,4371981,옛합동청사,방학,토요일,12,15,4,14,17.92
34-1,4371981,옛합동청사,방학,일요일·공휴일,10,10,1,10,13.41
34-1,4371981,옛합동청사,방학,일요일·공휴일,12,16,5,16,15.77
34-1,4371981,옛합동청사,방학,일요일·공휴일,18,18,1,18,13.95
34-1,4371981,옛합동청사,방학,일요일·공휴일,21,21,1,21,17.44
34-1,4372311,구곡현대아파트,학기,평일,07,19,13,13,37.27
34-1,4372311,구곡현대아파트,학기,토요일,08,16,9,13,24.43
34-1,4372311,구곡현대아파트,학기,토요일,18,18,1,18,20.84
34-1,4372311,구곡현대아파트,학기,일요일·공휴일,09,11,3,11,17.37
34-1,4372311,구곡현대아파트,학기,일요일·공휴일,13,18,6,18,18.95
34-1,4372311,구곡현대아파트,학기,일요일·공휴일,21,21,1,21,15.96
34-1,4372311,구곡현대아파트,시험,평일,08,18,11,16,31.45
34-1,4372311,구곡현대아파트,시험,토요일,08,09,2,09,18.52
34-1,4372311,구곡현대아파트,시험,토요일,11,13,3,11,19.37
34-1,4372311,구곡현대아파트,시험,토요일,18,18,1,18,13.76
34-1,4372311,구곡현대아파트,시험,토요일,20,20,1,20,15.5
34-1,4372311,구곡현대아파트,시험,일요일·공휴일,11,13,3,13,18.4
34-1,4372311,구곡현대아파트,시험,일요일·공휴일,16,18,3,17,15.13
34-1,4372311,구곡현대아파트,시험,일요일·공휴일,20,20,1,20,18.13
34-1,4372311,구곡현대아파트,계절학기,평일,08,18,11,11,23.43
34-1,4372311,구곡현대아파트,계절학기,토요일,10,11,2,11,20.9
34-1,4372311,구곡현대아파트,계절학기,토요일,13,17,5,15,15.85
34-1,4372311,구곡현대아파트,계절학기,일요일·공휴일,11,12,2,11,15.75
34-1,4372311,구곡현대아파트,방학,평일,08,18,11,13,27.35
34-1,4372311,구곡현대아파트,방학,토요일,10,16,7,13,21.51
34-1,4372311,구곡현대아파트,방학,일요일·공휴일,11,16,6,13,19.4
34-1,4372311,구곡현대아파트,방학,일요일·공휴일,18,18,1,18,13.5
34-1,4372661,단계사거리,학기,평일,16,16,1,16,14.74
34-1,4372661,단계사거리,학기,토요일,11,11,1,11,14.15
34-1,4372661,단계사거리,시험,평일,09,09,1,09,14.79
34-1,4372661,단계사거리,시험,평일,12,14,3,13,19.65
34-1,4372661,단계사거리,시험,평일,16,18,3,18,14.41
34-1,4372661,단계사거리,시험,토요일,09,11,3,09,18.52
34-1,4372661,단계사거리,시험,토요일,14,14,1,14,16.13
34-1,4372661,단계사거리,시험,일요일·공휴일,13,13,1,13,14.07
34-1,4372661,단계사거리,시험,일요일·공휴일,15,17,3,16,15.25
34-1,4372661,단계사거리,시험,일요일·공휴일,20,20,1,20,20.46
34-1,4372661,단계사거리,계절학기,토요일,11,11,1,11,16.38
34-1,4372661,단계사거리,계절학기,토요일,15,15,1,15,13.68
34-1,4372671,우산철교.폴리텍대학,학기,평일,16,16,1,16,14.46
34-1,4372671,우산철교.폴리텍대학,학기,토요일,11,11,1,11,16.1
34-1,4372671,우산철교.폴리텍대학,학기,일요일·공휴일,16,16,1,16,13.45
34-1,4372671,우산철교.폴리텍대학,학기,일요일·공휴일,20,21,2,20,15.62
34-1,4372671,우산철교.폴리텍대학,시험,평일,12,18,7,13,17.7
34-1,4372671,우산철교.폴리텍대학,시험,토요일,09,10,2,09,15.19
34-1,4372671,우산철교.폴리텍대학,시험,토요일,12,12,1,12,13.9
34-1,4372671,우산철교.폴리텍대학,시험,일요일·공휴일,12,14,3,12,18.03
34-1,4372671,우산철교.폴리텍대학,시험,일요일·공휴일,17,17,1,17,13.8
34-1,4372671,우산철교.폴리텍대학,시험,일요일·공휴일,20,21,2,20,20.13
34-1,4372671,우산철교.폴리텍대학,계절학기,토요일,16,16,1,16,13.31
34-1,4372681,삼한주유소,시험,평일,10,10,1,10,13.34
34-1,4372681,삼한주유소,시험,평일,13,13,1,13,15.61
34-1,4372681,삼한주유소,시험,평일,15,18,4,17,16.02
34-1,4372681,삼한주유소,시험,토요일,12,12,1,12,13.56
34-1,4372681,삼한주유소,시험,토요일,20,20,1,20,14.08
34-1,4372681,삼한주유소,시험,일요일·공휴일,12,14,3,12,16.2
34-1,4372681,삼한주유소,시험,일요일·공휴일,16,18,3,16,14.92
34-1,4372681,삼한주유소,시험,일요일·공휴일,20,21,2,20,17.13
34-1,4372681,삼한주유소,계절학기,토요일,11,11,1,11,16.46
34-1,4372681,삼한주유소,방학,토요일,11,11,1,11,13.79
34-1,4372691,현대자동차.상공회의소,학기,일요일·공휴일,18,18,1,18,13.98
34-1,4372691,현대자동차.상공회의소,시험,평일,08,09,2,08,15.85
34-1,4372691,현대자동차.상공회의소,시험,평일,12,17,6,13,20.32
34-1,4372691,현대자동차.상공회의소,시험,토요일,09,09,1,09,14.85
34-1,4372691,현대자동차.상공회의소,시험,토요일,14,14,1,14,15.63
34-1,4372691,현대자동차.상공회의소,시험,일요일·공휴일,17,17,1,17,13.3
34-1,4372691,현대자동차.상공회의소,시험,일요일·공휴일,20,20,1,20,17.96
34-1,4372691,현대자동차.상공회의소,계절학기,토요일,11,11,1,11,14.47
34-1,4372701,우리병원,학기,평일,13,13,1,13,14.23
34-1,4372701,우리병원,학기,평일,15,16,2,16,16.14
34-1,4372701,우리병원,학기,토요일,11,11,1,11,14.46
34-1,4372701,우리병원,학기,일요일·공휴일,16,16,1,16,15.23
34-1,4372701,우리병원,학기,일요일·공휴일,18,21,4,19,15.42
34-1,4372701,우리병원,시험,평일,08,09,2,09,15.09
34-1,4372701,우리병원,시험,평일,16,16,1,16,16.84
34-1,4372701,우리병원,시험,평일,18,18,1,18,15.88
34-1,4372701,우리병원,시험,토요일,09,10,2,09,14.52
34-1,4372701,우리병원,시험,일요일·공휴일,14,14,1,14,14.94
34-1,4372701,우리병원,계절학기,평일,16,16,1,16,14.22
34-1,4372701,우리병원,방학,평일,08,08,1,08,15.41
34-1,4372701,우리병원,방학,평일,16,16,1,16,14.91
34-1,4372711,북원교,학기,토요일,10,11,2,11,14.4
34-1,4372711,북원교,학기,토요일,13,13,1,13,13.42
34-1,4372711,북원교,학기,일요일·공휴일,21,21,1,21,13.68
34-1,4372711,북원교,시험,평일,08,08,1,08,15.35
34-1,4372711,북원교,시험,평일,11,12,2,11,13.31
34-1,4372711,북원교,시험,평일,14,14,1,14,14.22
34-1,4372711,북원교,시험,평일,16,16,1,16,16.84
34-1,4372711,북원교,시험,평일,18,18,1,18,15.55
34-1,4372711,북원교,시험,일요일·공휴일,12,13,2,12,17.7
34-1,4372711,북원교,시험,일요일·공휴일,18,18,1,18,13.64
34-1,4372711,북원교,시험,일요일·공휴일,21,21,1,21,16.39
34-1,4372711,북원교,계절학기,평일,15,15,1,15,13.23
34-1,4372711,북원교,계절학기,토요일,11,11,1,11,15.71
34-1,4372711,북원교,방학,평일,08,08,1,08,15.08
34-1,4372721,태장삼거리,시험,평일,08,08,1,08,14.16
34-1,4372721,태장삼거리,시험,평일,13,13,1,13,15.24
34-1,4372721,태장삼거리,시험,토요일,09,09,1,09,13.35
34-1,4372721,태장삼거리,시험,토요일,11,12,2,11,15.21
34-1,4372721,태장삼거리,시험,토요일,14,14,1,14,15.55
34-1,4372721,태장삼거리,시험,토요일,20,20,1,20,13.5
34-1,4372721,태장삼거리,시험,일요일·공휴일,13,14,2,14,14.94
34-1,4372721,태장삼거리,시험,일요일·공휴일,16,16,1,16,14.5
34-1,4372721,태장삼거리,시험,일요일·공휴일,20,21,2,20,17.46
34-1,4372721,태장삼거리,계절학기,토요일,11,11,1,11,16.38
34-1,4372721,태장삼거리,계절학기,토요일,15,15,1,15,13.35
34-1,4372731,태장2동,시험,평일,08,08,1,08,15.02
34-1,4372731,태장2동,시험,평일,12,13,2,13,16.56
34-1,4372731,태장2동,시험,평일,16,16,1,16,14.07
34-1,4372731,태장2동,시험,일요일·공휴일,12,14,3,12,16.62
34-1,4372731,태장2동,시험,일요일·공휴일,16,16,1,16,14.08
34-1,4372731,태장2동,시험,일요일·공휴일,20,21,2,20,16.79
34-1,4372731,태장2동,계절학기,토요일,11,11,1,11,14.04
34-1,4372741,북원중학교,시험,평일,08,08,1,08,14.68
34-1,4372741,북원중학교,시험,평일,13,13,1,13,14.61
34-1,4372741,북원중학교,시험,토요일,11,11,1,11,14.71
34-1,4372741,북원중학교,시험,토요일,14,14,1,14,15.63
34-1,4372741,북원중학교,시험,토요일,20,20,1,20,13.83
34-1,4372741,북원중학교,시험,일요일·공휴일,13,14,2,14,14.77
34-1,4372741,북원중학교,시험,일요일·공휴일,21,21,1,21,15.56
34-1,4372741,북원중학교,계절학기,토요일,11,11,1,11,16.38
34-1,4372751,우성아파트,학기,일요일·공휴일,18,18,1,18,13.22
34-1,4372751,우성아파트,시험,평일,13,13,1,13,18.82
34-1,4372751,우성아파트,시험,평일,16,17,2,17,13.45
34-1,4372751,우성아파트,시험,토요일,20,20,1,20,13.5
34-1,4372751,우성아파트,시험,일요일·공휴일,14,14,1,14,14.19
34-1,4372751,우성아파트,시험,일요일·공휴일,16,16,1,16,13.75
34-1,4372751,우성아파트,시험,일요일·공휴일,21,21,1,21,16.72
34-1,4372751,우성아파트,계절학기,평일,13,13,1,13,14.17
34-1,4372751,우성아파트,계절학기,토요일,11,11,1,11,16.05
34-1,4372751,우성아파트,방학,평일,08,08,1,08,13.49
34-1,4372761,장양초등학교,학기,평일,08,08,1,08,14.79
34-1,4372761,장양초등학교,학기,평일,13,14,2,13,14.13
34-1,4372761,장양초등학교,학기,일요일·공휴일,16,16,1,16,14.06
34-1,4372761,장양초등학교,학기,일요일·공휴일,19,19,1,19,14.76
34-1,4372761,장양초등학교,시험,평일,13,16,4,13,18.49
34-1,4372761,장양초등학교,시험,평일,18,18,1,18,14.38
34-1,4372761,장양초등학교,시험,일요일·공휴일,12,12,1,12,16.2
34-1,4372761,장양초등학교,시험,일요일·공휴일,21,21,1,21,15.22
34-1,4372761,장양초등학교,계절학기,토요일,11,11,1,11,16.05
34-1,4372761,장양초등학교,방학,평일,08,08,1,08,15.08
34-1,4372761,장양초등학교,방학,평일,15,15,1,15,13.4
34-1,4372761,장양초등학교,방학,평일,18,18,1,18,13.46
34-1,4372771,태장농공단지,시험,평일,15,15,1,15,13.72
34-1,4372771,태장농공단지,시험,토요일,11,11,1,11,14.54
34-1,4372771,태장농공단지,시험,일요일·공휴일,12,14,3,12,15.87
34-1,4372771,태장농공단지,시험,일요일·공휴일,20,21,2,20,16.46
34-1,4372771,태장농공단지,계절학기,평일,13,13,1,13,14.17
34-1,4372781,KGC인삼공사원주공장,시험,평일,08,08,1,08,15.02
34-1,4372781,KGC인삼공사원주공장,시험,평일,13,13,1,13,15.56
34-1,4372781,KGC인삼공사원주공장,시험,평일,17,18,2,17,14.52
34-1,4372781,KGC인삼공사원주공장,시험,토요일,14,14,1,14,15.3
34-1,4372781,KGC인삼공사원주공장,시험,일요일·공휴일,13,13,1,13,13.74
34-1,4372781,KGC인삼공사원주공장,계절학기,토요일,11,11,1,11,15.71
34-1,4372791,영진아파트,학기,평일,08,08,1,08,14.45
34-1,4372791,영진아파트,학기,일요일·공휴일,20,20,1,20,14.47
34-1,4372791,영진아파트,시험,평일,08,08,1,08,14.68
34-1,4372791,영진아파트,시험,평일,15,16,2,15,15.34
34-1,4372791,영진아파트,시험,평일,18,18,1,18,14.05
34-1,4372791,영진아파트,시험,토요일,14,14,1,14,14.96
34-1,4372791,영진아파트,시험,일요일·공휴일,13,13,1,13,13.4
34-1,4372791,영진아파트,계절학기,토요일,11,11,1,11,15.71
34-1,4372791,영진아파트,방학,평일,08,08,1,08,14.24
34-1,4372801,부안동,학기,평일,08,09,2,09,14.9
34-1,4372801,부안동,학기,평일,12,13,2,13,18.17
34-1,4372801,부안동,학기,평일,15,15,1,15,13.83
34-1,4372801,부안동,학기,평일,17,17,1,17,13.79
34-1,4372801,부안동,학기,일요일·공휴일,20,21,2,20,15.3
34-1,4372801,부안동,시험,평일,13,13,1,13,18.15
34-1,4372801,부안동,시험,평일,16,16,1,16,16.51
34-1,4372801,부안동,시험,일요일·공휴일,14,14,1,14,13.86
34-1,4372801,부안동,계절학기,평일,13,13,1,13,13.5
34-1,4372801,부안동,방학,평일,08,08,1,08,13.91
34-1,4372801,부안동,방학,평일,13,14,2,13,14.99
34-1,4372811,원대,학기,평일,08,08,1,08,14.45
34-1,4372811,원대,학기,평일,12,12,1,12,14.92
34-1,4372811,원대,학기,평일,16,17,2,17,16.42
34-1,4372811,원대,학기,일요일·공휴일,16,16,1,16,13.4
34-1,4372811,원대,학기,일요일·공휴일,18,21,4,21,15.96
34-1,4372811,원대,계절학기,평일,13,13,1,13,13.5
34-1,4372811,원대,방학,평일,08,08,1,08,13.91
34-1,4372901,원대,학기,평일,13,13,1,13,13.67
34-1,4372901,원대,학기,토요일,11,13,3,12,14.18
34-1,4372901,원대,학기,일요일·공휴일,16,16,1,16,14.06
34-1,4372901,원대,학기,일요일·공휴일,19,19,1,19,13.92
34-1,4372901,원대,시험,평일,15,15,1,15,15.67
34-1,4372901,원대,시험,평일,17,18,2,17,15.19
34-1,4372901,원대,시험,토요일,09,09,1,09,13.69
34-1,4372901,원대,계절학기,평일,13,13,1,13,13.83
34-1,4372901,원대,계절학기,평일,16,16,1,16,13.33
34-1,4372901,원대,방학,평일,13,13,1,13,14.99
34-1,4372911,소초농협앞,학기,평일,14,16,3,16,16.55
34-1,4372911,소초농협앞,학기,평일,18,18,1,18,14.83
34-1,4372911,소초농협앞,시험,평일,08,08,1,08,13.44
34-1,4372911,소초농협앞,계절학기,평일,16,16,1,16,13.33
34-1,4372911,소초농협앞,방학,평일,08,08,1,08,13.91
34-1,4372911,소초농협앞,방학,평일,14,14,1,14,13.36
34-1,4372911,소초농협앞,방학,평일,16,17,2,16,14.06
34-1,4372921,영진아파트,학기,일요일·공휴일,19,19,1,19,13.92
34-1,4372921,영진아파트,시험,평일,12,12,1,12,14.56
34-1,4372921,영진아파트,시험,평일,15,17,3,16,16.84
34-1,4372921,영진아파트,시험,토요일,12,12,1,12,14.15
34-1,4372921,영진아파트,시험,일요일·공휴일,16,16,1,16,14.08
34-1,4372921,영진아파트,방학,토요일,14,14,1,14,13.41
34-1,4372931,KGC인삼공사원주공장,학기,일요일·공휴일,16,16,1,16,15.23
34-1,4372931,KGC인삼공사원주공장,학기,일요일·공휴일,19,19,1,19,14.26
34-1,4372931,KGC인삼공사원주공장,시험,평일,08,08,1,08,14.14
34-1,4372931,KGC인삼공사원주공장,시험,평일,12,12,1,12,14.56
34-1,4372931,KGC인삼공사원주공장,시험,평일,16,16,1,16,17.17
34-1,4372931,KGC인삼공사원주공장,시험,평일,18,18,1,18,14.38
34-1,4372931,KGC인삼공사원주공장,계절학기,평일,16,16,1,16,13.33
34-1,4372931,KGC인삼공사원주공장,방학,평일,14,14,1,14,15.26
34-1,4372931,KGC인삼공사원주공장,방학,평일,16,16,1,16,14.06
34-1,4372941,한국도로공사,시험,평일,16,16,1,16,15.0
34-1,4372941,한국도로공사,시험,토요일,12,12,1,12,13.9
34-1,4372941,한국도로공사,시험,토요일,14,14,1,14,15.3
34-1,4372941,한국도로공사,시험,일요일·공휴일,12,12,1,12,16.2
34-1,4372941,한국도로공사,시험,일요일·공휴일,16,16,1,16,14.08
34-1,4372941,한국도로공사,계절학기,토요일,15,15,1,15,13.51
34-1,4372941,한국도로공사,방학,토요일,11,11,1,11,13.22
34-1,4372961,우성아파트,학기,일요일·공휴일,19,19,1,19,13.92
34-1,4372961,우성아파트,시험,평일,08,08,1,08,13.45
34-1,4372961,우성아파트,시험,평일,10,10,1,10,13.34
34-1,4372961,우성아파트,시험,평일,13,13,1,13,17.56
34-1,4372961,우성아파트,시험,평일,15,18,4,16,15.79
34-1,4372961,우성아파트,시험,일요일·공휴일,12,12,1,12,16.2
34-1,4372961,우성아파트,계절학기,토요일,11,11,1,11,16.05
34-1,4372961,우성아파트,방학,토요일,13,13,1,13,14.35
34-1,4372971,북원중학교,시험,평일,08,08,1,08,14.12
34-1,4372971,북원중학교,시험,평일,13,16,4,13,16.11
34-1,4372971,북원중학교,시험,평일,18,18,1,18,13.29
34-1,4372971,북원중학교,시험,토요일,14,14,1,14,15.3
34-1,4372971,북원중학교,시험,일요일·공휴일,12,12,1,12,16.53
34-1,4372971,북원중학교,방학,토요일,11,11,1,11,14.25
34-1,4372971,북원중학교,방학,토요일,13,13,1,13,14.16
34-1,4372981,태장2동,시험,평일,08,08,1,08,13.76
34-1,4372981,태장2동,시험,평일,13,13,1,13,14.55
34-1,4372981,태장2동,시험,평일,16,16,1,16,15.22
34-1,4372981,태장2동,시험,평일,18,18,1,18,14.28
34-1,4372981,태장2동,시험,토요일,09,09,1,09,14.02
34-1,4372981,태장2동,시험,토요일,14,14,1,14,15.88
34-1,4372981,태장2동,시험,일요일·공휴일,13,15,3,14,14.36
34-1,4372981,태장2동,계절학기,토요일,11,11,1,11,16.05
34-1,4372981,태장2동,계절학기,토요일,15,15,1,15,14.01
34-1,4372991,한일주유소,학기,평일,08,08,1,08,13.22
34-1,4372991,한일주유소,학기,일요일·공휴일,14,14,1,14,13.21
34-1,4372991,한일주유소,시험,평일,08,08,1,08,14.9
34-1,4372991,한일주유소,시험,평일,13,13,1,13,18.49
34-1,4372991,한일주유소,시험,평일,15,18,4,15,16.0
34-1,4372991,한일주유소,시험,토요일,11,12,2,12,15.06
34-1,4372991,한일주유소,시험,토요일,14,14,1,14,16.8
34-1,4372991,한일주유소,시험,토요일,20,20,1,20,13.5
34-1,4372991,한일주유소,시험,일요일·공휴일,14,14,1,14,15.94
34-1,4372991,한일주유소,시험,일요일·공휴일,20,20,1,20,15.63
34-1,4372991,한일주유소,계절학기,토요일,11,11,1,11,14.54
34-1,4372991,한일주유소,방학,평일,18,18,1,18,15.14
34-1,4372991,한일주유소,방학,토요일,13,13,1,13,14.01
34-1,4373001,북원교,학기,평일,10,10,1,10,14.85
34-1,4373001,북원교,학기,평일,12,13,2,13,15.88
34-1,4373001,북원교,학기,평일,18,18,1,18,13.79
34-1,4373001,북원교,학기,토요일,10,10,1,10,13.55
34-1,4373001,북원교,학기,토요일,12,12,1,12,14.44
34-1,4373001,북원교,학기,일요일·공휴일,14,14,1,14,21.49
34-1,4373001,북원교,학기,일요일·공휴일,16,16,1,16,14.56
34-1,4373001,북원교,학기,일요일·공휴일,18,18,1,18,13.56
34-1,4373001,북원교,학기,일요일·공휴일,20,20,1,20,14.47
34-1,4373001,북원교,시험,평일,08,08,1,08,16.51
34-1,4373001,북원교,시험,평일,12,13,2,13,17.13
34-1,4373001,북원교,시험,평일,15,18,4,16,18.01
34-1,4373001,북원교,시험,일요일·공휴일,14,14,1,14,17.19
34-1,4373001,북원교,계절학기,평일,08,08,1,08,13.33
34-1,4373001,북원교,계절학기,평일,12,12,1,12,13.86
34-1,4373001,북원교,계절학기,평일,16,16,1,16,14.83
34-1,4373001,북원교,계절학기,토요일,11,11,1,11,16.88
34-1,4373001,북원교,방학,평일,08,08,1,08,13.57
34-1,4373001,북원교,방학,평일,14,14,1,14,13.27
34-1,4373001,북원교,방학,평일,18,18,1,18,16.11
34-1,4373001,북원교,방학,토요일,11,11,1,11,13.59
34-1,4373001,북원교,방학,토요일,14,14,1,14,14.58
34-1,4373001,북원교,방학,일요일·공휴일,14,14,1,14,16.43
34-1,4373021,현대자동차.상공회의소,학기,평일,18,18,1,18,13.76
34-1,4373021,현대자동차.상공회의소,학기,토요일,13,13,1,13,15.11
34-1,4373021,현대자동차.상공회의소,학기,일요일·공휴일,14,14,1,14,14.68
34-1,4373021,현대자동차.상공회의소,학기,일요일·공휴일,20,20,1,20,13.35
34-1,4373021,현대자동차.상공회의소,시험,평일,08,08,1,08,15.23
34-1,4373021,현대자동차.상공회의소,시험,평일,12,12,1,12,13.8
34-1,4373021,현대자동차.상공회의소,시험,평일,14,18,5,14,16.93
34-1,4373021,현대자동차.상공회의소,시험,토요일,09,09,1,09,14.1
34-1,4373021,현대자동차.상공회의소,시험,토요일,11,14,4,14,16.8
34-1,4373021,현대자동차.상공회의소,시험,일요일·공휴일,11,11,1,11,13.37
34-1,4373021,현대자동차.상공회의소,시험,일요일·공휴일,14,14,1,14,17.52
34-1,4373021,현대자동차.상공회의소,시험,일요일·공휴일,16,16,1,16,14.42
34-1,4373021,현대자동차.상공회의소,계절학기,평일,18,18,1,18,13.38
34-1,4373021,현대자동차.상공회의소,계절학기,토요일,10,11,2,11,17.05
34-1,4373021,현대자동차.상공회의소,계절학기,토요일,13,15,3,14,13.78
34-1,4373021,현대자동차.상공회의소,방학,평일,18,18,1,18,14.03
34-1,4373021,현대자동차.상공회의소,방학,토요일,13,14,2,14,14.3
34-1,4373031,강원정비기술학원,학기,평일,17,18,2,17,16.05
34-1,4373031,강원정비기술학원,학기,토요일,12,12,1,12,13.92
34-1,4373031,강원정비기술학원,학기,일요일·공휴일,14,14,1,14,15.95
34-1,4373031,강원정비기술학원,학기,일요일·공휴일,21,21,1,21,17.13
34-1,4373031,강원정비기술학원,시험,평일,08,08,1,08,15.36
34-1,4373031,강원정비기술학원,시험,평일,11,13,3,13,17.42
34-1,4373031,강원정비기술학원,시험,평일,15,18,4,18,16.92
34-1,4373031,강원정비기술학원,시험,토요일,06,06,1,06,13.35
34-1,4373031,강원정비기술학원,시험,토요일,09,09,1,09,14.02
34-1,4373031,강원정비기술학원,시험,토요일,11,11,1,11,15.21
34-1,4373031,강원정비기술학원,시험,토요일,13,14,2,14,16.96
34-1,4373031,강원정비기술학원,시험,토요일,20,20,1,20,14.33
34-1,4373031,강원정비기술학원,시험,일요일·공휴일,11,14,4,12,17.03
34-1,4373031,강원정비기술학원,시험,일요일·공휴일,17,17,1,17,13.3
34-1,4373031,강원정비기술학원,시험,일요일·공휴일,20,20,1,20,16.46
34-1,4373031,강원정비기술학원,계절학기,평일,13,13,1,13,13.5
34-1,4373031,강원정비기술학원,계절학기,토요일,10,11,2,11,16.09
34-1,4373031,강원정비기술학원,계절학기,토요일,15,16,2,15,14.87
34-1,4373031,강원정비기술학원,계절학기,일요일·공휴일,11,11,1,11,14.16
34-1,4373031,강원정비기술학원,방학,평일,13,13,1,13,13.28
34-1,4373031,강원정비기술학원,방학,평일,18,18,1,18,13.56
34-1,4373031,강원정비기술학원,방학,토요일,14,14,1,14,13.41
34-1,4373041,우산철교.폴리텍대학,학기,평일,12,12,1,12,14.81
34-1,4373041,우산철교.폴리텍대학,학기,평일,17,18,2,17,17.32
34-1,4373041,우산철교.폴리텍대학,학기,토요일,08,08,1,08,13.35
34-1,4373041,우산철교.폴리텍대학,학기,토요일,12,12,1,12,14.46
34-1,4373041,우산철교.폴리텍대학,학기,토요일,14,14,1,14,13.28
34-1,4373041,우산철교.폴리텍대학,학기,일요일·공휴일,12,12,1,12,13.61
34-1,4373041,우산철교.폴리텍대학,학기,일요일·공휴일,14,14,1,14,17.58
34-1,4373041,우산철교.폴리텍대학,시험,평일,08,08,1,08,16.89
34-1,4373041,우산철교.폴리텍대학,시험,평일,11,14,4,13,17.85
34-1,4373041,우산철교.폴리텍대학,시험,평일,16,18,3,17,17.51
34-1,4373041,우산철교.폴리텍대학,시험,토요일,11,11,1,11,15.71
34-1,4373041,우산철교.폴리텍대학,시험,토요일,14,14,1,14,16.88
34-1,4373041,우산철교.폴리텍대학,시험,일요일·공휴일,13,14,2,14,16.44
34-1,4373041,우산철교.폴리텍대학,시험,일요일·공휴일,17,17,1,17,13.63
34-1,4373041,우산철교.폴리텍대학,시험,일요일·공휴일,20,20,1,20,16.38
34-1,4373041,우산철교.폴리텍대학,계절학기,평일,13,13,1,13,13.25
34-1,4373041,우산철교.폴리텍대학,계절학기,토요일,11,11,1,11,17.8
34-1,4373041,우산철교.폴리텍대학,계절학기,토요일,13,13,1,13,13.37
34-1,4373041,우산철교.폴리텍대학,계절학기,토요일,15,16,2,15,14.35
34-1,4373041,우산철교.폴리텍대학,계절학기,일요일·공휴일,11,12,2,11,14.6
34-1,4373041,우산철교.폴리텍대학,방학,평일,08,08,1,08,15.95
34-1,4373041,우산철교.폴리텍대학,방학,평일,12,12,1,12,13.5
34-1,4373041,우산철교.폴리텍대학,방학,평일,14,14,1,14,15.62
34-1,4373041,우산철교.폴리텍대학,방학,평일,18,18,1,18,14.7
34-1,4373041,우산철교.폴리텍대학,방학,토요일,11,12,2,11,14.84
34-1,4373041,우산철교.폴리텍대학,방학,토요일,15,15,1,15,13.3
34-1,4373041,우산철교.폴리텍대학,방학,일요일·공휴일,14,14,1,14,16.35
34-1,4373051,단계사거리,학기,평일,12,13,2,12,14.5
34-1,4373051,단계사거리,학기,평일,17,18,2,17,19.05
34-1,4373051,단계사거리,학기,토요일,10,10,1,10,13.31
34-1,4373051,단계사거리,학기,토요일,12,12,1,12,17.19
34-1,4373051,단계사거리,학기,토요일,18,18,1,18,13.62
34-1,4373051,단계사거리,학기,일요일·공휴일,12,12,1,12,16.04
34-1,4373051,단계사거리,학기,일요일·공휴일,14,14,1,14,14.3
34-1,4373051,단계사거리,학기,일요일·공휴일,17,17,1,17,13.33
34-1,4373051,단계사거리,학기,일요일·공휴일,21,21,1,21,17.96
34-1,4373051,단계사거리,시험,평일,08,08,1,08,17.01
34-1,4373051,단계사거리,시험,평일,12,12,1,12,15.4
34-1,4373051,단계사거리,시험,평일,14,19,6,17,18.89
34-1,4373051,단계사거리,시험,토요일,12,12,1,12,15.4
34-1,4373051,단계사거리,시험,일요일·공휴일,15,15,1,15,13.46
34-1,4373051,단계사거리,계절학기,평일,12,13,2,13,15.37
34-1,4373051,단계사거리,계절학기,평일,15,15,1,15,13.76
34-1,4373051,단계사거리,계절학기,토요일,10,11,2,11,17.55
34-1,4373051,단계사거리,계절학기,토요일,14,15,2,15,14.85
34-1,4373051,단계사거리,계절학기,일요일·공휴일,12,12,1,12,14.94
34-1,4373051,단계사거리,방학,평일,08,08,1,08,13.32
34-1,4373051,단계사거리,방학,평일,12,12,1,12,15.09
34-1,4373051,단계사거리,방학,평일,14,14,1,14,15.82
34-1,4373051,단계사거리,방학,평일,18,18,1,18,13.66
34-1,4373051,단계사거리,방학,토요일,11,11,1,11,14.17
34-1,4373051,단계사거리,방학,토요일,13,15,3,15,15.63
34-1,4373051,단계사거리,방학,일요일·공휴일,13,14,2,14,14.78
34-1,4373111,장양리차고지,시험,평일,08,08,1,08,15.35
34-1,4373111,장양리차고지,시험,평일,13,16,4,16,16.84
34-1,4373111,장양리차고지,시험,평일,18,18,1,18,14.05
34-1,4373111,장양리차고지,시험,일요일·공휴일,14,14,1,14,14.19
34-1,4373111,장양리차고지,계절학기,평일,08,08,1,08,13.33
34-1,4373651,장양리차고지,학기,평일,08,08,1,08,14.79
34-1,4373651,장양리차고지,시험,평일,12,12,1,12,13.9
34-1,4373651,장양리차고지,시험,평일,15,16,2,15,15.34
34-1,4373651,장양리차고지,시험,평일,18,18,1,18,13.72
34-1,4373651,장양리차고지,시험,일요일·공휴일,13,14,2,14,13.86
34-1,4373651,장양리차고지,시험,일요일·공휴일,20,21,2,20,15.29
34-1,4373651,장양리차고지,방학,평일,14,14,1,14,14.93
34-1,4373651,장양리차고지,방학,평일,16,16,1,16,13.73
34-1,4373981,도영쇼핑,학기,평일,06,06,1,06,16.1
34-1,4373981,도영쇼핑,학기,평일,08,19,12,12,26.05
34-1,4373981,도영쇼핑,학기,토요일,08,08,1,08,16.41
34-1,4373981,도영쇼핑,학기,토요일,10,17,8,16,17.66
34-1,4373981,도영쇼핑,학기,토요일,20,20,1,20,14.97
34-1,4373981,도영쇼핑,학기,일요일·공휴일,08,08,1,08,13.83
34-1,4373981,도영쇼핑,학기,일요일·공휴일,10,10,1,10,14.42
34-1,4373981,도영쇼핑,학기,일요일·공휴일,13,21,9,21,25.68
34-1,4373981,도영쇼핑,시험,평일,08,18,11,13,23.89
34-1,4373981,도영쇼핑,시험,토요일,06,06,1,06,15.85
34-1,4373981,도영쇼핑,시험,토요일,09,09,1,09,14.77
34-1,4373981,도영쇼핑,시험,토요일,12,15,4,14,20.96
34-1,4373981,도영쇼핑,시험,토요일,18,18,1,18,13.93
34-1,4373981,도영쇼핑,시험,토요일,20,20,1,20,20.5
34-1,4373981,도영쇼핑,시험,일요일·공휴일,10,18,9,14,21.19
34-1,4373981,도영쇼핑,시험,일요일·공휴일,20,21,2,20,20.71
34-1,4373981,도영쇼핑,계절학기,평일,08,08,1,08,16.15
34-1,4373981,도영쇼핑,계절학기,평일,10,18,9,16,20.58
34-1,4373981,도영쇼핑,계절학기,토요일,10,11,2,11,17.68
34-1,4373981,도영쇼핑,계절학기,토요일,13,13,1,13,14.54
34-1,4373981,도영쇼핑,계절학기,토요일,15,15,1,15,14.35
34-1,4373981,도영쇼핑,계절학기,일요일·공휴일,12,13,2,13,13.6
34-1,4373981,도영쇼핑,방학,평일,08,08,1,08,21.03
34-1,4373981,도영쇼핑,방학,평일,10,18,9,14,27.65
34-1,4373981,도영쇼핑,방학,토요일,11,17,7,14,19.63
34-1,4373981,도영쇼핑,방학,일요일·공휴일,13,17,5,14,18.44
34-1,4374311,지하상가사거리,학기,평일,08,08,1,08,17.0
34-1,4374311,지하상가사거리,학기,평일,11,18,8,15,28.24
34-1,4374311,지하상가사거리,학기,토요일,08,18,11,14,22.56
34-1,4374311,지하상가사거리,학기,일요일·공휴일,10,10,1,10,13.45
34-1,4374311,지하상가사거리,학기,일요일·공휴일,13,21,9,15,24.85
34-1,4374311,지하상가사거리,시험,평일,08,08,1,08,16.51
34-1,4374311,지하상가사거리,시험,평일,10,18,9,16,25.5
34-1,4374311,지하상가사거리,시험,토요일,11,15,5,14,19.05
34-1,4374311,지하상가사거리,시험,토요일,17,18,2,17,16.38
34-1,4374311,지하상가사거리,시험,토요일,20,20,1,20,15.17
34-1,4374311,지하상가사거리,시험,일요일·공휴일,11,17,7,13,19.4
34-1,4374311,지하상가사거리,시험,일요일·공휴일,21,21,1,21,17.56
34-1,4374311,지하상가사거리,계절학기,평일,11,18,8,15,23.71
34-1,4374311,지하상가사거리,계절학기,토요일,10,11,2,11,20.61
34-1,4374311,지하상가사거리,계절학기,토요일,13,16,4,15,20.58
34-1,4374311,지하상가사거리,계절학기,토요일,18,18,1,18,14.61
34-1,4374311,지하상가사거리,계절학기,일요일·공휴일,12,12,1,12,13.51
34-1,4374311,지하상가사거리,계절학기,일요일·공휴일,15,15,1,15,14.57
34-1,4374311,지하상가사거리,방학,평일,08,08,1,08,14.2
34-1,4374311,지하상가사거리,방학,평일,10,18,9,18,29.58
34-1,4374311,지하상가사거리,방학,토요일,10,16,7,15,18.04
34-1,4374311,지하상가사거리,방학,토요일,18,18,1,18,16.02
34-1,4374311,지하상가사거리,방학,일요일·공휴일,13,18,6,14,21.56
34-1,4374441,도영쇼핑,학기,평일,07,18,12,13,37.42
34-1,4374441,도영쇼핑,학기,토요일,08,18,11,11,24.92
34-1,4374441,도영쇼핑,학기,일요일·공휴일,09,18,10,11,18.24
34-1,4374441,도영쇼핑,학기,일요일·공휴일,21,21,1,21,15.22
34-1,4374441,도영쇼핑,시험,평일,08,18,11,13,29.16
34-1,4374441,도영쇼핑,시험,토요일,09,15,7,14,19.46
34-1,4374441,도영쇼핑,시험,토요일,18,18,1,18,13.93
34-1,4374441,도영쇼핑,시험,토요일,20,20,1,20,14.25
34-1,4374441,도영쇼핑,시험,일요일·공휴일,08,08,1,08,13.77
34-1,4374441,도영쇼핑,시험,일요일·공휴일,11,14,4,12,22.87
34-1,4374441,도영쇼핑,시험,일요일·공휴일,16,17,2,16,17.5
34-1,4374441,도영쇼핑,시험,일요일·공휴일,20,21,2,20,18.63
34-1,4374441,도영쇼핑,계절학기,평일,08,18,11,11,23.46
34-1,4374441,도영쇼핑,계절학기,토요일,09,11,3,11,20.52
34-1,4374441,도영쇼핑,계절학기,토요일,13,17,5,15,16.3
34-1,4374441,도영쇼핑,계절학기,일요일·공휴일,11,13,3,11,14.72
34-1,4374441,도영쇼핑,방학,평일,08,16,9,13,30.09
34-1,4374441,도영쇼핑,방학,평일,18,18,1,18,15.98
34-1,4374441,도영쇼핑,방학,토요일,08,16,9,11,23.29
34-1,4374441,도영쇼핑,방학,일요일·공휴일,10,16,7,14,19.88
34-1,4374441,도영쇼핑,방학,일요일·공휴일,18,18,1,18,13.47
34-1,4374661,롯데아파트,학기,평일,08,08,1,08,14.03
34-1,4374661,롯데아파트,학기,평일,16,16,1,16,15.49
34-1,4374661,롯데아파트,학기,평일,18,18,1,18,14.04
34-1,4374661,롯데아파트,학기,토요일,10,11,2,11,13.71
34-1,4374661,롯데아파트,학기,토요일,16,17,2,16,15.19
34-1,4374661,롯데아파트,학기,일요일·공휴일,16,16,1,16,14.04
34-1,4374661,롯데아파트,학기,일요일·공휴일,18,21,4,20,18.88
34-1,4374661,롯데아파트,시험,평일,11,18,8,13,19.27
34-1,4374661,롯데아파트,시험,토요일,09,09,1,09,17.85
34-1,4374661,롯데아파트,시험,토요일,13,14,2,14,15.71
34-1,4374661,롯데아파트,시험,일요일·공휴일,11,13,3,12,17.03
34-1,4374661,롯데아파트,시험,일요일·공휴일,17,17,1,17,13.96
34-1,4374661,롯데아파트,시험,일요일·공휴일,21,21,1,21,17.56
34-1,4374661,롯데아파트,계절학기,평일,08,08,1,08,14.5
34-1,4374661,롯데아파트,계절학기,평일,13,13,1,13,14.32
34-1,4374661,롯데아파트,계절학기,평일,15,16,2,16,16.63
34-1,4374661,롯데아파트,계절학기,평일,18,18,1,18,13.57
34-1,4374661,롯데아파트,계절학기,토요일,11,11,1,11,16.38
34-1,4374661,롯데아파트,계절학기,토요일,13,13,1,13,14.37
34-1,4374661,롯데아파트,계절학기,토요일,18,18,1,18,13.61
34-1,4374661,롯데아파트,방학,평일,13,13,1,13,13.27
34-1,4374661,롯데아파트,방학,평일,15,16,2,16,14.98
34-1,4374661,롯데아파트,방학,평일,18,18,1,18,14.85
34-1,4374661,롯데아파트,방학,토요일,13,13,1,13,13.74
34-1,4374661,롯데아파트,방학,토요일,16,16,1,16,14.04
34-1,4374661,롯데아파트,방학,일요일·공휴일,17,17,1,17,13.49
34-1,4374671,단계현진아파트,학기,평일,08,08,1,08,14.33
34-1,4374671,단계현진아파트,학기,평일,16,16,1,16,14.53
34-1,4374671,단계현진아파트,학기,평일,18,18,1,18,13.8
34-1,4374671,단계현진아파트,학기,일요일·공휴일,19,21,3,21,15.52
34-1,4374671,단계현진아파트,시험,평일,08,08,1,08,17.16
34-1,4374671,단계현진아파트,시험,평일,13,18,6,13,16.49
34-1,4374671,단계현진아파트,시험,토요일,09,09,1,09,16.02
34-1,4374671,단계현진아파트,시험,토요일,11,11,1,11,15.21
34-1,4374671,단계현진아파트,시험,토요일,14,14,1,14,16.8
34-1,4374671,단계현진아파트,시험,일요일·공휴일,11,11,1,11,14.37
34-1,4374671,단계현진아파트,시험,일요일·공휴일,13,14,2,14,17.19
34-1,4374671,단계현진아파트,시험,일요일·공휴일,17,17,1,17,14.8
34-1,4374671,단계현진아파트,계절학기,평일,08,08,1,08,14.25
34-1,4374671,단계현진아파트,계절학기,평일,13,13,1,13,14.03
34-1,4374671,단계현진아파트,계절학기,평일,16,16,1,16,13.64
34-1,4374671,단계현진아파트,계절학기,토요일,11,11,1,11,17.21
34-1,4374671,단계현진아파트,계절학기,토요일,13,13,1,13,13.24
34-1,4374671,단계현진아파트,계절학기,토요일,18,18,1,18,13.75
34-1,4374671,단계현진아파트,계절학기,일요일·공휴일,12,12,1,12,13.42
34-1,4374671,단계현진아파트,방학,평일,14,16,3,15,16.59
34-1,4374671,단계현진아파트,방학,토요일,14,14,1,14,14.58
34-1,4374751,롯데아파트,학기,평일,07,10,4,09,17.95
34-1,4374751,롯데아파트,학기,평일,12,13,2,12,17.72
34-1,4374751,롯데아파트,학기,평일,15,18,4,17,16.27
34-1,4374751,롯데아파트,학기,토요일,09,12,4,12,19.9
34-1,4374751,롯데아파트,학기,토요일,14,14,1,14,15.18
34-1,4374751,롯데아파트,학기,일요일·공휴일,10,10,1,10,13.88
34-1,4374751,롯데아파트,학기,일요일·공휴일,12,12,1,12,16.59
34-1,4374751,롯데아파트,학기,일요일·공휴일,14,14,1,14,17.13
34-1,4374751,롯데아파트,학기,일요일·공휴일,19,21,3,21,15.68
34-1,4374751,롯데아파트,시험,평일,08,08,1,08,18.81
34-1,4374751,롯데아파트,시험,평일,10,18,9,13,20.82
34-1,4374751,롯데아파트,시험,토요일,14,14,1,14,19.38
34-1,4374751,롯데아파트,시험,토요일,20,20,1,20,13.83
34-1,4374751,롯데아파트,시험,일요일·공휴일,12,12,1,12,19.53
34-1,4374751,롯데아파트,시험,일요일·공휴일,14,15,2,14,16.52
34-1,4374751,롯데아파트,계절학기,평일,08,17,10,13,17.86
34-1,4374751,롯데아파트,계절학기,토요일,10,13,4,11,18.9
34-1,4374751,롯데아파트,계절학기,토요일,15,15,1,15,14.85
34-1,4374751,롯데아파트,계절학기,일요일·공휴일,11,13,3,11,18.47
34-1,4374751,롯데아파트,방학,평일,08,14,7,08,19.84
34-1,4374751,롯데아파트,방학,평일,16,16,1,16,13.52
34-1,4374751,롯데아파트,방학,평일,18,18,1,18,13.39
34-1,4374751,롯데아파트,방학,토요일,11,16,6,13,18.02
34-1,4374751,롯데아파트,방학,일요일·공휴일,14,14,1,14,14.57
34-1,4375211,청구아파트,학기,평일,06,18,13,08,33.87
34-1,4375211,청구아파트,학기,토요일,08,08,1,08,19.35
34-1,4375211,청구아파트,학기,토요일,10,16,7,11,19.38
34-1,4375211,청구아파트,학기,토요일,21,21,1,21,16.39
34-1,4375211,청구아파트,학기,일요일·공휴일,08,08,1,08,15.6
34-1,4375211,청구아파트,학기,일요일·공휴일,10,10,1,10,16.24
34-1,4375211,청구아파트,학기,일요일·공휴일,12,21,10,20,27.06
34-1,4375211,청구아파트,시험,평일,08,18,11,08,28.81
34-1,4375211,청구아파트,시험,토요일,06,06,1,06,15.19
34-1,4375211,청구아파트,시험,토요일,11,12,2,12,17.65
34-1,4375211,청구아파트,시험,토요일,14,15,2,14,17.96
34-1,4375211,청구아파트,시험,토요일,20,20,1,20,19.17
34-1,4375211,청구아파트,시험,일요일·공휴일,11,12,2,12,19.87
34-1,4375211,청구아파트,시험,일요일·공휴일,14,17,4,14,22.02
34-1,4375211,청구아파트,시험,일요일·공휴일,20,21,2,21,20.06
34-1,4375211,청구아파트,계절학기,평일,08,08,1,08,19.56
34-1,4375211,청구아파트,계절학기,평일,10,10,1,10,15.25
34-1,4375211,청구아파트,계절학기,평일,13,18,6,16,19.0
34-1,4375211,청구아파트,계절학기,토요일,10,11,2,11,24.96
34-1,4375211,청구아파트,계절학기,토요일,13,13,1,13,14.54
34-1,4375211,청구아파트,방학,평일,08,08,1,08,24.68
34-1,4375211,청구아파트,방학,평일,10,18,9,14,24.07
34-1,4375211,청구아파트,방학,토요일,10,18,9,11,17.15
34-1,4375211,청구아파트,방학,일요일·공휴일,10,10,1,10,14.34
34-1,4375211,청구아파트,방학,일요일·공휴일,14,18,5,15,15.88
34-1,4375221,동보노빌리티입구,학기,평일,06,06,1,06,18.39
34-1,4375221,동보노빌리티입구,학기,평일,08,18,11,08,35.98
34-1,4375221,동보노빌리티입구,학기,평일,20,20,1,20,14.16
34-1,4375221,동보노빌리티입구,학기,토요일,08,16,9,13,19.33
34-1,4375221,동보노빌리티입구,학기,토요일,18,18,1,18,13.67
34-1,4375221,동보노빌리티입구,학기,일요일·공휴일,08,08,1,08,17.81
34-1,4375221,동보노빌리티입구,학기,일요일·공휴일,10,10,1,10,16.51
34-1,4375221,동보노빌리티입구,학기,일요일·공휴일,12,21,10,20,27.13
34-1,4375221,동보노빌리티입구,시험,평일,08,18,11,08,24.31
34-1,4375221,동보노빌리티입구,시험,토요일,09,09,1,09,15.19
34-1,4375221,동보노빌리티입구,시험,토요일,11,12,2,12,18.73
34-1,4375221,동보노빌리티입구,시험,토요일,14,15,2,14,20.46
34-1,4375221,동보노빌리티입구,시험,토요일,18,18,1,18,13.93
34-1,4375221,동보노빌리티입구,시험,일요일·공휴일,11,12,2,12,20.7
34-1,4375221,동보노빌리티입구,시험,일요일·공휴일,15,15,1,15,16.13
34-1,4375221,동보노빌리티입구,시험,일요일·공휴일,20,21,2,21,20.31
34-1,4375221,동보노빌리티입구,계절학기,평일,08,08,1,08,19.66
34-1,4375221,동보노빌리티입구,계절학기,평일,10,11,2,11,15.11
34-1,4375221,동보노빌리티입구,계절학기,평일,13,18,6,17,17.99
34-1,4375221,동보노빌리티입구,계절학기,토요일,11,11,1,11,17.21
34-1,4375221,동보노빌리티입구,계절학기,토요일,15,15,1,15,14.01
34-1,4375221,동보노빌리티입구,방학,평일,06,06,1,06,14.3
34-1,4375221,동보노빌리티입구,방학,평일,08,18,11,08,25.71
34-1,4375221,동보노빌리티입구,방학,토요일,10,16,7,14,17.57
34-1,4375221,동보노빌리티입구,방학,일요일·공휴일,10,10,1,10,15.44
34-1,4375221,동보노빌리티입구,방학,일요일·공휴일,14,17,4,14,15.66
34-1,4375231,오페라웨딩홀,학기,평일,06,06,1,06,14.26
34-1,4375231,오페라웨딩홀,학기,평일,08,20,13,08,35.65
34-1,4375231,오페라웨딩홀,학기,토요일,08,11,4,08,22.49
34-1,4375231,오페라웨딩홀,학기,토요일,13,18,6,15,18.61
34-1,4375231,오페라웨딩홀,학기,일요일·공휴일,08,08,1,08,13.88
34-1,4375231,오페라웨딩홀,학기,일요일·공휴일,12,21,10,20,27.63
34-1,4375231,오페라웨딩홀,시험,평일,08,18,11,16,26.69
34-1,4375231,오페라웨딩홀,시험,토요일,09,09,1,09,15.52
34-1,4375231,오페라웨딩홀,시험,토요일,11,12,2,11,15.62
34-1,4375231,오페라웨딩홀,시험,토요일,15,15,1,15,14.9
34-1,4375231,오페라웨딩홀,시험,토요일,20,20,1,20,17.67
34-1,4375231,오페라웨딩홀,시험,일요일·공휴일,11,11,1,11,14.21
34-1,4375231,오페라웨딩홀,시험,일요일·공휴일,14,14,1,14,17.52
34-1,4375231,오페라웨딩홀,시험,일요일·공휴일,16,18,3,16,16.75
34-1,4375231,오페라웨딩홀,시험,일요일·공휴일,20,20,1,20,18.96
34-1,4375231,오페라웨딩홀,계절학기,평일,08,08,1,08,20.04
34-1,4375231,오페라웨딩홀,계절학기,평일,10,18,9,15,17.84
34-1,4375231,오페라웨딩홀,계절학기,토요일,11,11,1,11,16.38
34-1,4375231,오페라웨딩홀,방학,평일,08,18,11,14,25.77
34-1,4375231,오페라웨딩홀,방학,토요일,11,16,6,12,17.97
34-1,4375231,오페라웨딩홀,방학,토요일,18,18,1,18,14.26
34-1,4375231,오페라웨딩홀,방학,일요일·공휴일,13,16,4,14,18.77
34-1,4375241,남송,학기,평일,08,18,11,13,31.07
34-1,4375241,남송,학기,평일,20,20,1,20,13.6
34-1,4375241,남송,학기,토요일,08,17,10,11,18.4
34-1,4375241,남송,학기,일요일·공휴일,12,20,9,19,20.59
34-1,4375241,남송,시험,평일,08,11,4,08,20.16
34-1,4375241,남송,시험,평일,13,13,1,13,23.38
34-1,4375241,남송,시험,평일,15,16,2,16,17.67
34-1,4375241,남송,시험,평일,18,18,1,18,19.47
34-1,4375241,남송,시험,토요일,09,09,1,09,15.19
34-1,4375241,남송,시험,토요일,17,17,1,17,13.71
34-1,4375241,남송,계절학기,평일,08,08,1,08,21.39
34-1,4375241,남송,계절학기,평일,10,11,2,10,16.26
34-1,4375241,남송,계절학기,평일,13,18,6,17,18.53
34-1,4375241,남송,방학,평일,08,08,1,08,20.2
34-1,4375241,남송,방학,평일,10,18,9,17,23.23
34-1,4375241,남송,방학,토요일,11,11,1,11,16.42
34-1,4375241,남송,방학,토요일,13,16,4,13,15.85
34-1,4375241,남송,방학,일요일·공휴일,14,14,1,14,18.3
34-1,4375241,남송,방학,일요일·공휴일,17,17,1,17,14.3
34-1,4375261,아랫거리,학기,평일,07,18,12,08,33.57
34-1,4375261,아랫거리,학기,토요일,08,11,4,09,17.53
34-1,4375261,아랫거리,학기,토요일,13,16,4,14,15.18
34-1,4375261,아랫거리,학기,일요일·공휴일,12,12,1,12,13.81
34-1,4375261,아랫거리,학기,일요일·공휴일,15,21,7,21,25.59
34-1,4375261,아랫거리,시험,평일,08,10,3,08,28.76
34-1,4375261,아랫거리,시험,평일,12,12,1,12,18.73
34-1,4375261,아랫거리,시험,평일,14,16,3,16,21.63
34-1,4375261,아랫거리,시험,평일,18,18,1,18,17.47
34-1,4375261,아랫거리,시험,토요일,11,11,1,11,16.37
34-1,4375261,아랫거리,시험,일요일·공휴일,15,15,1,15,14.88
34-1,4375261,아랫거리,시험,일요일·공휴일,17,17,1,17,15.8
34-1,4375261,아랫거리,계절학기,평일,08,09,2,08,17.0
34-1,4375261,아랫거리,계절학기,평일,11,17,7,13,16.62
34-1,4375261,아랫거리,계절학기,토요일,11,11,1,11,26.88
34-1,4375261,아랫거리,방학,평일,08,18,11,14,25.32
34-1,4375261,아랫거리,방학,토요일,14,16,3,16,15.36
34-1,4375261,아랫거리,방학,일요일·공휴일,10,10,1,10,14.35
34-1,4375261,아랫거리,방학,일요일·공휴일,14,15,2,15,18.2
34-1,4375271,거장아파트,학기,평일,07,10,4,09,36.02
34-1,4375271,거장아파트,학기,평일,12,18,7,13,36.75
34-1,4375271,거장아파트,학기,토요일,13,13,1,13,13.29
34-1,4375271,거장아파트,학기,토요일,15,15,1,15,13.99
34-1,4375271,거장아파트,학기,토요일,20,20,1,20,14.16
34-1,4375271,거장아파트,학기,일요일·공휴일,13,13,1,13,13.23
34-1,4375271,거장아파트,학기,일요일·공휴일,15,21,7,20,36.07
34-1,4375271,거장아파트,시험,평일,08,10,3,10,17.61
34-1,4375271,거장아파트,시험,평일,12,18,7,16,26.1
34-1,4375271,거장아파트,시험,토요일,12,12,1,12,16.9
34-1,4375271,거장아파트,시험,토요일,14,15,2,14,18.63
34-1,4375271,거장아파트,시험,토요일,17,17,1,17,13.88
34-1,4375271,거장아파트,시험,일요일·공휴일,12,12,1,12,18.48
34-1,4375271,거장아파트,시험,일요일·공휴일,14,18,5,16,17.75
34-1,4375271,거장아파트,시험,일요일·공휴일,20,20,1,20,20.79
34-1,4375271,거장아파트,계절학기,평일,08,14,7,08,24.0
34-1,4375271,거장아파트,계절학기,평일,16,18,3,16,15.73
34-1,4375271,거장아파트,계절학기,토요일,11,11,1,11,16.38
34-1,4375271,거장아파트,계절학기,토요일,13,13,1,13,14.87
34-1,4375271,거장아파트,계절학기,토요일,15,15,1,15,13.68
34-1,4375271,거장아파트,방학,평일,08,09,2,09,15.66
34-1,4375271,거장아파트,방학,평일,11,18,8,17,17.96
34-1,4375271,거장아파트,방학,토요일,11,13,3,13,14.88
34-1,4375281,서곡삼거리,학기,평일,07,18,12,13,37.11
34-1,4375281,서곡삼거리,학기,토요일,11,15,5,15,16.05
34-1,4375281,서곡삼거리,학기,일요일·공휴일,12,13,2,12,14.05
34-1,4375281,서곡삼거리,학기,일요일·공휴일,15,21,7,19,36.36
34-1,4375281,서곡삼거리,시험,평일,08,08,1,08,19.44
34-1,4375281,서곡삼거리,시험,평일,13,14,2,13,29.85
34-1,4375281,서곡삼거리,시험,평일,16,16,1,16,22.0
34-1,4375281,서곡삼거리,시험,토요일,15,15,1,15,14.15
34-1,4375281,서곡삼거리,시험,일요일·공휴일,21,21,1,21,17.89
34-1,4375281,서곡삼거리,계절학기,평일,08,08,1,08,19.0
34-1,4375281,서곡삼거리,계절학기,평일,10,10,1,10,15.54
34-1,4375281,서곡삼거리,계절학기,평일,12,17,6,17,16.11
34-1,4375281,서곡삼거리,계절학기,토요일,10,10,1,10,15.13
34-1,4375281,서곡삼거리,계절학기,토요일,13,13,1,13,14.54
34-1,4375281,서곡삼거리,방학,평일,08,08,1,08,14.68
34-1,4375281,서곡삼거리,방학,평일,10,11,2,11,17.51
34-1,4375281,서곡삼거리,방학,평일,13,17,5,16,17.03
34-1,4375281,서곡삼거리,방학,토요일,13,13,1,13,14.02
34-1,4375281,서곡삼거리,방학,일요일·공휴일,10,10,1,10,13.38
34-1,4375281,서곡삼거리,방학,일요일·공휴일,14,14,1,14,14.06
34-1,4375291,국립강릉원주대학교,학기,평일,07,10,4,09,32.55
34-1,4375291,국립강릉원주대학교,학기,평일,12,14,3,13,34.56
34-1,4375291,국립강릉원주대학교,학기,평일,16,18,3,18,20.45
34-1,4375291,국립강릉원주대학교,학기,토요일,11,11,1,11,14.03
34-1,4375291,국립강릉원주대학교,학기,토요일,13,13,1,13,13.99
34-1,4375291,국립강릉원주대학교,학기,토요일,15,15,1,15,13.53
34-1,4375291,국립강릉원주대학교,학기,일요일·공휴일,15,21,7,20,35.61
34-1,4375291,국립강릉원주대학교,시험,평일,08,18,11,13,26.94
34-1,4375291,국립강릉원주대학교,시험,평일,20,20,1,20,14.58
34-1,4375291,국립강릉원주대학교,시험,토요일,11,11,1,11,14.54
34-1,4375291,국립강릉원주대학교,시험,토요일,15,15,1,15,13.81
34-1,4375291,국립강릉원주대학교,시험,일요일·공휴일,11,12,2,12,17.03
34-1,4375291,국립강릉원주대학교,시험,일요일·공휴일,15,17,3,16,17.42
34-1,4375291,국립강릉원주대학교,시험,일요일·공휴일,20,21,2,21,19.72
34-1,4375291,국립강릉원주대학교,계절학기,평일,08,08,1,08,18.71
34-1,4375291,국립강릉원주대학교,계절학기,평일,11,13,3,12,16.0
34-1,4375291,국립강릉원주대학교,계절학기,평일,15,15,1,15,14.64
34-1,4375291,국립강릉원주대학교,계절학기,평일,17,18,2,18,15.95
34-1,4375291,국립강릉원주대학교,계절학기,토요일,15,15,1,15,14.35
34-1,4375291,국립강릉원주대학교,방학,평일,08,08,1,08,15.65
34-1,4375291,국립강릉원주대학교,방학,평일,11,11,1,11,15.83
34-1,4375291,국립강릉원주대학교,방학,평일,13,18,6,17,16.98
34-1,4375291,국립강릉원주대학교,방학,토요일,12,12,1,12,13.44
34-1,4375291,국립강릉원주대학교,방학,토요일,14,14,1,14,13.78
34-1,4375291,국립강릉원주대학교,방학,일요일·공휴일,14,15,2,15,18.95
34-1,4375291,국립강릉원주대학교,방학,일요일·공휴일,19,20,2,19,17.04
34-1,4375301,육민관중.고등학교,학기,평일,08,13,6,13,29.25
34-1,4375301,육민관중.고등학교,학기,평일,15,18,4,18,19.71
34-1,4375301,육민관중.고등학교,학기,토요일,15,15,1,15,15.43
34-1,4375301,육민관중.고등학교,학기,토요일,17,17,1,17,13.99
34-1,4375301,육민관중.고등학교,학기,일요일·공휴일,13,21,9,19,33.73
34-1,4375301,육민관중.고등학교,시험,평일,08,09,2,08,16.21
34-1,4375301,육민관중.고등학교,시험,평일,11,18,8,16,27.38
34-1,4375301,육민관중.고등학교,시험,평일,20,20,1,20,14.01
34-1,4375301,육민관중.고등학교,시험,토요일,11,12,2,12,16.23
34-1,4375301,육민관중.고등학교,시험,토요일,14,14,1,14,15.3
34-1,4375301,육민관중.고등학교,시험,일요일·공휴일,12,12,1,12,19.53
34-1,4375301,육민관중.고등학교,시험,일요일·공휴일,14,15,2,14,16.86
34-1,4375301,육민관중.고등학교,시험,일요일·공휴일,17,17,1,17,16.13
34-1,4375301,육민관중.고등학교,시험,일요일·공휴일,19,19,1,19,15.7
34-1,4375301,육민관중.고등학교,계절학기,평일,08,08,1,08,18.39
34-1,4375301,육민관중.고등학교,계절학기,평일,12,14,3,12,17.0
34-1,4375301,육민관중.고등학교,계절학기,평일,16,18,3,16,15.4
34-1,4375301,육민관중.고등학교,계절학기,토요일,13,13,1,13,13.74
34-1,4375301,육민관중.고등학교,계절학기,토요일,15,15,1,15,14.35
34-1,4375301,육민관중.고등학교,방학,평일,11,15,5,15,17.13
34-1,4375301,육민관중.고등학교,방학,평일,17,17,1,17,18.25
34-1,4375301,육민관중.고등학교,방학,토요일,11,11,1,11,14.22
34-1,4375301,육민관중.고등학교,방학,토요일,14,14,1,14,13.91
34-1,4375301,육민관중.고등학교,방학,일요일·공휴일,16,19,4,16,16.46
34-1,4375351,흥업사거리,학기,평일,12,18,7,17,25.28
34-1,4375351,흥업사거리,학기,토요일,08,08,1,08,15.05
34-1,4375351,흥업사거리,학기,토요일,13,13,1,13,13.38
34-1,4375351,흥업사거리,시험,평일,08,08,1,08,14.68
34-1,4375351,흥업사거리,시험,평일,10,18,9,15,20.69
34-1,4375351,흥업사거리,시험,토요일,09,09,1,09,14.52
34-1,4375351,흥업사거리,시험,토요일,11,12,2,11,19.71
34-1,4375351,흥업사거리,시험,토요일,14,14,1,14,16.46
34-1,4375351,흥업사거리,시험,일요일·공휴일,11,11,1,11,13.79
34-1,4375351,흥업사거리,시험,일요일·공휴일,13,13,1,13,14.9
34-1,4375351,흥업사거리,시험,일요일·공휴일,16,17,2,17,14.71
34-1,4375351,흥업사거리,시험,일요일·공휴일,20,21,2,20,16.46
34-1,4375351,흥업사거리,계절학기,평일,15,15,1,15,15.12
34-1,4375351,흥업사거리,계절학기,평일,17,17,1,17,13.61
34-1,4375351,흥업사거리,계절학기,토요일,11,11,1,11,17.61
34-1,4375351,흥업사거리,계절학기,토요일,13,15,3,15,14.37
34-1,4375351,흥업사거리,방학,평일,08,08,1,08,15.02
34-1,4375351,흥업사거리,방학,평일,14,14,1,14,15.26
34-1,4375351,흥업사거리,방학,토요일,13,13,1,13,15.01
34-1,4375601,흥업사거리,학기,평일,08,10,3,09,26.58
34-1,4375601,흥업사거리,학기,평일,12,13,2,13,26.85
34-1,4375601,흥업사거리,학기,평일,16,16,1,16,14.8
34-1,4375601,흥업사거리,학기,평일,18,18,1,18,15.71
34-1,4375601,흥업사거리,학기,일요일·공휴일,16,21,6,20,31.07
34-1,4375601,흥업사거리,시험,평일,08,14,7,13,25.79
34-1,4375601,흥업사거리,시험,평일,16,18,3,16,19.52
34-1,4375601,흥업사거리,시험,토요일,11,12,2,11,14.87
34-1,4375601,흥업사거리,시험,토요일,14,14,1,14,17.13
34-1,4375601,흥업사거리,시험,토요일,20,20,1,20,16.83
34-1,4375601,흥업사거리,시험,일요일·공휴일,11,12,2,12,17.37
34-1,4375601,흥업사거리,시험,일요일·공휴일,14,21,8,20,20.54
34-1,4375601,흥업사거리,계절학기,평일,08,08,1,08,15.4
34-1,4375601,흥업사거리,계절학기,토요일,10,11,2,11,25.54
34-1,4375621,국립강릉원주대학교,학기,평일,10,18,9,17,32.34
34-1,4375621,국립강릉원주대학교,학기,토요일,08,08,1,08,17.55
34-1,4375621,국립강릉원주대학교,학기,토요일,10,11,2,10,15.19
34-1,4375621,국립강릉원주대학교,학기,토요일,13,14,2,13,15.88
34-1,4375621,국립강릉원주대학교,학기,일요일·공휴일,14,14,1,14,14.32
34-1,4375621,국립강릉원주대학교,학기,일요일·공휴일,16,19,4,18,16.43
34-1,4375621,국립강릉원주대학교,학기,일요일·공휴일,21,21,1,21,15.96
34-1,4375621,국립강릉원주대학교,시험,평일,10,18,9,15,24.45
34-1,4375621,국립강릉원주대학교,시험,토요일,09,09,1,09,14.02
34-1,4375621,국립강릉원주대학교,시험,토요일,12,13,2,12,14.73
34-1,4375621,국립강릉원주대학교,시험,토요일,20,20,1,20,13.5
34-1,4375621,국립강릉원주대학교,시험,일요일·공휴일,13,13,1,13,15.57
34-1,4375621,국립강릉원주대학교,시험,일요일·공휴일,17,17,1,17,15.8
34-1,4375621,국립강릉원주대학교,계절학기,평일,08,08,1,08,13.44
34-1,4375621,국립강릉원주대학교,계절학기,평일,11,11,1,11,18.96
34-1,4375621,국립강릉원주대학교,계절학기,평일,13,18,6,17,17.73
34-1,4375621,국립강릉원주대학교,계절학기,토요일,10,11,2,11,17.61
34-1,4375621,국립강릉원주대학교,계절학기,토요일,14,14,1,14,13.24
34-1,4375621,국립강릉원주대학교,계절학기,토요일,16,16,1,16,13.31
34-1,4375621,국립강릉원주대학교,방학,평일,08,08,1,08,18.45
34-1,4375621,국립강릉원주대학교,방학,평일,10,14,5,14,19.14
34-1,4375621,국립강릉원주대학교,방학,평일,16,17,2,17,14.51
34-1,4375621,국립강릉원주대학교,방학,토요일,11,12,2,11,15.93
34-1,4375621,국립강릉원주대학교,방학,토요일,14,14,1,14,13.78
34-1,4375621,국립강릉원주대학교,방학,일요일·공휴일,14,15,2,14,15.82
34-1,4375631,국립강릉원주대학교,학기,평일,09,18,10,17,33.31
34-1,4375631,국립강릉원주대학교,학기,토요일,08,08,1,08,15.3
34-1,4375631,국립강릉원주대학교,학기,토요일,13,14,2,14,14.57
34-1,4375631,국립강릉원주대학교,학기,토요일,18,18,1,18,13.56
34-1,4375631,국립강릉원주대학교,학기,일요일·공휴일,14,18,5,18,14.48
34-1,4375631,국립강릉원주대학교,학기,일요일·공휴일,20,20,1,20,14.4
34-1,4375631,국립강릉원주대학교,시험,평일,09,18,10,16,30.0
34-1,4375631,국립강릉원주대학교,시험,토요일,09,09,1,09,14.85
34-1,4375631,국립강릉원주대학교,시험,토요일,12,12,1,12,15.06
34-1,4375631,국립강릉원주대학교,시험,토요일,14,14,1,14,15.63
34-1,4375631,국립강릉원주대학교,시험,토요일,18,18,1,18,13.93
34-1,4375631,국립강릉원주대학교,시험,일요일·공휴일,13,13,1,13,16.07
34-1,4375631,국립강릉원주대학교,시험,일요일·공휴일,16,17,2,17,15.46
34-1,4375631,국립강릉원주대학교,계절학기,평일,08,08,1,08,16.78
34-1,4375631,국립강릉원주대학교,계절학기,평일,15,15,1,15,15.36
34-1,4375631,국립강릉원주대학교,계절학기,평일,17,18,2,17,16.82
34-1,4375631,국립강릉원주대학교,계절학기,토요일,10,10,1,10,13.97
34-1,4375631,국립강릉원주대학교,계절학기,토요일,13,13,1,13,15.54
34-1,4375631,국립강릉원주대학교,계절학기,토요일,15,15,1,15,20.35
34-1,4375631,국립강릉원주대학교,방학,평일,08,09,2,08,15.59
34-1,4375631,국립강릉원주대학교,방학,평일,11,18,8,16,17.07
34-1,4375631,국립강릉원주대학교,방학,토요일,14,14,1,14,14.91
34-1,4375651,거장아파트,학기,평일,10,18,9,17,36.42
34-1,4375651,거장아파트,학기,토요일,08,08,1,08,17.37
34-1,4375651,거장아파트,학기,토요일,10,15,6,11,16.27
34-1,4375651,거장아파트,학기,일요일·공휴일,16,16,1,16,15.22
34-1,4375651,거장아파트,학기,일요일·공휴일,21,21,1,21,15.29
34-1,4375651,거장아파트,시험,평일,08,19,12,16,27.72
34-1,4375651,거장아파트,시험,토요일,09,09,1,09,14.52
34-1,4375651,거장아파트,시험,토요일,11,12,2,11,20.04
34-1,4375651,거장아파트,시험,토요일,14,14,1,14,16.05
34-1,4375651,거장아파트,시험,일요일·공휴일,12,14,3,12,21.03
34-1,4375651,거장아파트,시험,일요일·공휴일,21,21,1,21,16.06
34-1,4375651,거장아파트,계절학기,평일,08,08,1,08,15.41
34-1,4375651,거장아파트,계절학기,평일,10,17,8,15,17.7
34-1,4375651,거장아파트,계절학기,토요일,10,12,3,11,18.47
34-1,4375651,거장아파트,계절학기,토요일,16,16,1,16,15.48
34-1,4375651,거장아파트,방학,평일,08,14,7,14,20.36
34-1,4375651,거장아파트,방학,평일,17,17,1,17,14.05
34-1,4375651,거장아파트,방학,토요일,11,13,3,13,15.89
34-1,4375651,거장아파트,방학,일요일·공휴일,14,14,1,14,13.96
34-1,4375661,아랫거리,학기,평일,06,20,15,16,35.92
34-1,4375661,아랫거리,학기,토요일,09,16,8,11,23.18
34-1,4375661,아랫거리,학기,일요일·공휴일,10,10,1,10,14.74
34-1,4375661,아랫거리,학기,일요일·공휴일,13,20,8,18,21.92
34-1,4375661,아랫거리,시험,평일,08,09,2,08,16.01
34-1,4375661,아랫거리,시험,평일,11,11,1,11,15.19
34-1,4375661,아랫거리,시험,평일,13,16,4,13,25.99
34-1,4375661,아랫거리,시험,평일,18,18,1,18,23.61
34-1,4375661,아랫거리,시험,토요일,09,09,1,09,18.19
34-1,4375661,아랫거리,시험,토요일,12,14,3,14,17.13
34-1,4375661,아랫거리,계절학기,평일,09,18,10,14,21.11
34-1,4375661,아랫거리,방학,평일,08,18,11,13,21.39
34-1,4375661,아랫거리,방학,토요일,11,16,6,11,19.5
34-1,4375661,아랫거리,방학,일요일·공휴일,13,16,4,14,16.4
34-1,4375661,아랫거리,방학,일요일·공휴일,18,18,1,18,13.91
34-1,4375681,남송,학기,평일,07,19,13,15,36.27
34-1,4375681,남송,학기,토요일,08,14,7,13,21.33
34-1,4375681,남송,학기,토요일,16,16,1,16,15.23
34-1,4375681,남송,학기,토요일,18,18,1,18,16.51
34-1,4375681,남송,학기,일요일·공휴일,11,11,1,11,13.49
34-1,4375681,남송,학기,일요일·공휴일,13,14,2,14,16.99
34-1,4375681,남송,학기,일요일·공휴일,16,19,4,18,18.67
34-1,4375681,남송,시험,평일,09,11,3,11,17.45
34-1,4375681,남송,시험,평일,13,16,4,16,31.0
34-1,4375681,남송,시험,평일,18,18,1,18,21.05
34-1,4375681,남송,시험,토요일,09,09,1,09,18.52
34-1,4375681,남송,시험,토요일,13,13,1,13,16.94
34-1,4375681,남송,시험,일요일·공휴일,11,13,3,12,22.53
34-1,4375681,남송,시험,일요일·공휴일,16,16,1,16,15.58
34-1,4375681,남송,계절학기,평일,08,18,11,18,20.29
34-1,4375681,남송,계절학기,토요일,10,10,1,10,16.13
34-1,4375681,남송,계절학기,토요일,13,13,1,13,13.7
34-1,4375681,남송,방학,평일,08,10,3,10,22.21
34-1,4375681,남송,방학,평일,12,18,7,13,25.3
34-1,4375681,남송,방학,토요일,11,11,1,11,14.82
34-1,4375681,남송,방학,토요일,13,14,2,13,16.45
34-1,4375681,남송,방학,토요일,16,16,1,16,13.42
34-1,4375681,남송,방학,일요일·공휴일,11,11,1,11,13.42
34-1,4375681,남송,방학,일요일·공휴일,13,13,1,13,16.91
34-1,4375681,남송,방학,일요일·공휴일,15,15,1,15,15.08
34-1,4375691,오페라웨딩홀,학기,평일,06,07,2,07,16.54
34-1,4375691,오페라웨딩홀,학기,평일,09,20,12,16,35.43
34-1,4375691,오페라웨딩홀,학기,토요일,08,18,11,13,20.56
34-1,4375691,오페라웨딩홀,학기,일요일·공휴일,10,10,1,10,14.02
34-1,4375691,오페라웨딩홀,학기,일요일·공휴일,13,21,9,16,17.52
34-1,4375691,오페라웨딩홀,시험,평일,08,19,12,16,27.35
34-1,4375691,오페라웨딩홀,시험,토요일,11,13,3,11,23.04
34-1,4375691,오페라웨딩홀,시험,토요일,18,18,1,18,14.01
34-1,4375691,오페라웨딩홀,시험,토요일,20,20,1,20,17.17
34-1,4375691,오페라웨딩홀,시험,일요일·공휴일,12,13,2,12,22.2
34-1,4375691,오페라웨딩홀,시험,일요일·공휴일,15,16,2,16,16.17
34-1,4375691,오페라웨딩홀,시험,일요일·공휴일,18,19,2,18,14.31
34-1,4375691,오페라웨딩홀,계절학기,평일,08,18,11,11,22.65
34-1,4375691,오페라웨딩홀,계절학기,토요일,09,10,2,09,14.25
34-1,4375691,오페라웨딩홀,계절학기,토요일,13,13,1,13,14.89
34-1,4375691,오페라웨딩홀,계절학기,토요일,16,17,2,16,15.84
34-1,4375691,오페라웨딩홀,계절학기,일요일·공휴일,12,12,1,12,13.42
34-1,4375691,오페라웨딩홀,방학,평일,08,18,11,13,27.79
34-1,4375691,오페라웨딩홀,방학,토요일,08,14,7,11,21.5
34-1,4375691,오페라웨딩홀,방학,일요일·공휴일,11,16,6,11,17.2
34-1,4375701,청구아파트,학기,평일,07,19,13,13,33.71
34-1,4375701,청구아파트,학기,토요일,08,18,11,09,22.25
34-1,4375701,청구아파트,학기,일요일·공휴일,10,11,2,11,14.67
34-1,4375701,청구아파트,학기,일요일·공휴일,13,14,2,13,18.2
34-1,4375701,청구아파트,학기,일요일·공휴일,16,18,3,18,19.1
34-1,4375701,청구아파트,학기,일요일·공휴일,21,21,1,21,15.22
34-1,4375701,청구아파트,시험,평일,08,19,12,16,30.1
34-1,4375701,청구아파트,시험,토요일,09,11,3,11,23.87
34-1,4375701,청구아파트,시험,토요일,13,14,2,14,17.13
34-1,4375701,청구아파트,시험,토요일,18,18,1,18,16.26
34-1,4375701,청구아파트,시험,토요일,20,20,1,20,17.67
34-1,4375701,청구아파트,시험,일요일·공휴일,11,17,7,12,23.2
34-1,4375701,청구아파트,시험,일요일·공휴일,20,20,1,20,18.07
34-1,4375701,청구아파트,계절학기,평일,08,18,11,11,21.54
34-1,4375701,청구아파트,계절학기,토요일,10,11,2,11,23.04
34-1,4375701,청구아파트,계절학기,토요일,13,13,1,13,16.1
34-1,4375701,청구아파트,계절학기,토요일,15,17,3,16,16.41
34-1,4375701,청구아파트,계절학기,일요일·공휴일,11,12,2,12,13.51
34-1,4375701,청구아파트,방학,평일,08,18,11,13,27.78
34-1,4375701,청구아파트,방학,토요일,09,16,8,13,21.56
34-1,4375701,청구아파트,방학,일요일·공휴일,10,11,2,11,16.46
34-1,4375701,청구아파트,방학,일요일·공휴일,13,16,4,13,18.14
34-1,4376201,동막골,학기,평일,08,10,3,09,14.9
34-1,4376201,동막골,학기,평일,13,13,1,13,18.51
34-1,4376201,동막골,학기,평일,18,18,1,18,14.5
34-1,4376201,동막골,시험,평일,16,16,1,16,16.84
34-1,4376201,동막골,계절학기,평일,13,13,1,13,16.83
34-1,4376201,동막골,방학,평일,08,08,1,08,14.24
34-1,4376201,동막골,방학,평일,14,14,1,14,14.08
34-1,4376201,동막골,방학,평일,16,16,1,16,16.4
34-1,4376311,동막골,학기,평일,16,16,1,16,18.05
34-1,4376311,동막골,학기,토요일,13,13,1,13,13.83
34-1,4376311,동막골,학기,일요일·공휴일,16,16,1,16,13.4
34-1,4376311,동막골,학기,일요일·공휴일,19,19,1,19,13.59
34-1,4376311,동막골,시험,평일,08,08,1,08,15.02
34-1,4376311,동막골,시험,평일,12,12,1,12,14.23
34-1,4376311,동막골,시험,평일,14,14,1,14,14.26
34-1,4376451,꿈드림새마을금고,학기,평일,08,08,1,08,13.53
34-1,4376451,꿈드림새마을금고,학기,평일,12,12,1,12,14.87
34-1,4376451,꿈드림새마을금고,학기,평일,17,18,2,17,15.15
34-1,4376451,꿈드림새마을금고,학기,토요일,09,09,1,09,14.03
34-1,4376451,꿈드림새마을금고,학기,토요일,12,12,1,12,18.01
34-1,4376451,꿈드림새마을금고,학기,토요일,14,14,1,14,13.68
34-1,4376451,꿈드림새마을금고,학기,일요일·공휴일,14,14,1,14,18.18
34-1,4376451,꿈드림새마을금고,학기,일요일·공휴일,17,18,2,18,13.43
34-1,4376451,꿈드림새마을금고,학기,일요일·공휴일,20,20,1,20,13.97
34-1,4376451,꿈드림새마을금고,시험,평일,08,08,1,08,17.2
34-1,4376451,꿈드림새마을금고,시험,평일,11,13,3,13,17.1
34-1,4376451,꿈드림새마을금고,시험,평일,15,17,3,16,17.84
34-1,4376451,꿈드림새마을금고,시험,토요일,13,14,2,14,17.21
34-1,4376451,꿈드림새마을금고,시험,일요일·공휴일,14,15,2,14,16.52
34-1,4376451,꿈드림새마을금고,시험,일요일·공휴일,20,20,1,20,17.46
34-1,4376451,꿈드림새마을금고,계절학기,평일,12,13,2,12,13.64
34-1,4376451,꿈드림새마을금고,계절학기,평일,17,17,1,17,15.9
34-1,4376451,꿈드림새마을금고,계절학기,토요일,10,11,2,11,16.9
34-1,4376451,꿈드림새마을금고,계절학기,토요일,15,15,1,15,15.18
34-1,4376451,꿈드림새마을금고,방학,평일,08,08,1,08,16.87
34-1,4376451,꿈드림새마을금고,방학,평일,12,12,1,12,14.52
34-1,4376451,꿈드림새마을금고,방학,평일,14,14,1,14,14.87
34-1,4376451,꿈드림새마을금고,방학,평일,18,18,1,18,15.06
34-1,4376451,꿈드림새마을금고,방학,토요일,11,12,2,12,13.95
34-1,4376451,꿈드림새마을금고,방학,토요일,14,14,1,14,17.25
34-1,4376451,꿈드림새마을금고,방학,토요일,16,16,1,16,13.99
34-1,4376451,꿈드림새마을금고,방학,일요일·공휴일,14,15,2,15,14.95
34-1,4376461,단계은행아파트,학기,평일,08,09,2,08,15.78
34-1,4376461,단계은행아파트,학기,평일,12,13,2,12,17.47
34-1,4376461,단계은행아파트,학기,평일,15,18,4,17,17.86
34-1,4376461,단계은행아파트,학기,토요일,09,10,2,10,13.81
34-1,4376461,단계은행아파트,학기,토요일,12,14,3,12,20.61
34-1,4376461,단계은행아파트,학기,일요일·공휴일,12,12,1,12,14.84
34-1,4376461,단계은행아파트,학기,일요일·공휴일,14,14,1,14,20.8
34-1,4376461,단계은행아파트,학기,일요일·공휴일,20,21,2,21,15.34
34-1,4376461,단계은행아파트,시험,평일,08,18,11,08,18.41
34-1,4376461,단계은행아파트,시험,토요일,06,06,1,06,13.69
34-1,4376461,단계은행아파트,시험,토요일,09,09,1,09,14.85
34-1,4376461,단계은행아파트,시험,토요일,11,12,2,12,16.23
34-1,4376461,단계은행아파트,시험,토요일,14,14,1,14,18.13
34-1,4376461,단계은행아파트,시험,일요일·공휴일,11,14,4,12,17.7
34-1,4376461,단계은행아파트,시험,일요일·공휴일,16,16,1,16,14.08
34-1,4376461,단계은행아파트,시험,일요일·공휴일,20,20,1,20,15.96
34-1,4376461,단계은행아파트,계절학기,평일,08,08,1,08,13.81
34-1,4376461,단계은행아파트,계절학기,평일,10,10,1,10,13.31
34-1,4376461,단계은행아파트,계절학기,평일,12,15,4,12,17.5
34-1,4376461,단계은행아파트,계절학기,평일,17,17,1,17,14.9
34-1,4376461,단계은행아파트,계절학기,토요일,10,11,2,11,17.76
34-1,4376461,단계은행아파트,계절학기,토요일,15,16,2,15,15.3
34-1,4376461,단계은행아파트,계절학기,일요일·공휴일,12,12,1,12,16.22
34-1,4376461,단계은행아파트,방학,평일,08,10,3,08,15.61
34-1,4376461,단계은행아파트,방학,평일,12,14,3,12,17.0
34-1,4376461,단계은행아파트,방학,평일,18,18,1,18,15.09
34-1,4376461,단계은행아파트,방학,토요일,11,16,6,14,17.5
34-1,4376461,단계은행아파트,방학,일요일·공휴일,14,14,1,14,15.3
34-1,4376491,보촌,학기,평일,07,10,4,09,23.41
34-1,4376491,보촌,학기,평일,12,13,2,13,27.64
34-1,4376491,보촌,학기,평일,16,16,1,16,14.63
34-1,4376491,보촌,학기,평일,18,18,1,18,14.97
34-1,4376491,보촌,학기,일요일·공휴일,16,21,6,19,25.12
34-1,4376491,보촌,시험,평일,08,08,1,08,20.58
34-1,4376491,보촌,시험,평일,10,10,1,10,13.45
34-1,4376491,보촌,시험,평일,12,16,5,13,24.05
34-1,4376491,보촌,시험,평일,18,18,1,18,14.16
34-1,4376491,보촌,시험,토요일,11,12,2,11,15.71
34-1,4376491,보촌,시험,일요일·공휴일,11,12,2,12,18.03
34-1,4376491,보촌,시험,일요일·공휴일,14,15,2,15,16.29
34-1,4376491,보촌,시험,일요일·공휴일,17,17,1,17,15.13
34-1,4376491,보촌,시험,일요일·공휴일,20,21,2,20,20.79
34-1,4376491,보촌,계절학기,평일,08,08,1,08,19.0
34-1,4376491,보촌,계절학기,평일,13,13,1,13,13.43
34-1,4376491,보촌,계절학기,토요일,09,11,3,11,24.9
34-1,4376491,보촌,계절학기,토요일,15,15,1,15,13.35
34-1,4376501,두산위브정문,학기,평일,08,10,3,09,27.34
34-1,4376501,두산위브정문,학기,평일,12,13,2,13,21.25
34-1,4376501,두산위브정문,학기,평일,16,16,1,16,13.4
34-1,4376501,두산위브정문,학기,평일,18,18,1,18,14.99
34-1,4376501,두산위브정문,학기,일요일·공휴일,13,13,1,13,13.73
34-1,4376501,두산위브정문,학기,일요일·공휴일,16,21,6,20,24.2
34-1,4376501,두산위브정문,시험,평일,08,10,3,10,18.43
34-1,4376501,두산위브정문,시험,평일,12,18,7,13,23.13
34-1,4376501,두산위브정문,시험,토요일,20,20,1,20,13.83
34-1,4376501,두산위브정문,시험,일요일·공휴일,12,13,2,12,17.7
34-1,4376501,두산위브정문,시험,일요일·공휴일,17,17,1,17,13.96
34-1,4376501,두산위브정문,시험,일요일·공휴일,20,21,2,20,19.29
34-1,4376501,두산위브정문,계절학기,평일,13,13,1,13,14.86
34-1,4376501,두산위브정문,계절학기,토요일,10,10,1,10,13.26
34-1,4376501,두산위브정문,계절학기,토요일,13,13,1,13,13.7
34-1,4376521,벌밤골,학기,평일,08,10,3,09,24.84
34-1,4376521,벌밤골,학기,평일,12,13,2,13,24.0
34-1,4376521,벌밤골,학기,평일,16,16,1,16,15.65
34-1,4376521,벌밤골,학기,평일,18,18,1,18,13.62
34-1,4376521,벌밤골,학기,토요일,12,12,1,12,13.85
34-1,4376521,벌밤골,학기,토요일,14,15,2,14,13.35
34-1,4376521,벌밤골,학기,일요일·공휴일,14,15,2,14,14.82
34-1,4376521,벌밤골,학기,일요일·공휴일,17,20,4,17,20.03
34-1,4376521,벌밤골,시험,평일,11,13,3,13,33.7
34-1,4376521,벌밤골,시험,평일,16,17,2,16,16.72
34-1,4376521,벌밤골,시험,평일,20,20,1,20,14.76
34-1,4376521,벌밤골,시험,토요일,09,09,1,09,13.35
34-1,4376521,벌밤골,시험,토요일,12,12,1,12,13.9
34-1,4376521,벌밤골,시험,일요일·공휴일,20,20,1,20,19.79
34-1,4376521,벌밤골,계절학기,평일,08,08,1,08,17.14
34-1,4376521,벌밤골,계절학기,평일,12,13,2,12,14.0
34-1,4376521,벌밤골,계절학기,토요일,11,11,1,11,26.38
34-1,4376521,벌밤골,계절학기,토요일,13,13,1,13,13.37
34-1,4376521,벌밤골,방학,평일,13,13,1,13,13.99
34-1,4376521,벌밤골,방학,토요일,12,12,1,12,13.44
34-1,4376531,무수막마을,학기,평일,08,10,3,09,30.26
34-1,4376531,무수막마을,학기,평일,12,13,2,13,28.72
34-1,4376531,무수막마을,학기,평일,16,16,1,16,13.93
34-1,4376531,무수막마을,학기,평일,18,18,1,18,15.31
34-1,4376531,무수막마을,학기,일요일·공휴일,14,14,1,14,13.71
34-1,4376531,무수막마을,학기,일요일·공휴일,16,21,6,19,26.61
34-1,4376531,무수막마을,시험,평일,08,08,1,08,20.68
34-1,4376531,무수막마을,시험,평일,11,18,8,13,32.99
34-1,4376531,무수막마을,계절학기,평일,08,08,1,08,15.16
34-1,4376531,무수막마을,계절학기,평일,13,13,1,13,14.5
34-1,4376531,무수막마을,계절학기,토요일,10,11,2,11,30.55
34-1,4376531,무수막마을,방학,평일,08,08,1,08,14.25
34-1,4376531,무수막마을,방학,평일,12,13,2,12,14.66
34-1,4376531,무수막마을,방학,일요일·공휴일,15,15,1,15,15.73
34-1,4376531,무수막마을,방학,일요일·공휴일,20,20,1,20,17.03
34-1,4376541,세동마을,학기,평일,07,10,4,09,25.95
34-1,4376541,세동마을,학기,평일,12,13,2,13,29.43
34-1,4376541,세동마을,학기,일요일·공휴일,16,17,2,16,27.13
34-1,4376541,세동마을,학기,일요일·공휴일,19,21,3,19,25.89
34-1,4376541,세동마을,시험,평일,08,08,1,08,18.45
34-1,4376541,세동마을,시험,평일,10,13,4,13,25.79
34-1,4376541,세동마을,시험,평일,16,16,1,16,15.6
34-1,4376541,세동마을,시험,토요일,09,09,1,09,13.69
34-1,4376541,세동마을,시험,토요일,12,12,1,12,13.9
34-1,4376541,세동마을,시험,일요일·공휴일,12,12,1,12,16.45
34-1,4376541,세동마을,시험,일요일·공휴일,15,17,3,17,15.46
34-1,4376541,세동마을,시험,일요일·공휴일,20,21,2,20,18.63
34-1,4376541,세동마을,계절학기,평일,08,08,1,08,17.61
34-1,4376541,세동마을,계절학기,토요일,09,10,2,10,15.97
34-1,4376561,연세대스포츠센터,학기,평일,08,09,2,09,20.73
34-1,4376561,연세대스포츠센터,학기,평일,13,13,1,13,16.49
34-1,4376561,연세대스포츠센터,시험,평일,08,08,1,08,14.31
34-1,4376561,연세대스포츠센터,시험,평일,12,13,2,13,21.99
34-1,4376561,연세대스포츠센터,시험,토요일,09,09,1,09,13.35
34-1,4376561,연세대스포츠센터,시험,토요일,12,12,1,12,13.9
34-1,4376561,연세대스포츠센터,시험,토요일,14,14,1,14,14.96
34-1,4376561,연세대스포츠센터,시험,일요일·공휴일,11,14,4,12,15.87
34-1,4376561,연세대스포츠센터,시험,일요일·공휴일,16,16,1,16,14.08
34-1,4376561,연세대스포츠센터,시험,일요일·공휴일,20,21,2,20,16.46
34-1,4376561,연세대스포츠센터,계절학기,토요일,11,11,1,11,24.38
34-1,4376581,연세대복지타운,학기,평일,15,18,4,16,21.9
34-1,4376581,연세대복지타운,시험,평일,12,18,7,17,17.96
34-1,4376581,연세대복지타운,시험,토요일,12,12,1,12,13.9
34-1,4376581,연세대복지타운,시험,토요일,14,14,1,14,16.46
34-1,4376581,연세대복지타운,시험,일요일·공휴일,12,13,2,12,18.12
34-1,4376581,연세대복지타운,시험,일요일·공휴일,20,21,2,20,15.79
34-1,4376581,연세대복지타운,계절학기,평일,17,17,1,17,14.36
34-1,4376581,연세대복지타운,계절학기,토요일,11,11,1,11,14.04
34-1,4376581,연세대복지타운,방학,토요일,12,12,1,12,15.6
34-1,4376591,연세대학교,학기,평일,13,13,1,13,13.22
34-1,4376591,연세대학교,학기,평일,15,18,4,17,28.26
34-1,4376591,연세대학교,학기,토요일,11,11,1,11,14.11
34-1,4376591,연세대학교,학기,일요일·공휴일,20,20,1,20,14.8
34-1,4376591,연세대학교,시험,평일,12,18,7,15,17.73
34-1,4376591,연세대학교,시험,토요일,18,18,1,18,13.6
34-1,4376591,연세대학교,시험,일요일·공휴일,13,13,1,13,14.57
34-1,4376591,연세대학교,계절학기,평일,17,17,1,17,15.08
34-1,4376591,연세대학교,계절학기,토요일,10,11,2,11,16.05
34-1,4376591,연세대학교,계절학기,토요일,14,14,1,14,13.66
34-1,4376591,연세대학교,계절학기,토요일,16,16,1,16,13.31
34-1,4376601,세동,학기,평일,13,13,1,13,15.56
34-1,4376601,세동,학기,평일,15,18,4,17,26.99
34-1,4376601,세동,시험,평일,10,10,1,10,13.44
34-1,4376601,세동,시험,평일,13,18,6,17,19.58
34-1,4376601,세동,시험,토요일,09,09,1,09,13.69
34-1,4376601,세동,시험,토요일,11,14,4,11,15.96
34-1,4376601,세동,시험,토요일,18,18,1,18,13.93
34-1,4376601,세동,시험,토요일,20,20,1,20,13.83
34-1,4376601,세동,시험,일요일·공휴일,13,13,1,13,14.32
34-1,4376601,세동,시험,일요일·공휴일,17,17,1,17,13.21
34-1,4376601,세동,시험,일요일·공휴일,20,21,2,20,15.96
34-1,4376601,세동,계절학기,평일,13,13,1,13,13.23
34-1,4376601,세동,계절학기,평일,15,17,3,17,14.73
34-1,4376601,세동,계절학기,토요일,11,11,1,11,17.21
34-1,4376601,세동,계절학기,토요일,14,15,2,15,21.01
34-1,4376611,무수막마을,학기,평일,08,08,1,08,13.59
34-1,4376611,무수막마을,학기,평일,12,13,2,13,18.4
34-1,4376611,무수막마을,학기,평일,15,18,4,17,31.39
34-1,4376611,무수막마을,학기,토요일,10,11,2,10,14.76
34-1,4376611,무수막마을,학기,토요일,16,16,1,16,14.69
34-1,4376611,무수막마을,학기,일요일·공휴일,16,16,1,16,14.06
34-1,4376611,무수막마을,학기,일요일·공휴일,18,19,2,19,14.76
34-1,4376611,무수막마을,시험,평일,10,10,1,10,16.67
34-1,4376611,무수막마을,시험,평일,13,15,3,13,18.85
34-1,4376611,무수막마을,시험,평일,17,18,2,17,20.73
34-1,4376611,무수막마을,시험,토요일,12,12,1,12,13.9
34-1,4376611,무수막마을,시험,토요일,20,20,1,20,13.5
34-1,4376611,무수막마을,시험,일요일·공휴일,14,14,1,14,14.52
34-1,4376611,무수막마을,계절학기,평일,13,13,1,13,14.17
34-1,4376611,무수막마을,계절학기,평일,15,17,3,17,16.97
34-1,4376611,무수막마을,계절학기,토요일,11,11,1,11,15.04
34-1,4376611,무수막마을,방학,평일,16,16,1,16,15.56
34-1,4376611,무수막마을,방학,토요일,14,14,1,14,14.58
34-1,4376621,벌밤골,학기,평일,12,18,7,17,28.78
34-1,4376621,벌밤골,학기,토요일,10,14,5,14,15.52
34-1,4376621,벌밤골,학기,일요일·공휴일,14,14,1,14,13.41
34-1,4376621,벌밤골,학기,일요일·공휴일,16,19,4,16,14.91
34-1,4376621,벌밤골,시험,평일,08,08,1,08,15.85
34-1,4376621,벌밤골,시험,평일,10,15,6,15,18.67
34-1,4376621,벌밤골,시험,평일,17,17,1,17,19.52
34-1,4376621,벌밤골,시험,토요일,20,20,1,20,13.5
34-1,4376621,벌밤골,시험,일요일·공휴일,11,12,2,12,20.7
34-1,4376621,벌밤골,시험,일요일·공휴일,14,14,1,14,14.77
34-1,4376621,벌밤골,계절학기,평일,13,13,1,13,14.89
34-1,4376621,벌밤골,계절학기,평일,15,16,2,15,14.67
34-1,4376621,벌밤골,계절학기,토요일,11,11,1,11,17.55
34-1,4376621,벌밤골,방학,평일,14,14,1,14,14.9
34-1,4376621,벌밤골,방학,토요일,14,14,1,14,13.21
34-1,4376631,두산위브아파트,학기,평일,13,18,6,17,27.23
34-1,4376631,두산위브아파트,학기,토요일,11,11,1,11,14.68
34-1,4376631,두산위브아파트,학기,일요일·공휴일,17,17,1,17,14.48
34-1,4376631,두산위브아파트,학기,일요일·공휴일,19,19,1,19,13.92
34-1,4376631,두산위브아파트,학기,일요일·공휴일,21,21,1,21,15.96
34-1,4376631,두산위브아파트,시험,평일,11,11,1,11,13.27
34-1,4376631,두산위브아파트,시험,평일,13,18,6,13,19.65
34-1,4376631,두산위브아파트,시험,토요일,09,09,1,09,13.69
34-1,4376631,두산위브아파트,시험,토요일,11,11,1,11,17.21
34-1,4376631,두산위브아파트,시험,토요일,18,18,1,18,13.6
34-1,4376631,두산위브아파트,시험,일요일·공휴일,12,12,1,12,20.37
34-1,4376631,두산위브아파트,계절학기,평일,12,12,1,12,13.43
34-1,4376631,두산위브아파트,계절학기,평일,15,17,3,17,15.95
34-1,4376631,두산위브아파트,계절학기,토요일,11,11,1,11,15.47
34-1,4376631,두산위브아파트,방학,토요일,11,11,1,11,13.22
34-1,4376631,두산위브아파트,방학,토요일,14,14,1,14,13.41
34-1,4376641,흥업지구대,학기,평일,13,13,1,13,16.95
34-1,4376641,흥업지구대,학기,평일,15,18,4,17,27.13
34-1,4376641,흥업지구대,시험,평일,08,08,1,08,16.85
34-1,4376641,흥업지구대,시험,평일,13,17,5,17,19.81
34-1,4376641,흥업지구대,시험,토요일,09,09,1,09,14.02
34-1,4376641,흥업지구대,시험,토요일,11,12,2,11,17.54
34-1,4376641,흥업지구대,시험,토요일,18,18,1,18,13.6
34-1,4376641,흥업지구대,시험,일요일·공휴일,12,14,3,14,16.52
34-1,4376641,흥업지구대,시험,일요일·공휴일,20,21,2,21,16.06
34-1,4376641,흥업지구대,계절학기,평일,15,17,3,15,15.68
34-1,4376641,흥업지구대,계절학기,토요일,10,11,2,11,15.71
34-1,4376641,흥업지구대,계절학기,토요일,16,16,1,16,13.41
34-1,4376641,흥업지구대,방학,토요일,13,13,1,13,13.51
34-1,4376691,단계은행아파트,학기,평일,15,16,2,16,14.96
34-1,4376691,단계은행아파트,학기,일요일·공휴일,16,16,1,16,15.44
34-1,4376691,단계은행아파트,학기,일요일·공휴일,18,18,1,18,14.3
34-1,4376691,단계은행아파트,학기,일요일·공휴일,20,21,2,20,14.68
34-1,4376691,단계은행아파트,시험,평일,08,09,2,09,15.19
34-1,4376691,단계은행아파트,시험,평일,12,13,2,13,15.32
34-1,4376691,단계은행아파트,시험,평일,15,18,4,17,15.16
34-1,4376691,단계은행아파트,시험,토요일,09,09,1,09,15.52
34-1,4376691,단계은행아파트,시험,토요일,12,12,1,12,14.23
34-1,4376691,단계은행아파트,시험,토요일,14,14,1,14,16.63
34-1,4376691,단계은행아파트,시험,토요일,20,20,1,20,14.5
34-1,4376691,단계은행아파트,시험,일요일·공휴일,12,14,3,12,16.78
34-1,4376691,단계은행아파트,시험,일요일·공휴일,17,18,2,18,15.14
34-1,4376691,단계은행아파트,계절학기,평일,08,08,1,08,14.5
34-1,4376691,단계은행아파트,계절학기,토요일,11,11,1,11,14.76
34-1,4376691,단계은행아파트,계절학기,토요일,15,16,2,16,14.27
34-1,4376701,꿈드림새마을금고,학기,평일,08,08,1,08,13.58
34-1,4376701,꿈드림새마을금고,학기,평일,16,16,1,16,14.05
34-1,4376701,꿈드림새마을금고,학기,토요일,11,11,1,11,15.66
34-1,4376701,꿈드림새마을금고,학기,일요일·공휴일,15,16,2,16,14.42
34-1,4376701,꿈드림새마을금고,학기,일요일·공휴일,18,21,4,21,14.83
34-1,4376701,꿈드림새마을금고,시험,평일,08,09,2,09,16.26
34-1,4376701,꿈드림새마을금고,시험,평일,11,18,8,13,17.42
34-1,4376701,꿈드림새마을금고,시험,토요일,09,09,1,09,18.85
34-1,4376701,꿈드림새마을금고,시험,토요일,11,11,1,11,14.87
34-1,4376701,꿈드림새마을금고,시험,일요일·공휴일,16,18,3,16,15.58
34-1,4376701,꿈드림새마을금고,계절학기,토요일,10,11,2,11,15.26
34-1,4376701,꿈드림새마을금고,계절학기,토요일,13,13,1,13,13.37
34-1,4376701,꿈드림새마을금고,계절학기,토요일,16,16,1,16,14.81
34-1,4376701,꿈드림새마을금고,방학,평일,08,08,1,08,15.08
34-1,4376701,꿈드림새마을금고,방학,토요일,16,16,1,16,13.36
34-1,4376711,우리병원,학기,평일,18,18,1,18,14.66
34-1,4376711,우리병원,학기,토요일,11,13,3,12,14.68
34-1,4376711,우리병원,학기,일요일·공휴일,14,14,1,14,17.13
34-1,4376711,우리병원,학기,일요일·공휴일,19,20,2,20,15.97
34-1,4376711,우리병원,시험,평일,08,09,2,08,14.89
34-1,4376711,우리병원,시험,평일,12,13,2,13,18.82
34-1,4376711,우리병원,시험,평일,15,16,2,15,16.0
34-1,4376711,우리병원,시험,평일,18,18,1,18,16.4
34-1,4376711,우리병원,시험,토요일,11,12,2,11,16.04
34-1,4376711,우리병원,시험,일요일·공휴일,16,16,1,16,14.42
34-1,4376711,우리병원,계절학기,평일,12,12,1,12,14.0
34-1,4376711,우리병원,계절학기,평일,15,15,1,15,14.07
34-1,4376711,우리병원,계절학기,평일,18,18,1,18,14.29
34-1,4376711,우리병원,계절학기,토요일,14,14,1,14,13.91
34-1,4376711,우리병원,방학,평일,18,18,1,18,15.71
34-1,4376711,우리병원,방학,토요일,14,14,1,14,13.44
34-1,4376711,우리병원,방학,일요일·공휴일,14,14,1,14,13.84
34-1,4376831,서곡삼거리,학기,평일,09,18,10,17,37.78
34-1,4376831,서곡삼거리,학기,토요일,10,10,1,10,14.22
34-1,4376831,서곡삼거리,학기,토요일,13,14,2,14,18.18
34-1,4376831,서곡삼거리,학기,일요일·공휴일,14,14,1,14,14.82
34-1,4376831,서곡삼거리,학기,일요일·공휴일,18,18,1,18,15.39
34-1,4376831,서곡삼거리,학기,일요일·공휴일,20,20,1,20,13.4
34-1,4376831,서곡삼거리,시험,평일,14,17,4,16,23.84
34-1,4376831,서곡삼거리,계절학기,평일,13,15,3,13,15.62
34-1,4376831,서곡삼거리,계절학기,평일,17,17,1,17,20.07
34-1,4376831,서곡삼거리,방학,평일,08,11,4,08,16.08
34-1,4376831,서곡삼거리,방학,평일,13,17,5,14,18.51
34-1,4376831,서곡삼거리,방학,토요일,11,13,3,11,16.92
34-1,4377061,회촌,학기,토요일,13,13,1,13,14.16
34-1,4377061,회촌,학기,일요일·공휴일,19,19,1,19,13.92
34-1,4377061,회촌,시험,평일,13,13,1,13,14.8
34-1,4377061,회촌,시험,평일,15,18,4,16,16.72
34-1,4377061,회촌,시험,토요일,20,20,1,20,13.5
34-1,4377061,회촌,시험,일요일·공휴일,14,14,1,14,13.86
34-1,4377061,회촌,계절학기,평일,15,15,1,15,13.23
34-1,4377061,회촌,계절학기,토요일,11,11,1,11,15.88
34-1,4377331,한촌,학기,평일,13,13,1,13,18.84
34-1,4377331,한촌,학기,일요일·공휴일,18,18,1,18,13.56
34-1,4377331,한촌,학기,일요일·공휴일,20,20,1,20,14.8
34-1,4377331,한촌,시험,평일,14,15,2,14,15.43
34-1,4377331,한촌,계절학기,평일,08,08,1,08,13.33
34-1,4377331,한촌,계절학기,평일,13,13,1,13,13.83
34-1,4377331,한촌,계절학기,토요일,10,10,1,10,13.63
34-1,4377331,한촌,방학,평일,08,08,1,08,14.58
34-1,4377331,한촌,방학,평일,16,16,1,16,13.55
34-1,4377341,한촌,학기,일요일·공휴일,18,18,1,18,13.56
34-1,4377341,한촌,시험,평일,08,08,1,08,14.68
34-1,4377341,한촌,시험,평일,12,12,1,12,14.56
34-1,4377341,한촌,시험,평일,16,17,2,16,16.51
34-1,4377341,한촌,방학,평일,13,13,1,13,13.56
34-1,4377401,변판서골,학기,평일,08,08,1,08,23.82
34-1,4377401,변판서골,학기,평일,10,18,9,10,26.41
34-1,4377401,변판서골,학기,토요일,12,14,3,12,17.59
34-1,4377401,변판서골,학기,토요일,17,17,1,17,13.32
34-1,4377401,변판서골,학기,일요일·공휴일,14,16,3,16,19.48
34-1,4377401,변판서골,학기,일요일·공휴일,20,20,1,20,15.64
34-1,4377401,변판서골,시험,평일,09,09,1,09,16.92
34-1,4377401,변판서골,시험,평일,17,18,2,18,19.22
34-1,4377401,변판서골,계절학기,평일,09,09,1,09,14.47
34-1,4377401,변판서골,계절학기,평일,17,17,1,17,15.13
34-1,4377401,변판서골,방학,평일,10,14,5,12,19.06
34-1,4377401,변판서골,방학,평일,16,17,2,16,18.67
34-1,4377401,변판서골,방학,일요일·공휴일,13,13,1,13,14.01
34-1,4377881,변판서골,학기,평일,08,11,4,11,16.88
34-1,4377881,변판서골,학기,평일,13,17,5,15,27.73
34-1,4377881,변판서골,학기,평일,19,19,1,19,16.94
34-1,4377881,변판서골,학기,토요일,08,08,1,08,16.74
34-1,4377881,변판서골,학기,토요일,10,11,2,11,24.54
34-1,4377881,변판서골,학기,토요일,16,16,1,16,17.94
34-1,4377881,변판서골,학기,일요일·공휴일,10,10,1,10,14.56
34-1,4377881,변판서골,학기,일요일·공휴일,13,14,2,13,18.63
34-1,4377881,변판서골,학기,일요일·공휴일,18,18,1,18,16.56
34-1,4377881,변판서골,학기,일요일·공휴일,20,20,1,20,14.35
34-1,4377881,변판서골,시험,평일,09,15,7,13,25.49
34-1,4377881,변판서골,시험,평일,17,17,1,17,20.52
34-1,4377881,변판서골,시험,토요일,13,13,1,13,16.61
34-1,4377881,변판서골,계절학기,평일,09,09,1,09,15.58
34-1,4377881,변판서골,계절학기,평일,13,15,3,13,17.17
34-1,4377881,변판서골,계절학기,평일,18,18,1,18,15.08
34-1,4377881,변판서골,계절학기,토요일,09,09,1,09,13.21
34-1,4377881,변판서골,계절학기,일요일·공휴일,13,13,1,13,13.28
34-1,4377881,변판서골,방학,평일,11,13,3,12,20.74
34-1,4377881,변판서골,방학,평일,15,15,1,15,17.4
34-1,4377881,변판서골,방학,평일,18,18,1,18,13.46
34-1,4377881,변판서골,방학,토요일,11,11,1,11,19.09
34-1,4377881,변판서골,방학,일요일·공휴일,11,16,6,13,17.26
34-1,4379181,연세대(시내방면),학기,평일,16,16,1,16,14.96
34-1,4379181,연세대(시내방면),시험,평일,15,15,1,15,14.47
34-1,4379181,연세대(시내방면),시험,일요일·공휴일,11,13,3,12,19.53
34-1,4379181,연세대(시내방면),시험,일요일·공휴일,16,16,1,16,14.08
34-1,4379181,연세대(시내방면),계절학기,토요일,11,11,1,11,16.05
34-1,4379181,연세대(시내방면),계절학기,토요일,14,15,2,15,18.3
34-1,4379191,연세대정문,학기,평일,07,10,4,09,25.65
34-1,4379191,연세대정문,학기,평일,12,16,5,13,23.63
34-1,4379191,연세대정문,학기,토요일,11,11,1,11,13.3
34-1,4379191,연세대정문,학기,토요일,13,13,1,13,13.71
34-1,4379191,연세대정문,학기,일요일·공휴일,12,12,1,12,13.33
34-1,4379191,연세대정문,학기,일요일·공휴일,15,21,7,20,26.4
34-1,4379191,연세대정문,시험,평일,12,15,4,13,19.7
34-1,4379191,연세대정문,시험,평일,18,18,1,18,14.38
34-1,4379191,연세대정문,시험,일요일·공휴일,11,11,1,11,14.21
34-1,4379191,연세대정문,계절학기,평일,08,08,1,08,18.62
34-1,4379191,연세대정문,계절학기,평일,13,14,2,13,13.43
34-1,4379191,연세대정문,방학,평일,13,14,2,14,15.65
34-1,4379191,연세대정문,방학,평일,16,16,1,16,15.23
34-1,4381451,미촌,학기,평일,18,18,1,18,14.5
34-1,4381451,미촌,학기,일요일·공휴일,16,16,1,16,13.73
34-1,4381451,미촌,시험,평일,12,12,1,12,14.23
34-1,4381451,미촌,시험,평일,15,16,2,16,16.84
34-1,4381451,미촌,시험,일요일·공휴일,12,12,1,12,17.03
34-1,4381451,미촌,시험,일요일·공휴일,16,16,1,16,14.08
34-1,4381451,미촌,계절학기,평일,08,08,1,08,13.33
34-1,4381451,미촌,계절학기,평일,13,13,1,13,14.43
34-1,4381451,미촌,계절학기,평일,16,16,1,16,13.33
34-1,4381451,미촌,계절학기,토요일,10,11,2,11,14.33
34-1,4381451,미촌,방학,평일,08,08,1,08,14.24
34-1,4381451,미촌,방학,토요일,13,13,1,13,14.02
34-1,4381461,매지리,학기,평일,16,16,1,16,13.59
34-1,4381461,매지리,학기,토요일,11,11,1,11,13.3
34-1,4381461,매지리,학기,일요일·공휴일,16,16,1,16,13.4
34-1,4381461,매지리,학기,일요일·공휴일,18,18,1,18,13.22
34-1,4381461,매지리,시험,평일,08,08,1,08,14.68
34-1,4381461,매지리,시험,평일,13,13,1,13,13.61
34-1,4381461,매지리,시험,평일,15,16,2,15,18.67
34-1,4381461,매지리,시험,토요일,12,12,1,12,13.56
34-1,4381461,매지리,시험,일요일·공휴일,16,16,1,16,13.75
34-1,4381911,단구은행아파트,학기,평일,07,18,12,13,33.47
34-1,4381911,단구은행아파트,학기,토요일,08,16,9,09,21.88
34-1,4381911,단구은행아파트,학기,토요일,18,18,1,18,18.37
34-1,4381911,단구은행아파트,학기,일요일·공휴일,10,11,2,11,16.1
34-1,4381911,단구은행아파트,학기,일요일·공휴일,13,16,4,13,16.9
34-1,4381911,단구은행아파트,학기,일요일·공휴일,19,19,1,19,14.08
34-1,4381911,단구은행아파트,학기,일요일·공휴일,21,21,1,21,15.63
34-1,4381911,단구은행아파트,시험,평일,08,18,11,16,24.71
34-1,4381911,단구은행아파트,시험,일요일·공휴일,11,11,1,11,16.37
34-1,4381911,단구은행아파트,시험,일요일·공휴일,13,13,1,13,20.4
34-1,4381911,단구은행아파트,시험,일요일·공휴일,15,15,1,15,14.96
34-1,4381911,단구은행아파트,시험,일요일·공휴일,17,17,1,17,14.8
34-1,4381911,단구은행아파트,시험,일요일·공휴일,21,21,1,21,15.22
34-1,4381911,단구은행아파트,계절학기,평일,08,18,11,11,22.99
34-1,4381911,단구은행아파트,계절학기,토요일,11,11,1,11,21.21
34-1,4381911,단구은행아파트,계절학기,토요일,13,13,1,13,16.7
34-1,4381911,단구은행아파트,계절학기,일요일·공휴일,13,13,1,13,13.61
34-1,4381911,단구은행아파트,방학,평일,08,18,11,13,25.62
34-1,4381911,단구은행아파트,방학,토요일,08,08,1,08,13.35
34-1,4381911,단구은행아파트,방학,토요일,10,16,7,13,20.42
34-1,4381911,단구은행아파트,방학,일요일·공휴일,11,15,5,13,17.16
34-1,4381921,단구은행아파트,학기,평일,08,18,11,18,27.35
34-1,4381921,단구은행아파트,학기,토요일,08,08,1,08,15.57
34-1,4381921,단구은행아파트,학기,토요일,10,17,8,17,18.24
34-1,4381921,단구은행아파트,학기,토요일,21,21,1,21,16.01
34-1,4381921,단구은행아파트,학기,일요일·공휴일,10,10,1,10,13.27
34-1,4381921,단구은행아파트,학기,일요일·공휴일,13,21,9,20,24.45
34-1,4381921,단구은행아파트,시험,평일,08,18,11,13,24.49
34-1,4381921,단구은행아파트,시험,토요일,12,12,1,12,16.9
34-1,4381921,단구은행아파트,시험,일요일·공휴일,10,11,2,10,15.31
34-1,4381921,단구은행아파트,시험,일요일·공휴일,16,16,1,16,17.42
34-1,4381921,단구은행아파트,시험,일요일·공휴일,20,20,1,20,20.04
34-1,4381921,단구은행아파트,계절학기,평일,08,08,1,08,16.33
34-1,4381921,단구은행아파트,계절학기,평일,12,18,7,16,19.04
34-1,4381921,단구은행아파트,계절학기,일요일·공휴일,13,13,1,13,13.95
34-1,4381921,단구은행아파트,방학,평일,08,08,1,08,21.38
34-1,4381921,단구은행아파트,방학,평일,10,18,9,14,28.64
34-1,4381921,단구은행아파트,방학,토요일,11,18,8,15,20.24
34-1,4381921,단구은행아파트,방학,일요일·공휴일,14,15,2,15,19.62
34-1,4381921,단구은행아파트,방학,일요일·공휴일,17,18,2,17,16.24
34-1,4386361,,학기,평일,13,13,1,13,17.15
34-1,4386361,,학기,평일,15,18,4,16,16.88
34-1,4387531,장양삼거리,학기,평일,13,13,1,13,16.15
34-1,4387531,장양삼거리,방학,평일,13,13,1,13,14.99
34-1,4388781,원주역(흥업방면.승차전용),학기,평일,07,18,12,13,41.32
34-1,4388781,원주역(흥업방면.승차전용),학기,평일,20,21,2,20,15.25
34-1,4388781,원주역(흥업방면.승차전용),학기,토요일,09,09,1,09,13.79
34-1,4388781,원주역(흥업방면.승차전용),학기,토요일,11,11,1,11,14.7
34-1,4388781,원주역(흥업방면.승차전용),학기,토요일,13,13,1,13,13.66
34-1,4388781,원주역(흥업방면.승차전용),학기,토요일,15,15,1,15,14.74
34-1,4388781,원주역(흥업방면.승차전용),학기,토요일,17,17,1,17,13.5
34-1,4388781,원주역(흥업방면.승차전용),학기,토요일,20,21,2,20,13.76
34-1,4388781,원주역(흥업방면.승차전용),학기,일요일·공휴일,12,13,2,13,18.47
34-1,4388781,원주역(흥업방면.승차전용),학기,일요일·공휴일,15,21,7,19,39.66
34-1,4388781,원주역(흥업방면.승차전용),시험,평일,07,18,12,13,32.39
34-1,4388781,원주역(흥업방면.승차전용),시험,평일,20,20,1,20,17.01
34-1,4388781,원주역(흥업방면.승차전용),시험,토요일,09,09,1,09,13.69
34-1,4388781,원주역(흥업방면.승차전용),시험,토요일,11,11,1,11,16.37
34-1,4388781,원주역(흥업방면.승차전용),시험,토요일,20,20,1,20,15.75
34-1,4388781,원주역(흥업방면.승차전용),시험,일요일·공휴일,11,12,2,12,20.7
34-1,4388781,원주역(흥업방면.승차전용),시험,일요일·공휴일,15,21,7,20,20.54
34-1,4388781,원주역(흥업방면.승차전용),계절학기,평일,08,18,11,08,20.59
34-1,4388781,원주역(흥업방면.승차전용),계절학기,토요일,10,13,4,11,26.4
34-1,4388781,원주역(흥업방면.승차전용),계절학기,토요일,15,15,1,15,13.65
34-1,4388781,원주역(흥업방면.승차전용),계절학기,일요일·공휴일,13,13,1,13,13.28
34-1,4388781,원주역(흥업방면.승차전용),방학,평일,08,18,11,16,19.96
34-1,4388781,원주역(흥업방면.승차전용),방학,토요일,11,11,1,11,14.11
34-1,4388781,원주역(흥업방면.승차전용),방학,토요일,13,14,2,14,15.43
34-1,4388781,원주역(흥업방면.승차전용),방학,일요일·공휴일,15,16,2,16,15.08
34-1,4388811,연세대(귀래방면),시험,평일,08,08,1,08,14.57
34-1,4388811,연세대(귀래방면),시험,평일,13,13,1,13,21.77
34-1,4388811,연세대(귀래방면),시험,일요일·공휴일,14,14,1,14,15.02
34-1,4388811,연세대(귀래방면),시험,일요일·공휴일,20,20,1,20,15.63
34-1,4389041,은행정마을,학기,평일,06,06,1,06,13.95
34-1,4389041,은행정마을,학기,평일,08,18,11,08,30.8
34-1,4389041,은행정마을,학기,토요일,08,11,4,08,17.92
34-1,4389041,은행정마을,학기,토요일,13,15,3,15,18.41
34-1,4389041,은행정마을,학기,토요일,17,18,2,18,14.26
34-1,4389041,은행정마을,학기,일요일·공휴일,10,10,1,10,14.74
34-1,4389041,은행정마을,학기,일요일·공휴일,12,19,8,18,25.13
34-1,4389041,은행정마을,학기,일요일·공휴일,21,21,1,21,18.63
34-1,4389041,은행정마을,시험,평일,08,18,11,08,21.73
34-1,4389041,은행정마을,시험,토요일,09,09,1,09,15.6
34-1,4389041,은행정마을,시험,일요일·공휴일,14,15,2,14,21.69
34-1,4389041,은행정마을,계절학기,평일,08,08,1,08,17.64
34-1,4389041,은행정마을,계절학기,평일,10,18,9,10,15.97
34-1,4389041,은행정마을,계절학기,토요일,10,11,2,11,15.88
34-1,4389041,은행정마을,방학,평일,08,08,1,08,24.51
34-1,4389041,은행정마을,방학,평일,10,10,1,10,16.75
34-1,4389041,은행정마을,방학,평일,12,18,7,14,23.96
34-1,4389041,은행정마을,방학,토요일,11,12,2,11,16.67
34-1,4389041,은행정마을,방학,토요일,14,14,1,14,15.5
34-1,4389041,은행정마을,방학,토요일,18,18,1,18,13.42
34-1,4389041,은행정마을,방학,일요일·공휴일,13,13,1,13,13.29
34-1,4389041,은행정마을,방학,일요일·공휴일,15,15,1,15,15.87
34-1,4389041,은행정마을,방학,일요일·공휴일,17,18,2,17,15.67
34-1,4389051,은행정마을,학기,평일,10,10,1,10,19.74
34-1,4389051,은행정마을,학기,평일,12,13,2,13,28.44
34-1,4389051,은행정마을,학기,평일,16,18,3,16,22.51
34-1,4389051,은행정마을,학기,토요일,15,15,1,15,15.2
34-1,4389051,은행정마을,학기,일요일·공휴일,14,17,4,14,14.32
34-1,4389051,은행정마을,학기,일요일·공휴일,19,21,3,20,32.48
34-1,4389051,은행정마을,시험,평일,08,08,1,08,15.02
34-1,4389051,은행정마을,시험,평일,10,10,1,10,20.58
34-1,4389051,은행정마을,시험,평일,13,13,1,13,26.7
34-1,4389051,은행정마을,시험,평일,16,18,3,16,16.72
34-1,4389051,은행정마을,시험,토요일,12,12,1,12,15.9
34-1,4389051,은행정마을,시험,토요일,15,15,1,15,14.81
34-1,4389051,은행정마을,시험,일요일·공휴일,14,15,2,15,18.29
34-1,4389051,은행정마을,계절학기,평일,10,11,2,11,15.72
34-1,4389051,은행정마을,계절학기,평일,13,13,1,13,17.5
34-1,4389051,은행정마을,계절학기,평일,15,17,3,16,16.57
34-1,4389051,은행정마을,방학,평일,13,17,5,17,19.52
34-1,4389051,은행정마을,방학,토요일,12,12,1,12,14.66
34-1,4389051,은행정마을,방학,토요일,14,14,1,14,14.07
34-1,4389051,은행정마을,방학,일요일·공휴일,14,15,2,15,14.65
34-1,4389061,연세대삼거리,학기,평일,12,12,1,12,13.44
34-1,4389061,연세대삼거리,학기,일요일·공휴일,19,21,3,21,15.63
34-1,4389061,연세대삼거리,시험,평일,10,10,1,10,14.34
34-1,4389061,연세대삼거리,시험,평일,15,16,2,15,16.0
34-1,4389061,연세대삼거리,시험,일요일·공휴일,14,14,1,14,14.19
34-1,4389071,회촌,학기,평일,18,18,1,18,14.16
34-1,4389071,회촌,학기,일요일·공휴일,19,19,1,19,13.59
34-1,4389071,회촌,시험,평일,08,08,1,08,14.68
34-1,4389071,회촌,시험,평일,12,13,2,13,18.15
34-1,4389071,회촌,시험,평일,17,17,1,17,14.52
34-1,4389071,회촌,시험,토요일,12,12,1,12,13.56
34-1,4389071,회촌,시험,일요일·공휴일,20,20,1,20,15.29
34-1,4389071,회촌,방학,평일,13,13,1,13,14.66
34-1,4389081,원주역(시내방면.승차전용),학기,평일,07,07,1,07,13.57
34-1,4389081,원주역(시내방면.승차전용),학기,평일,09,20,12,15,41.54
34-1,4389081,원주역(시내방면.승차전용),학기,토요일,08,18,11,18,21.39
34-1,4389081,원주역(시내방면.승차전용),학기,일요일·공휴일,10,11,2,11,16.16
34-1,4389081,원주역(시내방면.승차전용),학기,일요일·공휴일,13,13,1,13,17.36
34-1,4389081,원주역(시내방면.승차전용),학기,일요일·공휴일,15,18,4,18,23.1
34-1,4389081,원주역(시내방면.승차전용),학기,일요일·공휴일,20,20,1,20,13.95
34-1,4389081,원주역(시내방면.승차전용),시험,평일,08,19,12,16,30.3
34-1,4389081,원주역(시내방면.승차전용),시험,토요일,09,09,1,09,17.27
34-1,4389081,원주역(시내방면.승차전용),시험,토요일,11,13,3,11,23.37
34-1,4389081,원주역(시내방면.승차전용),시험,토요일,17,18,2,18,15.76
34-1,4389081,원주역(시내방면.승차전용),시험,토요일,20,20,1,20,15.0
34-1,4389081,원주역(시내방면.승차전용),시험,일요일·공휴일,11,13,3,12,23.2
34-1,4389081,원주역(시내방면.승차전용),시험,일요일·공휴일,15,18,4,17,16.63
34-1,4389081,원주역(시내방면.승차전용),시험,일요일·공휴일,20,20,1,20,17.52
34-1,4389081,원주역(시내방면.승차전용),계절학기,평일,08,18,11,18,21.3
34-1,4389081,원주역(시내방면.승차전용),계절학기,토요일,09,11,3,11,24.04
34-1,4389081,원주역(시내방면.승차전용),계절학기,토요일,13,17,5,14,17.49
34-1,4389081,원주역(시내방면.승차전용),방학,평일,08,18,11,18,25.8
34-1,4389081,원주역(시내방면.승차전용),방학,토요일,10,15,6,13,20.38
34-1,4389081,원주역(시내방면.승차전용),방학,토요일,18,18,1,18,14.19
34-1,4389081,원주역(시내방면.승차전용),방학,일요일·공휴일,10,16,7,13,17.36
34-1,4389081,원주역(시내방면.승차전용),방학,일요일·공휴일,18,18,1,18,19.3
34-1,4389451,원주역(하차전용),학기,평일,08,10,3,09,18.76
34-1,4389451,원주역(하차전용),학기,평일,12,13,2,13,21.59
34-1,4389451,원주역(하차전용),학기,평일,16,18,3,18,17.75
34-1,4389451,원주역(하차전용),학기,일요일·공휴일,16,21,6,20,24.05
34-1,4389451,원주역(하차전용),시험,평일,08,08,1,08,15.46
34-1,4389451,원주역(하차전용),시험,평일,12,18,7,13,20.39
34-1,4389451,원주역(하차전용),시험,토요일,09,09,1,09,13.69
34-1,4389451,원주역(하차전용),시험,토요일,11,12,2,12,15.98
34-1,4389451,원주역(하차전용),시험,토요일,14,15,2,14,16.96
34-1,4389451,원주역(하차전용),시험,토요일,20,20,1,20,16.83
34-1,4389451,원주역(하차전용),시험,일요일·공휴일,11,12,2,12,17.42
34-1,4389451,원주역(하차전용),시험,일요일·공휴일,14,17,4,14,17.52
34-1,4389451,원주역(하차전용),시험,일요일·공휴일,20,21,2,20,19.38
34-1,4389451,원주역(하차전용),계절학기,평일,12,13,2,13,14.3
34-1,4389451,원주역(하차전용),계절학기,평일,16,17,2,17,18.33
34-1,4389451,원주역(하차전용),방학,평일,13,14,2,13,15.46
34-1,4389451,원주역(하차전용),방학,평일,16,17,2,17,16.32
