base_no,sttn_id,sttn_nm,period,day_type,from_tzon,from_level,from_grade,rec_tzon,rec_level,rec_grade,shift_hours
111,4389081,원주역(시내방면.승차전용),시험,일요일·공휴일,22,14.58,T3,23,3.88,T1,1
111,4389081,원주역(시내방면.승차전용),방학,일요일·공휴일,22,19.95,T3,23,11.13,T2,1
30,4370441,시외.고속버스터미널,학기,평일,07,17.78,T3,09,11.98,T2,2
30,4370441,시외.고속버스터미널,학기,평일,08,19.18,T3,10,8.07,T1,2
30,4370441,시외.고속버스터미널,학기,평일,11,21.64,T3,10,8.07,T1,-1
30,4370441,시외.고속버스터미널,학기,평일,13,15.2,T3,12,10.84,T2,-1
30,4370441,시외.고속버스터미널,학기,평일,15,13.23,T3,14,12.78,T2,-1
30,4370441,시외.고속버스터미널,학기,평일,16,18.06,T3,14,12.78,T2,-2
30,4370441,시외.고속버스터미널,학기,평일,18,16.96,T3,20,10.22,T2,2
30,4370441,시외.고속버스터미널,학기,평일,19,13.7,T3,20,10.22,T2,1
30,4370441,시외.고속버스터미널,학기,평일,22,13.31,T3,23,5.53,T1,1
30,4370441,시외.고속버스터미널,학기,토요일,16,13.46,T3,18,9.4,T2,2
30,4370441,시외.고속버스터미널,학기,토요일,17,14.29,T3,18,9.4,T2,1
30,4370441,시외.고속버스터미널,학기,일요일·공휴일,15,13.55,T3,14,11.72,T2,-1
30,4370441,시외.고속버스터미널,학기,일요일·공휴일,16,21.27,T3,14,11.72,T2,-2
30,4370441,시외.고속버스터미널,학기,일요일·공휴일,21,17.78,T3,23,3.96,T1,2
30,4370441,시외.고속버스터미널,학기,일요일·공휴일,22,18.3,T3,23,3.96,T1,1
30,4370441,시외.고속버스터미널,시험,평일,07,14.73,T3,09,12.34,T2,2
30,4370441,시외.고속버스터미널,시험,평일,08,14.3,T3,10,9.11,T2,2
30,4370441,시외.고속버스터미널,시험,평일,11,20.55,T3,10,9.11,T2,-1
30,4370441,시외.고속버스터미널,시험,평일,12,15.7,T3,10,9.11,T2,-2
30,4370441,시외.고속버스터미널,시험,평일,13,15.78,T3,14,12.3,T2,1
30,4370441,시외.고속버스터미널,시험,평일,15,15.52,T3,14,12.3,T2,-1
30,4370441,시외.고속버스터미널,시험,평일,16,20.76,T3,14,12.3,T2,-2
30,4370441,시외.고속버스터미널,시험,평일,17,16.6,T3,19,12.42,T2,2
30,4370441,시외.고속버스터미널,시험,평일,18,16.34,T3,20,9.86,T2,2
30,4370441,시외.고속버스터미널,시험,평일,22,15.71,T3,23,4.49,T1,1
30,4370441,시외.고속버스터미널,시험,토요일,07,14.32,T3,08,8.25,T1,1
30,4370441,시외.고속버스터미널,시험,토요일,16,13.27,T3,14,9.51,T2,-2
30,4370441,시외.고속버스터미널,시험,토요일,17,14.93,T3,18,10.79,T2,1
30,4370441,시외.고속버스터미널,시험,토요일,22,17.87,T3,23,6.2,T1,1
30,4370441,시외.고속버스터미널,시험,일요일·공휴일,14,14.91,T3,13,9.7,T2,-1
30,4370441,시외.고속버스터미널,시험,일요일·공휴일,16,20.32,T3,15,11.15,T2,-1
30,4370441,시외.고속버스터미널,시험,일요일·공휴일,17,19.01,T3,15,11.15,T2,-2
30,4370441,시외.고속버스터미널,시험,일요일·공휴일,21,19.29,T3,23,11.93,T2,2
30,4370441,시외.고속버스터미널,시험,일요일·공휴일,22,19.52,T3,23,11.93,T2,1
30,4370441,시외.고속버스터미널,계절학기,평일,16,14.37,T3,14,8.05,T1,-2
30,4370521,베스파타운,학기,평일,21,22.99,T3,23,10.05,T2,2
30,4370521,베스파타운,학기,평일,22,16.85,T3,23,10.05,T2,1
30,4370521,베스파타운,학기,토요일,12,13.43,T3,11,11.75,T2,-1
30,4370521,베스파타운,학기,토요일,13,14.38,T3,11,11.75,T2,-2
30,4370521,베스파타운,학기,토요일,21,16.89,T3,23,10.17,T2,2
30,4370521,베스파타운,학기,토요일,22,15.93,T3,23,10.17,T2,1
30,4370521,베스파타운,학기,일요일·공휴일,12,15.26,T3,10,6.84,T1,-2
30,4370521,베스파타운,학기,일요일·공휴일,13,17.44,T3,11,10.42,T2,-2
30,4370521,베스파타운,시험,평일,06,13.67,T3,07,12.97,T2,1
30,4370521,베스파타운,시험,평일,08,18.99,T3,07,12.97,T2,-1
30,4370521,베스파타운,시험,평일,09,17.21,T3,07,12.97,T2,-2
30,4370521,베스파타운,시험,평일,21,18.57,T3,23,9.1,T2,2
30,4370521,베스파타운,시험,평일,22,14.67,T3,23,9.1,T2,1
30,4370521,베스파타운,시험,토요일,07,14.65,T3,06,8.39,T1,-1
30,4370521,베스파타운,시험,토요일,11,13.43,T3,10,6.68,T1,-1
30,4370521,베스파타운,시험,토요일,15,13.4,T3,14,11.09,T2,-1
30,4370521,베스파타운,시험,토요일,17,17.6,T3,19,10.88,T2,2
30,4370521,베스파타운,시험,토요일,18,13.54,T3,20,7.96,T1,2
30,4370521,베스파타운,시험,토요일,22,17.2,T3,20,7.96,T1,-2
30,4370521,베스파타운,시험,일요일·공휴일,12,13.25,T3,13,8.54,T1,1
30,4370521,베스파타운,시험,일요일·공휴일,14,16.02,T3,13,8.54,T1,-1
30,4370521,베스파타운,시험,일요일·공휴일,16,22.4,T3,15,11.15,T2,-1
30,4370521,베스파타운,시험,일요일·공휴일,17,21.42,T3,15,11.15,T2,-2
30,4370521,베스파타운,계절학기,평일,17,18.26,T3,16,10.94,T2,-1
30,4370521,베스파타운,계절학기,평일,18,13.96,T3,16,10.94,T2,-2
30,4370521,베스파타운,계절학기,토요일,11,14.86,T3,10,3.95,T1,-1
30,4370521,베스파타운,방학,평일,18,13.31,T3,19,9.62,T2,1
30,4370521,베스파타운,방학,일요일·공휴일,15,14.6,T3,14,10.13,T2,-1
30,4370521,베스파타운,방학,일요일·공휴일,16,16.38,T3,14,10.13,T2,-2
30,4370521,베스파타운,방학,일요일·공휴일,17,15.54,T3,19,11.54,T2,2
30,4370521,베스파타운,방학,일요일·공휴일,18,14.62,T3,19,11.54,T2,1
30,4370521,베스파타운,방학,일요일·공휴일,20,14.42,T3,21,10.22,T2,1
30,4370571,대성고등학교,학기,평일,07,16.17,T3,06,12.29,T2,-1
30,4370571,대성고등학교,학기,평일,08,26.34,T3,06,12.29,T2,-2
30,4370571,대성고등학교,학기,평일,21,27.36,T3,23,13.06,T2,2
30,4370571,대성고등학교,학기,평일,22,20.13,T3,23,13.06,T2,1
30,4370571,대성고등학교,학기,토요일,10,16.66,T3,09,8.33,T1,-1
30,4370571,대성고등학교,학기,토요일,12,14.04,T3,11,10.13,T2,-1
30,4370571,대성고등학교,학기,토요일,13,14.36,T3,11,10.13,T2,-2
30,4370571,대성고등학교,학기,토요일,18,16.05,T3,20,9.88,T2,2
30,4370571,대성고등학교,학기,토요일,19,13.32,T3,20,9.88,T2,1
30,4370571,대성고등학교,학기,토요일,21,13.61,T3,20,9.88,T2,-1
30,4370571,대성고등학교,학기,일요일·공휴일,12,13.89,T3,10,6.96,T1,-2
30,4370571,대성고등학교,학기,일요일·공휴일,13,17.08,T3,11,8.53,T1,-2
30,4370571,대성고등학교,시험,평일,07,16.03,T3,06,10.93,T2,-1
30,4370571,대성고등학교,시험,평일,08,20.24,T3,06,10.93,T2,-2
30,4370571,대성고등학교,시험,평일,17,22.7,T3,19,13.14,T2,2
30,4370571,대성고등학교,시험,평일,18,22.28,T3,19,13.14,T2,1
30,4370571,대성고등학교,시험,평일,21,15.69,T3,23,10.32,T2,2
30,4370571,대성고등학교,시험,일요일·공휴일,14,16.07,T3,13,8.87,T1,-1
30,4370571,대성고등학교,시험,일요일·공휴일,15,13.48,T3,13,8.87,T1,-2
30,4370571,대성고등학교,계절학기,평일,17,18.19,T3,19,8.74,T1,2
30,4370571,대성고등학교,계절학기,평일,18,15.57,T3,20,7.64,T1,2
30,4370571,대성고등학교,방학,평일,18,16.2,T3,19,10.08,T2,1
30,4370571,대성고등학교,방학,일요일·공휴일,14,13.38,T3,12,7.6,T1,-2
30,4370571,대성고등학교,방학,일요일·공휴일,15,18.57,T3,13,11.67,T2,-2
30,4370571,대성고등학교,방학,일요일·공휴일,17,17.61,T3,19,8.6,T1,2
30,4370571,대성고등학교,방학,일요일·공휴일,18,19.4,T3,19,8.6,T1,1
30,4370581,삼육초중고교,학기,평일,21,15.62,T3,23,9.9,T2,2
30,4370581,삼육초중고교,학기,평일,22,14.41,T3,23,9.9,T2,1
30,4370581,삼육초중고교,학기,토요일,07,13.61,T3,09,12.38,T2,2
30,4370581,삼육초중고교,학기,토요일,08,13.87,T3,09,12.38,T2,1
30,4370581,삼육초중고교,학기,토요일,10,22.39,T3,09,12.38,T2,-1
30,4370581,삼육초중고교,학기,토요일,11,23.5,T3,09,12.38,T2,-2
30,4370581,삼육초중고교,학기,토요일,17,22.02,T3,19,11.08,T2,2
30,4370581,삼육초중고교,학기,토요일,18,16.51,T3,19,11.08,T2,1
30,4370581,삼육초중고교,학기,일요일·공휴일,10,13.68,T3,08,7.55,T1,-2
30,4370581,삼육초중고교,학기,일요일·공휴일,11,16.48,T3,09,11.05,T2,-2
30,4370581,삼육초중고교,학기,일요일·공휴일,21,14.07,T3,23,6.06,T1,2
30,4370581,삼육초중고교,학기,일요일·공휴일,22,16.24,T3,23,6.06,T1,1
30,4370581,삼육초중고교,시험,평일,07,21.13,T3,09,10.71,T2,2
30,4370581,삼육초중고교,시험,평일,10,18.01,T3,09,10.71,T2,-1
30,4370581,삼육초중고교,시험,평일,11,29.63,T3,09,10.71,T2,-2
30,4370581,삼육초중고교,시험,평일,18,34.12,T3,20,11.13,T2,2
30,4370581,삼육초중고교,시험,평일,19,20.1,T3,20,11.13,T2,1
30,4370581,삼육초중고교,시험,평일,21,13.86,T3,20,11.13,T2,-1
30,4370581,삼육초중고교,시험,토요일,13,13.61,T3,12,13.01,T2,-1
30,4370581,삼육초중고교,시험,일요일·공휴일,16,19.9,T3,15,11.23,T2,-1
30,4370581,삼육초중고교,시험,일요일·공휴일,17,17.76,T3,15,11.23,T2,-2
30,4370581,삼육초중고교,계절학기,평일,07,22.38,T3,08,8.6,T1,1
30,4370581,삼육초중고교,계절학기,평일,11,16.16,T3,10,6.35,T1,-1
30,4370581,삼육초중고교,계절학기,평일,12,26.91,T3,10,6.35,T1,-2
30,4370581,삼육초중고교,계절학기,평일,15,14.47,T3,13,11.33,T2,-2
30,4370581,삼육초중고교,계절학기,평일,17,23.87,T3,19,12.48,T2,2
30,4370581,삼육초중고교,계절학기,평일,18,15.88,T3,20,8.6,T1,2
30,4370581,삼육초중고교,계절학기,토요일,16,16.44,T3,15,9.36,T2,-1
30,4370581,삼육초중고교,계절학기,일요일·공휴일,12,15.92,T3,13,7.05,T1,1
30,4370581,삼육초중고교,방학,평일,07,20.49,T3,08,8.28,T1,1
30,4370581,삼육초중고교,방학,평일,11,14.86,T3,09,10.19,T2,-2
30,4370581,삼육초중고교,방학,평일,12,17.67,T3,10,11.29,T2,-2
30,4370581,삼육초중고교,방학,평일,17,19.35,T3,19,12.91,T2,2
30,4370581,삼육초중고교,방학,평일,18,17.98,T3,20,9.06,T2,2
30,4370581,삼육초중고교,방학,토요일,11,14.44,T3,09,6.76,T1,-2
30,4370581,삼육초중고교,방학,토요일,12,17.56,T3,14,10.2,T2,2
30,4370581,삼육초중고교,방학,일요일·공휴일,11,18.3,T3,10,8.34,T1,-1
30,4370581,삼육초중고교,방학,일요일·공휴일,12,14.75,T3,10,8.34,T1,-2
30,4370581,삼육초중고교,방학,일요일·공휴일,17,17.59,T3,19,9.97,T2,2
30,4370581,삼육초중고교,방학,일요일·공휴일,18,14.8,T3,20,7.55,T1,2
30,4370661,시외.고속버스터미널,학기,평일,08,20.75,T3,06,9.19,T2,-2
30,4370661,시외.고속버스터미널,학기,평일,09,21.0,T3,07,10.81,T2,-2
30,4370661,시외.고속버스터미널,학기,평일,17,19.28,T3,19,12.91,T2,2
30,4370661,시외.고속버스터미널,학기,평일,18,22.22,T3,20,12.73,T2,2
30,4370661,시외.고속버스터미널,학기,평일,21,13.46,T3,23,8.87,T1,2
30,4370661,시외.고속버스터미널,학기,토요일,13,13.76,T3,11,12.16,T2,-2
30,4370661,시외.고속버스터미널,학기,토요일,15,17.74,T3,14,13.13,T2,-1
30,4370661,시외.고속버스터미널,학기,토요일,16,14.24,T3,18,12.77,T2,2
30,4370661,시외.고속버스터미널,학기,토요일,17,16.58,T3,19,10.38,T2,2
30,4370661,시외.고속버스터미널,학기,일요일·공휴일,12,14.56,T3,10,7.24,T1,-2
30,4370661,시외.고속버스터미널,학기,일요일·공휴일,13,14.67,T3,11,11.65,T2,-2
30,4370661,시외.고속버스터미널,학기,일요일·공휴일,21,32.97,T3,23,13.07,T2,2
30,4370661,시외.고속버스터미널,학기,일요일·공휴일,22,23.41,T3,23,13.07,T2,1
30,4370661,시외.고속버스터미널,시험,평일,08,18.14,T3,06,10.26,T2,-2
30,4370661,시외.고속버스터미널,시험,평일,09,16.06,T3,07,11.23,T2,-2
30,4370661,시외.고속버스터미널,시험,평일,18,16.57,T3,20,11.79,T2,2
30,4370661,시외.고속버스터미널,시험,평일,19,15.37,T3,20,11.79,T2,1
30,4370661,시외.고속버스터미널,시험,토요일,07,13.32,T3,06,8.05,T1,-1
30,4370661,시외.고속버스터미널,시험,토요일,11,13.59,T3,10,6.93,T1,-1
30,4370661,시외.고속버스터미널,시험,토요일,17,17.02,T3,19,10.02,T2,2
30,4370661,시외.고속버스터미널,시험,토요일,22,17.53,T3,23,7.2,T1,1
30,4370661,시외.고속버스터미널,시험,일요일·공휴일,12,14.33,T3,10,7.68,T1,-2
30,4370661,시외.고속버스터미널,시험,일요일·공휴일,14,14.3,T3,13,9.7,T2,-1
30,4370661,시외.고속버스터미널,시험,일요일·공휴일,16,21.51,T3,15,11.15,T2,-1
30,4370661,시외.고속버스터미널,시험,일요일·공휴일,17,20.26,T3,15,11.15,T2,-2
30,4370661,시외.고속버스터미널,계절학기,평일,12,14.08,T3,10,7.45,T1,-2
30,4370661,시외.고속버스터미널,계절학기,평일,17,17.09,T3,19,9.57,T2,2
30,4370661,시외.고속버스터미널,계절학기,평일,18,14.37,T3,20,9.45,T2,2
30,4370661,시외.고속버스터미널,계절학기,토요일,11,16.33,T3,10,4.67,T1,-1
30,4370661,시외.고속버스터미널,방학,일요일·공휴일,17,15.14,T3,19,8.37,T1,2
30,4371181,SK텔레콤원주지점,학기,평일,07,16.46,T3,09,13.02,T2,2
30,4371181,SK텔레콤원주지점,학기,평일,08,29.95,T3,10,9.08,T2,2
30,4371181,SK텔레콤원주지점,학기,평일,11,22.1,T3,10,9.08,T2,-1
30,4371181,SK텔레콤원주지점,학기,평일,13,14.62,T3,12,12.02,T2,-1
30,4371181,SK텔레콤원주지점,학기,평일,15,14.12,T3,14,12.88,T2,-1
30,4371181,SK텔레콤원주지점,학기,평일,16,17.85,T3,14,12.88,T2,-2
30,4371181,SK텔레콤원주지점,학기,평일,18,17.9,T3,20,12.09,T2,2
30,4371181,SK텔레콤원주지점,학기,평일,19,13.72,T3,21,11.61,T2,2
30,4371181,SK텔레콤원주지점,학기,평일,22,16.08,T3,23,7.28,T1,1
30,4371181,SK텔레콤원주지점,학기,토요일,15,13.57,T3,14,9.91,T2,-1
30,4371181,SK텔레콤원주지점,학기,토요일,16,15.1,T3,14,9.91,T2,-2
30,4371181,SK텔레콤원주지점,학기,토요일,17,15.01,T3,18,11.06,T2,1
30,4371181,SK텔레콤원주지점,학기,토요일,20,14.68,T3,21,10.69,T2,1
30,4371181,SK텔레콤원주지점,학기,일요일·공휴일,13,13.33,T3,11,9.15,T2,-2
30,4371181,SK텔레콤원주지점,학기,일요일·공휴일,14,14.1,T3,12,10.82,T2,-2
30,4371181,SK텔레콤원주지점,학기,일요일·공휴일,21,22.46,T3,23,6.86,T1,2
30,4371181,SK텔레콤원주지점,학기,일요일·공휴일,22,20.04,T3,23,6.86,T1,1
30,4371181,SK텔레콤원주지점,시험,평일,11,21.0,T3,10,8.96,T1,-1
30,4371181,SK텔레콤원주지점,시험,평일,12,16.4,T3,10,8.96,T1,-2
30,4371181,SK텔레콤원주지점,시험,평일,17,18.53,T3,19,11.92,T2,2
30,4371181,SK텔레콤원주지점,시험,평일,18,18.49,T3,20,11.16,T2,2
30,4371181,SK텔레콤원주지점,시험,평일,22,16.44,T3,23,6.32,T1,1
30,4371181,SK텔레콤원주지점,시험,토요일,16,13.44,T3,18,9.87,T2,2
30,4371181,SK텔레콤원주지점,시험,토요일,17,15.52,T3,18,9.87,T2,1
30,4371181,SK텔레콤원주지점,시험,일요일·공휴일,14,15.49,T3,13,10.04,T2,-1
30,4371181,SK텔레콤원주지점,시험,일요일·공휴일,16,19.57,T3,15,11.65,T2,-1
30,4371181,SK텔레콤원주지점,시험,일요일·공휴일,17,19.17,T3,15,11.65,T2,-2
30,4371181,SK텔레콤원주지점,계절학기,평일,16,13.47,T3,14,6.45,T1,-2
30,4371181,SK텔레콤원주지점,계절학기,평일,17,14.93,T3,19,8.6,T1,2
30,4371181,SK텔레콤원주지점,계절학기,토요일,12,13.46,T3,10,4.78,T1,-2
30,4371181,SK텔레콤원주지점,방학,평일,16,14.06,T3,14,9.29,T2,-2
30,4371181,SK텔레콤원주지점,방학,평일,17,13.94,T3,15,10.76,T2,-2
30,4371181,SK텔레콤원주지점,방학,평일,18,13.7,T3,20,9.73,T2,2
30,4371181,SK텔레콤원주지점,방학,토요일,19,14.01,T3,21,6.54,T1,2
30,4371181,SK텔레콤원주지점,방학,일요일·공휴일,16,15.42,T3,14,8.34,T1,-2
30,4371181,SK텔레콤원주지점,방학,일요일·공휴일,18,13.64,T3,20,9.8,T2,2
30,4371191,금불사거리,학기,평일,08,13.55,T3,06,7.69,T1,-2
30,4371191,금불사거리,학기,평일,09,13.98,T3,07,12.2,T2,-2
30,4371191,금불사거리,학기,평일,11,14.46,T3,10,12.29,T2,-1
30,4371191,금불사거리,학기,평일,12,17.46,T3,14,11.52,T2,2
30,4371191,금불사거리,학기,평일,13,15.44,T3,14,11.52,T2,1
30,4371191,금불사거리,학기,평일,15,25.02,T3,14,11.52,T2,-1
30,4371191,금불사거리,학기,평일,16,22.65,T3,14,11.52,T2,-2
30,4371191,금불사거리,학기,평일,17,21.24,T3,19,12.11,T2,2
30,4371191,금불사거리,학기,평일,18,23.49,T3,20,9.14,T2,2
30,4371191,금불사거리,학기,토요일,11,13.27,T3,09,8.51,T1,-2
30,4371191,금불사거리,학기,토요일,15,16.75,T3,13,11.78,T2,-2
30,4371191,금불사거리,학기,일요일·공휴일,14,13.37,T3,13,11.19,T2,-1
30,4371191,금불사거리,학기,일요일·공휴일,15,14.68,T3,13,11.19,T2,-2
30,4371191,금불사거리,학기,일요일·공휴일,16,16.22,T3,18,12.26,T2,2
30,4371191,금불사거리,학기,일요일·공휴일,17,14.13,T3,18,12.26,T2,1
30,4371191,금불사거리,시험,평일,09,13.93,T3,07,11.18,T2,-2
30,4371191,금불사거리,시험,평일,11,22.88,T3,10,11.86,T2,-1
30,4371191,금불사거리,시험,평일,12,18.17,T3,10,11.86,T2,-2
30,4371191,금불사거리,시험,평일,13,17.42,T3,14,11.89,T2,1
30,4371191,금불사거리,시험,평일,15,16.47,T3,14,11.89,T2,-1
30,4371191,금불사거리,시험,평일,16,22.24,T3,14,11.89,T2,-2
30,4371191,금불사거리,시험,평일,17,17.14,T3,19,11.93,T2,2
30,4371191,금불사거리,시험,평일,18,14.82,T3,20,9.49,T2,2
30,4371191,금불사거리,시험,토요일,11,13.43,T3,10,6.34,T1,-1
30,4371191,금불사거리,시험,일요일·공휴일,16,17.9,T3,14,12.24,T2,-2
30,4371191,금불사거리,계절학기,평일,11,13.72,T3,10,5.52,T1,-1
30,4371191,금불사거리,계절학기,평일,16,14.8,T3,14,10.41,T2,-2
30,4371191,금불사거리,계절학기,토요일,11,13.43,T3,10,3.94,T1,-1
30,4371191,금불사거리,계절학기,일요일·공휴일,12,13.74,T3,10,3.85,T1,-2
30,4371191,금불사거리,방학,토요일,11,13.46,T3,09,7.16,T1,-2
30,4371201,단계삼익아파트,학기,평일,08,21.75,T3,10,10.44,T2,2
30,4371201,단계삼익아파트,학기,평일,09,14.18,T3,10,10.44,T2,1
30,4371201,단계삼익아파트,학기,평일,11,21.79,T3,10,10.44,T2,-1
30,4371201,단계삼익아파트,학기,평일,13,13.29,T3,12,11.32,T2,-1
30,4371201,단계삼익아파트,학기,평일,15,13.31,T3,14,12.07,T2,-1
30,4371201,단계삼익아파트,학기,평일,16,18.16,T3,14,12.07,T2,-2
30,4371201,단계삼익아파트,학기,평일,18,16.64,T3,20,9.45,T2,2
30,4371201,단계삼익아파트,학기,평일,19,14.23,T3,20,9.45,T2,1
30,4371201,단계삼익아파트,학기,평일,22,15.51,T3,20,9.45,T2,-2
30,4371201,단계삼익아파트,학기,토요일,17,13.55,T3,19,9.91,T2,2
30,4371201,단계삼익아파트,학기,일요일·공휴일,12,13.52,T3,10,7.38,T1,-2
30,4371201,단계삼익아파트,학기,일요일·공휴일,13,13.35,T3,11,8.35,T1,-2
30,4371201,단계삼익아파트,학기,일요일·공휴일,21,22.05,T3,23,6.48,T1,2
30,4371201,단계삼익아파트,학기,일요일·공휴일,22,18.58,T3,23,6.48,T1,1
30,4371201,단계삼익아파트,시험,평일,08,14.76,T3,10,11.1,T2,2
30,4371201,단계삼익아파트,시험,평일,09,13.57,T3,10,11.1,T2,1
30,4371201,단계삼익아파트,시험,평일,11,18.17,T3,10,11.1,T2,-1
30,4371201,단계삼익아파트,시험,평일,12,14.68,T3,10,11.1,T2,-2
30,4371201,단계삼익아파트,시험,평일,17,18.41,T3,19,11.64,T2,2
30,4371201,단계삼익아파트,시험,평일,18,18.74,T3,20,10.94,T2,2
30,4371201,단계삼익아파트,시험,평일,22,13.51,T3,23,6.1,T1,1
30,4371201,단계삼익아파트,시험,토요일,07,14.65,T3,08,8.28,T1,1
30,4371201,단계삼익아파트,시험,토요일,22,17.87,T3,20,7.63,T1,-2
30,4371201,단계삼익아파트,시험,일요일·공휴일,14,14.57,T3,15,10.82,T2,1
30,4371201,단계삼익아파트,시험,일요일·공휴일,16,20.82,T3,15,10.82,T2,-1
30,4371201,단계삼익아파트,계절학기,평일,16,14.53,T3,14,7.73,T1,-2
30,4371201,단계삼익아파트,계절학기,평일,17,14.43,T3,19,9.74,T2,2
30,4371201,단계삼익아파트,계절학기,토요일,12,13.46,T3,14,10.33,T2,2
30,4371201,단계삼익아파트,방학,평일,16,13.45,T3,14,8.46,T1,-2
30,4371201,단계삼익아파트,방학,일요일·공휴일,16,14.34,T3,17,8.86,T1,1
30,4371741,e편한세상아파트,학기,평일,08,16.96,T3,06,9.81,T2,-2
30,4371741,e편한세상아파트,학기,평일,09,16.7,T3,07,12.63,T2,-2
30,4371741,e편한세상아파트,학기,평일,11,17.5,T3,10,12.66,T2,-1
30,4371741,e편한세상아파트,학기,평일,12,17.39,T3,10,12.66,T2,-2
30,4371741,e편한세상아파트,학기,평일,17,23.07,T3,19,13.04,T2,2
30,4371741,e편한세상아파트,학기,평일,18,22.76,T3,20,8.54,T1,2
30,4371741,e편한세상아파트,학기,토요일,11,14.77,T3,09,10.57,T2,-2
30,4371741,e편한세상아파트,학기,토요일,13,14.38,T3,14,12.68,T2,1
30,4371741,e편한세상아파트,학기,토요일,15,16.5,T3,16,12.66,T2,1
30,4371741,e편한세상아파트,학기,토요일,17,13.31,T3,18,9.97,T2,1
30,4371741,e편한세상아파트,학기,일요일·공휴일,14,13.85,T3,12,11.14,T2,-2
30,4371741,e편한세상아파트,학기,일요일·공휴일,15,15.43,T3,13,12.6,T2,-2
30,4371741,e편한세상아파트,학기,일요일·공휴일,17,14.49,T3,19,10.78,T2,2
30,4371741,e편한세상아파트,학기,일요일·공휴일,18,13.4,T3,19,10.78,T2,1
30,4371741,e편한세상아파트,학기,일요일·공휴일,20,14.92,T3,19,10.78,T2,-1
30,4371741,e편한세상아파트,학기,일요일·공휴일,21,15.19,T3,23,6.39,T1,2
30,4371741,e편한세상아파트,시험,평일,08,13.84,T3,06,9.91,T2,-2
30,4371741,e편한세상아파트,시험,평일,09,14.96,T3,10,10.52,T2,1
30,4371741,e편한세상아파트,시험,평일,11,19.43,T3,10,10.52,T2,-1
30,4371741,e편한세상아파트,시험,평일,12,19.42,T3,10,10.52,T2,-2
30,4371741,e편한세상아파트,시험,평일,18,17.02,T3,20,9.85,T2,2
30,4371741,e편한세상아파트,시험,평일,19,13.23,T3,20,9.85,T2,1
30,4371741,e편한세상아파트,시험,토요일,11,14.34,T3,09,11.75,T2,-2
30,4371741,e편한세상아파트,시험,토요일,13,13.28,T3,14,9.51,T2,1
30,4371741,e편한세상아파트,시험,토요일,17,16.6,T3,18,10.82,T2,1
30,4371741,e편한세상아파트,계절학기,평일,11,14.1,T3,10,8.16,T1,-1
30,4371741,e편한세상아파트,계절학기,평일,12,14.85,T3,10,8.16,T1,-2
30,4371741,e편한세상아파트,계절학기,평일,18,16.43,T3,20,7.26,T1,2
30,4371741,e편한세상아파트,방학,토요일,11,15.23,T3,09,6.58,T1,-2
30,4371871,금불사거리,학기,평일,08,33.82,T3,10,9.53,T2,2
30,4371871,금불사거리,학기,평일,09,13.8,T3,10,9.53,T2,1
30,4371871,금불사거리,학기,평일,11,22.7,T3,10,9.53,T2,-1
30,4371871,금불사거리,학기,평일,13,14.39,T3,12,11.42,T2,-1
30,4371871,금불사거리,학기,평일,14,13.62,T3,12,11.42,T2,-2
30,4371871,금불사거리,학기,평일,15,13.65,T3,17,12.56,T2,2
30,4371871,금불사거리,학기,평일,16,18.09,T3,17,12.56,T2,1
30,4371871,금불사거리,학기,평일,18,16.97,T3,20,10.24,T2,2
30,4371871,금불사거리,학기,평일,19,14.5,T3,20,10.24,T2,1
30,4371871,금불사거리,학기,평일,22,16.55,T3,23,7.82,T1,1
30,4371871,금불사거리,학기,일요일·공휴일,14,15.37,T3,12,9.89,T2,-2
30,4371871,금불사거리,학기,일요일·공휴일,15,18.55,T3,13,11.5,T2,-2
30,4371871,금불사거리,학기,일요일·공휴일,21,23.04,T3,23,7.12,T1,2
30,4371871,금불사거리,학기,일요일·공휴일,22,23.95,T3,23,7.12,T1,1
30,4371871,금불사거리,시험,평일,08,17.41,T3,10,10.52,T2,2
30,4371871,금불사거리,시험,평일,11,17.84,T3,10,10.52,T2,-1
30,4371871,금불사거리,시험,평일,12,16.03,T3,10,10.52,T2,-2
30,4371871,금불사거리,시험,평일,13,17.91,T3,14,13.15,T2,1
30,4371871,금불사거리,시험,평일,15,16.96,T3,14,13.15,T2,-1
30,4371871,금불사거리,시험,평일,16,21.08,T3,14,13.15,T2,-2
30,4371871,금불사거리,시험,평일,17,18.28,T3,19,12.1,T2,2
30,4371871,금불사거리,시험,평일,18,16.03,T3,20,9.94,T2,2
30,4371871,금불사거리,시험,평일,21,13.39,T3,20,9.94,T2,-1
30,4371871,금불사거리,시험,평일,22,18.76,T3,20,9.94,T2,-2
30,4371871,금불사거리,시험,토요일,17,15.93,T3,19,8.97,T1,2
30,4371871,금불사거리,시험,토요일,22,18.2,T3,23,6.87,T1,1
30,4371871,금불사거리,시험,일요일·공휴일,14,16.41,T3,13,9.7,T2,-1
30,4371871,금불사거리,시험,일요일·공휴일,16,18.23,T3,15,11.32,T2,-1
30,4371871,금불사거리,시험,일요일·공휴일,17,19.59,T3,15,11.32,T2,-2
30,4371871,금불사거리,계절학기,평일,16,13.42,T3,14,8.12,T1,-2
30,4371871,금불사거리,방학,평일,16,14.5,T3,14,9.89,T2,-2
30,4371871,금불사거리,방학,평일,18,13.37,T3,19,8.56,T1,1
30,4371971,단계현진아파트,학기,평일,08,16.07,T3,06,6.13,T1,-2
30,4371971,단계현진아파트,학기,평일,11,17.04,T3,10,12.25,T2,-1
30,4371971,단계현진아파트,학기,평일,12,18.93,T3,10,12.25,T2,-2
30,4371971,단계현진아파트,학기,평일,13,15.75,T3,14,12.4,T2,1
30,4371971,단계현진아파트,학기,평일,15,23.28,T3,14,12.4,T2,-1
30,4371971,단계현진아파트,학기,평일,16,22.02,T3,14,12.4,T2,-2
30,4371971,단계현진아파트,학기,평일,18,22.38,T3,20,10.64,T2,2
30,4371971,단계현진아파트,학기,평일,19,14.23,T3,20,10.64,T2,1
30,4371971,단계현진아파트,학기,토요일,08,13.68,T3,07,8.33,T1,-1
30,4371971,단계현진아파트,학기,토요일,11,13.86,T3,09,8.9,T1,-2
30,4371971,단계현진아파트,학기,토요일,13,13.96,T3,12,10.48,T2,-1
30,4371971,단계현진아파트,학기,토요일,15,14.19,T3,14,12.22,T2,-1
30,4371971,단계현진아파트,학기,토요일,17,14.97,T3,19,9.03,T1,2
30,4371971,단계현진아파트,학기,일요일·공휴일,13,14.55,T3,11,10.25,T2,-2
30,4371971,단계현진아파트,학기,일요일·공휴일,15,15.29,T3,14,13.17,T2,-1
30,4371971,단계현진아파트,학기,일요일·공휴일,16,20.56,T3,14,13.17,T2,-2
30,4371971,단계현진아파트,시험,평일,08,13.67,T3,06,8.89,T1,-2
30,4371971,단계현진아파트,시험,평일,09,14.86,T3,07,10.53,T2,-2
30,4371971,단계현진아파트,시험,평일,11,25.19,T3,10,12.37,T2,-1
30,4371971,단계현진아파트,시험,평일,12,19.88,T3,10,12.37,T2,-2
30,4371971,단계현진아파트,시험,토요일,13,14.11,T3,15,12.98,T2,2
30,4371971,단계현진아파트,시험,토요일,17,15.85,T3,16,12.61,T2,-1
30,4371971,단계현진아파트,시험,일요일·공휴일,14,13.41,T3,12,12.75,T2,-2
30,4371971,단계현진아파트,계절학기,평일,12,14.52,T3,10,6.35,T1,-2
30,4371971,단계현진아파트,계절학기,평일,16,14.03,T3,14,8.08,T1,-2
30,4371971,단계현진아파트,계절학기,평일,18,13.91,T3,19,9.52,T2,1
30,4371971,단계현진아파트,계절학기,토요일,11,14.0,T3,10,4.78,T1,-1
30,4371971,단계현진아파트,방학,토요일,11,13.57,T3,09,6.01,T1,-2
30,4371971,단계현진아파트,방학,일요일·공휴일,12,13.98,T3,11,7.74,T1,-1
30,4372321,베스파타운,학기,평일,07,27.71,T3,09,12.25,T2,2
30,4372321,베스파타운,학기,평일,08,16.12,T3,09,12.25,T2,1
30,4372321,베스파타운,학기,평일,10,14.61,T3,09,12.25,T2,-1
30,4372321,베스파타운,학기,평일,11,21.68,T3,09,12.25,T2,-2
30,4372321,베스파타운,학기,평일,19,22.9,T3,21,12.55,T2,2
30,4372321,베스파타운,학기,평일,20,13.29,T3,21,12.55,T2,1
30,4372321,베스파타운,학기,평일,22,13.42,T3,23,10.29,T2,1
30,4372321,베스파타운,학기,토요일,16,15.69,T3,18,9.89,T2,2
30,4372321,베스파타운,학기,토요일,17,16.54,T3,18,9.89,T2,1
30,4372321,베스파타운,학기,일요일·공휴일,10,13.65,T3,08,9.27,T2,-2
30,4372321,베스파타운,학기,일요일·공휴일,11,13.68,T3,09,9.63,T2,-2
30,4372321,베스파타운,학기,일요일·공휴일,19,14.75,T3,21,11.24,T2,2
30,4372321,베스파타운,학기,일요일·공휴일,20,13.9,T3,21,11.24,T2,1
30,4372321,베스파타운,시험,평일,07,20.23,T3,08,11.59,T2,1
30,4372321,베스파타운,시험,평일,10,13.29,T3,08,11.59,T2,-2
30,4372321,베스파타운,시험,평일,11,23.3,T3,09,11.76,T2,-2
30,4372321,베스파타운,시험,평일,18,24.14,T3,20,11.21,T2,2
30,4372321,베스파타운,시험,평일,19,15.33,T3,20,11.21,T2,1
30,4372321,베스파타운,시험,토요일,07,17.32,T3,08,10.7,T2,1
30,4372321,베스파타운,시험,토요일,11,13.59,T3,10,7.84,T1,-1
30,4372321,베스파타운,시험,토요일,16,14.11,T3,14,9.68,T2,-2
30,4372321,베스파타운,시험,토요일,17,14.68,T3,18,10.96,T2,1
30,4372321,베스파타운,시험,토요일,22,17.2,T3,20,8.38,T1,-2
30,4372321,베스파타운,시험,일요일·공휴일,14,13.66,T3,13,9.59,T2,-1
30,4372321,베스파타운,시험,일요일·공휴일,16,17.48,T3,15,9.98,T2,-1
30,4372321,베스파타운,시험,일요일·공휴일,17,16.84,T3,15,9.98,T2,-2
30,4372321,베스파타운,계절학기,평일,07,23.01,T3,09,8.69,T1,2
30,4372321,베스파타운,계절학기,평일,11,15.25,T3,10,6.58,T1,-1
30,4372321,베스파타운,계절학기,평일,12,20.93,T3,10,6.58,T1,-2
30,4372321,베스파타운,계절학기,평일,16,23.25,T3,14,10.58,T2,-2
30,4372321,베스파타운,계절학기,평일,17,17.97,T3,19,11.07,T2,2
30,4372321,베스파타운,계절학기,평일,18,14.05,T3,20,9.36,T2,2
30,4372321,베스파타운,계절학기,토요일,11,15.57,T3,09,7.86,T1,-2
30,4372321,베스파타운,계절학기,일요일·공휴일,12,14.31,T3,10,3.87,T1,-2
30,4372321,베스파타운,방학,평일,07,19.16,T3,09,8.37,T1,2
30,4372321,베스파타운,방학,평일,16,13.54,T3,18,11.73,T2,2
30,4372321,베스파타운,방학,평일,17,13.6,T3,19,10.43,T2,2
30,4372321,베스파타운,방학,토요일,12,16.25,T3,14,8.05,T1,2
30,4372321,베스파타운,방학,일요일·공휴일,16,14.32,T3,14,9.05,T2,-2
30,4372661,단계사거리,학기,평일,08,25.83,T3,10,8.64,T1,2
30,4372661,단계사거리,학기,평일,09,19.94,T3,10,8.64,T1,1
30,4372661,단계사거리,학기,평일,11,18.66,T3,10,8.64,T1,-1
30,4372661,단계사거리,학기,평일,17,13.43,T3,19,11.54,T2,2
30,4372661,단계사거리,학기,평일,18,15.01,T3,20,10.58,T2,2
30,4372661,단계사거리,학기,평일,22,14.65,T3,23,6.81,T1,1
30,4372661,단계사거리,학기,토요일,16,14.02,T3,14,10.82,T2,-2
30,4372661,단계사거리,학기,일요일·공휴일,13,13.21,T3,11,8.73,T1,-2
30,4372661,단계사거리,학기,일요일·공휴일,15,13.33,T3,14,11.78,T2,-1
30,4372661,단계사거리,학기,일요일·공휴일,16,24.5,T3,14,11.78,T2,-2
30,4372661,단계사거리,학기,일요일·공휴일,21,21.38,T3,23,7.33,T1,2
30,4372661,단계사거리,학기,일요일·공휴일,22,17.72,T3,23,7.33,T1,1
30,4372661,단계사거리,시험,평일,08,14.74,T3,10,9.8,T2,2
30,4372661,단계사거리,시험,평일,11,17.13,T3,10,9.8,T2,-1
30,4372661,단계사거리,시험,평일,12,16.27,T3,10,9.8,T2,-2
30,4372661,단계사거리,시험,평일,13,14.59,T3,14,11.48,T2,1
30,4372661,단계사거리,시험,평일,15,15.26,T3,14,11.48,T2,-1
30,4372661,단계사거리,시험,평일,16,18.57,T3,14,11.48,T2,-2
30,4372661,단계사거리,시험,평일,17,16.05,T3,19,12.73,T2,2
30,4372661,단계사거리,시험,평일,18,17.03,T3,19,12.73,T2,1
30,4372661,단계사거리,시험,평일,22,17.18,T3,23,6.32,T1,1
30,4372661,단계사거리,시험,토요일,16,13.27,T3,14,8.93,T1,-2
30,4372671,우산철교.폴리텍대학,학기,평일,08,21.3,T3,10,8.59,T1,2
30,4372671,우산철교.폴리텍대학,학기,평일,09,17.23,T3,10,8.59,T1,1
30,4372671,우산철교.폴리텍대학,학기,평일,11,15.47,T3,10,8.59,T1,-1
30,4372671,우산철교.폴리텍대학,학기,평일,18,14.07,T3,19,9.0,T1,1
30,4372671,우산철교.폴리텍대학,학기,평일,22,13.59,T3,23,7.41,T1,1
30,4372671,우산철교.폴리텍대학,학기,토요일,16,13.65,T3,18,8.97,T1,2
30,4372671,우산철교.폴리텍대학,학기,일요일·공휴일,14,14.21,T3,12,9.51,T2,-2
30,4372671,우산철교.폴리텍대학,학기,일요일·공휴일,16,22.89,T3,15,11.26,T2,-1
30,4372671,우산철교.폴리텍대학,학기,일요일·공휴일,17,20.03,T3,15,11.26,T2,-2
30,4372671,우산철교.폴리텍대학,학기,일요일·공휴일,21,19.95,T3,23,7.22,T1,2
30,4372671,우산철교.폴리텍대학,학기,일요일·공휴일,22,19.32,T3,23,7.22,T1,1
30,4372671,우산철교.폴리텍대학,시험,평일,09,13.22,T3,10,8.73,T1,1
30,4372671,우산철교.폴리텍대학,시험,평일,11,16.92,T3,10,8.73,T1,-1
30,4372671,우산철교.폴리텍대학,시험,평일,12,16.86,T3,10,8.73,T1,-2
30,4372671,우산철교.폴리텍대학,시험,평일,13,16.22,T3,14,11.05,T2,1
30,4372671,우산철교.폴리텍대학,시험,평일,15,18.24,T3,14,11.05,T2,-1
30,4372671,우산철교.폴리텍대학,시험,평일,16,16.33,T3,14,11.05,T2,-2
30,4372671,우산철교.폴리텍대학,시험,평일,17,17.16,T3,19,10.48,T2,2
30,4372671,우산철교.폴리텍대학,시험,평일,18,16.15,T3,20,9.77,T2,2
30,4372671,우산철교.폴리텍대학,시험,평일,22,18.3,T3,20,9.77,T2,-2
30,4372671,우산철교.폴리텍대학,시험,토요일,13,13.45,T3,11,12.34,T2,-2
30,4372671,우산철교.폴리텍대학,시험,일요일·공휴일,14,16.07,T3,12,10.42,T2,-2
30,4372711,북원교,학기,일요일·공휴일,16,16.38,T3,17,11.93,T2,1
30,4372711,북원교,학기,일요일·공휴일,19,13.96,T3,17,11.93,T2,-2
30,4372711,북원교,시험,평일,15,17.86,T3,17,13.04,T2,2
30,4372711,북원교,시험,평일,16,16.27,T3,17,13.04,T2,1
30,4372711,북원교,시험,평일,18,15.2,T3,20,7.87,T1,2
30,4372711,북원교,시험,토요일,17,13.6,T3,15,10.98,T2,-2
30,4372721,태장삼거리,학기,일요일·공휴일,16,13.23,T3,15,6.81,T1,-1
30,4372721,태장삼거리,시험,평일,11,14.29,T3,10,8.39,T1,-1
30,4372721,태장삼거리,시험,평일,16,15.57,T3,14,9.92,T2,-2
30,4372721,태장삼거리,시험,일요일·공휴일,17,15.09,T3,15,9.15,T2,-2
30,4372731,태장2동,시험,평일,16,14.29,T3,14,10.48,T2,-2
30,4372741,북원중학교,시험,평일,12,13.45,T3,10,7.45,T1,-2
30,4372741,북원중학교,시험,평일,13,14.55,T3,14,8.82,T1,1
30,4372741,북원중학교,시험,평일,15,13.21,T3,14,8.82,T1,-1
30,4372741,북원중학교,시험,평일,16,14.9,T3,14,8.82,T1,-2
30,4372741,북원중학교,시험,토요일,17,13.27,T3,19,8.97,T1,2
30,4372751,우성아파트,학기,일요일·공휴일,17,18.22,T3,15,11.38,T2,-2
30,4372751,우성아파트,학기,일요일·공휴일,18,16.64,T3,16,11.8,T2,-2
30,4372751,우성아파트,시험,평일,15,13.52,T3,13,11.66,T2,-2
30,4372751,우성아파트,시험,평일,17,15.38,T3,19,8.48,T1,2
30,4372751,우성아파트,시험,평일,18,15.54,T3,19,8.48,T1,1
30,4372761,장양초등학교,학기,평일,11,14.74,T3,10,4.32,T1,-1
30,4372761,장양초등학교,학기,평일,17,15.31,T3,15,10.7,T2,-2
30,4372761,장양초등학교,학기,일요일·공휴일,18,16.64,T3,19,11.59,T2,1
30,4372771,태장농공단지,학기,일요일·공휴일,16,15.0,T3,14,8.95,T1,-2
30,4372771,태장농공단지,학기,일요일·공휴일,17,18.22,T3,15,11.66,T2,-2
30,4372771,태장농공단지,학기,일요일·공휴일,20,13.26,T3,19,11.84,T2,-1
30,4372771,태장농공단지,학기,일요일·공휴일,21,15.51,T3,23,6.06,T1,2
30,4372771,태장농공단지,학기,일요일·공휴일,22,15.91,T3,23,6.06,T1,1
30,4372771,태장농공단지,시험,평일,11,16.34,T3,10,9.23,T2,-1
30,4372771,태장농공단지,시험,평일,17,15.38,T3,19,10.97,T2,2
30,4372771,태장농공단지,시험,평일,18,15.2,T3,19,10.97,T2,1
30,4372771,태장농공단지,시험,일요일·공휴일,16,16.57,T3,15,8.98,T1,-1
30,4372771,태장농공단지,시험,일요일·공휴일,17,14.76,T3,15,8.98,T1,-2
30,4372781,KGC인삼공사원주공장,학기,일요일·공휴일,16,16.57,T3,15,11.38,T2,-1
30,4372781,KGC인삼공사원주공장,학기,일요일·공휴일,17,15.33,T3,15,11.38,T2,-2
30,4372781,KGC인삼공사원주공장,학기,일요일·공휴일,21,15.22,T3,23,6.06,T1,2
30,4372781,KGC인삼공사원주공장,시험,평일,12,15.36,T3,10,7.45,T1,-2
30,4372781,KGC인삼공사원주공장,시험,평일,18,15.2,T3,20,8.7,T1,2
30,4372791,영진아파트,학기,일요일·공휴일,13,13.33,T3,11,7.55,T1,-2
30,4372791,영진아파트,학기,일요일·공휴일,17,17.88,T3,15,11.66,T2,-2
30,4372791,영진아파트,학기,일요일·공휴일,18,16.97,T3,16,12.67,T2,-2
30,4372791,영진아파트,시험,평일,12,15.36,T3,10,9.6,T2,-2
30,4372791,영진아파트,시험,평일,13,14.55,T3,14,10.77,T2,1
30,4372791,영진아파트,시험,평일,15,13.24,T3,14,10.77,T2,-1
30,4372791,영진아파트,시험,평일,16,15.73,T3,14,10.77,T2,-2
30,4372791,영진아파트,시험,평일,18,15.2,T3,20,10.15,T2,2
30,4372801,부안동,학기,평일,12,14.16,T3,10,7.87,T1,-2
30,4372801,부안동,학기,평일,17,14.45,T3,18,11.87,T2,1
30,4372801,부안동,학기,일요일·공휴일,22,17.08,T3,23,6.06,T1,1
30,4372811,원대,학기,평일,11,14.4,T3,09,6.48,T1,-2
30,4372811,원대,학기,평일,12,14.16,T3,10,6.89,T1,-2
30,4372811,원대,학기,평일,13,14.53,T3,14,11.86,T2,1
30,4372811,원대,학기,평일,15,15.72,T3,17,9.2,T2,2
30,4372811,원대,학기,평일,18,15.27,T3,17,9.2,T2,-1
30,4372811,원대,학기,일요일·공휴일,21,17.76,T3,23,6.06,T1,2
30,4372811,원대,시험,평일,15,15.44,T3,14,12.23,T2,-1
30,4372901,원대,학기,평일,16,18.95,T3,14,7.1,T1,-2
30,4372901,원대,학기,평일,17,13.4,T3,19,10.8,T2,2
30,4372901,원대,학기,평일,18,18.48,T3,19,10.8,T2,1
30,4372901,원대,학기,일요일·공휴일,15,13.6,T3,13,11.0,T2,-2
30,4372901,원대,시험,평일,11,16.67,T3,10,9.93,T2,-1
30,4372911,소초농협앞,학기,평일,15,14.05,T3,14,12.19,T2,-1
30,4372911,소초농협앞,학기,평일,16,18.95,T3,14,12.19,T2,-2
30,4372911,소초농협앞,학기,평일,17,17.19,T3,19,12.26,T2,2
30,4372911,소초농협앞,학기,평일,18,18.14,T3,19,12.26,T2,1
30,4372921,영진아파트,학기,일요일·공휴일,16,15.0,T3,15,10.95,T2,-1
30,4372921,영진아파트,학기,일요일·공휴일,17,15.9,T3,15,10.95,T2,-2
30,4372921,영진아파트,시험,평일,11,14.29,T3,10,8.26,T1,-1
30,4372921,영진아파트,시험,평일,12,15.69,T3,10,8.26,T1,-2
30,4372921,영진아파트,시험,평일,16,18.02,T3,14,11.05,T2,-2
30,4372921,영진아파트,시험,평일,17,15.72,T3,18,12.4,T2,1
30,4372921,영진아파트,시험,토요일,17,13.6,T3,18,9.04,T2,1
30,4372921,영진아파트,계절학기,평일,16,13.37,T3,15,7.39,T1,-1
30,4372931,KGC인삼공사원주공장,학기,평일,12,13.71,T3,10,4.69,T1,-2
30,4372931,KGC인삼공사원주공장,학기,평일,16,14.71,T3,15,8.64,T1,-1
30,4372931,KGC인삼공사원주공장,학기,평일,17,13.65,T3,19,7.42,T1,2
30,4372931,KGC인삼공사원주공장,학기,평일,18,14.36,T3,19,7.42,T1,1
30,4372941,한국도로공사,학기,일요일·공휴일,16,19.92,T3,14,9.73,T2,-2
30,4372941,한국도로공사,학기,일요일·공휴일,17,14.91,T3,15,11.95,T2,-2
30,4372941,한국도로공사,시험,평일,11,14.29,T3,09,8.7,T1,-2
30,4372941,한국도로공사,시험,평일,12,15.69,T3,14,12.56,T2,2
30,4372941,한국도로공사,시험,평일,15,16.61,T3,14,12.56,T2,-1
30,4372941,한국도로공사,시험,평일,17,14.04,T3,19,11.31,T2,2
30,4372941,한국도로공사,시험,토요일,17,13.93,T3,16,10.77,T2,-1
30,4372961,우성아파트,학기,일요일·공휴일,16,17.14,T3,14,9.62,T2,-2
30,4372961,우성아파트,학기,일요일·공휴일,17,15.9,T3,15,11.45,T2,-2
30,4372961,우성아파트,시험,평일,11,15.0,T3,10,8.8,T1,-1
30,4372961,우성아파트,시험,평일,13,13.62,T3,12,12.77,T2,-1
30,4372961,우성아파트,시험,평일,17,13.76,T3,19,11.31,T2,2
30,4372961,우성아파트,시험,평일,18,14.32,T3,19,11.31,T2,1
30,4372961,우성아파트,시험,토요일,17,13.6,T3,15,10.32,T2,-2
30,4372961,우성아파트,시험,일요일·공휴일,17,15.09,T3,15,9.32,T2,-2
30,4372961,우성아파트,계절학기,평일,17,14.93,T3,15,7.22,T1,-2
30,4372971,북원중학교,학기,일요일·공휴일,16,17.43,T3,15,9.66,T2,-1
30,4372971,북원중학교,학기,일요일·공휴일,18,16.97,T3,17,12.53,T2,-1
30,4372971,북원중학교,시험,평일,16,15.73,T3,18,11.13,T2,2
30,4372971,북원중학교,시험,평일,17,13.54,T3,18,11.13,T2,1
30,4372971,북원중학교,시험,토요일,17,13.93,T3,15,10.65,T2,-2
30,4372971,북원중학교,계절학기,평일,16,14.87,T3,15,8.96,T1,-1
30,4372971,북원중학교,계절학기,평일,17,14.93,T3,15,8.96,T1,-2
30,4372981,태장2동,학기,일요일·공휴일,16,13.35,T3,14,9.07,T2,-2
30,4372981,태장2동,학기,일요일·공휴일,20,15.62,T3,18,10.49,T2,-2
30,4372981,태장2동,학기,일요일·공휴일,21,16.08,T3,23,6.05,T1,2
30,4372981,태장2동,학기,일요일·공휴일,22,16.24,T3,23,6.05,T1,1
30,4372981,태장2동,시험,평일,12,14.39,T3,10,8.29,T1,-2
30,4372981,태장2동,시험,평일,15,15.44,T3,13,10.59,T2,-2
30,4372981,태장2동,시험,평일,16,15.45,T3,14,11.34,T2,-2
30,4372981,태장2동,시험,평일,17,13.6,T3,19,9.98,T2,2
30,4372981,태장2동,시험,평일,18,16.7,T3,19,9.98,T2,1
30,4372981,태장2동,시험,토요일,17,13.6,T3,18,9.04,T2,1
30,4372991,한일주유소,학기,일요일·공휴일,21,18.09,T3,23,6.39,T1,2
30,4372991,한일주유소,학기,일요일·공휴일,22,14.21,T3,23,6.39,T1,1
30,4372991,한일주유소,시험,평일,11,13.38,T3,10,9.09,T2,-1
30,4372991,한일주유소,시험,평일,12,14.21,T3,10,9.09,T2,-2
30,4372991,한일주유소,시험,평일,13,14.89,T3,14,12.91,T2,1
30,4372991,한일주유소,시험,평일,15,14.09,T3,17,12.04,T2,2
30,4372991,한일주유소,시험,토요일,17,14.43,T3,18,10.87,T2,1
30,4372991,한일주유소,계절학기,평일,16,14.54,T3,15,8.39,T1,-1
30,4373001,북원교,학기,평일,16,15.59,T3,17,7.59,T1,1
30,4373001,북원교,학기,일요일·공휴일,17,14.03,T3,15,10.95,T2,-2
30,4373001,북원교,시험,평일,15,16.11,T3,17,13.13,T2,2
30,4373001,북원교,계절학기,평일,17,14.36,T3,19,7.86,T1,2
30,4373031,강원정비기술학원,학기,평일,11,14.63,T3,09,9.03,T1,-2
30,4373031,강원정비기술학원,학기,평일,12,18.22,T3,10,10.96,T2,-2
30,4373031,강원정비기술학원,학기,평일,14,13.76,T3,13,12.79,T2,-1
30,4373031,강원정비기술학원,학기,평일,15,22.53,T3,13,12.79,T2,-2
30,4373031,강원정비기술학원,학기,평일,18,19.65,T3,20,8.44,T1,2
30,4373031,강원정비기술학원,학기,평일,19,13.27,T3,20,8.44,T1,1
30,4373031,강원정비기술학원,학기,토요일,15,14.71,T3,14,10.53,T2,-1
30,4373031,강원정비기술학원,학기,토요일,17,14.06,T3,19,9.52,T2,2
30,4373031,강원정비기술학원,학기,일요일·공휴일,15,15.59,T3,13,11.15,T2,-2
30,4373031,강원정비기술학원,학기,일요일·공휴일,16,14.23,T3,14,12.53,T2,-2
30,4373031,강원정비기술학원,학기,일요일·공휴일,17,14.95,T3,19,11.05,T2,2
30,4373031,강원정비기술학원,학기,일요일·공휴일,18,13.76,T3,19,11.05,T2,1
30,4373031,강원정비기술학원,학기,일요일·공휴일,20,13.33,T3,19,11.05,T2,-1
30,4373031,강원정비기술학원,학기,일요일·공휴일,21,13.5,T3,23,6.39,T1,2
30,4373031,강원정비기술학원,시험,평일,11,21.25,T3,10,9.95,T2,-1
30,4373031,강원정비기술학원,시험,평일,12,16.02,T3,10,9.95,T2,-2
30,4373031,강원정비기술학원,시험,평일,17,16.72,T3,19,11.67,T2,2
30,4373031,강원정비기술학원,시험,평일,18,16.75,T3,20,10.27,T2,2
30,4373031,강원정비기술학원,시험,토요일,11,14.01,T3,10,6.68,T1,-1
30,4373031,강원정비기술학원,시험,토요일,16,13.44,T3,14,8.68,T1,-2
30,4373031,강원정비기술학원,시험,일요일·공휴일,16,17.73,T3,14,13.07,T2,-2
30,4373041,우산철교.폴리텍대학,학기,평일,11,14.52,T3,09,9.4,T2,-2
30,4373041,우산철교.폴리텍대학,학기,평일,12,17.44,T3,10,11.72,T2,-2
30,4373041,우산철교.폴리텍대학,학기,평일,13,13.71,T3,14,13.05,T2,1
30,4373041,우산철교.폴리텍대학,학기,평일,15,22.23,T3,14,13.05,T2,-1
30,4373041,우산철교.폴리텍대학,학기,평일,16,19.72,T3,14,13.05,T2,-2
30,4373041,우산철교.폴리텍대학,학기,평일,18,24.7,T3,20,9.65,T2,2
30,4373041,우산철교.폴리텍대학,학기,평일,19,14.57,T3,20,9.65,T2,1
30,4373041,우산철교.폴리텍대학,학기,평일,21,14.86,T3,23,6.63,T1,2
30,4373041,우산철교.폴리텍대학,학기,토요일,15,16.46,T3,14,10.81,T2,-1
30,4373041,우산철교.폴리텍대학,학기,토요일,17,13.63,T3,18,9.32,T2,1
30,4373041,우산철교.폴리텍대학,학기,일요일·공휴일,15,15.74,T3,13,10.86,T2,-2
30,4373041,우산철교.폴리텍대학,학기,일요일·공휴일,16,16.13,T3,14,12.18,T2,-2
30,4373041,우산철교.폴리텍대학,학기,일요일·공휴일,17,17.59,T3,19,12.87,T2,2
30,4373041,우산철교.폴리텍대학,학기,일요일·공휴일,18,14.87,T3,19,12.87,T2,1
30,4373041,우산철교.폴리텍대학,학기,일요일·공휴일,20,18.72,T3,19,12.87,T2,-1
30,4373041,우산철교.폴리텍대학,학기,일요일·공휴일,21,13.28,T3,23,6.19,T1,2
30,4373041,우산철교.폴리텍대학,시험,평일,11,19.81,T3,10,10.27,T2,-1
30,4373041,우산철교.폴리텍대학,시험,평일,17,15.41,T3,19,11.32,T2,2
30,4373041,우산철교.폴리텍대학,시험,평일,18,16.17,T3,19,11.32,T2,1
30,4373041,우산철교.폴리텍대학,시험,토요일,17,16.27,T3,16,13.11,T2,-1
30,4373041,우산철교.폴리텍대학,시험,일요일·공휴일,14,13.41,T3,13,9.7,T2,-1
30,4373041,우산철교.폴리텍대학,시험,일요일·공휴일,16,18.07,T3,15,10.15,T2,-1
30,4373041,우산철교.폴리텍대학,계절학기,평일,16,15.32,T3,14,8.23,T1,-2
30,4373041,우산철교.폴리텍대학,계절학기,토요일,11,13.67,T3,10,5.11,T1,-1
30,4373051,단계사거리,학기,평일,10,13.43,T3,09,9.08,T2,-1
30,4373051,단계사거리,학기,평일,11,16.55,T3,09,9.08,T2,-2
30,4373051,단계사거리,학기,평일,12,19.06,T3,14,11.82,T2,2
30,4373051,단계사거리,학기,평일,13,14.68,T3,14,11.82,T2,1
30,4373051,단계사거리,학기,평일,15,23.15,T3,14,11.82,T2,-1
30,4373051,단계사거리,학기,평일,16,21.37,T3,14,11.82,T2,-2
30,4373051,단계사거리,학기,평일,18,24.11,T3,20,9.61,T2,2
30,4373051,단계사거리,학기,평일,19,13.92,T3,20,9.61,T2,1
30,4373051,단계사거리,학기,토요일,13,13.74,T3,14,10.48,T2,1
30,4373051,단계사거리,학기,토요일,15,15.96,T3,14,10.48,T2,-1
30,4373051,단계사거리,학기,토요일,17,15.98,T3,19,8.02,T1,2
30,4373051,단계사거리,학기,일요일·공휴일,15,15.42,T3,14,11.8,T2,-1
30,4373051,단계사거리,학기,일요일·공휴일,16,17.81,T3,14,11.8,T2,-2
30,4373051,단계사거리,시험,평일,10,13.27,T3,09,12.09,T2,-1
30,4373051,단계사거리,시험,평일,11,19.0,T3,09,12.09,T2,-2
30,4373051,단계사거리,시험,평일,17,17.14,T3,19,12.55,T2,2
30,4373051,단계사거리,시험,평일,18,16.65,T3,19,12.55,T2,1
30,4373051,단계사거리,시험,토요일,17,16.6,T3,16,12.61,T2,-1
30,4373051,단계사거리,계절학기,평일,12,14.11,T3,10,6.69,T1,-2
30,4373051,단계사거리,계절학기,평일,17,15.59,T3,19,8.12,T1,2
30,4373051,단계사거리,방학,일요일·공휴일,12,13.22,T3,10,7.34,T1,-2
30,4373111,장양리차고지,학기,평일,11,14.74,T3,09,7.98,T1,-2
30,4373111,장양리차고지,학기,평일,13,17.17,T3,12,10.2,T2,-1
30,4373111,장양리차고지,학기,평일,14,25.52,T3,12,10.2,T2,-2
30,4373111,장양리차고지,학기,평일,17,14.52,T3,19,11.51,T2,2
30,4373111,장양리차고지,학기,평일,18,27.19,T3,19,11.51,T2,1
30,4373111,장양리차고지,학기,토요일,13,13.77,T3,14,8.77,T1,1
30,4373111,장양리차고지,학기,토요일,16,13.3,T3,14,8.77,T1,-2
30,4373651,장양리차고지,학기,평일,11,14.4,T3,10,4.59,T1,-1
30,4373651,장양리차고지,학기,일요일·공휴일,22,13.64,T3,23,4.04,T1,1
30,4373651,장양리차고지,시험,평일,12,15.36,T3,10,9.6,T2,-2
30,4373651,장양리차고지,시험,일요일·공휴일,16,16.57,T3,14,11.57,T2,-2
30,4373821,진광중고등학교,학기,일요일·공휴일,16,13.56,T3,15,9.76,T2,-1
30,4373821,진광중고등학교,학기,일요일·공휴일,17,15.87,T3,15,9.76,T2,-2
30,4373821,진광중고등학교,학기,일요일·공휴일,18,16.26,T3,19,12.71,T2,1
30,4373821,진광중고등학교,학기,일요일·공휴일,21,16.22,T3,19,12.71,T2,-2
30,4373821,진광중고등학교,시험,평일,12,16.53,T3,10,9.93,T2,-2
30,4373821,진광중고등학교,시험,평일,17,15.72,T3,19,10.69,T2,2
30,4373821,진광중고등학교,시험,토요일,11,14.18,T3,12,10.51,T2,1
30,4373821,진광중고등학교,계절학기,평일,17,13.65,T3,19,7.2,T1,2
30,4373831,상지대학교,학기,일요일·공휴일,17,13.64,T3,19,9.44,T2,2
30,4373831,상지대학교,학기,일요일·공휴일,21,18.09,T3,19,9.44,T2,-2
30,4373831,상지대학교,학기,일요일·공휴일,22,15.91,T3,20,12.37,T2,-2
30,4373831,상지대학교,시험,평일,12,14.68,T3,10,9.18,T2,-2
30,4373831,상지대학교,시험,평일,13,13.73,T3,14,12.69,T2,1
30,4373831,상지대학교,시험,평일,15,14.08,T3,14,12.69,T2,-1
30,4373831,상지대학교,시험,평일,16,16.96,T3,14,12.69,T2,-2
30,4373831,상지대학교,시험,평일,17,17.22,T3,19,8.68,T1,2
30,4373831,상지대학교,시험,평일,18,14.53,T3,19,8.68,T1,1
30,4373831,상지대학교,계절학기,평일,17,15.22,T3,19,7.02,T1,2
30,4373841,우산초교,학기,평일,12,16.85,T3,10,8.37,T1,-2
30,4373841,우산초교,학기,평일,15,18.83,T3,13,10.03,T2,-2
30,4373841,우산초교,학기,평일,16,18.36,T3,14,10.17,T2,-2
30,4373841,우산초교,학기,평일,17,20.19,T3,19,10.9,T2,2
30,4373841,우산초교,학기,평일,18,14.01,T3,20,6.49,T1,2
30,4373841,우산초교,학기,토요일,17,13.33,T3,19,8.33,T1,2
30,4373841,우산초교,학기,일요일·공휴일,17,13.46,T3,19,10.1,T2,2
30,4373841,우산초교,학기,일요일·공휴일,21,13.73,T3,23,5.48,T1,2
30,4373841,우산초교,학기,일요일·공휴일,22,13.31,T3,23,5.48,T1,1
30,4373841,우산초교,시험,평일,11,18.97,T3,10,10.91,T2,-1
30,4373841,우산초교,시험,평일,12,17.92,T3,10,10.91,T2,-2
30,4373841,우산초교,시험,평일,13,13.77,T3,14,11.05,T2,1
30,4373841,우산초교,시험,평일,15,15.96,T3,14,11.05,T2,-1
30,4373841,우산초교,시험,평일,16,20.58,T3,14,11.05,T2,-2
30,4373841,우산초교,시험,평일,17,13.73,T3,19,9.15,T2,2
30,4373841,우산초교,시험,평일,18,15.97,T3,20,8.44,T1,2
30,4373841,우산초교,시험,토요일,11,13.68,T3,10,6.34,T1,-1
30,4373841,우산초교,시험,토요일,17,15.18,T3,18,9.87,T2,1
30,4373841,우산초교,시험,일요일·공휴일,16,17.23,T3,15,10.07,T2,-1
30,4373841,우산초교,시험,일요일·공휴일,17,16.76,T3,15,10.07,T2,-2
30,4373841,우산초교,계절학기,평일,17,13.62,T3,19,5.74,T1,2
30,4374581,우산초교,시험,평일,13,13.39,T3,14,8.82,T1,1
30,4374581,우산초교,시험,평일,16,14.01,T3,14,8.82,T1,-2
30,4374581,우산초교,시험,평일,17,13.53,T3,19,9.5,T2,2
30,4374581,우산초교,시험,평일,18,14.17,T3,20,7.99,T1,2
30,4374581,우산초교,시험,토요일,17,13.6,T3,18,9.87,T2,1
30,4374581,우산초교,시험,토요일,22,17.87,T3,23,5.7,T1,1
30,4374581,우산초교,시험,일요일·공휴일,14,13.41,T3,13,8.7,T1,-1
30,4374581,우산초교,시험,일요일·공휴일,16,17.73,T3,15,10.2,T2,-1
30,4374581,우산초교,시험,일요일·공휴일,17,16.26,T3,15,10.2,T2,-2
30,4374581,우산초교,시험,일요일·공휴일,21,16.29,T3,23,13.1,T2,2
30,4374581,우산초교,계절학기,평일,16,13.46,T3,18,7.03,T1,2
30,4374581,우산초교,계절학기,평일,17,14.65,T3,19,6.85,T1,2
30,4374591,상지대입구,시험,평일,11,17.5,T3,10,7.4,T1,-1
30,4374591,상지대입구,시험,평일,16,18.02,T3,14,10.42,T2,-2
30,4374591,상지대입구,시험,평일,18,13.28,T3,19,10.98,T2,1
30,4374591,상지대입구,시험,토요일,17,13.6,T3,18,9.37,T2,1
30,4374591,상지대입구,시험,토요일,22,17.2,T3,20,7.63,T1,-2
30,4374591,상지대입구,시험,일요일·공휴일,16,17.07,T3,15,9.7,T2,-1
30,4374591,상지대입구,시험,일요일·공휴일,17,15.42,T3,15,9.7,T2,-2
30,4374601,진광중고등학교,학기,일요일·공휴일,16,15.0,T3,15,10.95,T2,-1
30,4374601,진광중고등학교,시험,평일,12,14.45,T3,10,11.1,T2,-2
30,4374601,진광중고등학교,시험,평일,17,13.79,T3,19,9.6,T2,2
30,4374601,진광중고등학교,시험,평일,18,15.6,T3,19,9.6,T2,1
30,4374601,진광중고등학교,계절학기,평일,17,13.36,T3,19,5.65,T1,2
30,4374661,롯데아파트,학기,평일,08,27.82,T3,10,9.74,T2,2
30,4374661,롯데아파트,학기,평일,09,13.65,T3,10,9.74,T2,1
30,4374661,롯데아파트,학기,평일,11,23.38,T3,12,8.37,T1,1
30,4374661,롯데아파트,학기,평일,13,13.33,T3,12,8.37,T1,-1
30,4374661,롯데아파트,학기,평일,16,17.62,T3,14,10.49,T2,-2
30,4374661,롯데아파트,학기,평일,18,16.7,T3,17,10.64,T2,-1
30,4374661,롯데아파트,학기,평일,22,16.98,T3,23,8.86,T1,1
30,4374661,롯데아파트,학기,토요일,12,13.36,T3,14,9.2,T2,2
30,4374661,롯데아파트,학기,토요일,16,13.64,T3,14,9.2,T2,-2
30,4374661,롯데아파트,학기,토요일,21,13.92,T3,22,9.12,T2,1
30,4374661,롯데아파트,학기,일요일·공휴일,16,23.11,T3,14,12.59,T2,-2
30,4374661,롯데아파트,학기,일요일·공휴일,17,22.53,T3,15,12.83,T2,-2
30,4374661,롯데아파트,학기,일요일·공휴일,21,18.07,T3,23,6.06,T1,2
30,4374661,롯데아파트,학기,일요일·공휴일,22,20.93,T3,23,6.06,T1,1
30,4374661,롯데아파트,시험,평일,08,15.65,T3,10,8.2,T1,2
30,4374661,롯데아파트,시험,평일,11,17.38,T3,10,8.2,T1,-1
30,4374661,롯데아파트,시험,평일,12,14.13,T3,10,8.2,T1,-2
30,4374661,롯데아파트,시험,평일,17,16.37,T3,19,12.54,T2,2
30,4374661,롯데아파트,시험,평일,18,16.89,T3,20,11.32,T2,2
30,4374661,롯데아파트,시험,평일,21,13.45,T3,20,11.32,T2,-1
30,4374661,롯데아파트,시험,일요일·공휴일,14,13.41,T3,13,9.37,T2,-1
30,4374661,롯데아파트,계절학기,평일,16,14.02,T3,14,7.98,T1,-2
30,4374661,롯데아파트,방학,평일,16,13.92,T3,14,8.55,T1,-2
30,4374661,롯데아파트,방학,일요일·공휴일,16,14.93,T3,15,9.07,T2,-1
30,4374671,단계현진아파트,학기,평일,08,25.04,T3,10,9.46,T2,2
30,4374671,단계현진아파트,학기,평일,09,13.91,T3,10,9.46,T2,1
30,4374671,단계현진아파트,학기,평일,11,22.96,T3,10,9.46,T2,-1
30,4374671,단계현진아파트,학기,평일,16,15.72,T3,14,12.36,T2,-2
30,4374671,단계현진아파트,학기,평일,18,16.39,T3,20,9.31,T2,2
30,4374671,단계현진아파트,학기,평일,22,15.11,T3,23,8.3,T1,1
30,4374671,단계현진아파트,학기,토요일,16,15.58,T3,18,10.01,T2,2
30,4374671,단계현진아파트,학기,일요일·공휴일,13,13.35,T3,11,8.75,T1,-2
30,4374671,단계현진아파트,학기,일요일·공휴일,21,23.6,T3,23,7.22,T1,2
30,4374671,단계현진아파트,학기,일요일·공휴일,22,19.68,T3,23,7.22,T1,1
30,4374671,단계현진아파트,시험,평일,08,15.94,T3,10,9.8,T2,2
30,4374671,단계현진아파트,시험,평일,09,13.2,T3,10,9.8,T2,1
30,4374671,단계현진아파트,시험,평일,11,20.72,T3,10,9.8,T2,-1
30,4374671,단계현진아파트,시험,평일,12,16.03,T3,10,9.8,T2,-2
30,4374671,단계현진아파트,시험,평일,17,15.33,T3,19,12.06,T2,2
30,4374671,단계현진아파트,시험,평일,18,17.36,T3,20,11.07,T2,2
30,4374671,단계현진아파트,시험,평일,22,14.13,T3,20,11.07,T2,-2
30,4374671,단계현진아파트,시험,토요일,07,14.32,T3,08,8.03,T1,1
30,4374671,단계현진아파트,계절학기,평일,16,14.22,T3,14,6.86,T1,-2
30,4374671,단계현진아파트,방학,평일,16,14.77,T3,14,8.46,T1,-2
30,4374671,단계현진아파트,방학,일요일·공휴일,16,13.55,T3,14,8.14,T1,-2
30,4374751,롯데아파트,학기,평일,08,16.39,T3,06,7.5,T1,-2
30,4374751,롯데아파트,학기,평일,09,13.53,T3,07,8.6,T1,-2
30,4374751,롯데아파트,학기,평일,11,16.98,T3,10,11.86,T2,-1
30,4374751,롯데아파트,학기,평일,12,19.68,T3,10,11.86,T2,-2
30,4374751,롯데아파트,학기,평일,18,25.61,T3,20,8.34,T1,2
30,4374751,롯데아파트,학기,평일,19,13.95,T3,20,8.34,T1,1
30,4374751,롯데아파트,학기,토요일,13,14.19,T3,12,12.26,T2,-1
30,4374751,롯데아파트,학기,토요일,15,15.36,T3,14,12.27,T2,-1
30,4374751,롯데아파트,학기,토요일,17,13.97,T3,18,8.57,T1,1
30,4374751,롯데아파트,학기,일요일·공휴일,13,14.55,T3,11,8.04,T1,-2
30,4374751,롯데아파트,학기,일요일·공휴일,14,14.87,T3,12,11.08,T2,-2
30,4374751,롯데아파트,시험,평일,11,23.22,T3,09,12.22,T2,-2
30,4374751,롯데아파트,시험,평일,12,18.91,T3,10,12.96,T2,-2
30,4374751,롯데아파트,계절학기,평일,12,15.29,T3,10,6.16,T1,-2
30,4374751,롯데아파트,계절학기,평일,16,16.37,T3,14,7.12,T1,-2
30,4375311,흥업사거리,학기,평일,07,17.81,T3,09,10.08,T2,2
30,4375311,흥업사거리,학기,평일,08,14.39,T3,09,10.08,T2,1
30,4375311,흥업사거리,학기,평일,10,17.45,T3,09,10.08,T2,-1
30,4375311,흥업사거리,학기,평일,11,23.06,T3,09,10.08,T2,-2
30,4375311,흥업사거리,학기,토요일,17,19.35,T3,19,9.04,T2,2
30,4375311,흥업사거리,학기,토요일,18,13.76,T3,20,7.82,T1,2
30,4375311,흥업사거리,학기,일요일·공휴일,11,13.66,T3,09,9.72,T2,-2
30,4375311,흥업사거리,학기,일요일·공휴일,12,20.81,T3,10,11.85,T2,-2
30,4375311,흥업사거리,학기,일요일·공휴일,19,14.53,T3,21,11.66,T2,2
30,4375311,흥업사거리,학기,일요일·공휴일,20,14.02,T3,22,10.15,T2,2
30,4375311,흥업사거리,시험,평일,07,14.48,T3,09,10.44,T2,2
30,4375311,흥업사거리,시험,평일,10,16.61,T3,09,10.44,T2,-1
30,4375311,흥업사거리,시험,평일,11,23.9,T3,09,10.44,T2,-2
30,4375311,흥업사거리,시험,평일,18,29.58,T3,20,11.19,T2,2
30,4375311,흥업사거리,시험,평일,19,17.88,T3,20,11.19,T2,1
30,4375311,흥업사거리,시험,토요일,07,13.9,T3,08,10.36,T2,1
30,4375311,흥업사거리,시험,토요일,11,14.34,T3,10,8.93,T1,-1
30,4375311,흥업사거리,시험,토요일,12,14.1,T3,10,8.93,T1,-2
30,4375311,흥업사거리,시험,토요일,13,14.61,T3,14,9.84,T2,1
30,4375311,흥업사거리,시험,토요일,15,15.32,T3,14,9.84,T2,-1
30,4375311,흥업사거리,시험,토요일,17,16.82,T3,18,11.71,T2,1
30,4375311,흥업사거리,시험,토요일,22,15.7,T3,23,7.2,T1,1
30,4375311,흥업사거리,시험,일요일·공휴일,14,14.41,T3,13,10.87,T2,-1
30,4375311,흥업사거리,시험,일요일·공휴일,16,19.57,T3,15,11.15,T2,-1
30,4375311,흥업사거리,시험,일요일·공휴일,17,16.76,T3,15,11.15,T2,-2
30,4375311,흥업사거리,계절학기,평일,07,17.48,T3,08,8.8,T1,1
30,4375311,흥업사거리,계절학기,평일,12,18.9,T3,11,11.66,T2,-1
30,4375311,흥업사거리,계절학기,평일,13,14.87,T3,11,11.66,T2,-2
30,4375311,흥업사거리,계절학기,평일,17,26.1,T3,19,9.65,T2,2
30,4375311,흥업사거리,계절학기,토요일,11,16.57,T3,09,8.29,T1,-2
30,4375311,흥업사거리,계절학기,토요일,12,15.62,T3,13,10.85,T2,1
30,4375311,흥업사거리,계절학기,토요일,14,14.67,T3,13,10.85,T2,-1
30,4375311,흥업사거리,계절학기,토요일,16,15.29,T3,17,8.69,T1,1
30,4375311,흥업사거리,계절학기,일요일·공휴일,12,15.31,T3,13,7.53,T1,1
30,4375311,흥업사거리,방학,평일,07,17.14,T3,08,8.27,T1,1
30,4375311,흥업사거리,방학,평일,16,14.62,T3,15,11.69,T2,-1
30,4375311,흥업사거리,방학,평일,17,19.83,T3,19,9.78,T2,2
30,4375311,흥업사거리,방학,평일,18,14.63,T3,20,8.38,T1,2
30,4375311,흥업사거리,방학,토요일,12,15.18,T3,14,8.7,T1,2
30,4375311,흥업사거리,방학,일요일·공휴일,11,18.61,T3,09,8.61,T1,-2
30,4375311,흥업사거리,방학,일요일·공휴일,12,20.58,T3,10,9.37,T2,-2
30,4375311,흥업사거리,방학,일요일·공휴일,15,18.61,T3,17,13.09,T2,2
30,4375311,흥업사거리,방학,일요일·공휴일,16,16.41,T3,17,13.09,T2,1
30,4375311,흥업사거리,방학,일요일·공휴일,18,14.14,T3,20,6.94,T1,2
30,4375361,육민관중고교,학기,평일,21,16.88,T3,23,12.32,T2,2
30,4375361,육민관중고교,학기,평일,22,14.53,T3,23,12.32,T2,1
30,4375361,육민관중고교,학기,토요일,10,17.16,T3,09,11.31,T2,-1
30,4375361,육민관중고교,학기,토요일,11,23.0,T3,09,11.31,T2,-2
30,4375361,육민관중고교,계절학기,평일,12,16.86,T3,14,10.31,T2,2
30,4375361,육민관중고교,계절학기,평일,15,13.39,T3,14,10.31,T2,-1
30,4375361,육민관중고교,계절학기,평일,16,27.55,T3,14,10.31,T2,-2
30,4375361,육민관중고교,방학,평일,12,14.98,T3,10,6.79,T1,-2
30,4375361,육민관중고교,방학,평일,14,13.92,T3,13,10.86,T2,-1
30,4375361,육민관중고교,방학,평일,17,14.51,T3,19,9.07,T2,2
30,4375361,육민관중고교,방학,일요일·공휴일,15,21.94,T3,16,11.98,T2,1
30,4375361,육민관중고교,방학,일요일·공휴일,17,14.31,T3,16,11.98,T2,-1
30,4375371,마장동,학기,평일,22,13.57,T3,23,10.93,T2,1
30,4375371,마장동,학기,토요일,10,15.33,T3,12,12.06,T2,2
30,4375371,마장동,학기,토요일,11,18.91,T3,12,12.06,T2,1
30,4375371,마장동,학기,토요일,13,19.49,T3,12,12.06,T2,-1
30,4375371,마장동,학기,토요일,14,15.56,T3,12,12.06,T2,-2
30,4375371,마장동,학기,토요일,16,16.63,T3,18,12.37,T2,2
30,4375371,마장동,계절학기,평일,07,14.69,T3,09,7.93,T1,2
30,4375371,마장동,계절학기,평일,16,18.2,T3,15,11.96,T2,-1
30,4375371,마장동,계절학기,평일,17,21.09,T3,19,9.03,T1,2
30,4375371,마장동,방학,평일,16,17.7,T3,15,11.43,T2,-1
30,4375371,마장동,방학,일요일·공휴일,14,13.71,T3,15,10.26,T2,1
30,4375381,행가리,학기,평일,07,22.2,T3,08,10.08,T2,1
30,4375381,행가리,학기,평일,09,14.59,T3,08,10.08,T2,-1
30,4375381,행가리,학기,평일,10,17.05,T3,08,10.08,T2,-2
30,4375381,행가리,학기,평일,19,27.88,T3,21,12.57,T2,2
30,4375381,행가리,학기,평일,20,20.58,T3,21,12.57,T2,1
30,4375381,행가리,학기,토요일,10,15.04,T3,08,9.31,T2,-2
30,4375381,행가리,학기,토요일,11,28.42,T3,09,12.92,T2,-2
30,4375381,행가리,학기,토요일,17,17.79,T3,19,9.56,T2,2
30,4375381,행가리,학기,토요일,18,14.81,T3,19,9.56,T2,1
30,4375381,행가리,학기,일요일·공휴일,12,25.85,T3,10,10.83,T2,-2
30,4375381,행가리,학기,일요일·공휴일,13,22.14,T3,11,11.29,T2,-2
30,4375381,행가리,시험,평일,09,14.29,T3,08,12.73,T2,-1
30,4375381,행가리,시험,평일,10,15.94,T3,08,12.73,T2,-2
30,4375381,행가리,시험,토요일,11,16.34,T3,10,7.18,T1,-1
30,4375381,행가리,계절학기,평일,07,26.26,T3,08,8.6,T1,1
30,4375381,행가리,계절학기,평일,12,19.85,T3,11,11.53,T2,-1
30,4375381,행가리,계절학기,평일,15,15.48,T3,13,12.77,T2,-2
30,4375381,행가리,계절학기,평일,17,21.93,T3,19,12.12,T2,2
30,4375381,행가리,방학,평일,07,23.18,T3,08,9.21,T2,1
30,4375381,행가리,방학,평일,11,15.09,T3,09,9.45,T2,-2
30,4375381,행가리,방학,평일,12,14.11,T3,10,12.03,T2,-2
30,4375381,행가리,방학,평일,17,18.1,T3,19,11.65,T2,2
30,4375381,행가리,방학,평일,18,18.59,T3,20,7.06,T1,2
30,4375381,행가리,방학,토요일,07,14.09,T3,09,6.68,T1,2
30,4375381,행가리,방학,일요일·공휴일,11,14.81,T3,09,10.2,T2,-2
30,4375381,행가리,방학,일요일·공휴일,13,17.5,T3,12,12.6,T2,-1
30,4375381,행가리,방학,일요일·공휴일,14,13.75,T3,12,12.6,T2,-2
30,4375381,행가리,방학,일요일·공휴일,17,13.34,T3,19,8.78,T1,2
30,4375391,이마트,학기,평일,09,16.08,T3,08,12.65,T2,-1
30,4375391,이마트,학기,평일,10,21.36,T3,08,12.65,T2,-2
30,4375391,이마트,학기,평일,21,13.72,T3,23,9.64,T2,2
30,4375391,이마트,학기,평일,22,15.61,T3,23,9.64,T2,1
30,4375391,이마트,학기,토요일,09,15.35,T3,07,9.13,T2,-2
30,4375391,이마트,학기,토요일,10,20.38,T3,08,11.14,T2,-2
30,4375391,이마트,학기,토요일,17,22.48,T3,19,10.92,T2,2
30,4375391,이마트,학기,토요일,18,15.74,T3,19,10.92,T2,1
30,4375391,이마트,학기,일요일·공휴일,10,15.1,T3,08,5.57,T1,-2
30,4375391,이마트,학기,일요일·공휴일,11,17.42,T3,09,9.63,T2,-2
30,4375391,이마트,학기,일요일·공휴일,20,16.81,T3,22,12.27,T2,2
30,4375391,이마트,학기,일요일·공휴일,21,14.05,T3,23,6.33,T1,2
30,4375391,이마트,시험,평일,07,14.55,T3,08,12.26,T2,1
30,4375391,이마트,시험,평일,10,14.62,T3,08,12.26,T2,-2
30,4375391,이마트,시험,평일,11,30.38,T3,09,12.59,T2,-2
30,4375391,이마트,시험,평일,18,32.97,T3,20,11.44,T2,2
30,4375391,이마트,시험,평일,19,18.13,T3,20,11.44,T2,1
30,4375391,이마트,시험,토요일,11,15.68,T3,10,8.59,T1,-1
30,4375391,이마트,시험,토요일,13,13.45,T3,14,12.51,T2,1
30,4375391,이마트,시험,토요일,15,14.23,T3,14,12.51,T2,-1
30,4375391,이마트,시험,토요일,16,14.94,T3,18,12.04,T2,2
30,4375391,이마트,시험,토요일,17,21.1,T3,19,9.97,T2,2
30,4375391,이마트,시험,일요일·공휴일,14,16.41,T3,15,11.54,T2,1
30,4375391,이마트,시험,일요일·공휴일,16,20.23,T3,15,11.54,T2,-1
30,4375391,이마트,시험,일요일·공휴일,17,17.76,T3,15,11.54,T2,-2
30,4375391,이마트,계절학기,평일,11,17.58,T3,13,10.51,T2,2
30,4375391,이마트,계절학기,평일,12,24.6,T3,13,10.51,T2,1
30,4375391,이마트,계절학기,평일,15,16.34,T3,13,10.51,T2,-2
30,4375391,이마트,계절학기,평일,17,29.25,T3,19,13.12,T2,2
30,4375391,이마트,계절학기,평일,18,17.71,T3,20,10.83,T2,2
30,4375391,이마트,계절학기,토요일,12,16.96,T3,13,10.28,T2,1
30,4375391,이마트,계절학기,토요일,16,15.67,T3,15,9.03,T1,-1
30,4375391,이마트,계절학기,일요일·공휴일,12,16.64,T3,11,10.9,T2,-1
30,4375391,이마트,방학,평일,12,15.24,T3,11,11.32,T2,-1
30,4375391,이마트,방학,평일,13,18.36,T3,11,11.32,T2,-2
30,4375391,이마트,방학,평일,18,16.91,T3,20,11.25,T2,2
30,4375391,이마트,방학,평일,19,13.25,T3,21,8.82,T1,2
30,4375391,이마트,방학,토요일,11,15.12,T3,13,12.84,T2,2
30,4375391,이마트,방학,토요일,12,18.33,T3,14,9.29,T2,2
30,4375391,이마트,방학,일요일·공휴일,11,17.47,T3,09,6.83,T1,-2
30,4375391,이마트,방학,일요일·공휴일,12,18.38,T3,10,10.97,T2,-2
30,4375391,이마트,방학,일요일·공휴일,16,21.85,T3,18,13.1,T2,2
30,4375391,이마트,방학,일요일·공휴일,17,16.02,T3,19,11.23,T2,2
30,4375561,이마트,학기,평일,08,22.46,T3,06,8.42,T1,-2
30,4375561,이마트,학기,평일,09,18.68,T3,07,10.99,T2,-2
30,4375561,이마트,학기,평일,11,22.08,T3,10,11.71,T2,-1
30,4375561,이마트,학기,평일,12,20.93,T3,10,11.71,T2,-2
30,4375561,이마트,학기,토요일,14,13.24,T3,12,10.59,T2,-2
30,4375561,이마트,학기,토요일,15,17.81,T3,13,11.74,T2,-2
30,4375561,이마트,학기,토요일,16,15.54,T3,18,11.7,T2,2
30,4375561,이마트,학기,토요일,17,16.87,T3,19,9.36,T2,2
30,4375561,이마트,학기,토요일,22,15.7,T3,20,9.61,T2,-2
30,4375561,이마트,학기,일요일·공휴일,12,14.66,T3,10,6.56,T1,-2
30,4375561,이마트,학기,일요일·공휴일,13,17.22,T3,11,7.54,T1,-2
30,4375561,이마트,시험,평일,07,14.05,T3,09,12.76,T2,2
30,4375561,이마트,시험,평일,08,18.98,T3,09,12.76,T2,1
30,4375561,이마트,시험,평일,11,21.42,T3,09,12.76,T2,-2
30,4375561,이마트,시험,평일,17,20.18,T3,19,13.14,T2,2
30,4375561,이마트,시험,평일,20,14.15,T3,19,13.14,T2,-1
30,4375561,이마트,계절학기,평일,17,18.59,T3,19,7.02,T1,2
30,4375561,이마트,방학,평일,15,13.64,T3,14,8.75,T1,-1
30,4375561,이마트,방학,일요일·공휴일,15,13.94,T3,17,9.13,T2,2
30,4375561,이마트,방학,일요일·공휴일,16,20.15,T3,17,9.13,T2,1
30,4375571,행가리,학기,평일,08,23.99,T3,06,8.72,T1,-2
30,4375571,행가리,학기,평일,09,22.01,T3,07,11.04,T2,-2
30,4375571,행가리,학기,평일,21,27.13,T3,23,10.47,T2,2
30,4375571,행가리,학기,평일,22,17.36,T3,23,10.47,T2,1
30,4375571,행가리,학기,토요일,12,13.4,T3,14,11.72,T2,2
30,4375571,행가리,학기,토요일,15,19.89,T3,14,11.72,T2,-1
30,4375571,행가리,학기,토요일,16,18.37,T3,14,11.72,T2,-2
30,4375571,행가리,학기,토요일,21,19.33,T3,23,8.22,T1,2
30,4375571,행가리,학기,토요일,22,19.1,T3,23,8.22,T1,1
30,4375571,행가리,학기,일요일·공휴일,12,13.79,T3,10,7.15,T1,-2
30,4375571,행가리,학기,일요일·공휴일,13,16.47,T3,11,9.56,T2,-2
30,4375571,행가리,시험,평일,08,17.94,T3,06,9.74,T2,-2
30,4375571,행가리,시험,평일,09,16.57,T3,07,11.55,T2,-2
30,4375571,행가리,시험,평일,12,23.08,T3,14,13.1,T2,2
30,4375571,행가리,시험,평일,13,17.48,T3,14,13.1,T2,1
30,4375571,행가리,시험,평일,15,18.57,T3,14,13.1,T2,-1
30,4375571,행가리,시험,평일,16,21.07,T3,14,13.1,T2,-2
30,4375571,행가리,시험,토요일,07,13.98,T3,08,9.61,T2,1
30,4375571,행가리,시험,토요일,15,13.65,T3,13,11.95,T2,-2
30,4375571,행가리,시험,토요일,16,13.27,T3,18,11.79,T2,2
30,4375571,행가리,시험,토요일,17,18.77,T3,18,11.79,T2,1
30,4375571,행가리,시험,토요일,22,19.03,T3,21,12.14,T2,-1
30,4375571,행가리,시험,일요일·공휴일,14,14.49,T3,12,12.5,T2,-2
30,4375571,행가리,시험,일요일·공휴일,16,22.07,T3,15,12.98,T2,-1
30,4375571,행가리,시험,일요일·공휴일,17,20.26,T3,15,12.98,T2,-2
30,4375571,행가리,계절학기,평일,16,14.54,T3,14,7.57,T1,-2
30,4375571,행가리,계절학기,평일,17,16.94,T3,19,6.72,T1,2
30,4375571,행가리,계절학기,평일,18,13.87,T3,19,6.72,T1,1
30,4375571,행가리,계절학기,토요일,11,16.33,T3,13,8.66,T1,2
30,4375571,행가리,방학,평일,18,13.32,T3,19,10.54,T2,1
30,4375571,행가리,방학,일요일·공휴일,12,14.1,T3,10,6.77,T1,-2
30,4375571,행가리,방학,일요일·공휴일,15,20.06,T3,13,11.0,T2,-2
30,4375571,행가리,방학,일요일·공휴일,16,16.49,T3,14,11.88,T2,-2
30,4375571,행가리,방학,일요일·공휴일,18,19.94,T3,20,12.49,T2,2
30,4375571,행가리,방학,일요일·공휴일,19,13.68,T3,21,7.67,T1,2
30,4375581,합포원,학기,평일,07,16.99,T3,06,7.65,T1,-1
30,4375581,합포원,학기,평일,08,18.98,T3,06,7.65,T1,-2
30,4375581,합포원,학기,평일,12,23.39,T3,14,11.87,T2,2
30,4375581,합포원,학기,평일,13,22.55,T3,14,11.87,T2,1
30,4375581,합포원,학기,평일,15,18.21,T3,14,11.87,T2,-1
30,4375581,합포원,학기,평일,16,19.87,T3,14,11.87,T2,-2
30,4375581,합포원,학기,평일,21,20.66,T3,23,8.28,T1,2
30,4375581,합포원,학기,평일,22,15.82,T3,23,8.28,T1,1
30,4375581,합포원,학기,토요일,13,14.9,T3,14,11.4,T2,1
30,4375581,합포원,학기,토요일,15,16.08,T3,14,11.4,T2,-1
30,4375581,합포원,학기,토요일,16,16.54,T3,14,11.4,T2,-2
30,4375581,합포원,학기,토요일,17,15.11,T3,19,11.53,T2,2
30,4375581,합포원,학기,일요일·공휴일,13,14.13,T3,12,11.64,T2,-1
30,4375581,합포원,학기,일요일·공휴일,14,13.77,T3,12,11.64,T2,-2
30,4375581,합포원,시험,평일,11,16.72,T3,10,11.66,T2,-1
30,4375581,합포원,시험,평일,17,19.38,T3,19,10.69,T2,2
30,4375581,합포원,시험,평일,18,17.87,T3,19,10.69,T2,1
30,4375581,합포원,시험,일요일·공휴일,12,13.42,T3,11,9.52,T2,-1
30,4375581,합포원,계절학기,평일,17,15.59,T3,15,9.79,T2,-2
30,4375581,합포원,방학,평일,11,15.02,T3,10,6.33,T1,-1
30,4375581,합포원,방학,평일,16,13.6,T3,14,7.58,T1,-2
30,4375591,육민관고등학교,학기,평일,07,13.91,T3,06,4.61,T1,-1
30,4375591,육민관고등학교,학기,평일,08,15.86,T3,06,4.61,T1,-2
30,4375591,육민관고등학교,학기,평일,12,28.28,T3,14,12.56,T2,2
30,4375591,육민관고등학교,학기,평일,15,19.55,T3,14,12.56,T2,-1
30,4375591,육민관고등학교,학기,평일,16,21.84,T3,14,12.56,T2,-2
30,4375591,육민관고등학교,학기,평일,20,23.39,T3,22,11.45,T2,2
30,4375591,육민관고등학교,학기,평일,21,19.16,T3,22,11.45,T2,1
30,4375591,육민관고등학교,학기,토요일,13,14.49,T3,12,10.98,T2,-1
30,4375591,육민관고등학교,학기,토요일,19,14.53,T3,18,12.27,T2,-1
30,4375591,육민관고등학교,학기,토요일,21,13.71,T3,22,11.65,T2,1
30,4375591,육민관고등학교,학기,일요일·공휴일,12,15.8,T3,11,8.41,T1,-1
30,4375591,육민관고등학교,학기,일요일·공휴일,13,14.33,T3,11,8.41,T1,-2
30,4375591,육민관고등학교,시험,평일,08,14.79,T3,07,12.11,T2,-1
30,4375591,육민관고등학교,시험,평일,09,15.58,T3,07,12.11,T2,-2
30,4375591,육민관고등학교,시험,평일,20,14.15,T3,19,12.81,T2,-1
30,4375591,육민관고등학교,계절학기,평일,09,18.07,T3,10,5.19,T1,1
30,4375591,육민관고등학교,계절학기,평일,17,16.76,T3,15,9.79,T2,-2
30,4375591,육민관고등학교,방학,일요일·공휴일,12,14.3,T3,11,11.44,T2,-1
30,4375611,흥업사거리,학기,평일,07,14.71,T3,06,5.41,T1,-1
30,4375611,흥업사거리,학기,평일,08,18.91,T3,06,5.41,T1,-2
30,4375611,흥업사거리,학기,평일,12,22.47,T3,14,11.13,T2,2
30,4375611,흥업사거리,학기,평일,13,24.4,T3,14,11.13,T2,1
30,4375611,흥업사거리,학기,평일,15,15.17,T3,14,11.13,T2,-1
30,4375611,흥업사거리,학기,평일,16,18.27,T3,14,11.13,T2,-2
30,4375611,흥업사거리,학기,평일,21,23.39,T3,23,9.8,T2,2
30,4375611,흥업사거리,학기,평일,22,19.29,T3,23,9.8,T2,1
30,4375611,흥업사거리,학기,토요일,16,17.31,T3,14,6.77,T1,-2
30,4375611,흥업사거리,학기,토요일,18,13.88,T3,17,12.78,T2,-1
30,4375611,흥업사거리,학기,토요일,19,15.48,T3,17,12.78,T2,-2
30,4375611,흥업사거리,학기,토요일,21,17.45,T3,23,8.79,T1,2
30,4375611,흥업사거리,학기,토요일,22,17.3,T3,23,8.79,T1,1
30,4375611,흥업사거리,학기,일요일·공휴일,13,27.47,T3,11,8.15,T1,-2
30,4375611,흥업사거리,학기,일요일·공휴일,14,14.26,T3,12,11.7,T2,-2
30,4375611,흥업사거리,시험,평일,08,15.82,T3,06,8.06,T1,-2
30,4375611,흥업사거리,시험,평일,09,15.01,T3,07,10.7,T2,-2
30,4375611,흥업사거리,시험,평일,11,17.05,T3,10,12.91,T2,-1
30,4375611,흥업사거리,시험,평일,12,19.73,T3,14,11.79,T2,2
30,4375611,흥업사거리,시험,평일,13,16.73,T3,14,11.79,T2,1
30,4375611,흥업사거리,시험,평일,15,15.77,T3,14,11.79,T2,-1
30,4375611,흥업사거리,시험,평일,16,16.06,T3,14,11.79,T2,-2
30,4375611,흥업사거리,시험,평일,21,20.73,T3,23,8.85,T1,2
30,4375611,흥업사거리,시험,평일,22,14.34,T3,23,8.85,T1,1
30,4375611,흥업사거리,시험,토요일,16,13.61,T3,14,9.51,T2,-2
30,4375611,흥업사거리,시험,토요일,17,15.1,T3,18,10.37,T2,1
30,4375611,흥업사거리,시험,일요일·공휴일,14,14.91,T3,12,10.08,T2,-2
30,4375611,흥업사거리,시험,일요일·공휴일,16,26.4,T3,15,11.98,T2,-1
30,4375611,흥업사거리,시험,일요일·공휴일,17,17.92,T3,15,11.98,T2,-2
30,4375611,흥업사거리,계절학기,평일,09,15.27,T3,10,5.12,T1,1
30,4375611,흥업사거리,계절학기,평일,17,14.82,T3,19,7.72,T1,2
30,4375611,흥업사거리,방학,평일,09,13.44,T3,10,5.85,T1,1
30,4375611,흥업사거리,방학,일요일·공휴일,13,16.37,T3,11,5.74,T1,-2
30,4375611,흥업사거리,방학,일요일·공휴일,16,19.07,T3,14,8.45,T1,-2
30,4375611,흥업사거리,방학,일요일·공휴일,18,13.52,T3,17,11.03,T2,-1
30,4375611,흥업사거리,방학,일요일·공휴일,20,15.26,T3,21,6.87,T1,1
30,4375711,원주원예농협,학기,평일,08,23.72,T3,10,5.86,T1,2
30,4375711,원주원예농협,학기,평일,09,20.11,T3,10,5.86,T1,1
30,4375711,원주원예농협,학기,평일,11,16.1,T3,10,5.86,T1,-1
30,4375711,원주원예농협,학기,평일,22,13.87,T3,20,7.16,T1,-2
30,4375711,원주원예농협,학기,일요일·공휴일,15,14.65,T3,13,8.93,T1,-2
30,4375711,원주원예농협,학기,일요일·공휴일,16,20.75,T3,14,11.01,T2,-2
30,4375711,원주원예농협,학기,일요일·공휴일,21,18.1,T3,23,5.26,T1,2
30,4375711,원주원예농협,학기,일요일·공휴일,22,18.83,T3,23,5.26,T1,1
30,4375711,원주원예농협,시험,평일,11,16.9,T3,10,8.29,T1,-1
30,4375711,원주원예농협,시험,평일,12,13.62,T3,10,8.29,T1,-2
30,4375711,원주원예농협,시험,평일,13,14.7,T3,14,12.54,T2,1
30,4375711,원주원예농협,시험,평일,15,17.59,T3,14,12.54,T2,-1
30,4375711,원주원예농협,시험,평일,16,16.77,T3,14,12.54,T2,-2
30,4375711,원주원예농협,시험,평일,17,17.04,T3,19,10.67,T2,2
30,4375711,원주원예농협,시험,평일,18,13.47,T3,20,8.55,T1,2
30,4375711,원주원예농협,시험,평일,22,14.88,T3,23,5.27,T1,1
30,4375711,원주원예농협,시험,토요일,17,13.93,T3,18,9.21,T2,1
30,4375711,원주원예농협,시험,일요일·공휴일,14,15.57,T3,13,9.37,T2,-1
30,4375711,원주원예농협,시험,일요일·공휴일,16,18.4,T3,15,11.23,T2,-1
30,4375711,원주원예농협,시험,일요일·공휴일,21,17.63,T3,23,12.68,T2,2
30,4375711,원주원예농협,계절학기,평일,16,13.74,T3,14,5.8,T1,-2
30,4375711,원주원예농협,방학,일요일·공휴일,16,13.24,T3,14,6.86,T1,-2
30,4375731,우산119안전센터,학기,평일,16,15.22,T3,14,6.11,T1,-2
30,4375731,우산119안전센터,학기,일요일·공휴일,16,17.75,T3,15,8.76,T1,-1
30,4375731,우산119안전센터,학기,일요일·공휴일,17,16.47,T3,15,8.76,T1,-2
30,4375731,우산119안전센터,학기,일요일·공휴일,18,15.12,T3,19,9.73,T2,1
30,4375731,우산119안전센터,시험,평일,12,15.69,T3,10,10.09,T2,-2
30,4375731,우산119안전센터,시험,평일,15,19.24,T3,13,12.79,T2,-2
30,4375731,우산119안전센터,시험,평일,17,14.33,T3,19,10.69,T2,2
30,4375731,우산119안전센터,시험,평일,18,15.67,T3,20,10.49,T2,2
30,4375761,우산119안전센터,학기,일요일·공휴일,17,17.61,T3,15,11.51,T2,-2
30,4375761,우산119안전센터,시험,평일,18,15.2,T3,20,10.49,T2,2
30,4375761,우산119안전센터,계절학기,평일,16,13.37,T3,15,8.96,T1,-1
30,4375761,우산119안전센터,계절학기,평일,17,13.65,T3,19,6.74,T1,2
30,4375771,동보아파트,학기,평일,16,16.21,T3,18,7.16,T1,2
30,4375771,동보아파트,학기,일요일·공휴일,15,13.94,T3,13,12.0,T2,-2
30,4375781,원주원예농협,학기,평일,08,14.19,T3,06,6.94,T1,-2
30,4375781,원주원예농협,학기,평일,11,17.76,T3,10,8.06,T1,-1
30,4375781,원주원예농협,학기,평일,12,17.28,T3,10,8.06,T1,-2
30,4375781,원주원예농협,학기,평일,15,22.09,T3,13,12.25,T2,-2
30,4375781,원주원예농협,학기,평일,16,19.38,T3,14,12.46,T2,-2
30,4375781,원주원예농협,학기,평일,18,18.2,T3,20,8.55,T1,2
30,4375781,원주원예농협,학기,평일,19,13.63,T3,20,8.55,T1,1
30,4375781,원주원예농협,학기,평일,21,14.73,T3,23,7.93,T1,2
30,4375781,원주원예농협,학기,평일,22,13.34,T3,23,7.93,T1,1
30,4375781,원주원예농협,학기,일요일·공휴일,12,14.09,T3,10,7.19,T1,-2
30,4375781,원주원예농협,학기,일요일·공휴일,16,15.39,T3,14,9.4,T2,-2
30,4375781,원주원예농협,학기,일요일·공휴일,17,15.92,T3,15,13.14,T2,-2
30,4375781,원주원예농협,학기,일요일·공휴일,22,14.5,T3,23,6.17,T1,1
30,4375781,원주원예농협,시험,평일,11,18.41,T3,09,10.93,T2,-2
30,4375781,원주원예농협,시험,평일,12,18.36,T3,10,11.1,T2,-2
30,4375781,원주원예농협,시험,평일,13,15.59,T3,14,12.96,T2,1
30,4375781,원주원예농협,시험,평일,15,15.88,T3,14,12.96,T2,-1
30,4375781,원주원예농협,시험,평일,16,23.35,T3,14,12.96,T2,-2
30,4375781,원주원예농협,시험,평일,17,15.41,T3,19,10.35,T2,2
30,4375781,원주원예농협,시험,평일,18,19.28,T3,19,10.35,T2,1
30,4375781,원주원예농협,시험,토요일,11,14.84,T3,10,6.68,T1,-1
30,4375781,원주원예농협,시험,토요일,17,15.1,T3,18,10.21,T2,1
30,4375781,원주원예농협,계절학기,평일,12,14.63,T3,10,5.3,T1,-2
30,4375781,원주원예농협,계절학기,평일,16,14.54,T3,14,8.55,T1,-2
30,4376451,꿈드림새마을금고,학기,평일,08,13.71,T3,06,6.84,T1,-2
30,4376451,꿈드림새마을금고,학기,평일,11,16.47,T3,09,10.19,T2,-2
30,4376451,꿈드림새마을금고,학기,평일,12,17.36,T3,10,10.68,T2,-2
30,4376451,꿈드림새마을금고,학기,평일,13,16.62,T3,14,12.51,T2,1
30,4376451,꿈드림새마을금고,학기,평일,15,23.93,T3,14,12.51,T2,-1
30,4376451,꿈드림새마을금고,학기,평일,16,26.22,T3,14,12.51,T2,-2
30,4376451,꿈드림새마을금고,학기,평일,17,25.95,T3,19,12.22,T2,2
30,4376451,꿈드림새마을금고,학기,평일,18,27.55,T3,20,10.57,T2,2
30,4376451,꿈드림새마을금고,학기,토요일,13,14.63,T3,14,9.27,T2,1
30,4376451,꿈드림새마을금고,학기,토요일,15,15.83,T3,14,9.27,T2,-1
30,4376451,꿈드림새마을금고,학기,일요일·공휴일,13,14.1,T3,11,8.26,T1,-2
30,4376451,꿈드림새마을금고,학기,일요일·공휴일,15,13.76,T3,14,12.84,T2,-1
30,4376451,꿈드림새마을금고,학기,일요일·공휴일,16,19.7,T3,14,12.84,T2,-2
30,4376451,꿈드림새마을금고,시험,평일,11,21.89,T3,10,11.39,T2,-1
30,4376451,꿈드림새마을금고,시험,평일,12,18.53,T3,10,11.39,T2,-2
30,4376451,꿈드림새마을금고,시험,평일,17,17.22,T3,19,12.98,T2,2
30,4376451,꿈드림새마을금고,시험,평일,18,16.6,T3,20,11.32,T2,2
30,4376451,꿈드림새마을금고,시험,일요일·공휴일,16,18.4,T3,15,10.48,T2,-1
30,4376451,꿈드림새마을금고,시험,일요일·공휴일,17,17.76,T3,15,10.48,T2,-2
30,4376451,꿈드림새마을금고,계절학기,평일,12,13.46,T3,10,6.02,T1,-2
30,4376451,꿈드림새마을금고,계절학기,평일,18,14.12,T3,19,7.53,T1,1
30,4376451,꿈드림새마을금고,방학,일요일·공휴일,16,13.36,T3,14,9.53,T2,-2
30,4376461,단계은행아파트,학기,평일,08,14.46,T3,06,7.99,T1,-2
30,4376461,단계은행아파트,학기,평일,11,17.27,T3,09,10.89,T2,-2
30,4376461,단계은행아파트,학기,평일,12,18.9,T3,10,11.27,T2,-2
30,4376461,단계은행아파트,학기,평일,17,23.42,T3,19,12.47,T2,2
30,4376461,단계은행아파트,학기,평일,18,24.62,T3,20,11.71,T2,2
30,4376461,단계은행아파트,학기,평일,21,13.93,T3,23,6.35,T1,2
30,4376461,단계은행아파트,학기,토요일,12,14.44,T3,14,11.13,T2,2
30,4376461,단계은행아파트,학기,토요일,15,17.94,T3,14,11.13,T2,-1
30,4376461,단계은행아파트,학기,토요일,17,16.07,T3,19,8.6,T1,2
30,4376461,단계은행아파트,학기,일요일·공휴일,13,15.8,T3,11,10.33,T2,-2
30,4376461,단계은행아파트,학기,일요일·공휴일,14,14.17,T3,12,13.07,T2,-2
30,4376461,단계은행아파트,시험,평일,10,13.58,T3,09,12.56,T2,-1
30,4376461,단계은행아파트,시험,평일,11,23.75,T3,09,12.56,T2,-2
30,4376461,단계은행아파트,시험,평일,17,18.79,T3,19,12.1,T2,2
30,4376461,단계은행아파트,시험,평일,18,16.89,T3,19,12.1,T2,1
30,4376461,단계은행아파트,시험,토요일,11,16.34,T3,10,7.18,T1,-1
30,4376461,단계은행아파트,계절학기,평일,12,13.22,T3,10,6.3,T1,-2
30,4376461,단계은행아파트,계절학기,평일,18,13.83,T3,19,9.6,T2,1
30,4376461,단계은행아파트,계절학기,토요일,11,13.33,T3,12,12.29,T2,1
30,4376461,단계은행아파트,방학,평일,17,13.66,T3,15,8.79,T1,-2
30,4376461,단계은행아파트,방학,일요일·공휴일,12,13.8,T3,10,8.47,T1,-2
30,4376471,원주교도소,학기,평일,07,14.95,T3,06,12.69,T2,-1
30,4376471,원주교도소,학기,평일,08,21.99,T3,06,12.69,T2,-2
30,4376471,원주교도소,학기,평일,17,18.83,T3,19,12.77,T2,2
30,4376471,원주교도소,학기,평일,18,25.33,T3,19,12.77,T2,1
30,4376471,원주교도소,학기,평일,20,13.34,T3,21,11.02,T2,1
30,4376471,원주교도소,학기,토요일,11,14.0,T3,09,9.17,T2,-2
30,4376471,원주교도소,학기,토요일,13,15.19,T3,14,12.2,T2,1
30,4376471,원주교도소,학기,토요일,15,20.55,T3,14,12.2,T2,-1
30,4376471,원주교도소,학기,토요일,16,14.84,T3,14,12.2,T2,-2
30,4376471,원주교도소,학기,토요일,17,16.82,T3,19,9.74,T2,2
30,4376471,원주교도소,학기,일요일·공휴일,12,16.01,T3,10,7.0,T1,-2
30,4376471,원주교도소,학기,일요일·공휴일,14,19.34,T3,13,12.75,T2,-1
30,4376471,원주교도소,학기,일요일·공휴일,15,22.14,T3,13,12.75,T2,-2
30,4376471,원주교도소,학기,일요일·공휴일,21,26.65,T3,23,7.79,T1,2
30,4376471,원주교도소,학기,일요일·공휴일,22,21.91,T3,23,7.79,T1,1
30,4376471,원주교도소,시험,평일,07,13.75,T3,06,12.93,T2,-1
30,4376471,원주교도소,시험,평일,08,18.54,T3,10,12.4,T2,2
30,4376471,원주교도소,시험,평일,09,17.16,T3,10,12.4,T2,1
30,4376471,원주교도소,시험,평일,11,20.06,T3,10,12.4,T2,-1
30,4376471,원주교도소,시험,평일,12,22.37,T3,10,12.4,T2,-2
30,4376471,원주교도소,시험,평일,18,17.02,T3,20,13.15,T2,2
30,4376471,원주교도소,시험,평일,19,14.78,T3,20,13.15,T2,1
30,4376471,원주교도소,시험,평일,21,13.73,T3,23,6.32,T1,2
30,4376471,원주교도소,시험,토요일,07,16.15,T3,09,10.58,T2,2
30,4376471,원주교도소,시험,토요일,17,16.35,T3,15,12.98,T2,-2
30,4376471,원주교도소,시험,일요일·공휴일,12,16.75,T3,10,7.43,T1,-2
30,4376471,원주교도소,방학,일요일·공휴일,13,13.57,T3,11,8.63,T1,-2
30,4376471,원주교도소,방학,일요일·공휴일,15,14.82,T3,14,9.61,T2,-1
30,4376471,원주교도소,방학,일요일·공휴일,17,13.84,T3,19,8.04,T1,2
30,4376491,보촌,학기,평일,07,14.67,T3,06,6.28,T1,-1
30,4376491,보촌,학기,평일,08,19.98,T3,06,6.28,T1,-2
30,4376491,보촌,학기,평일,09,26.75,T3,10,12.76,T2,1
30,4376491,보촌,학기,평일,11,20.38,T3,10,12.76,T2,-1
30,4376491,보촌,학기,평일,12,23.66,T3,14,12.26,T2,2
30,4376491,보촌,학기,평일,13,23.06,T3,14,12.26,T2,1
30,4376491,보촌,학기,평일,15,14.99,T3,14,12.26,T2,-1
30,4376491,보촌,학기,평일,16,17.74,T3,14,12.26,T2,-2
30,4376491,보촌,학기,평일,21,21.48,T3,23,9.25,T2,2
30,4376491,보촌,학기,평일,22,19.14,T3,23,9.25,T2,1
30,4376491,보촌,학기,토요일,16,14.98,T3,14,8.92,T1,-2
30,4376491,보촌,학기,토요일,17,17.45,T3,18,11.51,T2,1
30,4376491,보촌,학기,토요일,19,13.62,T3,18,11.51,T2,-1
30,4376491,보촌,학기,토요일,20,15.84,T3,18,11.51,T2,-2
30,4376491,보촌,학기,토요일,21,15.25,T3,23,9.25,T2,2
30,4376491,보촌,학기,일요일·공휴일,13,27.15,T3,11,7.94,T1,-2
30,4376491,보촌,학기,일요일·공휴일,14,15.9,T3,12,10.74,T2,-2
30,4376491,보촌,학기,일요일·공휴일,21,29.5,T3,23,10.06,T2,2
30,4376491,보촌,학기,일요일·공휴일,22,28.81,T3,23,10.06,T2,1
30,4376491,보촌,시험,평일,08,14.48,T3,06,8.62,T1,-2
30,4376491,보촌,시험,평일,09,15.76,T3,07,11.21,T2,-2
30,4376491,보촌,시험,평일,12,20.37,T3,14,11.94,T2,2
30,4376491,보촌,시험,평일,13,19.37,T3,14,11.94,T2,1
30,4376491,보촌,시험,평일,15,17.3,T3,14,11.94,T2,-1
30,4376491,보촌,시험,평일,16,18.52,T3,14,11.94,T2,-2
30,4376491,보촌,시험,평일,21,19.36,T3,23,5.49,T1,2
30,4376491,보촌,시험,평일,22,15.01,T3,23,5.49,T1,1
30,4376491,보촌,시험,토요일,15,13.32,T3,14,9.84,T2,-1
30,4376491,보촌,시험,일요일·공휴일,16,27.23,T3,15,11.65,T2,-1
30,4376491,보촌,계절학기,평일,09,13.78,T3,10,5.73,T1,1
30,4376491,보촌,계절학기,평일,12,15.29,T3,10,5.73,T1,-2
30,4376491,보촌,계절학기,토요일,11,16.33,T3,09,5.57,T1,-2
30,4376491,보촌,방학,일요일·공휴일,16,14.86,T3,14,9.36,T2,-2
30,4376491,보촌,방학,일요일·공휴일,20,14.49,T3,21,5.75,T1,1
30,4376491,보촌,방학,일요일·공휴일,22,17.2,T3,21,5.75,T1,-1
30,4376501,두산위브정문,학기,평일,08,17.75,T3,10,11.48,T2,2
30,4376501,두산위브정문,학기,평일,09,26.47,T3,10,11.48,T2,1
30,4376501,두산위브정문,학기,평일,11,18.21,T3,10,11.48,T2,-1
30,4376501,두산위브정문,학기,평일,12,22.76,T3,14,10.74,T2,2
30,4376501,두산위브정문,학기,평일,13,19.28,T3,14,10.74,T2,1
30,4376501,두산위브정문,학기,평일,15,15.95,T3,14,10.74,T2,-1
30,4376501,두산위브정문,학기,평일,16,16.45,T3,14,10.74,T2,-2
30,4376501,두산위브정문,학기,평일,21,15.42,T3,23,7.18,T1,2
30,4376501,두산위브정문,학기,평일,22,17.95,T3,23,7.18,T1,1
30,4376501,두산위브정문,학기,토요일,16,13.73,T3,14,8.6,T1,-2
30,4376501,두산위브정문,학기,토요일,17,14.48,T3,18,9.76,T2,1
30,4376501,두산위브정문,학기,일요일·공휴일,13,16.83,T3,11,8.72,T1,-2
30,4376501,두산위브정문,학기,일요일·공휴일,22,32.5,T3,23,7.89,T1,1
30,4376501,두산위브정문,시험,평일,08,14.31,T3,07,11.21,T2,-1
30,4376501,두산위브정문,시험,평일,09,15.73,T3,07,11.21,T2,-2
30,4376501,두산위브정문,시험,평일,11,19.0,T3,10,12.95,T2,-1
30,4376501,두산위브정문,시험,평일,12,19.31,T3,10,12.95,T2,-2
30,4376501,두산위브정문,시험,평일,18,17.39,T3,20,11.99,T2,2
30,4376501,두산위브정문,시험,평일,19,14.1,T3,20,11.99,T2,1
30,4376501,두산위브정문,계절학기,평일,12,14.96,T3,10,7.3,T1,-2
30,4376501,두산위브정문,계절학기,평일,16,13.7,T3,18,8.59,T1,2
30,4376501,두산위브정문,방학,일요일·공휴일,16,16.81,T3,17,7.11,T1,1
30,4376501,두산위브정문,방학,일요일·공휴일,22,16.56,T3,20,8.24,T1,-2
30,4376521,벌밤골,학기,평일,08,16.67,T3,06,7.36,T1,-2
30,4376521,벌밤골,학기,평일,09,22.51,T3,10,12.15,T2,1
30,4376521,벌밤골,학기,평일,11,20.53,T3,10,12.15,T2,-1
30,4376521,벌밤골,학기,평일,12,17.12,T3,14,10.79,T2,2
30,4376521,벌밤골,학기,평일,13,23.35,T3,14,10.79,T2,1
30,4376521,벌밤골,학기,평일,15,14.87,T3,14,10.79,T2,-1
30,4376521,벌밤골,학기,평일,16,16.18,T3,14,10.79,T2,-2
30,4376521,벌밤골,학기,평일,17,14.3,T3,19,12.48,T2,2
30,4376521,벌밤골,학기,평일,18,17.16,T3,19,12.48,T2,1
30,4376521,벌밤골,학기,평일,20,14.55,T3,19,12.48,T2,-1
30,4376521,벌밤골,학기,평일,21,17.15,T3,23,8.5,T1,2
30,4376521,벌밤골,학기,평일,22,13.24,T3,23,8.5,T1,1
30,4376521,벌밤골,학기,토요일,15,14.25,T3,14,10.23,T2,-1
30,4376521,벌밤골,학기,토요일,16,16.72,T3,14,10.23,T2,-2
30,4376521,벌밤골,학기,토요일,17,14.11,T3,18,11.59,T2,1
30,4376521,벌밤골,학기,토요일,19,13.91,T3,18,11.59,T2,-1
30,4376521,벌밤골,학기,토요일,21,17.25,T3,22,12.28,T2,1
30,4376521,벌밤골,학기,일요일·공휴일,13,19.17,T3,11,7.88,T1,-2
30,4376521,벌밤골,시험,평일,11,22.34,T3,09,11.22,T2,-2
30,4376521,벌밤골,방학,평일,13,14.84,T3,14,6.32,T1,1
30,4376521,벌밤골,방학,일요일·공휴일,16,14.55,T3,17,8.81,T1,1
30,4376531,무수막마을,학기,평일,07,15.33,T3,06,7.76,T1,-1
30,4376531,무수막마을,학기,평일,08,16.53,T3,06,7.76,T1,-2
30,4376531,무수막마을,학기,평일,12,21.17,T3,14,13.17,T2,2
30,4376531,무수막마을,학기,평일,13,21.76,T3,14,13.17,T2,1
30,4376531,무수막마을,학기,평일,15,16.05,T3,14,13.17,T2,-1
30,4376531,무수막마을,학기,평일,16,16.79,T3,14,13.17,T2,-2
30,4376531,무수막마을,학기,평일,17,16.38,T3,19,11.69,T2,2
30,4376531,무수막마을,학기,평일,18,17.99,T3,19,11.69,T2,1
30,4376531,무수막마을,학기,평일,21,17.94,T3,23,10.05,T2,2
30,4376531,무수막마을,학기,평일,22,18.91,T3,23,10.05,T2,1
30,4376531,무수막마을,학기,토요일,17,15.35,T3,15,10.44,T2,-2
30,4376531,무수막마을,학기,토요일,18,13.46,T3,16,11.46,T2,-2
30,4376531,무수막마을,학기,토요일,22,13.99,T3,23,8.5,T1,1
30,4376531,무수막마을,학기,일요일·공휴일,13,22.44,T3,11,9.04,T2,-2
30,4376531,무수막마을,학기,일요일·공휴일,15,18.51,T3,14,12.95,T2,-1
30,4376531,무수막마을,학기,일요일·공휴일,16,39.4,T3,14,12.95,T2,-2
30,4376531,무수막마을,시험,평일,09,15.43,T3,08,11.98,T2,-1
30,4376531,무수막마을,시험,평일,11,15.72,T3,10,12.09,T2,-1
30,4376531,무수막마을,시험,평일,16,20.35,T3,14,12.56,T2,-2
30,4376531,무수막마을,시험,평일,18,17.37,T3,19,12.14,T2,1
30,4376531,무수막마을,시험,평일,21,19.45,T3,19,12.14,T2,-2
30,4376531,무수막마을,시험,토요일,17,17.27,T3,16,13.11,T2,-1
30,4376531,무수막마을,계절학기,평일,17,14.43,T3,15,8.62,T1,-2
30,4376531,무수막마을,방학,일요일·공휴일,18,20.92,T3,17,8.77,T1,-1
30,4376541,세동마을,학기,평일,08,22.44,T3,06,6.12,T1,-2
30,4376541,세동마을,학기,평일,09,29.4,T3,07,12.94,T2,-2
30,4376541,세동마을,학기,평일,12,24.3,T3,14,9.61,T2,2
30,4376541,세동마을,학기,평일,13,23.62,T3,14,9.61,T2,1
30,4376541,세동마을,학기,평일,18,13.51,T3,19,9.05,T2,1
30,4376541,세동마을,학기,평일,21,13.46,T3,23,4.62,T1,2
30,4376541,세동마을,학기,일요일·공휴일,13,21.22,T3,11,7.02,T1,-2
30,4376541,세동마을,학기,일요일·공휴일,15,17.41,T3,14,10.91,T2,-1
30,4376541,세동마을,학기,일요일·공휴일,16,32.57,T3,14,10.91,T2,-2
30,4376541,세동마을,학기,일요일·공휴일,21,35.4,T3,23,7.69,T1,2
30,4376541,세동마을,학기,일요일·공휴일,22,28.22,T3,23,7.69,T1,1
30,4376541,세동마을,시험,평일,08,15.98,T3,06,8.56,T1,-2
30,4376541,세동마을,시험,평일,09,17.08,T3,07,10.18,T2,-2
30,4376541,세동마을,시험,평일,11,17.81,T3,10,11.96,T2,-1
30,4376541,세동마을,시험,평일,12,22.13,T3,10,11.96,T2,-2
30,4376541,세동마을,시험,평일,13,17.88,T3,14,12.23,T2,1
30,4376541,세동마을,시험,평일,15,15.46,T3,14,12.23,T2,-1
30,4376541,세동마을,시험,평일,16,13.71,T3,14,12.23,T2,-2
30,4376541,세동마을,시험,평일,17,13.8,T3,19,11.76,T2,2
30,4376541,세동마을,시험,평일,18,13.32,T3,19,11.76,T2,1
30,4376541,세동마을,시험,평일,20,13.89,T3,22,10.71,T2,2
30,4376541,세동마을,시험,평일,21,16.76,T3,23,6.37,T1,2
30,4376541,세동마을,시험,토요일,17,15.32,T3,18,9.37,T2,1
30,4376541,세동마을,시험,토요일,22,15.7,T3,23,5.7,T1,1
30,4376541,세동마을,시험,일요일·공휴일,16,23.57,T3,15,11.23,T2,-1
30,4376541,세동마을,시험,일요일·공휴일,17,21.59,T3,15,11.23,T2,-2
30,4376541,세동마을,계절학기,평일,12,14.13,T3,14,5.18,T1,2
30,4376561,연세대스포츠센터,학기,평일,09,17.15,T3,07,4.82,T1,-2
30,4376561,연세대스포츠센터,학기,평일,12,14.59,T3,14,5.33,T1,2
30,4376561,연세대스포츠센터,시험,평일,09,16.06,T3,07,7.18,T1,-2
30,4376561,연세대스포츠센터,시험,평일,12,18.24,T3,14,8.74,T1,2
30,4376561,연세대스포츠센터,시험,평일,16,14.12,T3,14,8.74,T1,-2
30,4376561,연세대스포츠센터,시험,토요일,17,13.38,T3,19,8.63,T1,2
30,4376561,연세대스포츠센터,시험,토요일,22,14.37,T3,23,5.03,T1,1
30,4376561,연세대스포츠센터,시험,일요일·공휴일,16,16.57,T3,15,9.32,T2,-1
30,4376561,연세대스포츠센터,시험,일요일·공휴일,17,14.92,T3,15,9.32,T2,-2
30,4376561,연세대스포츠센터,시험,일요일·공휴일,21,16.63,T3,23,11.6,T2,2
30,4376561,연세대스포츠센터,시험,일요일·공휴일,22,17.52,T3,23,11.6,T2,1
30,4376581,연세대복지타운,학기,평일,11,18.36,T3,09,8.9,T1,-2
30,4376581,연세대복지타운,학기,평일,12,22.82,T3,10,12.59,T2,-2
30,4376581,연세대복지타운,학기,평일,18,34.42,T3,20,13.08,T2,2
30,4376581,연세대복지타운,학기,평일,19,17.46,T3,21,11.89,T2,2
30,4376581,연세대복지타운,학기,토요일,13,13.34,T3,14,10.21,T2,1
30,4376581,연세대복지타운,학기,일요일·공휴일,12,15.21,T3,10,6.59,T1,-2
30,4376581,연세대복지타운,학기,일요일·공휴일,16,13.53,T3,14,10.23,T2,-2
30,4376581,연세대복지타운,학기,일요일·공휴일,17,16.16,T3,19,10.23,T2,2
30,4376581,연세대복지타운,학기,일요일·공휴일,21,16.36,T3,23,5.93,T1,2
30,4376581,연세대복지타운,시험,평일,10,13.46,T3,08,8.93,T1,-2
30,4376581,연세대복지타운,시험,평일,11,22.5,T3,09,10.72,T2,-2
30,4376581,연세대복지타운,시험,평일,17,27.93,T3,19,11.93,T2,2
30,4376581,연세대복지타운,시험,평일,18,24.67,T3,20,9.77,T2,2
30,4376581,연세대복지타운,시험,토요일,17,14.02,T3,18,10.54,T2,1
30,4376581,연세대복지타운,시험,일요일·공휴일,16,17.98,T3,15,10.65,T2,-1
30,4376581,연세대복지타운,시험,일요일·공휴일,17,15.42,T3,15,10.65,T2,-2
30,4376581,연세대복지타운,계절학기,평일,12,15.52,T3,13,7.8,T1,1
30,4376581,연세대복지타운,계절학기,평일,16,18.48,T3,18,9.02,T1,2
30,4376581,연세대복지타운,계절학기,평일,17,19.6,T3,18,9.02,T1,1
30,4376581,연세대복지타운,방학,평일,17,14.81,T3,19,5.7,T1,2
30,4376581,연세대복지타운,방학,일요일·공휴일,15,13.46,T3,17,10.17,T2,2
30,4376591,연세대학교,학기,평일,10,14.38,T3,08,9.98,T2,-2
30,4376591,연세대학교,학기,평일,11,20.88,T3,09,10.41,T2,-2
30,4376591,연세대학교,학기,평일,19,20.42,T3,21,12.19,T2,2
30,4376591,연세대학교,학기,평일,20,15.36,T3,21,12.19,T2,1
30,4376591,연세대학교,학기,평일,22,15.75,T3,21,12.19,T2,-1
30,4376591,연세대학교,학기,토요일,10,13.86,T3,09,7.78,T1,-1
30,4376591,연세대학교,학기,토요일,11,15.07,T3,09,7.78,T1,-2
30,4376591,연세대학교,학기,토요일,13,15.16,T3,15,13.07,T2,2
30,4376591,연세대학교,학기,토요일,14,13.88,T3,16,10.59,T2,2
30,4376591,연세대학교,학기,토요일,17,13.24,T3,19,8.15,T1,2
30,4376591,연세대학교,학기,일요일·공휴일,13,14.68,T3,11,9.14,T2,-2
30,4376591,연세대학교,학기,일요일·공휴일,15,13.51,T3,14,13.07,T2,-1
30,4376591,연세대학교,학기,일요일·공휴일,16,18.5,T3,14,13.07,T2,-2
30,4376591,연세대학교,시험,평일,09,13.59,T3,07,10.18,T2,-2
30,4376591,연세대학교,시험,평일,10,15.06,T3,08,12.48,T2,-2
30,4376591,연세대학교,시험,평일,18,24.96,T3,20,12.06,T2,2
30,4376591,연세대학교,시험,평일,19,16.69,T3,20,12.06,T2,1
30,4376591,연세대학교,시험,토요일,11,13.59,T3,09,10.25,T2,-2
30,4376591,연세대학교,시험,토요일,15,13.65,T3,16,11.61,T2,1
30,4376591,연세대학교,시험,토요일,17,15.43,T3,19,9.38,T2,2
30,4376591,연세대학교,시험,일요일·공휴일,16,18.07,T3,15,12.32,T2,-1
30,4376591,연세대학교,시험,일요일·공휴일,17,16.59,T3,15,12.32,T2,-2
30,4376591,연세대학교,계절학기,평일,12,15.2,T3,11,9.36,T2,-1
30,4376591,연세대학교,계절학기,평일,16,19.74,T3,18,10.18,T2,2
30,4376591,연세대학교,계절학기,평일,17,22.3,T3,19,8.36,T1,2
30,4376591,연세대학교,방학,평일,17,14.45,T3,19,7.34,T1,2
30,4376591,연세대학교,방학,일요일·공휴일,16,13.67,T3,17,9.49,T2,1
30,4376601,세동,학기,평일,10,15.06,T3,08,10.05,T2,-2
30,4376601,세동,학기,평일,11,21.37,T3,09,10.06,T2,-2
30,4376601,세동,학기,토요일,10,16.08,T3,09,11.24,T2,-1
30,4376601,세동,학기,토요일,11,17.97,T3,09,11.24,T2,-2
30,4376601,세동,학기,토요일,16,16.58,T3,18,10.77,T2,2
30,4376601,세동,학기,토요일,17,16.66,T3,19,7.97,T1,2
30,4376601,세동,학기,일요일·공휴일,12,18.18,T3,10,10.21,T2,-2
30,4376601,세동,학기,일요일·공휴일,13,15.61,T3,11,11.31,T2,-2
30,4376601,세동,학기,일요일·공휴일,18,15.93,T3,20,11.46,T2,2
30,4376601,세동,학기,일요일·공휴일,19,13.6,T3,20,11.46,T2,1
30,4376601,세동,시험,평일,10,15.18,T3,08,10.86,T2,-2
30,4376601,세동,시험,평일,11,23.15,T3,09,10.88,T2,-2
30,4376601,세동,시험,평일,18,28.53,T3,20,12.16,T2,2
30,4376601,세동,시험,평일,19,14.72,T3,21,11.68,T2,2
30,4376601,세동,시험,토요일,11,14.43,T3,10,8.43,T1,-1
30,4376601,세동,시험,토요일,12,13.35,T3,10,8.43,T1,-2
30,4376601,세동,시험,토요일,13,13.78,T3,14,10.18,T2,1
30,4376601,세동,시험,토요일,15,14.15,T3,14,10.18,T2,-1
30,4376601,세동,시험,토요일,17,17.27,T3,19,10.13,T2,2
30,4376601,세동,시험,토요일,22,14.87,T3,20,6.79,T1,-2
30,4376601,세동,시험,일요일·공휴일,14,14.16,T3,12,11.5,T2,-2
30,4376601,세동,시험,일요일·공휴일,16,18.73,T3,15,11.57,T2,-1
30,4376601,세동,시험,일요일·공휴일,17,17.42,T3,15,11.57,T2,-2
30,4376601,세동,계절학기,평일,12,18.13,T3,11,8.3,T1,-1
30,4376601,세동,계절학기,평일,13,13.38,T3,11,8.3,T1,-2
30,4376601,세동,계절학기,평일,16,22.35,T3,18,10.71,T2,2
30,4376601,세동,계절학기,평일,17,24.77,T3,19,8.7,T1,2
30,4376601,세동,계절학기,토요일,11,16.14,T3,09,6.71,T1,-2
30,4376601,세동,계절학기,토요일,12,14.12,T3,13,9.43,T2,1
30,4376601,세동,계절학기,토요일,14,14.33,T3,13,9.43,T2,-1
30,4376601,세동,계절학기,토요일,16,14.72,T3,17,8.31,T1,1
30,4376601,세동,방학,평일,17,18.12,T3,19,5.67,T1,2
30,4376601,세동,방학,일요일·공휴일,11,13.68,T3,09,5.96,T1,-2
30,4376601,세동,방학,일요일·공휴일,12,15.22,T3,10,8.42,T1,-2
30,4376601,세동,방학,일요일·공휴일,15,15.81,T3,17,10.34,T2,2
30,4376601,세동,방학,일요일·공휴일,16,14.84,T3,17,10.34,T2,1
30,4376611,무수막마을,학기,평일,11,17.18,T3,09,10.33,T2,-2
30,4376611,무수막마을,학기,평일,12,26.33,T3,10,12.24,T2,-2
30,4376611,무수막마을,학기,평일,19,19.47,T3,21,13.19,T2,2
30,4376611,무수막마을,학기,평일,20,15.47,T3,21,13.19,T2,1
30,4376611,무수막마을,학기,평일,22,13.62,T3,23,8.07,T1,1
30,4376611,무수막마을,학기,토요일,08,13.98,T3,09,9.36,T2,1
30,4376611,무수막마을,학기,토요일,10,13.33,T3,09,9.36,T2,-1
30,4376611,무수막마을,학기,토요일,11,19.17,T3,09,9.36,T2,-2
30,4376611,무수막마을,학기,토요일,16,13.31,T3,18,10.43,T2,2
30,4376611,무수막마을,학기,토요일,17,17.52,T3,19,9.36,T2,2
30,4376611,무수막마을,학기,일요일·공휴일,13,15.43,T3,12,12.09,T2,-1
30,4376611,무수막마을,학기,일요일·공휴일,14,14.89,T3,12,12.09,T2,-2
30,4376611,무수막마을,학기,일요일·공휴일,22,16.58,T3,23,6.39,T1,1
30,4376611,무수막마을,시험,평일,11,22.29,T3,09,12.43,T2,-2
30,4376611,무수막마을,시험,평일,18,22.54,T3,20,11.99,T2,2
30,4376611,무수막마을,시험,평일,19,17.97,T3,20,11.99,T2,1
30,4376611,무수막마을,계절학기,평일,12,17.54,T3,13,9.43,T2,1
30,4376611,무수막마을,계절학기,평일,16,17.54,T3,18,9.88,T2,2
30,4376611,무수막마을,계절학기,평일,17,20.09,T3,19,9.03,T1,2
30,4376611,무수막마을,방학,평일,17,16.5,T3,19,8.22,T1,2
30,4376611,무수막마을,방학,일요일·공휴일,11,16.09,T3,09,5.81,T1,-2
30,4376611,무수막마을,방학,일요일·공휴일,16,13.55,T3,14,10.04,T2,-2
30,4376621,벌밤골,학기,평일,10,14.67,T3,08,8.7,T1,-2
30,4376621,벌밤골,학기,평일,11,19.34,T3,09,11.29,T2,-2
30,4376621,벌밤골,학기,평일,18,38.84,T3,20,12.64,T2,2
30,4376621,벌밤골,학기,평일,19,20.43,T3,20,12.64,T2,1
30,4376621,벌밤골,학기,토요일,10,14.48,T3,08,10.47,T2,-2
30,4376621,벌밤골,학기,토요일,11,15.93,T3,09,12.14,T2,-2
30,4376621,벌밤골,학기,토요일,16,14.26,T3,18,10.51,T2,2
30,4376621,벌밤골,학기,일요일·공휴일,13,18.25,T3,11,10.9,T2,-2
30,4376621,벌밤골,학기,일요일·공휴일,14,18.23,T3,12,11.08,T2,-2
30,4376621,벌밤골,시험,평일,11,25.34,T3,09,10.79,T2,-2
30,4376621,벌밤골,계절학기,평일,12,17.82,T3,11,9.89,T2,-1
30,4376621,벌밤골,계절학기,평일,17,19.79,T3,19,9.86,T2,2
30,4376621,벌밤골,방학,평일,16,16.88,T3,15,10.07,T2,-1
30,4376621,벌밤골,방학,평일,17,16.86,T3,19,7.94,T1,2
30,4376621,벌밤골,방학,일요일·공휴일,14,15.04,T3,13,9.0,T1,-1
30,4376631,두산위브아파트,학기,평일,10,16.97,T3,08,10.64,T2,-2
30,4376631,두산위브아파트,학기,평일,11,17.67,T3,09,11.09,T2,-2
30,4376631,두산위브아파트,학기,평일,20,14.3,T3,22,12.43,T2,2
30,4376631,두산위브아파트,학기,평일,21,18.63,T3,23,10.42,T2,2
30,4376631,두산위브아파트,학기,토요일,10,16.86,T3,09,12.14,T2,-1
30,4376631,두산위브아파트,학기,토요일,11,17.75,T3,09,12.14,T2,-2
30,4376631,두산위브아파트,학기,토요일,16,18.98,T3,18,12.09,T2,2
30,4376631,두산위브아파트,학기,토요일,17,16.95,T3,18,12.09,T2,1
30,4376631,두산위브아파트,학기,일요일·공휴일,12,23.24,T3,10,9.96,T2,-2
30,4376631,두산위브아파트,학기,일요일·공휴일,13,15.86,T3,11,10.93,T2,-2
30,4376631,두산위브아파트,시험,평일,09,13.2,T3,08,11.31,T2,-1
30,4376631,두산위브아파트,시험,평일,10,15.71,T3,08,11.31,T2,-2
30,4376631,두산위브아파트,시험,평일,19,13.64,T3,20,11.65,T2,1
30,4376631,두산위브아파트,시험,토요일,15,16.32,T3,14,9.84,T2,-1
30,4376631,두산위브아파트,시험,일요일·공휴일,21,17.79,T3,23,11.6,T2,2
30,4376631,두산위브아파트,계절학기,평일,12,17.81,T3,11,11.13,T2,-1
30,4376631,두산위브아파트,계절학기,평일,14,14.65,T3,13,12.51,T2,-1
30,4376631,두산위브아파트,계절학기,평일,17,21.84,T3,19,9.03,T1,2
30,4376631,두산위브아파트,계절학기,토요일,12,14.46,T3,13,10.16,T2,1
30,4376631,두산위브아파트,방학,평일,14,14.61,T3,15,12.17,T2,1
30,4376631,두산위브아파트,방학,평일,16,14.15,T3,15,12.17,T2,-1
30,4376631,두산위브아파트,방학,평일,17,15.97,T3,19,9.06,T2,2
30,4376631,두산위브아파트,방학,일요일·공휴일,11,13.52,T3,09,5.83,T1,-2
30,4376631,두산위브아파트,방학,일요일·공휴일,13,13.82,T3,12,12.27,T2,-1
30,4376631,두산위브아파트,방학,일요일·공휴일,14,19.13,T3,12,12.27,T2,-2
30,4376631,두산위브아파트,방학,일요일·공휴일,16,14.49,T3,17,11.61,T2,1
30,4376631,두산위브아파트,방학,일요일·공휴일,18,13.9,T3,20,8.57,T1,2
30,4376641,흥업지구대,학기,평일,10,14.76,T3,09,9.48,T2,-1
30,4376641,흥업지구대,학기,평일,11,22.53,T3,09,9.48,T2,-2
30,4376641,흥업지구대,학기,평일,20,15.46,T3,22,10.35,T2,2
30,4376641,흥업지구대,학기,평일,21,17.92,T3,22,10.35,T2,1
30,4376641,흥업지구대,학기,평일,23,15.09,T3,22,10.35,T2,-1
30,4376641,흥업지구대,학기,토요일,08,15.06,T3,09,12.07,T2,1
30,4376641,흥업지구대,학기,토요일,10,16.45,T3,09,12.07,T2,-1
30,4376641,흥업지구대,학기,토요일,11,20.77,T3,09,12.07,T2,-2
30,4376641,흥업지구대,학기,토요일,14,15.89,T3,16,12.83,T2,2
30,4376641,흥업지구대,학기,토요일,15,14.0,T3,16,12.83,T2,1
30,4376641,흥업지구대,학기,토요일,17,19.11,T3,19,9.88,T2,2
30,4376641,흥업지구대,학기,일요일·공휴일,12,22.09,T3,11,10.53,T2,-1
30,4376641,흥업지구대,학기,일요일·공휴일,13,16.72,T3,11,10.53,T2,-2
30,4376641,흥업지구대,시험,평일,10,14.01,T3,08,9.76,T2,-2
30,4376641,흥업지구대,시험,평일,11,23.57,T3,09,12.94,T2,-2
30,4376641,흥업지구대,시험,평일,18,31.17,T3,20,10.99,T2,2
30,4376641,흥업지구대,시험,평일,19,15.69,T3,20,10.99,T2,1
30,4376641,흥업지구대,시험,토요일,07,13.98,T3,08,10.7,T2,1
30,4376641,흥업지구대,시험,토요일,11,14.84,T3,10,7.84,T1,-1
30,4376641,흥업지구대,시험,토요일,12,13.79,T3,10,7.84,T1,-2
30,4376641,흥업지구대,시험,토요일,17,16.85,T3,19,9.3,T2,2
30,4376641,흥업지구대,시험,일요일·공휴일,14,13.24,T3,12,11.25,T2,-2
30,4376641,흥업지구대,계절학기,평일,12,18.25,T3,13,9.66,T2,1
30,4376641,흥업지구대,계절학기,평일,16,22.32,T3,14,12.44,T2,-2
30,4376641,흥업지구대,계절학기,평일,17,26.04,T3,19,9.02,T1,2
30,4376641,흥업지구대,방학,평일,14,15.23,T3,12,11.91,T2,-2
30,4376641,흥업지구대,방학,평일,16,16.64,T3,18,11.92,T2,2
30,4376641,흥업지구대,방학,평일,17,18.52,T3,19,7.32,T1,2
30,4376641,흥업지구대,방학,토요일,12,13.81,T3,13,8.22,T1,1
30,4376641,흥업지구대,방학,일요일·공휴일,12,13.73,T3,10,7.97,T1,-2
30,4376641,흥업지구대,방학,일요일·공휴일,13,16.25,T3,14,12.4,T2,1
30,4376641,흥업지구대,방학,일요일·공휴일,15,16.32,T3,17,10.53,T2,2
30,4376641,흥업지구대,방학,일요일·공휴일,16,16.88,T3,17,10.53,T2,1
30,4376651,자감교.한라대입구,학기,평일,19,25.16,T3,21,13.05,T2,2
30,4376651,자감교.한라대입구,학기,평일,20,18.59,T3,22,10.52,T2,2
30,4376651,자감교.한라대입구,학기,토요일,10,15.03,T3,09,9.74,T2,-1
30,4376651,자감교.한라대입구,학기,토요일,11,18.56,T3,09,9.74,T2,-2
30,4376651,자감교.한라대입구,학기,일요일·공휴일,12,18.52,T3,10,8.09,T1,-2
30,4376651,자감교.한라대입구,시험,일요일·공휴일,12,14.92,T3,11,12.85,T2,-1
30,4376651,자감교.한라대입구,시험,일요일·공휴일,14,14.24,T3,15,12.32,T2,1
30,4376651,자감교.한라대입구,계절학기,평일,07,14.36,T3,08,8.6,T1,1
30,4376651,자감교.한라대입구,계절학기,평일,12,18.72,T3,13,8.77,T1,1
30,4376651,자감교.한라대입구,방학,평일,12,14.85,T3,10,11.33,T2,-2
30,4376651,자감교.한라대입구,방학,평일,14,15.48,T3,13,12.75,T2,-1
30,4376651,자감교.한라대입구,방학,일요일·공휴일,11,20.33,T3,09,9.2,T2,-2
30,4376651,자감교.한라대입구,방학,일요일·공휴일,12,15.09,T3,10,9.29,T2,-2
30,4376651,자감교.한라대입구,방학,일요일·공휴일,15,19.65,T3,14,9.71,T2,-1
30,4376651,자감교.한라대입구,방학,일요일·공휴일,18,16.06,T3,17,10.84,T2,-1
30,4376661,자감교.한라대입구,학기,평일,12,25.17,T3,14,13.13,T2,2
30,4376661,자감교.한라대입구,학기,평일,13,20.15,T3,14,13.13,T2,1
30,4376661,자감교.한라대입구,학기,평일,15,17.1,T3,14,13.13,T2,-1
30,4376661,자감교.한라대입구,학기,평일,16,25.18,T3,14,13.13,T2,-2
30,4376661,자감교.한라대입구,학기,토요일,13,14.9,T3,11,10.21,T2,-2
30,4376661,자감교.한라대입구,학기,토요일,15,15.06,T3,14,11.4,T2,-1
30,4376661,자감교.한라대입구,학기,토요일,16,15.96,T3,14,11.4,T2,-2
30,4376661,자감교.한라대입구,학기,일요일·공휴일,14,14.07,T3,12,12.12,T2,-2
30,4376661,자감교.한라대입구,학기,일요일·공휴일,15,24.83,T3,13,12.5,T2,-2
30,4376661,자감교.한라대입구,시험,평일,17,18.72,T3,19,12.47,T2,2
30,4376661,자감교.한라대입구,시험,평일,20,19.56,T3,19,12.47,T2,-1
30,4376661,자감교.한라대입구,시험,평일,21,19.36,T3,19,12.47,T2,-2
30,4376661,자감교.한라대입구,시험,토요일,15,13.32,T3,14,10.18,T2,-1
30,4376661,자감교.한라대입구,계절학기,평일,17,14.43,T3,19,9.88,T2,2
30,4376661,자감교.한라대입구,계절학기,평일,18,13.21,T3,19,9.88,T2,1
30,4376661,자감교.한라대입구,방학,일요일·공휴일,16,20.41,T3,17,9.98,T2,1
30,4376661,자감교.한라대입구,방학,일요일·공휴일,18,18.4,T3,20,7.07,T1,2
30,4376671,무실주공8차아파트,학기,평일,07,27.36,T3,09,11.22,T2,2
30,4376671,무실주공8차아파트,학기,평일,08,16.12,T3,09,11.22,T2,1
30,4376671,무실주공8차아파트,학기,평일,10,13.52,T3,09,11.22,T2,-1
30,4376671,무실주공8차아파트,학기,평일,11,22.41,T3,09,11.22,T2,-2
30,4376671,무실주공8차아파트,학기,평일,21,15.66,T3,23,10.18,T2,2
30,4376671,무실주공8차아파트,학기,평일,22,15.37,T3,23,10.18,T2,1
30,4376671,무실주공8차아파트,학기,토요일,16,18.02,T3,18,10.67,T2,2
30,4376671,무실주공8차아파트,학기,토요일,17,15.06,T3,18,10.67,T2,1
30,4376671,무실주공8차아파트,학기,일요일·공휴일,12,14.36,T3,11,11.74,T2,-1
30,4376671,무실주공8차아파트,학기,일요일·공휴일,13,16.38,T3,11,11.74,T2,-2
30,4376671,무실주공8차아파트,학기,일요일·공휴일,14,14.31,T3,15,13.01,T2,1
30,4376671,무실주공8차아파트,학기,일요일·공휴일,16,20.81,T3,15,13.01,T2,-1
30,4376671,무실주공8차아파트,학기,일요일·공휴일,17,21.05,T3,15,13.01,T2,-2
30,4376671,무실주공8차아파트,학기,일요일·공휴일,21,18.05,T3,23,5.76,T1,2
30,4376671,무실주공8차아파트,학기,일요일·공휴일,22,15.21,T3,23,5.76,T1,1
30,4376671,무실주공8차아파트,시험,평일,07,20.43,T3,08,10.59,T2,1
30,4376671,무실주공8차아파트,시험,평일,11,23.3,T3,09,12.01,T2,-2
30,4376671,무실주공8차아파트,시험,평일,12,22.08,T3,10,13.11,T2,-2
30,4376671,무실주공8차아파트,시험,평일,18,22.04,T3,20,11.14,T2,2
30,4376671,무실주공8차아파트,시험,평일,19,15.09,T3,21,10.02,T2,2
30,4376671,무실주공8차아파트,시험,평일,22,13.58,T3,23,6.37,T1,1
30,4376671,무실주공8차아파트,시험,토요일,07,17.32,T3,08,10.03,T2,1
30,4376671,무실주공8차아파트,시험,토요일,11,14.51,T3,10,8.18,T1,-1
30,4376671,무실주공8차아파트,시험,토요일,16,14.27,T3,14,10.01,T2,-2
30,4376671,무실주공8차아파트,시험,토요일,17,15.1,T3,19,11.05,T2,2
30,4376671,무실주공8차아파트,시험,일요일·공휴일,14,14.57,T3,15,10.82,T2,1
30,4376671,무실주공8차아파트,시험,일요일·공휴일,17,17.76,T3,15,10.82,T2,-2
30,4376671,무실주공8차아파트,계절학기,평일,07,20.95,T3,08,8.47,T1,1
30,4376671,무실주공8차아파트,계절학기,평일,12,18.34,T3,10,7.28,T1,-2
30,4376671,무실주공8차아파트,계절학기,평일,15,13.98,T3,14,9.9,T2,-1
30,4376671,무실주공8차아파트,계절학기,평일,16,23.09,T3,14,9.9,T2,-2
30,4376671,무실주공8차아파트,계절학기,평일,17,17.1,T3,19,11.01,T2,2
30,4376671,무실주공8차아파트,계절학기,평일,18,14.38,T3,19,11.01,T2,1
30,4376671,무실주공8차아파트,계절학기,토요일,11,15.57,T3,10,6.61,T1,-1
30,4376671,무실주공8차아파트,방학,평일,07,18.61,T3,08,8.16,T1,1
30,4376671,무실주공8차아파트,방학,평일,16,14.01,T3,14,11.61,T2,-2
30,4376671,무실주공8차아파트,방학,평일,17,14.32,T3,19,12.57,T2,2
30,4376671,무실주공8차아파트,방학,토요일,12,13.47,T3,14,7.82,T1,2
30,4376671,무실주공8차아파트,방학,일요일·공휴일,16,19.44,T3,14,9.27,T2,-2
30,4376671,무실주공8차아파트,방학,일요일·공휴일,19,13.48,T3,20,8.04,T1,1
30,4376681,원주교도소,학기,평일,08,17.68,T3,10,12.39,T2,2
30,4376681,원주교도소,학기,평일,09,13.52,T3,10,12.39,T2,1
30,4376681,원주교도소,학기,평일,11,22.31,T3,10,12.39,T2,-1
30,4376681,원주교도소,학기,평일,12,18.42,T3,10,12.39,T2,-2
30,4376681,원주교도소,학기,평일,21,14.9,T3,23,9.61,T2,2
30,4376681,원주교도소,학기,평일,22,13.45,T3,23,9.61,T2,1
30,4376681,원주교도소,학기,토요일,08,13.85,T3,09,11.15,T2,1
30,4376681,원주교도소,학기,토요일,11,20.96,T3,09,11.15,T2,-2
30,4376681,원주교도소,학기,토요일,12,18.88,T3,10,13.14,T2,-2
30,4376681,원주교도소,학기,토요일,16,16.29,T3,18,9.56,T2,2
30,4376681,원주교도소,학기,토요일,17,15.74,T3,18,9.56,T2,1
30,4376681,원주교도소,학기,일요일·공휴일,10,13.61,T3,08,8.45,T1,-2
30,4376681,원주교도소,학기,일요일·공휴일,13,15.46,T3,11,10.59,T2,-2
30,4376681,원주교도소,학기,일요일·공휴일,14,13.51,T3,15,11.83,T2,1
30,4376681,원주교도소,학기,일요일·공휴일,16,21.55,T3,15,11.83,T2,-1
30,4376681,원주교도소,학기,일요일·공휴일,17,21.33,T3,15,11.83,T2,-2
30,4376681,원주교도소,학기,일요일·공휴일,19,18.97,T3,21,12.34,T2,2
30,4376681,원주교도소,학기,일요일·공휴일,20,13.49,T3,21,12.34,T2,1
30,4376681,원주교도소,학기,일요일·공휴일,22,14.68,T3,23,6.06,T1,1
30,4376681,원주교도소,시험,평일,08,14.71,T3,10,11.09,T2,2
30,4376681,원주교도소,시험,평일,09,14.91,T3,10,11.09,T2,1
30,4376681,원주교도소,시험,평일,11,22.22,T3,10,11.09,T2,-1
30,4376681,원주교도소,시험,평일,12,19.32,T3,10,11.09,T2,-2
30,4376681,원주교도소,시험,평일,18,21.32,T3,20,10.99,T2,2
30,4376681,원주교도소,시험,평일,19,13.73,T3,20,10.99,T2,1
30,4376681,원주교도소,시험,토요일,17,15.43,T3,18,10.87,T2,1
30,4376681,원주교도소,시험,일요일·공휴일,17,18.09,T3,15,10.4,T2,-2
30,4376681,원주교도소,계절학기,평일,07,14.74,T3,08,7.8,T1,1
30,4376681,원주교도소,계절학기,평일,12,15.11,T3,10,7.02,T1,-2
30,4376681,원주교도소,계절학기,평일,15,13.43,T3,14,7.83,T1,-1
30,4376681,원주교도소,계절학기,평일,16,19.68,T3,14,7.83,T1,-2
30,4376681,원주교도소,계절학기,평일,17,14.94,T3,19,10.15,T2,2
30,4376681,원주교도소,계절학기,평일,18,14.9,T3,20,9.87,T2,2
30,4376681,원주교도소,계절학기,토요일,11,14.5,T3,10,6.28,T1,-1
30,4376681,원주교도소,방학,평일,07,16.67,T3,08,8.54,T1,1
30,4376681,원주교도소,방학,평일,12,13.88,T3,10,9.33,T2,-2
30,4376681,원주교도소,방학,평일,14,14.68,T3,13,9.7,T2,-1
30,4376681,원주교도소,방학,평일,17,13.95,T3,19,9.5,T2,2
30,4376681,원주교도소,방학,토요일,12,14.4,T3,14,8.32,T1,2
30,4376681,원주교도소,방학,일요일·공휴일,16,15.9,T3,14,7.53,T1,-2
30,4376691,단계은행아파트,학기,평일,07,17.66,T3,09,12.47,T2,2
30,4376691,단계은행아파트,학기,평일,08,26.88,T3,10,8.23,T1,2
30,4376691,단계은행아파트,학기,평일,11,15.61,T3,10,8.23,T1,-1
30,4376691,단계은행아파트,학기,평일,13,13.83,T3,12,11.25,T2,-1
30,4376691,단계은행아파트,학기,평일,16,15.34,T3,17,9.6,T2,1
30,4376691,단계은행아파트,학기,평일,18,16.04,T3,17,9.6,T2,-1
30,4376691,단계은행아파트,학기,평일,22,14.34,T3,23,7.65,T1,1
30,4376691,단계은행아파트,학기,토요일,16,13.94,T3,14,9.67,T2,-2
30,4376691,단계은행아파트,학기,일요일·공휴일,14,15.09,T3,12,9.05,T2,-2
30,4376691,단계은행아파트,학기,일요일·공휴일,15,14.34,T3,13,13.09,T2,-2
30,4376691,단계은행아파트,시험,평일,09,13.22,T3,10,10.58,T2,1
30,4376691,단계은행아파트,시험,평일,11,20.72,T3,10,10.58,T2,-1
30,4376691,단계은행아파트,시험,평일,12,16.02,T3,10,10.58,T2,-2
30,4376691,단계은행아파트,시험,평일,13,13.48,T3,14,12.54,T2,1
30,4376691,단계은행아파트,시험,평일,15,15.07,T3,14,12.54,T2,-1
30,4376691,단계은행아파트,시험,평일,16,19.56,T3,14,12.54,T2,-2
30,4376691,단계은행아파트,시험,평일,17,15.48,T3,19,11.35,T2,2
30,4376691,단계은행아파트,시험,평일,18,16.39,T3,19,11.35,T2,1
30,4376691,단계은행아파트,시험,평일,20,14.65,T3,21,10.79,T2,1
30,4376701,꿈드림새마을금고,학기,평일,08,32.17,T3,10,9.28,T2,2
30,4376701,꿈드림새마을금고,학기,평일,09,18.99,T3,10,9.28,T2,1
30,4376701,꿈드림새마을금고,학기,평일,11,17.04,T3,12,9.09,T2,1
30,4376701,꿈드림새마을금고,학기,평일,14,13.51,T3,12,9.09,T2,-2
30,4376701,꿈드림새마을금고,학기,평일,16,14.26,T3,15,12.8,T2,-1
30,4376701,꿈드림새마을금고,학기,평일,17,14.55,T3,15,12.8,T2,-2
30,4376701,꿈드림새마을금고,학기,평일,18,15.79,T3,20,10.88,T2,2
30,4376701,꿈드림새마을금고,학기,평일,22,14.98,T3,23,7.96,T1,1
30,4376701,꿈드림새마을금고,학기,토요일,11,13.31,T3,09,8.31,T1,-2
30,4376701,꿈드림새마을금고,학기,토요일,15,14.06,T3,14,9.9,T2,-1
30,4376701,꿈드림새마을금고,학기,일요일·공휴일,14,13.8,T3,12,9.7,T2,-2
30,4376701,꿈드림새마을금고,학기,일요일·공휴일,15,16.7,T3,13,11.65,T2,-2
30,4376701,꿈드림새마을금고,학기,일요일·공휴일,21,18.35,T3,23,6.72,T1,2
30,4376701,꿈드림새마을금고,학기,일요일·공휴일,22,17.72,T3,23,6.72,T1,1
30,4376701,꿈드림새마을금고,시험,평일,08,18.04,T3,10,8.76,T1,2
30,4376701,꿈드림새마을금고,시험,평일,11,19.56,T3,10,8.76,T1,-1
30,4376701,꿈드림새마을금고,시험,평일,12,14.52,T3,10,8.76,T1,-2
30,4376701,꿈드림새마을금고,시험,평일,18,14.62,T3,20,10.74,T2,2
30,4376701,꿈드림새마을금고,시험,평일,19,14.1,T3,20,10.74,T2,1
30,4376701,꿈드림새마을금고,시험,일요일·공휴일,14,16.74,T3,13,9.7,T2,-1
30,4376701,꿈드림새마을금고,시험,일요일·공휴일,16,18.73,T3,15,10.48,T2,-1
30,4376701,꿈드림새마을금고,계절학기,평일,16,14.54,T3,14,8.47,T1,-2
30,4376701,꿈드림새마을금고,방학,일요일·공휴일,16,13.88,T3,14,8.75,T1,-2
30,4376711,우리병원,학기,일요일·공휴일,13,13.33,T3,11,8.04,T1,-2
30,4376711,우리병원,학기,일요일·공휴일,15,13.95,T3,14,10.8,T2,-1
30,4376711,우리병원,학기,일요일·공휴일,16,17.64,T3,14,10.8,T2,-2
30,4376711,우리병원,시험,평일,11,14.72,T3,10,10.27,T2,-1
30,4376711,우리병원,시험,평일,12,15.69,T3,10,10.27,T2,-2
30,4379181,연세대(시내방면),학기,평일,15,16.3,T3,13,10.76,T2,-2
30,4379181,연세대(시내방면),학기,평일,16,27.61,T3,14,10.82,T2,-2
30,4379181,연세대(시내방면),학기,평일,17,20.93,T3,19,8.1,T1,2
30,4379181,연세대(시내방면),학기,평일,18,20.08,T3,20,7.5,T1,2
30,4379181,연세대(시내방면),학기,일요일·공휴일,12,17.29,T3,11,4.82,T1,-1
30,4379181,연세대(시내방면),시험,평일,11,16.43,T3,09,7.92,T1,-2
30,4379181,연세대(시내방면),시험,평일,12,14.5,T3,10,9.76,T2,-2
30,4379181,연세대(시내방면),시험,평일,17,18.93,T3,19,8.62,T1,2
30,4379181,연세대(시내방면),시험,평일,18,16.27,T3,19,8.62,T1,1
30,4379181,연세대(시내방면),시험,토요일,17,13.6,T3,19,8.97,T1,2
30,4379181,연세대(시내방면),시험,토요일,22,14.53,T3,20,6.46,T1,-2
30,4379181,연세대(시내방면),시험,일요일·공휴일,12,13.42,T3,13,8.2,T1,1
30,4379181,연세대(시내방면),시험,일요일·공휴일,16,17.73,T3,15,8.98,T1,-1
30,4379181,연세대(시내방면),시험,일요일·공휴일,17,14.76,T3,15,8.98,T1,-2
30,4379181,연세대(시내방면),계절학기,평일,16,13.48,T3,18,6.69,T1,2
30,4379181,연세대(시내방면),계절학기,평일,17,14.5,T3,18,6.69,T1,1
30,4379191,연세대정문,학기,평일,08,20.41,T3,07,11.84,T2,-1
30,4379191,연세대정문,학기,평일,09,26.25,T3,07,11.84,T2,-2
30,4379191,연세대정문,학기,평일,12,14.65,T3,14,10.24,T2,2
30,4379191,연세대정문,학기,평일,13,15.29,T3,14,10.24,T2,1
30,4379191,연세대정문,학기,평일,15,14.44,T3,14,10.24,T2,-1
30,4379191,연세대정문,학기,평일,16,16.11,T3,14,10.24,T2,-2
30,4379191,연세대정문,학기,평일,18,14.39,T3,19,7.98,T1,1
30,4379191,연세대정문,학기,토요일,16,13.87,T3,18,9.51,T2,2
30,4379191,연세대정문,학기,일요일·공휴일,13,20.91,T3,11,6.92,T1,-2
30,4379191,연세대정문,학기,일요일·공휴일,15,16.43,T3,14,10.47,T2,-1
30,4379191,연세대정문,학기,일요일·공휴일,16,30.83,T3,14,10.47,T2,-2
30,4379191,연세대정문,학기,일요일·공휴일,21,28.22,T3,23,11.91,T2,2
30,4379191,연세대정문,학기,일요일·공휴일,22,25.91,T3,23,11.91,T2,1
30,4379191,연세대정문,시험,평일,08,14.61,T3,09,12.76,T2,1
30,4379191,연세대정문,시험,평일,11,16.67,T3,09,12.76,T2,-2
30,4379191,연세대정문,시험,평일,12,16.38,T3,14,12.62,T2,2
30,4379191,연세대정문,시험,평일,15,19.11,T3,14,12.62,T2,-1
30,4379191,연세대정문,시험,평일,18,16.74,T3,19,11.64,T2,1
30,4379191,연세대정문,시험,평일,20,16.82,T3,22,11.34,T2,2
30,4379191,연세대정문,시험,평일,21,14.19,T3,22,11.34,T2,1
30,4379191,연세대정문,시험,일요일·공휴일,16,23.23,T3,15,10.48,T2,-1
30,4379191,연세대정문,계절학기,평일,17,13.76,T3,18,8.47,T1,1
30,4379191,연세대정문,방학,평일,12,13.31,T3,14,6.44,T1,2
30,4379191,연세대정문,방학,일요일·공휴일,16,17.31,T3,18,7.71,T1,2
30,4383871,뜨란채,학기,평일,21,24.35,T3,23,11.97,T2,2
30,4383871,뜨란채,학기,평일,22,16.19,T3,23,11.97,T2,1
30,4383871,뜨란채,학기,토요일,10,14.41,T3,09,9.36,T2,-1
30,4383871,뜨란채,학기,토요일,12,13.43,T3,11,12.11,T2,-1
30,4383871,뜨란채,학기,토요일,13,15.4,T3,11,12.11,T2,-2
30,4383871,뜨란채,학기,일요일·공휴일,12,13.62,T3,10,8.56,T1,-2
30,4383871,뜨란채,학기,일요일·공휴일,13,17.58,T3,11,10.39,T2,-2
30,4383871,뜨란채,시험,평일,07,15.43,T3,06,10.39,T2,-1
30,4383871,뜨란채,시험,평일,08,19.54,T3,06,10.39,T2,-2
30,4383871,뜨란채,시험,평일,20,16.27,T3,22,10.51,T2,2
30,4383871,뜨란채,시험,토요일,17,17.1,T3,19,11.63,T2,2
30,4383871,뜨란채,시험,일요일·공휴일,12,14.92,T3,10,8.93,T1,-2
30,4383871,뜨란채,시험,일요일·공휴일,14,16.41,T3,13,10.04,T2,-1
30,4383871,뜨란채,계절학기,평일,07,13.31,T3,09,11.19,T2,2
30,4383871,뜨란채,계절학기,평일,17,18.59,T3,19,9.52,T2,2
30,4383871,뜨란채,방학,평일,15,13.5,T3,14,10.73,T2,-1
30,4383871,뜨란채,방학,일요일·공휴일,13,15.28,T3,14,9.53,T2,1
30,4383871,뜨란채,방학,일요일·공휴일,16,17.31,T3,14,9.53,T2,-2
30,4383871,뜨란채,방학,일요일·공휴일,17,13.56,T3,19,9.46,T2,2
30,4385561,부영아파트사거리,학기,평일,21,27.61,T3,23,10.57,T2,2
30,4385561,부영아파트사거리,학기,평일,22,22.31,T3,23,10.57,T2,1
30,4385561,부영아파트사거리,학기,토요일,10,13.84,T3,09,8.24,T1,-1
30,4385561,부영아파트사거리,학기,토요일,12,13.87,T3,11,10.38,T2,-1
30,4385561,부영아파트사거리,학기,토요일,13,15.99,T3,11,10.38,T2,-2
30,4385561,부영아파트사거리,학기,토요일,21,20.1,T3,23,10.25,T2,2
30,4385561,부영아파트사거리,학기,토요일,22,17.37,T3,23,10.25,T2,1
30,4385561,부영아파트사거리,학기,일요일·공휴일,12,14.74,T3,10,6.94,T1,-2
30,4385561,부영아파트사거리,학기,일요일·공휴일,13,17.3,T3,11,10.25,T2,-2
30,4385561,부영아파트사거리,시험,평일,07,16.59,T3,06,12.34,T2,-1
30,4385561,부영아파트사거리,시험,평일,08,20.89,T3,10,11.43,T2,2
30,4385561,부영아파트사거리,시험,평일,09,17.95,T3,10,11.43,T2,1
30,4385561,부영아파트사거리,시험,평일,11,20.89,T3,10,11.43,T2,-1
30,4385561,부영아파트사거리,시험,평일,12,24.12,T3,10,11.43,T2,-2
30,4385561,부영아파트사거리,시험,평일,21,21.02,T3,23,6.56,T1,2
30,4385561,부영아파트사거리,시험,평일,22,17.41,T3,23,6.56,T1,1
30,4385561,부영아파트사거리,시험,토요일,11,14.18,T3,10,7.18,T1,-1
30,4385561,부영아파트사거리,시험,토요일,15,13.32,T3,16,12.69,T2,1
30,4385561,부영아파트사거리,시험,토요일,17,18.1,T3,18,11.37,T2,1
30,4385561,부영아파트사거리,시험,토요일,22,19.37,T3,20,7.96,T1,-2
30,4385561,부영아파트사거리,시험,일요일·공휴일,12,14.58,T3,11,10.19,T2,-1
30,4385561,부영아파트사거리,계절학기,평일,16,13.32,T3,15,8.65,T1,-1
30,4385561,부영아파트사거리,계절학기,평일,17,18.51,T3,15,8.65,T1,-2
30,4385561,부영아파트사거리,계절학기,평일,18,15.95,T3,19,10.3,T2,1
30,4385561,부영아파트사거리,방학,평일,12,13.58,T3,11,9.37,T2,-1
30,4385561,부영아파트사거리,방학,평일,20,13.95,T3,22,8.36,T1,2
30,4385561,부영아파트사거리,방학,일요일·공휴일,12,13.81,T3,11,7.64,T1,-1
30,4385561,부영아파트사거리,방학,일요일·공휴일,15,17.3,T3,14,12.15,T2,-1
30,4385561,부영아파트사거리,방학,일요일·공휴일,16,15.32,T3,14,12.15,T2,-2
30,4385561,부영아파트사거리,방학,일요일·공휴일,17,15.94,T3,19,13.11,T2,2
30,4385561,부영아파트사거리,방학,일요일·공휴일,18,15.46,T3,20,12.82,T2,2
30,4388781,원주역(흥업방면.승차전용),학기,평일,07,17.11,T3,06,7.66,T1,-1
30,4388781,원주역(흥업방면.승차전용),학기,평일,08,24.56,T3,06,7.66,T1,-2
30,4388781,원주역(흥업방면.승차전용),학기,토요일,13,14.33,T3,11,9.42,T2,-2
30,4388781,원주역(흥업방면.승차전용),학기,토요일,16,22.34,T3,14,10.77,T2,-2
30,4388781,원주역(흥업방면.승차전용),학기,토요일,17,18.44,T3,15,12.59,T2,-2
30,4388781,원주역(흥업방면.승차전용),학기,일요일·공휴일,12,17.07,T3,10,6.28,T1,-2
30,4388781,원주역(흥업방면.승차전용),학기,일요일·공휴일,13,31.56,T3,11,11.11,T2,-2
30,4388781,원주역(흥업방면.승차전용),시험,평일,08,19.11,T3,06,8.56,T1,-2
30,4388781,원주역(흥업방면.승차전용),시험,평일,09,20.62,T3,07,13.04,T2,-2
30,4388781,원주역(흥업방면.승차전용),시험,토요일,16,13.44,T3,14,10.68,T2,-2
30,4388781,원주역(흥업방면.승차전용),시험,토요일,17,15.43,T3,19,12.63,T2,2
30,4388781,원주역(흥업방면.승차전용),시험,일요일·공휴일,14,13.41,T3,13,12.12,T2,-1
30,4388781,원주역(흥업방면.승차전용),시험,일요일·공휴일,16,27.9,T3,15,12.32,T2,-1
30,4388781,원주역(흥업방면.승차전용),시험,일요일·공휴일,17,20.76,T3,15,12.32,T2,-2
30,4388781,원주역(흥업방면.승차전용),계절학기,평일,09,19.97,T3,10,8.39,T1,1
30,4388781,원주역(흥업방면.승차전용),계절학기,평일,17,15.82,T3,15,10.14,T2,-2
30,4388781,원주역(흥업방면.승차전용),계절학기,평일,18,15.03,T3,19,12.03,T2,1
30,4388781,원주역(흥업방면.승차전용),계절학기,평일,20,14.68,T3,19,12.03,T2,-1
30,4388781,원주역(흥업방면.승차전용),계절학기,토요일,11,16.67,T3,09,7.0,T1,-2
30,4388781,원주역(흥업방면.승차전용),방학,평일,09,15.22,T3,07,5.99,T1,-2
30,4388781,원주역(흥업방면.승차전용),방학,평일,12,15.34,T3,14,8.35,T1,2
30,4388781,원주역(흥업방면.승차전용),방학,평일,13,14.99,T3,14,8.35,T1,1
30,4388781,원주역(흥업방면.승차전용),방학,평일,16,13.35,T3,14,8.35,T1,-2
30,4388781,원주역(흥업방면.승차전용),방학,일요일·공휴일,15,15.5,T3,13,12.3,T2,-2
30,4388781,원주역(흥업방면.승차전용),방학,일요일·공휴일,16,22.74,T3,17,12.36,T2,1
30,4388781,원주역(흥업방면.승차전용),방학,일요일·공휴일,18,16.73,T3,17,12.36,T2,-1
30,4388781,원주역(흥업방면.승차전용),방학,일요일·공휴일,20,14.5,T3,21,6.67,T1,1
30,4388781,원주역(흥업방면.승차전용),방학,일요일·공휴일,22,16.3,T3,21,6.67,T1,-1
30,4389081,원주역(시내방면.승차전용),학기,토요일,17,22.39,T3,19,11.64,T2,2
30,4389081,원주역(시내방면.승차전용),학기,토요일,18,18.06,T3,19,11.64,T2,1
30,4389081,원주역(시내방면.승차전용),학기,일요일·공휴일,07,13.35,T3,09,12.43,T2,2
30,4389081,원주역(시내방면.승차전용),학기,일요일·공휴일,10,15.56,T3,09,12.43,T2,-1
30,4389081,원주역(시내방면.승차전용),학기,일요일·공휴일,11,18.24,T3,09,12.43,T2,-2
30,4389081,원주역(시내방면.승차전용),학기,일요일·공휴일,20,15.77,T3,22,10.87,T2,2
30,4389081,원주역(시내방면.승차전용),학기,일요일·공휴일,21,17.57,T3,23,6.39,T1,2
30,4389081,원주역(시내방면.승차전용),시험,평일,07,18.08,T3,09,12.67,T2,2
30,4389081,원주역(시내방면.승차전용),시험,평일,08,14.29,T3,09,12.67,T2,1
30,4389081,원주역(시내방면.승차전용),시험,평일,10,19.81,T3,09,12.67,T2,-1
30,4389081,원주역(시내방면.승차전용),시험,평일,11,30.1,T3,09,12.67,T2,-2
30,4389081,원주역(시내방면.승차전용),시험,평일,18,35.36,T3,20,12.93,T2,2
30,4389081,원주역(시내방면.승차전용),시험,평일,19,22.08,T3,20,12.93,T2,1
30,4389081,원주역(시내방면.승차전용),시험,토요일,07,19.15,T3,08,10.7,T2,1
30,4389081,원주역(시내방면.승차전용),시험,토요일,11,15.43,T3,10,9.68,T2,-1
30,4389081,원주역(시내방면.승차전용),시험,토요일,12,15.18,T3,10,9.68,T2,-2
30,4389081,원주역(시내방면.승차전용),시험,토요일,15,16.65,T3,14,12.01,T2,-1
30,4389081,원주역(시내방면.승차전용),시험,토요일,16,14.11,T3,14,12.01,T2,-2
30,4389081,원주역(시내방면.승차전용),시험,토요일,17,21.77,T3,19,10.85,T2,2
30,4389081,원주역(시내방면.승차전용),시험,토요일,22,17.2,T3,20,7.79,T1,-2
30,4389081,원주역(시내방면.승차전용),시험,일요일·공휴일,11,13.35,T3,09,10.15,T2,-2
30,4389081,원주역(시내방면.승차전용),시험,일요일·공휴일,12,13.58,T3,10,10.6,T2,-2
30,4389081,원주역(시내방면.승차전용),시험,일요일·공휴일,13,13.37,T3,15,10.82,T2,2
30,4389081,원주역(시내방면.승차전용),시험,일요일·공휴일,14,15.57,T3,15,10.82,T2,1
30,4389081,원주역(시내방면.승차전용),시험,일요일·공휴일,16,20.57,T3,15,10.82,T2,-1
30,4389081,원주역(시내방면.승차전용),시험,일요일·공휴일,17,18.76,T3,15,10.82,T2,-2
30,4389081,원주역(시내방면.승차전용),계절학기,평일,07,22.48,T3,08,10.55,T2,1
30,4389081,원주역(시내방면.승차전용),계절학기,평일,11,19.25,T3,09,11.21,T2,-2
30,4389081,원주역(시내방면.승차전용),계절학기,평일,12,26.28,T3,13,12.07,T2,1
30,4389081,원주역(시내방면.승차전용),계절학기,평일,15,17.16,T3,13,12.07,T2,-2
30,4389081,원주역(시내방면.승차전용),계절학기,평일,17,20.65,T3,19,12.55,T2,2
30,4389081,원주역(시내방면.승차전용),계절학기,토요일,11,18.14,T3,09,8.86,T1,-2
30,4389081,원주역(시내방면.승차전용),계절학기,토요일,15,14.53,T3,17,7.53,T1,2
30,4389081,원주역(시내방면.승차전용),계절학기,토요일,16,16.29,T3,17,7.53,T1,1
30,4389081,원주역(시내방면.승차전용),계절학기,일요일·공휴일,12,17.56,T3,13,8.33,T1,1
30,4389081,원주역(시내방면.승차전용),방학,평일,07,21.44,T3,08,10.19,T2,1
30,4389081,원주역(시내방면.승차전용),방학,평일,11,16.56,T3,09,11.43,T2,-2
30,4389081,원주역(시내방면.승차전용),방학,평일,12,13.9,T3,10,12.16,T2,-2
30,4389081,원주역(시내방면.승차전용),방학,평일,18,17.62,T3,20,9.96,T2,2
30,4389081,원주역(시내방면.승차전용),방학,평일,19,13.88,T3,21,7.5,T1,2
30,4389081,원주역(시내방면.승차전용),방학,토요일,11,17.87,T3,09,10.07,T2,-2
30,4389081,원주역(시내방면.승차전용),방학,토요일,12,20.48,T3,14,8.48,T1,2
30,4389081,원주역(시내방면.승차전용),방학,토요일,13,15.19,T3,14,8.48,T1,1
30,4389081,원주역(시내방면.승차전용),방학,일요일·공휴일,11,14.61,T3,09,8.78,T1,-2
30,4389081,원주역(시내방면.승차전용),방학,일요일·공휴일,12,19.68,T3,10,11.3,T2,-2
30,4389081,원주역(시내방면.승차전용),방학,일요일·공휴일,17,17.4,T3,19,11.08,T2,2
30,4389081,원주역(시내방면.승차전용),방학,일요일·공휴일,18,15.62,T3,20,8.08,T1,2
30,4389451,원주역(하차전용),학기,평일,08,18.86,T3,06,4.63,T1,-2
30,4389451,원주역(하차전용),학기,평일,09,19.14,T3,07,12.42,T2,-2
30,4389451,원주역(하차전용),학기,평일,10,13.87,T3,11,12.89,T2,1
30,4389451,원주역(하차전용),학기,평일,12,17.18,T3,14,12.87,T2,2
30,4389451,원주역(하차전용),학기,평일,13,14.43,T3,14,12.87,T2,1
30,4389451,원주역(하차전용),학기,평일,15,14.62,T3,14,12.87,T2,-1
30,4389451,원주역(하차전용),학기,평일,16,17.35,T3,14,12.87,T2,-2
30,4389451,원주역(하차전용),학기,토요일,15,13.82,T3,14,8.14,T1,-1
30,4389451,원주역(하차전용),학기,토요일,16,17.73,T3,14,8.14,T1,-2
30,4389451,원주역(하차전용),학기,일요일·공휴일,13,13.47,T3,11,5.84,T1,-2
30,4389451,원주역(하차전용),학기,일요일·공휴일,14,17.69,T3,12,10.4,T2,-2
30,4389451,원주역(하차전용),시험,평일,07,15.41,T3,06,7.37,T1,-1
30,4389451,원주역(하차전용),시험,평일,08,13.89,T3,06,7.37,T1,-2
30,4389451,원주역(하차전용),시험,평일,09,14.11,T3,10,12.07,T2,1
30,4389451,원주역(하차전용),시험,평일,11,16.89,T3,10,12.07,T2,-1
30,4389451,원주역(하차전용),시험,평일,12,19.72,T3,10,12.07,T2,-2
30,4389451,원주역(하차전용),시험,평일,13,13.98,T3,14,12.34,T2,1
30,4389451,원주역(하차전용),시험,평일,15,15.17,T3,14,12.34,T2,-1
30,4389451,원주역(하차전용),시험,평일,16,20.27,T3,14,12.34,T2,-2
30,4389451,원주역(하차전용),시험,토요일,17,16.43,T3,18,10.96,T2,1
30,4389451,원주역(하차전용),시험,토요일,22,18.7,T3,20,7.29,T1,-2
30,4389451,원주역(하차전용),시험,일요일·공휴일,12,13.75,T3,10,9.01,T1,-2
30,4389451,원주역(하차전용),시험,일요일·공휴일,14,15.24,T3,13,10.04,T2,-1
30,4389451,원주역(하차전용),계절학기,평일,17,16.76,T3,19,8.03,T1,2
30,4389451,원주역(하차전용),방학,일요일·공휴일,20,13.64,T3,19,11.52,T2,-1
30,4389461,마재길,학기,평일,07,14.29,T3,06,7.26,T1,-1
30,4389461,마재길,학기,평일,08,21.04,T3,06,7.26,T1,-2
30,4389461,마재길,학기,평일,09,17.94,T3,10,10.38,T2,1
30,4389461,마재길,학기,평일,11,15.97,T3,10,10.38,T2,-1
30,4389461,마재길,학기,평일,12,19.36,T3,10,10.38,T2,-2
30,4389461,마재길,학기,토요일,13,13.2,T3,14,9.77,T2,1
30,4389461,마재길,학기,토요일,15,16.36,T3,14,9.77,T2,-1
30,4389461,마재길,학기,토요일,16,16.6,T3,14,9.77,T2,-2
30,4389461,마재길,학기,토요일,17,15.47,T3,18,10.51,T2,1
30,4389461,마재길,학기,토요일,21,15.9,T3,19,12.03,T2,-2
30,4389461,마재길,학기,일요일·공휴일,12,13.43,T3,11,6.21,T1,-1
30,4389461,마재길,학기,일요일·공휴일,13,14.86,T3,11,6.21,T1,-2
30,4389461,마재길,시험,평일,08,15.98,T3,06,9.91,T2,-2
30,4389461,마재길,시험,평일,09,13.82,T3,07,11.88,T2,-2
30,4389461,마재길,시험,평일,20,15.65,T3,22,12.84,T2,2
30,4389461,마재길,시험,일요일·공휴일,12,14.08,T3,11,9.52,T2,-1
30,4389461,마재길,계절학기,평일,17,15.59,T3,19,8.9,T1,2
30,4389461,마재길,계절학기,평일,18,13.61,T3,19,8.9,T1,1
30,4389461,마재길,방학,일요일·공휴일,12,13.22,T3,11,8.81,T1,-1
30,4389461,마재길,방학,일요일·공휴일,16,21.65,T3,15,12.37,T2,-1
30,4389461,마재길,방학,일요일·공휴일,17,13.27,T3,19,8.37,T1,2
30,4389461,마재길,방학,일요일·공휴일,18,15.73,T3,20,7.35,T1,2
30,4389471,마재길,학기,평일,07,14.82,T3,08,5.19,T1,1
30,4389471,마재길,학기,평일,11,25.12,T3,09,10.49,T2,-2
30,4389471,마재길,학기,평일,12,25.71,T3,14,7.8,T1,2
30,4389471,마재길,학기,평일,13,24.38,T3,14,7.8,T1,1
30,4389471,마재길,학기,평일,15,14.51,T3,14,7.8,T1,-1
30,4389471,마재길,학기,평일,16,19.16,T3,14,7.8,T1,-2
30,4389471,마재길,학기,평일,18,16.75,T3,17,10.04,T2,-1
30,4389471,마재길,학기,평일,19,13.92,T3,17,10.04,T2,-2
30,4389471,마재길,학기,토요일,15,14.25,T3,13,10.22,T2,-2
30,4389471,마재길,학기,토요일,20,15.32,T3,18,7.46,T1,-2
30,4389471,마재길,학기,일요일·공휴일,12,15.24,T3,10,6.59,T1,-2
30,4389471,마재길,학기,일요일·공휴일,13,23.94,T3,11,9.92,T2,-2
30,4389471,마재길,시험,평일,08,16.98,T3,07,6.7,T1,-1
30,4389471,마재길,시험,평일,11,21.14,T3,09,7.95,T1,-2
30,4389471,마재길,시험,평일,13,13.41,T3,14,11.05,T2,1
30,4389471,마재길,시험,평일,15,18.11,T3,14,11.05,T2,-1
30,4389471,마재길,시험,평일,16,18.73,T3,14,11.05,T2,-2
30,4389471,마재길,시험,평일,17,18.72,T3,19,10.76,T2,2
30,4389471,마재길,시험,평일,18,20.32,T3,19,10.76,T2,1
30,4389471,마재길,시험,평일,20,14.65,T3,19,10.76,T2,-1
30,4389471,마재길,시험,토요일,16,14.94,T3,15,10.65,T2,-1
30,4389471,마재길,시험,일요일·공휴일,16,16.9,T3,14,11.91,T2,-2
30,4389471,마재길,계절학기,평일,09,14.58,T3,10,6.02,T1,1
30,4389471,마재길,계절학기,평일,18,13.71,T3,19,7.2,T1,1
30,4389471,마재길,방학,평일,13,14.77,T3,15,6.5,T1,2
30,4389471,마재길,방학,일요일·공휴일,13,20.13,T3,12,9.3,T2,-1
30,4389471,마재길,방학,일요일·공휴일,15,13.65,T3,14,10.04,T2,-1
30,4389471,마재길,방학,일요일·공휴일,16,20.39,T3,18,8.62,T1,2
30,4389571,상지대.예술관앞,학기,평일,08,19.08,T3,09,12.79,T2,1
30,4389571,상지대.예술관앞,학기,평일,11,16.5,T3,13,11.46,T2,2
30,4389571,상지대.예술관앞,학기,평일,12,15.45,T3,14,9.45,T2,2
30,4389571,상지대.예술관앞,시험,평일,11,16.57,T3,09,9.73,T2,-2
30,4389571,상지대.예술관앞,시험,평일,12,15.31,T3,14,12.89,T2,2
30,4389571,상지대.예술관앞,시험,평일,13,16.9,T3,14,12.89,T2,1
30,4389581,상지대.학술정보원앞,학기,평일,08,13.42,T3,09,2.51,T1,1
30,4389581,상지대.학술정보원앞,시험,평일,11,16.34,T3,09,7.51,T1,-2
30,4389581,상지대.학술정보원앞,시험,평일,13,16.05,T3,14,11.34,T2,1
31,4370231,대림아파트,학기,평일,16,26.33,T3,18,12.57,T2,2
31,4370231,대림아파트,학기,평일,17,20.03,T3,19,10.56,T2,2
31,4370231,대림아파트,학기,토요일,08,14.57,T3,07,9.96,T2,-1
31,4370231,대림아파트,학기,토요일,09,18.3,T3,07,9.96,T2,-2
31,4370231,대림아파트,학기,토요일,12,22.31,T3,14,12.61,T2,2
31,4370231,대림아파트,학기,토요일,13,13.85,T3,14,12.61,T2,1
31,4370231,대림아파트,학기,일요일·공휴일,10,21.95,T3,09,10.54,T2,-1
31,4370231,대림아파트,시험,평일,16,19.01,T3,18,12.88,T2,2
31,4370231,대림아파트,시험,평일,17,22.8,T3,19,9.68,T2,2
31,4370231,대림아파트,시험,토요일,07,13.96,T3,08,12.36,T2,1
31,4370231,대림아파트,시험,토요일,09,13.8,T3,08,12.36,T2,-1
31,4370231,대림아파트,시험,토요일,10,16.47,T3,08,12.36,T2,-2
31,4370231,대림아파트,시험,일요일·공휴일,12,15.95,T3,14,10.37,T2,2
31,4370231,대림아파트,시험,일요일·공휴일,13,19.86,T3,14,10.37,T2,1
31,4370231,대림아파트,시험,일요일·공휴일,15,14.4,T3,14,10.37,T2,-1
31,4370231,대림아파트,계절학기,평일,16,14.27,T3,18,9.94,T2,2
31,4370231,대림아파트,계절학기,평일,17,13.22,T3,19,6.53,T1,2
31,4370231,대림아파트,계절학기,토요일,11,14.98,T3,10,12.33,T2,-1
31,4370231,대림아파트,방학,평일,14,17.81,T3,16,12.41,T2,2
31,4370231,대림아파트,방학,평일,15,18.48,T3,16,12.41,T2,1
31,4370231,대림아파트,방학,평일,17,16.3,T3,19,5.99,T1,2
31,4370231,대림아파트,방학,토요일,09,15.78,T3,07,6.46,T1,-2
31,4370231,대림아파트,방학,토요일,10,24.02,T3,08,12.43,T2,-2
31,4370231,대림아파트,방학,토요일,12,13.96,T3,14,11.05,T2,2
31,4370231,대림아파트,방학,토요일,13,18.23,T3,14,11.05,T2,1
31,4370231,대림아파트,방학,토요일,15,13.6,T3,14,11.05,T2,-1
31,4370231,대림아파트,방학,일요일·공휴일,10,13.63,T3,08,5.91,T1,-2
31,4370231,대림아파트,방학,일요일·공휴일,13,17.29,T3,11,11.0,T2,-2
31,4370231,대림아파트,방학,일요일·공휴일,15,14.78,T3,17,7.87,T1,2
31,4370241,원주의료원,학기,평일,07,13.56,T3,06,7.61,T1,-1
31,4370241,원주의료원,학기,평일,09,21.13,T3,08,12.18,T2,-1
31,4370241,원주의료원,학기,평일,10,15.52,T3,08,12.18,T2,-2
31,4370241,원주의료원,학기,평일,17,27.15,T3,19,13.09,T2,2
31,4370241,원주의료원,학기,평일,18,19.34,T3,20,10.29,T2,2
31,4370241,원주의료원,학기,토요일,10,16.9,T3,08,8.12,T1,-2
31,4370241,원주의료원,학기,토요일,11,17.03,T3,09,11.72,T2,-2
31,4370241,원주의료원,학기,토요일,16,17.99,T3,18,12.68,T2,2
31,4370241,원주의료원,학기,토요일,17,13.89,T3,19,9.6,T2,2
31,4370241,원주의료원,학기,일요일·공휴일,14,14.93,T3,12,11.12,T2,-2
31,4370241,원주의료원,학기,일요일·공휴일,15,18.25,T3,13,12.87,T2,-2
31,4370241,원주의료원,학기,일요일·공휴일,17,16.49,T3,19,9.97,T2,2
31,4370241,원주의료원,학기,일요일·공휴일,18,14.55,T3,19,9.97,T2,1
31,4370241,원주의료원,학기,일요일·공휴일,20,22.15,T3,19,9.97,T2,-1
31,4370241,원주의료원,시험,평일,07,15.34,T3,06,8.94,T1,-1
31,4370241,원주의료원,시험,평일,08,13.79,T3,06,8.94,T1,-2
31,4370241,원주의료원,시험,평일,17,18.78,T3,19,12.14,T2,2
31,4370241,원주의료원,시험,평일,18,14.15,T3,20,7.09,T1,2
31,4370241,원주의료원,시험,토요일,09,15.3,T3,11,7.45,T1,2
31,4370241,원주의료원,시험,토요일,10,15.81,T3,11,7.45,T1,1
31,4370241,원주의료원,시험,토요일,13,16.84,T3,11,7.45,T1,-2
31,4370241,원주의료원,계절학기,평일,11,13.94,T3,09,8.96,T1,-2
31,4370241,원주의료원,계절학기,평일,12,20.03,T3,10,11.97,T2,-2
31,4370241,원주의료원,계절학기,평일,17,16.35,T3,19,9.13,T2,2
31,4370241,원주의료원,계절학기,평일,18,19.84,T3,20,8.73,T1,2
31,4370241,원주의료원,계절학기,토요일,12,13.37,T3,10,9.88,T2,-2
31,4370241,원주의료원,계절학기,토요일,14,14.66,T3,16,11.1,T2,2
31,4370241,원주의료원,방학,평일,10,15.96,T3,09,11.98,T2,-1
31,4370241,원주의료원,방학,평일,11,15.49,T3,09,11.98,T2,-2
31,4370241,원주의료원,방학,평일,17,20.29,T3,19,10.31,T2,2
31,4370241,원주의료원,방학,평일,18,23.97,T3,20,7.03,T1,2
31,4370241,원주의료원,방학,토요일,10,17.01,T3,08,9.08,T2,-2
31,4370241,원주의료원,방학,토요일,11,18.27,T3,09,10.13,T2,-2
31,4370241,원주의료원,방학,토요일,13,14.96,T3,14,11.71,T2,1
31,4370241,원주의료원,방학,토요일,15,14.8,T3,17,11.58,T2,2
31,4370241,원주의료원,방학,토요일,16,17.31,T3,18,10.68,T2,2
31,4370241,원주의료원,방학,일요일·공휴일,13,17.82,T3,11,9.17,T2,-2
31,4370241,원주의료원,방학,일요일·공휴일,14,14.97,T3,15,9.96,T2,1
31,4370251,젊음의광장사거리,학기,평일,16,25.2,T3,18,12.89,T2,2
31,4370251,젊음의광장사거리,학기,평일,17,21.33,T3,19,9.44,T2,2
31,4370251,젊음의광장사거리,학기,토요일,08,18.82,T3,07,9.57,T2,-1
31,4370251,젊음의광장사거리,학기,토요일,09,17.8,T3,07,9.57,T2,-2
31,4370251,젊음의광장사거리,학기,토요일,15,15.85,T3,17,12.34,T2,2
31,4370251,젊음의광장사거리,학기,토요일,16,16.09,T3,18,9.07,T2,2
31,4370251,젊음의광장사거리,학기,일요일·공휴일,10,21.58,T3,11,11.52,T2,1
31,4370251,젊음의광장사거리,학기,일요일·공휴일,12,14.17,T3,11,11.52,T2,-1
31,4370251,젊음의광장사거리,학기,일요일·공휴일,17,14.19,T3,18,9.14,T2,1
31,4370251,젊음의광장사거리,시험,평일,17,15.58,T3,19,8.8,T1,2
31,4370251,젊음의광장사거리,시험,평일,18,15.61,T3,20,7.42,T1,2
31,4370251,젊음의광장사거리,시험,토요일,10,17.64,T3,11,7.95,T1,1
31,4370251,젊음의광장사거리,시험,일요일·공휴일,10,18.93,T3,08,10.38,T2,-2
31,4370251,젊음의광장사거리,계절학기,평일,16,17.53,T3,18,11.8,T2,2
31,4370251,젊음의광장사거리,계절학기,평일,17,13.23,T3,19,7.54,T1,2
31,4370251,젊음의광장사거리,계절학기,토요일,08,14.7,T3,07,7.42,T1,-1
31,4370251,젊음의광장사거리,계절학기,토요일,09,13.57,T3,07,7.42,T1,-2
31,4370251,젊음의광장사거리,계절학기,토요일,14,14.18,T3,15,10.82,T2,1
31,4370251,젊음의광장사거리,계절학기,토요일,17,17.01,T3,15,10.82,T2,-2
31,4370251,젊음의광장사거리,방학,평일,16,15.53,T3,18,12.03,T2,2
31,4370251,젊음의광장사거리,방학,평일,17,17.33,T3,19,7.32,T1,2
31,4370251,젊음의광장사거리,방학,토요일,08,15.56,T3,07,7.63,T1,-1
31,4370251,젊음의광장사거리,방학,토요일,09,16.12,T3,07,7.63,T1,-2
31,4370251,젊음의광장사거리,방학,토요일,15,14.55,T3,16,10.87,T2,1
31,4370251,젊음의광장사거리,방학,일요일·공휴일,09,16.06,T3,08,7.04,T1,-1
31,4370251,젊음의광장사거리,방학,일요일·공휴일,10,16.96,T3,08,7.04,T1,-2
31,4370251,젊음의광장사거리,방학,일요일·공휴일,13,15.14,T3,12,10.53,T2,-1
31,4370251,젊음의광장사거리,방학,일요일·공휴일,15,15.69,T3,17,9.21,T2,2
31,4370261,개운현대아파트,학기,평일,16,28.78,T3,18,12.75,T2,2
31,4370261,개운현대아파트,학기,평일,17,22.25,T3,19,9.8,T2,2
31,4370261,개운현대아파트,학기,토요일,08,19.99,T3,07,12.39,T2,-1
31,4370261,개운현대아파트,학기,토요일,09,21.92,T3,07,12.39,T2,-2
31,4370261,개운현대아파트,학기,토요일,14,18.06,T3,16,12.72,T2,2
31,4370261,개운현대아파트,학기,토요일,15,15.59,T3,17,11.01,T2,2
31,4370261,개운현대아파트,학기,일요일·공휴일,09,15.8,T3,07,7.02,T1,-2
31,4370261,개운현대아파트,학기,일요일·공휴일,10,23.02,T3,08,9.87,T2,-2
31,4370261,개운현대아파트,학기,일요일·공휴일,12,18.0,T3,11,9.95,T2,-1
31,4370261,개운현대아파트,학기,일요일·공휴일,15,15.86,T3,13,11.23,T2,-2
31,4370261,개운현대아파트,학기,일요일·공휴일,17,14.22,T3,19,10.64,T2,2
31,4370261,개운현대아파트,시험,평일,17,20.31,T3,19,8.8,T1,2
31,4370261,개운현대아파트,시험,평일,18,14.7,T3,20,7.79,T1,2
31,4370261,개운현대아파트,시험,일요일·공휴일,10,19.93,T3,08,11.05,T2,-2
31,4370261,개운현대아파트,계절학기,평일,16,19.42,T3,18,12.35,T2,2
31,4370261,개운현대아파트,계절학기,평일,17,16.98,T3,19,7.76,T1,2
31,4370261,개운현대아파트,계절학기,토요일,08,15.7,T3,10,12.88,T2,2
31,4370261,개운현대아파트,계절학기,토요일,09,13.66,T3,10,12.88,T2,1
31,4370261,개운현대아파트,계절학기,토요일,12,15.54,T3,10,12.88,T2,-2
31,4370261,개운현대아파트,계절학기,일요일·공휴일,10,13.33,T3,12,9.82,T2,2
31,4370261,개운현대아파트,방학,평일,16,15.88,T3,18,10.46,T2,2
31,4370261,개운현대아파트,방학,평일,17,20.69,T3,19,7.99,T1,2
31,4370261,개운현대아파트,방학,토요일,08,18.18,T3,07,8.64,T1,-1
31,4370261,개운현대아파트,방학,토요일,09,17.36,T3,07,8.64,T1,-2
31,4370261,개운현대아파트,방학,토요일,12,17.97,T3,14,10.74,T2,2
31,4370261,개운현대아파트,방학,토요일,13,22.06,T3,14,10.74,T2,1
31,4370261,개운현대아파트,방학,토요일,15,14.71,T3,14,10.74,T2,-1
31,4370261,개운현대아파트,방학,토요일,16,13.35,T3,14,10.74,T2,-2
31,4370261,개운현대아파트,방학,일요일·공휴일,09,14.66,T3,07,6.28,T1,-2
31,4370261,개운현대아파트,방학,일요일·공휴일,10,19.07,T3,08,7.03,T1,-2
31,4370261,개운현대아파트,방학,일요일·공휴일,12,13.96,T3,11,10.43,T2,-1
31,4370261,개운현대아파트,방학,일요일·공휴일,13,18.81,T3,11,10.43,T2,-2
31,4370261,개운현대아파트,방학,일요일·공휴일,14,14.83,T3,16,10.22,T2,2
31,4370261,개운현대아파트,방학,일요일·공휴일,15,15.96,T3,17,8.99,T1,2
31,4370271,대성현대아파트,학기,평일,17,22.46,T3,19,11.02,T2,2
31,4370271,대성현대아파트,학기,평일,18,13.8,T3,20,8.65,T1,2
31,4370271,대성현대아파트,학기,토요일,08,17.03,T3,07,9.7,T2,-1
31,4370271,대성현대아파트,학기,토요일,09,19.03,T3,07,9.7,T2,-2
31,4370271,대성현대아파트,학기,토요일,15,16.63,T3,17,12.71,T2,2
31,4370271,대성현대아파트,학기,토요일,16,15.79,T3,18,10.64,T2,2
31,4370271,대성현대아파트,학기,일요일·공휴일,09,14.46,T3,07,9.76,T2,-2
31,4370271,대성현대아파트,학기,일요일·공휴일,10,26.02,T3,08,11.04,T2,-2
31,4370271,대성현대아파트,학기,일요일·공휴일,12,17.86,T3,11,12.87,T2,-1
31,4370271,대성현대아파트,학기,일요일·공휴일,13,13.73,T3,11,12.87,T2,-2
31,4370271,대성현대아파트,학기,일요일·공휴일,14,14.31,T3,16,9.9,T2,2
31,4370271,대성현대아파트,학기,일요일·공휴일,15,15.52,T3,16,9.9,T2,1
31,4370271,대성현대아파트,시험,평일,17,27.0,T3,19,8.47,T1,2
31,4370271,대성현대아파트,시험,평일,18,15.27,T3,20,7.36,T1,2
31,4370271,대성현대아파트,시험,토요일,10,18.81,T3,08,12.36,T2,-2
31,4370271,대성현대아파트,시험,토요일,16,16.44,T3,18,10.56,T2,2
31,4370271,대성현대아파트,시험,일요일·공휴일,09,14.02,T3,07,7.67,T1,-2
31,4370271,대성현대아파트,시험,일요일·공휴일,15,15.23,T3,17,11.23,T2,2
31,4370271,대성현대아파트,계절학기,평일,16,20.29,T3,18,9.79,T2,2
31,4370271,대성현대아파트,계절학기,평일,17,17.07,T3,19,7.86,T1,2
31,4370271,대성현대아파트,계절학기,토요일,09,15.06,T3,07,4.75,T1,-2
31,4370271,대성현대아파트,방학,평일,17,15.08,T3,19,7.99,T1,2
31,4370271,대성현대아파트,방학,평일,18,13.36,T3,20,3.89,T1,2
31,4370271,대성현대아파트,방학,토요일,08,16.18,T3,07,8.41,T1,-1
31,4370271,대성현대아파트,방학,토요일,09,19.78,T3,07,8.41,T1,-2
31,4370271,대성현대아파트,방학,토요일,12,18.11,T3,14,12.2,T2,2
31,4370271,대성현대아파트,방학,토요일,13,21.96,T3,14,12.2,T2,1
31,4370271,대성현대아파트,방학,토요일,15,15.11,T3,17,10.6,T2,2
31,4370271,대성현대아파트,방학,일요일·공휴일,09,15.49,T3,07,8.67,T1,-2
31,4370271,대성현대아파트,방학,일요일·공휴일,10,23.05,T3,11,12.64,T2,1
31,4370271,대성현대아파트,방학,일요일·공휴일,12,15.22,T3,14,12.14,T2,2
31,4370271,대성현대아파트,방학,일요일·공휴일,13,18.43,T3,14,12.14,T2,1
31,4370271,대성현대아파트,방학,일요일·공휴일,15,15.95,T3,17,8.48,T1,2
31,4370281,남원로남부시장,학기,평일,16,27.69,T3,18,11.63,T2,2
31,4370281,남원로남부시장,학기,평일,17,19.13,T3,19,11.04,T2,2
31,4370281,남원로남부시장,학기,토요일,08,15.34,T3,07,11.3,T2,-1
31,4370281,남원로남부시장,학기,토요일,09,19.2,T3,07,11.3,T2,-2
31,4370281,남원로남부시장,학기,토요일,14,17.16,T3,16,12.25,T2,2
31,4370281,남원로남부시장,학기,토요일,15,16.62,T3,16,12.25,T2,1
31,4370281,남원로남부시장,학기,토요일,17,13.34,T3,19,8.47,T1,2
31,4370281,남원로남부시장,학기,일요일·공휴일,10,28.25,T3,08,10.08,T2,-2
31,4370281,남원로남부시장,학기,일요일·공휴일,12,19.77,T3,13,11.83,T2,1
31,4370281,남원로남부시장,학기,일요일·공휴일,15,13.76,T3,16,9.3,T2,1
31,4370281,남원로남부시장,시험,평일,17,26.11,T3,19,9.53,T2,2
31,4370281,남원로남부시장,시험,평일,18,14.59,T3,20,8.84,T1,2
31,4370281,남원로남부시장,시험,토요일,09,14.63,T3,08,12.36,T2,-1
31,4370281,남원로남부시장,시험,토요일,13,17.18,T3,12,12.38,T2,-1
31,4370281,남원로남부시장,시험,일요일·공휴일,10,18.93,T3,08,11.55,T2,-2
31,4370281,남원로남부시장,시험,일요일·공휴일,12,16.79,T3,14,11.87,T2,2
31,4370281,남원로남부시장,시험,일요일·공휴일,13,22.02,T3,14,11.87,T2,1
31,4370281,남원로남부시장,시험,일요일·공휴일,15,16.15,T3,14,11.87,T2,-1
31,4370281,남원로남부시장,계절학기,평일,16,17.35,T3,18,10.29,T2,2
31,4370281,남원로남부시장,계절학기,평일,17,14.49,T3,19,6.94,T1,2
31,4370281,남원로남부시장,계절학기,토요일,09,15.13,T3,07,6.92,T1,-2
31,4370281,남원로남부시장,계절학기,토요일,11,17.41,T3,10,12.18,T2,-1
31,4370281,남원로남부시장,계절학기,토요일,14,14.16,T3,15,9.32,T2,1
31,4370281,남원로남부시장,계절학기,토요일,16,13.6,T3,15,9.32,T2,-1
31,4370281,남원로남부시장,계절학기,일요일·공휴일,10,13.79,T3,08,5.41,T1,-2
31,4370281,남원로남부시장,계절학기,일요일·공휴일,12,14.13,T3,14,9.71,T2,2
31,4370281,남원로남부시장,방학,평일,16,15.76,T3,18,11.88,T2,2
31,4370281,남원로남부시장,방학,평일,17,16.56,T3,19,8.17,T1,2
31,4370281,남원로남부시장,방학,토요일,08,14.86,T3,07,9.85,T2,-1
31,4370281,남원로남부시장,방학,토요일,09,18.34,T3,07,9.85,T2,-2
31,4370281,남원로남부시장,방학,토요일,14,14.71,T3,16,12.9,T2,2
31,4370281,남원로남부시장,방학,토요일,15,15.39,T3,17,8.28,T1,2
31,4370281,남원로남부시장,방학,일요일·공휴일,09,15.02,T3,08,7.25,T1,-1
31,4370281,남원로남부시장,방학,일요일·공휴일,10,25.11,T3,08,7.25,T1,-2
31,4370281,남원로남부시장,방학,일요일·공휴일,11,13.69,T3,12,12.2,T2,1
31,4370281,남원로남부시장,방학,일요일·공휴일,13,19.35,T3,12,12.2,T2,-1
31,4370281,남원로남부시장,방학,일요일·공휴일,15,14.86,T3,17,8.61,T1,2
31,4370371,풍물시장,학기,평일,16,24.5,T3,18,12.81,T2,2
31,4370371,풍물시장,학기,평일,17,19.76,T3,19,9.29,T2,2
31,4370371,풍물시장,학기,토요일,09,16.61,T3,07,8.5,T1,-2
31,4370371,풍물시장,학기,토요일,10,25.38,T3,08,11.77,T2,-2
31,4370371,풍물시장,학기,토요일,15,16.35,T3,17,13.0,T2,2
31,4370371,풍물시장,학기,토요일,16,15.1,T3,18,9.41,T2,2
31,4370371,풍물시장,학기,일요일·공휴일,10,24.18,T3,08,9.89,T2,-2
31,4370371,풍물시장,학기,일요일·공휴일,11,14.83,T3,13,10.79,T2,2
31,4370371,풍물시장,학기,일요일·공휴일,12,15.44,T3,13,10.79,T2,1
31,4370371,풍물시장,학기,일요일·공휴일,14,13.82,T3,13,10.79,T2,-1
31,4370371,풍물시장,시험,평일,16,23.01,T3,18,12.44,T2,2
31,4370371,풍물시장,시험,평일,17,20.55,T3,19,9.78,T2,2
31,4370371,풍물시장,시험,토요일,09,13.8,T3,11,6.78,T1,2
31,4370371,풍물시장,시험,토요일,10,18.47,T3,11,6.78,T1,1
31,4370371,풍물시장,시험,토요일,13,16.84,T3,11,6.78,T1,-2
31,4370371,풍물시장,시험,토요일,15,13.38,T3,14,7.28,T1,-1
31,4370371,풍물시장,시험,토요일,16,15.61,T3,14,7.28,T1,-2
31,4370371,풍물시장,시험,일요일·공휴일,10,15.26,T3,08,8.71,T1,-2
31,4370371,풍물시장,시험,일요일·공휴일,12,13.79,T3,14,10.87,T2,2
31,4370371,풍물시장,시험,일요일·공휴일,13,20.19,T3,14,10.87,T2,1
31,4370371,풍물시장,시험,일요일·공휴일,15,13.4,T3,17,10.07,T2,2
31,4370371,풍물시장,시험,일요일·공휴일,16,14.05,T3,17,10.07,T2,1
31,4370371,풍물시장,계절학기,평일,16,16.52,T3,18,10.44,T2,2
31,4370371,풍물시장,계절학기,평일,17,15.42,T3,19,7.44,T1,2
31,4370371,풍물시장,계절학기,토요일,08,14.03,T3,10,11.04,T2,2
31,4370371,풍물시장,계절학기,토요일,09,13.49,T3,10,11.04,T2,1
31,4370371,풍물시장,계절학기,토요일,11,15.83,T3,10,11.04,T2,-1
31,4370371,풍물시장,계절학기,토요일,12,17.75,T3,10,11.04,T2,-2
31,4370371,풍물시장,계절학기,토요일,16,13.27,T3,15,9.4,T2,-1
31,4370371,풍물시장,방학,평일,08,17.37,T3,07,11.03,T2,-1
31,4370371,풍물시장,방학,평일,09,16.95,T3,07,11.03,T2,-2
31,4370371,풍물시장,방학,평일,17,18.91,T3,19,7.35,T1,2
31,4370371,풍물시장,방학,토요일,09,14.52,T3,07,6.53,T1,-2
31,4370371,풍물시장,방학,토요일,10,23.38,T3,08,11.77,T2,-2
31,4370371,풍물시장,방학,토요일,12,19.34,T3,14,12.43,T2,2
31,4370371,풍물시장,방학,토요일,13,21.46,T3,14,12.43,T2,1
31,4370371,풍물시장,방학,토요일,15,14.99,T3,14,12.43,T2,-1
31,4370371,풍물시장,방학,토요일,16,13.57,T3,14,12.43,T2,-2
31,4370371,풍물시장,방학,일요일·공휴일,10,17.71,T3,08,7.23,T1,-2
31,4370371,풍물시장,방학,일요일·공휴일,13,14.63,T3,12,12.25,T2,-1
31,4370371,풍물시장,방학,일요일·공휴일,15,16.5,T3,17,8.53,T1,2
31,4370381,평원로중앙시장,학기,평일,08,13.38,T3,07,10.71,T2,-1
31,4370381,평원로중앙시장,학기,평일,15,16.16,T3,14,12.84,T2,-1
31,4370381,평원로중앙시장,학기,평일,16,19.05,T3,14,12.84,T2,-2
31,4370381,평원로중앙시장,학기,평일,17,19.59,T3,19,8.51,T1,2
31,4370381,평원로중앙시장,학기,평일,18,13.54,T3,20,5.51,T1,2
31,4370381,평원로중앙시장,학기,토요일,09,13.23,T3,07,5.5,T1,-2
31,4370381,평원로중앙시장,학기,토요일,10,17.15,T3,08,8.85,T1,-2
31,4370381,평원로중앙시장,학기,토요일,12,16.35,T3,14,12.32,T2,2
31,4370381,평원로중앙시장,학기,토요일,13,17.29,T3,14,12.32,T2,1
31,4370381,평원로중앙시장,학기,토요일,15,14.85,T3,14,12.32,T2,-1
31,4370381,평원로중앙시장,학기,토요일,16,15.5,T3,18,8.35,T1,2
31,4370381,평원로중앙시장,학기,일요일·공휴일,10,16.85,T3,08,5.91,T1,-2
31,4370381,평원로중앙시장,시험,평일,08,13.98,T3,10,12.89,T2,2
31,4370381,평원로중앙시장,시험,평일,09,13.85,T3,11,12.75,T2,2
31,4370381,평원로중앙시장,시험,평일,12,16.52,T3,11,12.75,T2,-1
31,4370381,평원로중앙시장,시험,평일,13,14.29,T3,11,12.75,T2,-2
31,4370381,평원로중앙시장,시험,평일,16,21.81,T3,18,13.04,T2,2
31,4370381,평원로중앙시장,시험,평일,17,18.4,T3,19,9.33,T2,2
31,4370381,평원로중앙시장,시험,토요일,09,13.46,T3,11,7.95,T1,2
31,4370381,평원로중앙시장,시험,토요일,10,15.47,T3,11,7.95,T1,1
31,4370381,평원로중앙시장,시험,토요일,13,16.51,T3,14,6.62,T1,1
31,4370381,평원로중앙시장,시험,토요일,15,13.71,T3,14,6.62,T1,-1
31,4370381,평원로중앙시장,시험,토요일,16,13.77,T3,14,6.62,T1,-2
31,4370381,평원로중앙시장,시험,일요일·공휴일,10,14.76,T3,08,8.13,T1,-2
31,4370381,평원로중앙시장,시험,일요일·공휴일,13,18.36,T3,14,10.87,T2,1
31,4370381,평원로중앙시장,시험,일요일·공휴일,15,15.23,T3,14,10.87,T2,-1
31,4370381,평원로중앙시장,시험,일요일·공휴일,16,14.05,T3,14,10.87,T2,-2
31,4370381,평원로중앙시장,계절학기,평일,10,13.94,T3,08,10.03,T2,-2
31,4370381,평원로중앙시장,계절학기,평일,11,15.75,T3,09,10.91,T2,-2
31,4370381,평원로중앙시장,계절학기,평일,14,16.63,T3,12,11.14,T2,-2
31,4370381,평원로중앙시장,계절학기,평일,15,19.78,T3,13,11.58,T2,-2
31,4370381,평원로중앙시장,계절학기,평일,16,15.14,T3,18,11.24,T2,2
31,4370381,평원로중앙시장,계절학기,토요일,11,15.26,T3,10,8.04,T1,-1
31,4370381,평원로중앙시장,계절학기,토요일,12,14.18,T3,10,8.04,T1,-2
31,4370381,평원로중앙시장,계절학기,토요일,16,13.6,T3,18,2.29,T1,2
31,4370381,평원로중앙시장,계절학기,토요일,17,17.01,T3,18,2.29,T1,1
31,4370381,평원로중앙시장,방학,평일,10,15.71,T3,08,10.24,T2,-2
31,4370381,평원로중앙시장,방학,평일,11,17.32,T3,09,11.77,T2,-2
31,4370381,평원로중앙시장,방학,평일,13,18.71,T3,15,12.86,T2,2
31,4370381,평원로중앙시장,방학,평일,14,14.54,T3,15,12.86,T2,1
31,4370381,평원로중앙시장,방학,평일,16,16.48,T3,15,12.86,T2,-1
31,4370381,평원로중앙시장,방학,평일,17,17.14,T3,19,6.97,T1,2
31,4370381,평원로중앙시장,방학,토요일,10,14.19,T3,08,8.04,T1,-2
31,4370381,평원로중앙시장,방학,토요일,11,15.41,T3,09,12.79,T2,-2
31,4370381,평원로중앙시장,방학,토요일,12,14.16,T3,14,9.31,T2,2
31,4370381,평원로중앙시장,방학,토요일,13,19.15,T3,14,9.31,T2,1
31,4370381,평원로중앙시장,방학,일요일·공휴일,10,13.81,T3,08,6.51,T1,-2
31,4370381,평원로중앙시장,방학,일요일·공휴일,15,14.89,T3,17,8.37,T1,2
31,4370401,YWCA,학기,평일,10,14.13,T3,09,11.36,T2,-1
31,4370401,YWCA,학기,평일,11,14.37,T3,09,11.36,T2,-2
31,4370401,YWCA,학기,평일,17,25.98,T3,19,10.2,T2,2
31,4370401,YWCA,학기,평일,18,20.08,T3,20,5.95,T1,2
31,4370401,YWCA,학기,토요일,09,13.63,T3,07,6.59,T1,-2
31,4370401,YWCA,학기,토요일,10,18.43,T3,08,10.99,T2,-2
31,4370401,YWCA,학기,토요일,16,19.96,T3,18,8.41,T1,2
31,4370401,YWCA,학기,토요일,17,14.36,T3,18,8.41,T1,1
31,4370401,YWCA,학기,일요일·공휴일,10,17.68,T3,09,9.1,T2,-1
31,4370401,YWCA,학기,일요일·공휴일,12,15.0,T3,11,9.22,T2,-1
31,4370401,YWCA,학기,일요일·공휴일,13,14.86,T3,11,9.22,T2,-2
31,4370401,YWCA,학기,일요일·공휴일,15,15.13,T3,14,12.19,T2,-1
31,4370401,YWCA,학기,일요일·공휴일,16,15.18,T3,18,10.12,T2,2
31,4370401,YWCA,학기,일요일·공휴일,17,14.39,T3,18,10.12,T2,1
31,4370401,YWCA,시험,평일,09,13.32,T3,08,12.88,T2,-1
31,4370401,YWCA,시험,평일,17,21.61,T3,19,10.69,T2,2
31,4370401,YWCA,시험,평일,18,18.74,T3,20,6.79,T1,2
31,4370401,YWCA,시험,토요일,10,15.81,T3,11,8.95,T1,1
31,4370401,YWCA,시험,토요일,13,17.18,T3,14,7.28,T1,1
31,4370401,YWCA,시험,일요일·공휴일,13,19.53,T3,14,11.2,T2,1
31,4370401,YWCA,시험,일요일·공휴일,15,15.9,T3,17,10.4,T2,2
31,4370401,YWCA,시험,일요일·공휴일,16,16.47,T3,17,10.4,T2,1
31,4370401,YWCA,계절학기,평일,10,15.43,T3,08,10.08,T2,-2
31,4370401,YWCA,계절학기,평일,11,15.55,T3,09,11.64,T2,-2
31,4370401,YWCA,계절학기,평일,17,15.85,T3,19,6.36,T1,2
31,4370401,YWCA,계절학기,평일,18,16.49,T3,19,6.36,T1,1
31,4370401,YWCA,계절학기,토요일,11,19.64,T3,10,9.55,T2,-1
31,4370401,YWCA,계절학기,토요일,14,13.44,T3,15,10.96,T2,1
31,4370401,YWCA,계절학기,토요일,16,15.1,T3,15,10.96,T2,-1
31,4370401,YWCA,방학,평일,10,13.95,T3,08,8.67,T1,-2
31,4370401,YWCA,방학,평일,11,19.93,T3,09,12.53,T2,-2
31,4370401,YWCA,방학,평일,17,21.75,T3,19,8.35,T1,2
31,4370401,YWCA,방학,평일,18,25.17,T3,20,6.04,T1,2
31,4370401,YWCA,방학,토요일,10,15.9,T3,08,10.39,T2,-2
31,4370401,YWCA,방학,토요일,11,17.75,T3,09,12.71,T2,-2
31,4370401,YWCA,방학,토요일,12,16.75,T3,14,10.18,T2,2
31,4370401,YWCA,방학,토요일,13,17.73,T3,14,10.18,T2,1
31,4370401,YWCA,방학,토요일,15,13.42,T3,17,10.03,T2,2
31,4370401,YWCA,방학,토요일,16,15.73,T3,17,10.03,T2,1
31,4370401,YWCA,방학,일요일·공휴일,10,17.24,T3,08,6.36,T1,-2
31,4370401,YWCA,방학,일요일·공휴일,15,17.22,T3,13,11.07,T2,-2
31,4370411,학성중학교정문,학기,평일,06,18.44,T3,07,12.48,T2,1
31,4370411,학성중학교정문,학기,평일,08,18.37,T3,07,12.48,T2,-1
31,4370411,학성중학교정문,학기,평일,09,27.77,T3,07,12.48,T2,-2
31,4370411,학성중학교정문,학기,평일,17,16.71,T3,19,9.46,T2,2
31,4370411,학성중학교정문,학기,평일,18,13.67,T3,19,9.46,T2,1
31,4370411,학성중학교정문,학기,토요일,09,21.18,T3,08,8.39,T1,-1
31,4370411,학성중학교정문,학기,토요일,10,23.95,T3,08,8.39,T1,-2
31,4370411,학성중학교정문,학기,토요일,13,21.89,T3,15,12.72,T2,2
31,4370411,학성중학교정문,학기,토요일,14,16.23,T3,15,12.72,T2,1
31,4370411,학성중학교정문,학기,토요일,16,15.37,T3,15,12.72,T2,-1
31,4370411,학성중학교정문,학기,토요일,17,15.08,T3,19,10.61,T2,2
31,4370411,학성중학교정문,학기,일요일·공휴일,10,13.77,T3,08,7.99,T1,-2
31,4370411,학성중학교정문,학기,일요일·공휴일,11,14.35,T3,09,11.82,T2,-2
31,4370411,학성중학교정문,학기,일요일·공휴일,15,13.97,T3,17,12.09,T2,2
31,4370411,학성중학교정문,학기,일요일·공휴일,16,16.42,T3,17,12.09,T2,1
31,4370411,학성중학교정문,학기,일요일·공휴일,19,13.62,T3,17,12.09,T2,-2
31,4370411,학성중학교정문,시험,평일,07,14.96,T3,06,10.99,T2,-1
31,4370411,학성중학교정문,시험,평일,08,14.88,T3,06,10.99,T2,-2
31,4370411,학성중학교정문,시험,평일,16,15.01,T3,18,11.99,T2,2
31,4370411,학성중학교정문,시험,평일,17,15.92,T3,19,10.69,T2,2
31,4370411,학성중학교정문,시험,토요일,09,14.96,T3,11,8.95,T1,2
31,4370411,학성중학교정문,시험,토요일,13,15.84,T3,11,8.95,T1,-2
31,4370411,학성중학교정문,시험,일요일·공휴일,11,14.05,T3,09,11.35,T2,-2
31,4370411,학성중학교정문,시험,일요일·공휴일,16,14.64,T3,17,13.07,T2,1
31,4370411,학성중학교정문,시험,일요일·공휴일,19,14.35,T3,17,13.07,T2,-2
31,4370411,학성중학교정문,계절학기,평일,07,13.54,T3,06,10.67,T2,-1
31,4370411,학성중학교정문,계절학기,평일,08,15.37,T3,06,10.67,T2,-2
31,4370411,학성중학교정문,계절학기,평일,16,19.25,T3,18,11.07,T2,2
31,4370411,학성중학교정문,계절학기,평일,17,15.2,T3,19,8.95,T1,2
31,4370411,학성중학교정문,계절학기,토요일,09,15.16,T3,07,6.25,T1,-2
31,4370411,학성중학교정문,계절학기,토요일,17,17.67,T3,19,7.7,T1,2
31,4370411,학성중학교정문,방학,평일,08,13.75,T3,06,11.5,T2,-2
31,4370411,학성중학교정문,방학,평일,09,22.07,T3,07,12.47,T2,-2
31,4370411,학성중학교정문,방학,평일,17,18.28,T3,19,11.73,T2,2
31,4370411,학성중학교정문,방학,토요일,09,16.24,T3,08,10.43,T2,-1
31,4370411,학성중학교정문,방학,토요일,10,17.02,T3,08,10.43,T2,-2
31,4370411,학성중학교정문,방학,토요일,13,18.85,T3,14,12.6,T2,1
31,4370411,학성중학교정문,방학,토요일,15,17.94,T3,17,11.52,T2,2
31,4370411,학성중학교정문,방학,일요일·공휴일,10,13.3,T3,08,4.87,T1,-2
31,4370411,학성중학교정문,방학,일요일·공휴일,11,13.5,T3,09,11.42,T2,-2
31,4370411,학성중학교정문,방학,일요일·공휴일,13,14.07,T3,15,8.69,T1,2
31,4370421,서원주유소,학기,평일,17,16.0,T3,19,9.51,T2,2
31,4370421,서원주유소,학기,평일,18,13.51,T3,20,8.74,T1,2
31,4370421,서원주유소,학기,토요일,09,20.3,T3,07,8.76,T1,-2
31,4370421,서원주유소,학기,토요일,10,19.08,T3,08,8.81,T1,-2
31,4370421,서원주유소,학기,토요일,17,13.73,T3,19,10.71,T2,2
31,4370421,서원주유소,학기,일요일·공휴일,12,14.0,T3,11,12.62,T2,-1
31,4370421,서원주유소,학기,일요일·공휴일,13,15.94,T3,11,12.62,T2,-2
31,4370421,서원주유소,학기,일요일·공휴일,20,20.27,T3,19,11.46,T2,-1
31,4370421,서원주유소,시험,평일,07,13.79,T3,06,9.43,T2,-1
31,4370421,서원주유소,시험,평일,09,16.92,T3,08,12.91,T2,-1
31,4370421,서원주유소,시험,평일,17,17.08,T3,19,8.47,T1,2
31,4370421,서원주유소,시험,평일,18,14.15,T3,19,8.47,T1,1
31,4370421,서원주유소,계절학기,평일,08,15.38,T3,06,7.51,T1,-2
31,4370421,서원주유소,계절학기,평일,14,18.96,T3,16,13.19,T2,2
31,4370421,서원주유소,계절학기,평일,15,19.39,T3,16,13.19,T2,1
31,4370421,서원주유소,계절학기,평일,17,17.31,T3,19,9.94,T2,2
31,4370421,서원주유소,방학,평일,08,13.62,T3,07,11.26,T2,-1
31,4370421,서원주유소,방학,평일,09,22.23,T3,07,11.26,T2,-2
31,4370421,서원주유소,방학,평일,17,19.27,T3,19,10.81,T2,2
31,4370421,서원주유소,방학,토요일,09,13.53,T3,07,8.46,T1,-2
31,4370421,서원주유소,방학,토요일,10,16.69,T3,08,9.91,T2,-2
31,4370421,서원주유소,방학,토요일,15,16.34,T3,17,11.46,T2,2
31,4370421,서원주유소,방학,토요일,16,13.69,T3,17,11.46,T2,1
31,4370421,서원주유소,방학,일요일·공휴일,13,14.36,T3,12,9.96,T2,-1
31,4370421,서원주유소,방학,일요일·공휴일,15,16.09,T3,17,9.32,T2,2
31,4370431,옛합동청사,학기,평일,07,14.92,T3,09,12.55,T2,2
31,4370431,옛합동청사,학기,평일,08,14.32,T3,09,12.55,T2,1
31,4370431,옛합동청사,학기,평일,10,13.42,T3,09,12.55,T2,-1
31,4370431,옛합동청사,학기,평일,11,13.8,T3,09,12.55,T2,-2
31,4370431,옛합동청사,학기,평일,17,23.27,T3,19,8.06,T1,2
31,4370431,옛합동청사,학기,평일,18,18.35,T3,20,6.75,T1,2
31,4370431,옛합동청사,학기,토요일,10,16.94,T3,08,9.89,T2,-2
31,4370431,옛합동청사,학기,토요일,11,19.94,T3,09,12.6,T2,-2
31,4370431,옛합동청사,학기,토요일,15,16.18,T3,17,12.1,T2,2
31,4370431,옛합동청사,학기,토요일,16,16.49,T3,17,12.1,T2,1
31,4370431,옛합동청사,학기,일요일·공휴일,10,15.58,T3,08,6.49,T1,-2
31,4370431,옛합동청사,학기,일요일·공휴일,13,13.23,T3,11,10.38,T2,-2
31,4370431,옛합동청사,학기,일요일·공휴일,14,13.81,T3,12,12.43,T2,-2
31,4370431,옛합동청사,학기,일요일·공휴일,16,13.46,T3,18,9.98,T2,2
31,4370431,옛합동청사,학기,일요일·공휴일,17,13.99,T3,18,9.98,T2,1
31,4370431,옛합동청사,시험,평일,07,14.95,T3,08,11.03,T2,1
31,4370431,옛합동청사,시험,평일,09,15.76,T3,08,11.03,T2,-1
31,4370431,옛합동청사,시험,평일,10,14.98,T3,08,11.03,T2,-2
31,4370431,옛합동청사,시험,평일,12,14.87,T3,11,12.96,T2,-1
31,4370431,옛합동청사,시험,평일,17,19.36,T3,19,8.8,T1,2
31,4370431,옛합동청사,시험,평일,18,16.74,T3,19,8.8,T1,1
31,4370431,옛합동청사,계절학기,평일,10,14.15,T3,08,8.51,T1,-2
31,4370431,옛합동청사,계절학기,평일,13,14.02,T3,12,11.9,T2,-1
31,4370431,옛합동청사,계절학기,평일,14,17.85,T3,12,11.9,T2,-2
31,4370431,옛합동청사,계절학기,평일,15,19.04,T3,17,12.4,T2,2
31,4370431,옛합동청사,계절학기,평일,16,17.15,T3,17,12.4,T2,1
31,4370431,옛합동청사,계절학기,평일,18,13.33,T3,19,5.26,T1,1
31,4370431,옛합동청사,계절학기,토요일,14,14.51,T3,15,9.46,T2,1
31,4370431,옛합동청사,계절학기,토요일,17,17.34,T3,15,9.46,T2,-2
31,4370431,옛합동청사,방학,평일,10,16.32,T3,08,9.53,T2,-2
31,4370431,옛합동청사,방학,평일,11,19.55,T3,09,10.37,T2,-2
31,4370431,옛합동청사,방학,평일,17,16.97,T3,19,6.93,T1,2
31,4370431,옛합동청사,방학,평일,18,22.6,T3,20,3.56,T1,2
31,4370431,옛합동청사,방학,토요일,09,14.2,T3,07,6.46,T1,-2
31,4370431,옛합동청사,방학,토요일,10,16.45,T3,08,8.78,T1,-2
31,4370431,옛합동청사,방학,토요일,13,16.94,T3,14,10.74,T2,1
31,4370431,옛합동청사,방학,토요일,15,15.4,T3,17,9.7,T2,2
31,4370431,옛합동청사,방학,일요일·공휴일,10,15.33,T3,08,6.53,T1,-2
31,4370431,옛합동청사,방학,일요일·공휴일,12,13.79,T3,14,10.88,T2,2
31,4370431,옛합동청사,방학,일요일·공휴일,15,13.69,T3,16,9.98,T2,1
31,4370441,시외.고속버스터미널,학기,평일,16,16.86,T3,18,11.93,T2,2
31,4370441,시외.고속버스터미널,학기,평일,17,15.83,T3,19,6.58,T1,2
31,4370441,시외.고속버스터미널,학기,토요일,12,13.73,T3,14,10.03,T2,2
31,4370441,시외.고속버스터미널,시험,평일,12,14.77,T3,11,10.63,T2,-1
31,4370441,시외.고속버스터미널,시험,평일,14,13.41,T3,13,11.65,T2,-1
31,4370441,시외.고속버스터미널,시험,평일,16,18.01,T3,18,11.54,T2,2
31,4370441,시외.고속버스터미널,시험,평일,17,17.85,T3,19,5.73,T1,2
31,4370441,시외.고속버스터미널,시험,토요일,09,13.3,T3,07,8.79,T1,-2
31,4370441,시외.고속버스터미널,시험,토요일,10,14.64,T3,11,9.45,T2,1
31,4370441,시외.고속버스터미널,시험,토요일,13,16.51,T3,14,6.62,T1,1
31,4370441,시외.고속버스터미널,시험,토요일,15,13.71,T3,14,6.62,T1,-1
31,4370441,시외.고속버스터미널,시험,토요일,16,13.44,T3,14,6.62,T1,-2
31,4370441,시외.고속버스터미널,시험,일요일·공휴일,10,14.09,T3,08,7.55,T1,-2
31,4370441,시외.고속버스터미널,시험,일요일·공휴일,15,14.9,T3,17,10.9,T2,2
31,4370441,시외.고속버스터미널,시험,일요일·공휴일,16,14.3,T3,17,10.9,T2,1
31,4370441,시외.고속버스터미널,계절학기,평일,15,16.9,T3,17,10.62,T2,2
31,4370441,시외.고속버스터미널,계절학기,평일,16,13.33,T3,17,10.62,T2,1
31,4370441,시외.고속버스터미널,계절학기,토요일,12,13.32,T3,10,8.76,T1,-2
31,4370441,시외.고속버스터미널,계절학기,토요일,17,14.22,T3,19,6.54,T1,2
31,4370441,시외.고속버스터미널,방학,평일,13,13.83,T3,14,10.5,T2,1
31,4370441,시외.고속버스터미널,방학,평일,16,15.43,T3,14,10.5,T2,-2
31,4370441,시외.고속버스터미널,방학,평일,18,17.63,T3,20,5.12,T1,2
31,4370441,시외.고속버스터미널,방학,토요일,11,17.45,T3,09,9.29,T2,-2
31,4370441,시외.고속버스터미널,방학,토요일,13,15.24,T3,14,8.31,T1,1
31,4370441,시외.고속버스터미널,방학,토요일,17,13.84,T3,19,6.07,T1,2
31,4370661,시외.고속버스터미널,학기,평일,08,14.85,T3,07,10.34,T2,-1
31,4370661,시외.고속버스터미널,학기,평일,09,27.69,T3,07,10.34,T2,-2
31,4370661,시외.고속버스터미널,학기,평일,15,19.07,T3,17,12.94,T2,2
31,4370661,시외.고속버스터미널,학기,평일,16,16.36,T3,18,10.12,T2,2
31,4370661,시외.고속버스터미널,학기,토요일,09,17.59,T3,08,6.87,T1,-1
31,4370661,시외.고속버스터미널,학기,토요일,10,21.5,T3,08,6.87,T1,-2
31,4370661,시외.고속버스터미널,학기,토요일,17,14.97,T3,19,10.06,T2,2
31,4370661,시외.고속버스터미널,학기,일요일·공휴일,11,13.29,T3,09,9.73,T2,-2
31,4370661,시외.고속버스터미널,학기,일요일·공휴일,12,13.37,T3,14,10.98,T2,2
31,4370661,시외.고속버스터미널,학기,일요일·공휴일,13,16.31,T3,14,10.98,T2,1
31,4370661,시외.고속버스터미널,학기,일요일·공휴일,15,14.04,T3,14,10.98,T2,-1
31,4370661,시외.고속버스터미널,학기,일요일·공휴일,16,13.57,T3,14,10.98,T2,-2
31,4370661,시외.고속버스터미널,시험,평일,07,13.37,T3,06,11.01,T2,-1
31,4370661,시외.고속버스터미널,시험,평일,09,22.75,T3,08,12.28,T2,-1
31,4370661,시외.고속버스터미널,시험,평일,10,14.6,T3,08,12.28,T2,-2
31,4370661,시외.고속버스터미널,시험,평일,16,16.01,T3,18,11.19,T2,2
31,4370661,시외.고속버스터미널,시험,평일,17,14.35,T3,19,11.12,T2,2
31,4370661,시외.고속버스터미널,시험,토요일,09,14.38,T3,11,8.7,T1,2
31,4370661,시외.고속버스터미널,시험,토요일,13,16.51,T3,14,7.28,T1,1
31,4370661,시외.고속버스터미널,시험,토요일,15,13.38,T3,14,7.28,T1,-1
31,4370661,시외.고속버스터미널,시험,토요일,16,14.94,T3,14,7.28,T1,-2
31,4370661,시외.고속버스터미널,시험,일요일·공휴일,11,13.89,T3,09,11.02,T2,-2
31,4370661,시외.고속버스터미널,시험,일요일·공휴일,13,20.94,T3,14,11.54,T2,1
31,4370661,시외.고속버스터미널,시험,일요일·공휴일,15,15.57,T3,14,11.54,T2,-1
31,4370661,시외.고속버스터미널,시험,일요일·공휴일,16,14.64,T3,14,11.54,T2,-2
31,4370661,시외.고속버스터미널,시험,일요일·공휴일,19,14.93,T3,20,9.08,T2,1
31,4370661,시외.고속버스터미널,계절학기,평일,08,13.54,T3,06,7.5,T1,-2
31,4370661,시외.고속버스터미널,계절학기,평일,09,18.82,T3,07,10.0,T2,-2
31,4370661,시외.고속버스터미널,계절학기,평일,15,18.93,T3,17,11.49,T2,2
31,4370661,시외.고속버스터미널,계절학기,평일,16,17.83,T3,17,11.49,T2,1
31,4370661,시외.고속버스터미널,계절학기,토요일,09,14.35,T3,07,6.07,T1,-2
31,4370661,시외.고속버스터미널,계절학기,토요일,11,13.26,T3,10,11.71,T2,-1
31,4370661,시외.고속버스터미널,계절학기,토요일,12,14.37,T3,10,11.71,T2,-2
31,4370661,시외.고속버스터미널,계절학기,토요일,13,13.87,T3,15,9.46,T2,2
31,4370661,시외.고속버스터미널,계절학기,토요일,14,14.16,T3,15,9.46,T2,1
31,4370661,시외.고속버스터미널,계절학기,토요일,17,18.58,T3,19,8.32,T1,2
31,4370661,시외.고속버스터미널,방학,평일,09,17.79,T3,07,9.08,T2,-2
31,4370661,시외.고속버스터미널,방학,평일,10,19.11,T3,08,12.25,T2,-2
31,4370661,시외.고속버스터미널,방학,평일,17,15.51,T3,19,10.9,T2,2
31,4370661,시외.고속버스터미널,방학,토요일,09,14.47,T3,07,6.34,T1,-2
31,4370661,시외.고속버스터미널,방학,토요일,10,18.64,T3,08,9.05,T2,-2
31,4370661,시외.고속버스터미널,방학,토요일,15,18.31,T3,17,12.56,T2,2
31,4370661,시외.고속버스터미널,방학,토요일,16,15.46,T3,17,12.56,T2,1
31,4370661,시외.고속버스터미널,방학,일요일·공휴일,12,13.98,T3,11,11.95,T2,-1
31,4370661,시외.고속버스터미널,방학,일요일·공휴일,13,15.05,T3,11,11.95,T2,-2
31,4370671,서원주유소,학기,평일,07,14.3,T3,09,12.13,T2,2
31,4370671,서원주유소,학기,평일,08,13.9,T3,09,12.13,T2,1
31,4370671,서원주유소,학기,평일,10,15.0,T3,09,12.13,T2,-1
31,4370671,서원주유소,학기,평일,11,14.33,T3,09,12.13,T2,-2
31,4370671,서원주유소,학기,평일,17,23.0,T3,19,8.76,T1,2
31,4370671,서원주유소,학기,평일,18,19.2,T3,20,7.46,T1,2
31,4370671,서원주유소,학기,토요일,12,15.19,T3,14,12.69,T2,2
31,4370671,서원주유소,학기,토요일,13,17.77,T3,14,12.69,T2,1
31,4370671,서원주유소,학기,토요일,15,16.18,T3,17,11.84,T2,2
31,4370671,서원주유소,학기,토요일,16,16.59,T3,18,9.41,T2,2
31,4370671,서원주유소,학기,일요일·공휴일,10,17.03,T3,08,6.74,T1,-2
31,4370671,서원주유소,학기,일요일·공휴일,13,14.6,T3,11,9.44,T2,-2
31,4370671,서원주유소,학기,일요일·공휴일,16,13.46,T3,18,7.97,T1,2
31,4370671,서원주유소,학기,일요일·공휴일,17,13.99,T3,18,7.97,T1,1
31,4370671,서원주유소,계절학기,평일,10,14.67,T3,08,10.82,T2,-2
31,4370671,서원주유소,계절학기,평일,11,15.61,T3,12,12.48,T2,1
31,4370671,서원주유소,계절학기,평일,13,14.85,T3,12,12.48,T2,-1
31,4370671,서원주유소,계절학기,평일,14,17.11,T3,12,12.48,T2,-2
31,4370671,서원주유소,계절학기,평일,16,18.7,T3,17,12.98,T2,1
31,4370671,서원주유소,계절학기,평일,18,17.4,T3,19,5.76,T1,1
31,4370671,서원주유소,계절학기,토요일,17,16.17,T3,15,10.29,T2,-2
31,4370671,서원주유소,방학,평일,10,17.36,T3,08,9.74,T2,-2
31,4370671,서원주유소,방학,평일,11,18.42,T3,09,11.93,T2,-2
31,4370671,서원주유소,방학,평일,17,19.25,T3,19,8.49,T1,2
31,4370671,서원주유소,방학,평일,18,27.92,T3,20,4.54,T1,2
31,4370671,서원주유소,방학,토요일,15,14.9,T3,17,11.28,T2,2
31,4370671,서원주유소,방학,일요일·공휴일,10,15.28,T3,08,7.04,T1,-2
31,4370671,서원주유소,방학,일요일·공휴일,14,14.45,T3,16,10.39,T2,2
31,4370681,국제아파트,학기,평일,09,20.5,T3,11,11.96,T2,2
31,4370681,국제아파트,학기,평일,10,16.0,T3,11,11.96,T2,1
31,4370681,국제아파트,학기,평일,13,19.54,T3,11,11.96,T2,-2
31,4370681,국제아파트,학기,평일,17,13.9,T3,19,10.78,T2,2
31,4370681,국제아파트,학기,평일,18,13.21,T3,19,10.78,T2,1
31,4370681,국제아파트,학기,일요일·공휴일,16,14.36,T3,15,9.62,T2,-1
31,4370681,국제아파트,방학,평일,17,14.92,T3,19,10.99,T2,2
31,4370691,학성중학교정문,학기,평일,08,14.23,T3,07,12.3,T2,-1
31,4370691,학성중학교정문,학기,평일,10,15.3,T3,09,12.34,T2,-1
31,4370691,학성중학교정문,학기,평일,11,13.68,T3,09,12.34,T2,-2
31,4370691,학성중학교정문,학기,평일,17,25.07,T3,19,10.4,T2,2
31,4370691,학성중학교정문,학기,평일,18,17.91,T3,20,8.36,T1,2
31,4370691,학성중학교정문,학기,토요일,09,13.3,T3,07,6.82,T1,-2
31,4370691,학성중학교정문,학기,토요일,10,16.96,T3,08,9.8,T2,-2
31,4370691,학성중학교정문,학기,토요일,17,15.81,T3,19,10.61,T2,2
31,4370691,학성중학교정문,학기,일요일·공휴일,10,19.63,T3,08,6.39,T1,-2
31,4370691,학성중학교정문,학기,일요일·공휴일,12,15.78,T3,11,12.33,T2,-1
31,4370691,학성중학교정문,학기,일요일·공휴일,13,15.06,T3,11,12.33,T2,-2
31,4370691,학성중학교정문,학기,일요일·공휴일,15,13.52,T3,14,13.19,T2,-1
31,4370691,학성중학교정문,학기,일요일·공휴일,16,14.64,T3,18,10.31,T2,2
31,4370691,학성중학교정문,학기,일요일·공휴일,17,15.62,T3,19,9.01,T1,2
31,4370691,학성중학교정문,시험,평일,07,14.19,T3,08,12.9,T2,1
31,4370691,학성중학교정문,시험,평일,09,13.28,T3,08,12.9,T2,-1
31,4370691,학성중학교정문,시험,평일,10,14.48,T3,08,12.9,T2,-2
31,4370691,학성중학교정문,시험,평일,17,22.56,T3,19,8.87,T1,2
31,4370691,학성중학교정문,시험,평일,18,16.32,T3,19,8.87,T1,1
31,4370691,학성중학교정문,시험,일요일·공휴일,10,14.43,T3,08,8.21,T1,-2
31,4370691,학성중학교정문,계절학기,평일,09,15.45,T3,08,10.63,T2,-1
31,4370691,학성중학교정문,계절학기,평일,10,14.34,T3,08,10.63,T2,-2
31,4370691,학성중학교정문,계절학기,평일,11,15.14,T3,12,12.44,T2,1
31,4370691,학성중학교정문,계절학기,평일,13,13.68,T3,12,12.44,T2,-1
31,4370691,학성중학교정문,계절학기,평일,14,16.94,T3,12,12.44,T2,-2
31,4370691,학성중학교정문,계절학기,평일,17,15.68,T3,19,6.79,T1,2
31,4370691,학성중학교정문,계절학기,평일,18,15.74,T3,19,6.79,T1,1
31,4370691,학성중학교정문,계절학기,토요일,11,18.47,T3,10,9.55,T2,-1
31,4370691,학성중학교정문,계절학기,토요일,17,17.34,T3,15,10.63,T2,-2
31,4370691,학성중학교정문,방학,평일,09,13.88,T3,07,10.25,T2,-2
31,4370691,학성중학교정문,방학,평일,10,15.99,T3,08,10.79,T2,-2
31,4370691,학성중학교정문,방학,평일,17,21.57,T3,19,6.85,T1,2
31,4370691,학성중학교정문,방학,평일,18,25.74,T3,20,4.92,T1,2
31,4370691,학성중학교정문,방학,토요일,10,15.57,T3,08,11.39,T2,-2
31,4370691,학성중학교정문,방학,토요일,11,17.45,T3,09,12.15,T2,-2
31,4370691,학성중학교정문,방학,토요일,12,14.62,T3,14,9.63,T2,2
31,4370691,학성중학교정문,방학,토요일,13,19.52,T3,14,9.63,T2,1
31,4370691,학성중학교정문,방학,토요일,15,14.15,T3,14,9.63,T2,-1
31,4370691,학성중학교정문,방학,토요일,17,14.03,T3,19,5.26,T1,2
31,4370691,학성중학교정문,방학,일요일·공휴일,10,18.15,T3,08,6.15,T1,-2
31,4370691,학성중학교정문,방학,일요일·공휴일,11,14.2,T3,09,9.85,T2,-2
31,4370691,학성중학교정문,방학,일요일·공휴일,12,14.08,T3,14,12.24,T2,2
31,4370691,학성중학교정문,방학,일요일·공휴일,13,13.76,T3,14,12.24,T2,1
31,4370691,학성중학교정문,방학,일요일·공휴일,15,18.44,T3,16,12.16,T2,1
31,4370701,YWCA,학기,평일,08,17.34,T3,07,10.44,T2,-1
31,4370701,YWCA,학기,평일,09,28.18,T3,07,10.44,T2,-2
31,4370701,YWCA,학기,평일,16,16.99,T3,18,12.55,T2,2
31,4370701,YWCA,학기,평일,17,15.37,T3,19,8.91,T1,2
31,4370701,YWCA,학기,토요일,09,18.9,T3,08,11.15,T2,-1
31,4370701,YWCA,학기,토요일,10,17.22,T3,08,11.15,T2,-2
31,4370701,YWCA,학기,토요일,17,14.97,T3,19,10.0,T2,2
31,4370701,YWCA,학기,일요일·공휴일,11,13.33,T3,09,9.62,T2,-2
31,4370701,YWCA,학기,일요일·공휴일,13,13.45,T3,14,12.13,T2,1
31,4370701,YWCA,학기,일요일·공휴일,15,13.3,T3,14,12.13,T2,-1
31,4370701,YWCA,학기,일요일·공휴일,16,13.32,T3,14,12.13,T2,-2
31,4370701,YWCA,학기,일요일·공휴일,17,15.14,T3,19,12.35,T2,2
31,4370701,YWCA,학기,일요일·공휴일,20,19.2,T3,19,12.35,T2,-1
31,4370701,YWCA,시험,평일,08,14.68,T3,06,8.57,T1,-2
31,4370701,YWCA,시험,평일,09,22.95,T3,07,13.19,T2,-2
31,4370701,YWCA,시험,평일,16,17.35,T3,18,11.74,T2,2
31,4370701,YWCA,시험,평일,17,16.17,T3,18,11.74,T2,1
31,4370701,YWCA,시험,토요일,09,15.13,T3,11,9.45,T2,2
31,4370701,YWCA,시험,토요일,13,15.34,T3,11,9.45,T2,-2
31,4370701,YWCA,시험,토요일,16,14.11,T3,17,12.66,T2,1
31,4370701,YWCA,시험,일요일·공휴일,11,15.3,T3,09,9.85,T2,-2
31,4370701,YWCA,시험,일요일·공휴일,15,14.9,T3,17,12.32,T2,2
31,4370701,YWCA,시험,일요일·공휴일,19,14.51,T3,20,8.74,T1,1
31,4370701,YWCA,계절학기,평일,08,13.35,T3,06,9.78,T2,-2
31,4370701,YWCA,계절학기,평일,16,17.55,T3,18,12.95,T2,2
31,4370701,YWCA,계절학기,평일,17,14.07,T3,19,7.09,T1,2
31,4370701,YWCA,계절학기,토요일,13,14.6,T3,15,8.29,T1,2
31,4370701,YWCA,계절학기,토요일,17,17.0,T3,19,7.37,T1,2
31,4370701,YWCA,방학,평일,09,17.92,T3,07,10.66,T2,-2
31,4370701,YWCA,방학,평일,10,17.09,T3,08,12.28,T2,-2
31,4370701,YWCA,방학,평일,17,16.73,T3,19,11.04,T2,2
31,4370701,YWCA,방학,토요일,09,16.47,T3,07,6.13,T1,-2
31,4370701,YWCA,방학,토요일,10,16.16,T3,08,11.31,T2,-2
31,4370701,YWCA,방학,토요일,15,15.67,T3,17,11.25,T2,2
31,4370701,YWCA,방학,일요일·공휴일,10,13.96,T3,08,4.65,T1,-2
31,4370701,YWCA,방학,일요일·공휴일,13,14.49,T3,11,11.5,T2,-2
31,4370701,YWCA,방학,일요일·공휴일,15,16.65,T3,16,12.31,T2,1
31,4370711,지하상가,학기,평일,06,15.48,T3,07,12.13,T2,1
31,4370711,지하상가,학기,평일,08,15.11,T3,07,12.13,T2,-1
31,4370711,지하상가,학기,평일,09,24.78,T3,07,12.13,T2,-2
31,4370711,지하상가,학기,평일,17,14.97,T3,19,6.69,T1,2
31,4370711,지하상가,학기,평일,18,13.41,T3,19,6.69,T1,1
31,4370711,지하상가,학기,토요일,09,18.12,T3,07,7.65,T1,-2
31,4370711,지하상가,학기,토요일,13,22.81,T3,15,12.27,T2,2
31,4370711,지하상가,학기,토요일,14,16.32,T3,15,12.27,T2,1
31,4370711,지하상가,학기,토요일,16,13.24,T3,15,12.27,T2,-1
31,4370711,지하상가,학기,토요일,17,13.34,T3,19,8.21,T1,2
31,4370711,지하상가,학기,일요일·공휴일,12,13.43,T3,11,11.47,T2,-1
31,4370711,지하상가,학기,일요일·공휴일,13,15.62,T3,11,11.47,T2,-2
31,4370711,지하상가,학기,일요일·공휴일,14,13.97,T3,15,11.67,T2,1
31,4370711,지하상가,시험,평일,07,14.1,T3,06,11.68,T2,-1
31,4370711,지하상가,시험,평일,08,13.25,T3,06,11.68,T2,-2
31,4370711,지하상가,시험,평일,09,20.62,T3,11,12.84,T2,2
31,4370711,지하상가,시험,평일,10,14.04,T3,11,12.84,T2,1
31,4370711,지하상가,시험,평일,12,17.75,T3,11,12.84,T2,-1
31,4370711,지하상가,시험,평일,13,16.43,T3,11,12.84,T2,-2
31,4370711,지하상가,시험,평일,16,18.39,T3,18,12.42,T2,2
31,4370711,지하상가,시험,평일,17,16.69,T3,18,12.42,T2,1
31,4370711,지하상가,시험,토요일,09,14.63,T3,11,7.45,T1,2
31,4370711,지하상가,시험,토요일,15,13.71,T3,14,6.95,T1,-1
31,4370711,지하상가,시험,토요일,16,14.61,T3,14,6.95,T1,-2
31,4370711,지하상가,시험,일요일·공휴일,15,15.23,T3,14,12.37,T2,-1
31,4370711,지하상가,시험,일요일·공휴일,16,14.3,T3,14,12.37,T2,-2
31,4370711,지하상가,계절학기,평일,07,13.99,T3,06,6.56,T1,-1
31,4370711,지하상가,계절학기,평일,09,17.96,T3,08,11.51,T2,-1
31,4370711,지하상가,계절학기,평일,10,14.35,T3,08,11.51,T2,-2
31,4370711,지하상가,계절학기,평일,17,14.18,T3,19,5.47,T1,2
31,4370711,지하상가,계절학기,평일,18,13.3,T3,19,5.47,T1,1
31,4370711,지하상가,계절학기,토요일,09,14.49,T3,08,9.03,T1,-1
31,4370711,지하상가,계절학기,토요일,11,13.31,T3,10,9.88,T2,-1
31,4370711,지하상가,방학,평일,09,20.89,T3,07,10.26,T2,-2
31,4370711,지하상가,방학,평일,10,13.88,T3,08,11.66,T2,-2
31,4370711,지하상가,방학,평일,17,18.86,T3,19,10.99,T2,2
31,4370711,지하상가,방학,토요일,11,19.08,T3,09,10.89,T2,-2
31,4370711,지하상가,방학,토요일,13,17.76,T3,12,12.46,T2,-1
31,4370711,지하상가,방학,토요일,15,15.73,T3,17,10.63,T2,2
31,4370711,지하상가,방학,일요일·공휴일,13,14.36,T3,11,10.64,T2,-2
31,4370711,지하상가,방학,일요일·공휴일,14,13.81,T3,15,11.82,T2,1
31,4370721,원일로중앙시장,학기,평일,08,15.26,T3,06,11.35,T2,-2
31,4370721,원일로중앙시장,학기,평일,09,22.16,T3,07,11.76,T2,-2
31,4370721,원일로중앙시장,학기,평일,17,22.47,T3,19,9.85,T2,2
31,4370721,원일로중앙시장,학기,평일,18,15.88,T3,19,9.85,T2,1
31,4370721,원일로중앙시장,학기,토요일,09,14.6,T3,08,5.76,T1,-1
31,4370721,원일로중앙시장,학기,토요일,10,18.56,T3,08,5.76,T1,-2
31,4370721,원일로중앙시장,학기,토요일,17,14.06,T3,19,9.25,T2,2
31,4370721,원일로중앙시장,학기,일요일·공휴일,13,15.21,T3,11,10.68,T2,-2
31,4370721,원일로중앙시장,학기,일요일·공휴일,15,14.4,T3,14,13.13,T2,-1
31,4370721,원일로중앙시장,학기,일요일·공휴일,16,17.18,T3,14,13.13,T2,-2
31,4370721,원일로중앙시장,학기,일요일·공휴일,17,15.05,T3,19,12.42,T2,2
31,4370721,원일로중앙시장,학기,일요일·공휴일,20,22.89,T3,19,12.42,T2,-1
31,4370721,원일로중앙시장,시험,평일,07,13.27,T3,06,10.04,T2,-1
31,4370721,원일로중앙시장,시험,평일,08,13.88,T3,06,10.04,T2,-2
31,4370721,원일로중앙시장,시험,평일,17,16.45,T3,19,11.28,T2,2
31,4370721,원일로중앙시장,시험,평일,18,13.49,T3,20,8.94,T1,2
31,4370721,원일로중앙시장,시험,토요일,09,14.96,T3,11,8.45,T1,2
31,4370721,원일로중앙시장,시험,토요일,10,15.14,T3,11,8.45,T1,1
31,4370721,원일로중앙시장,시험,토요일,13,16.51,T3,11,8.45,T1,-2
31,4370721,원일로중앙시장,시험,토요일,16,15.94,T3,14,8.7,T1,-2
31,4370721,원일로중앙시장,시험,일요일·공휴일,13,23.86,T3,14,12.54,T2,1
31,4370721,원일로중앙시장,시험,일요일·공휴일,16,14.64,T3,14,12.54,T2,-2
31,4370721,원일로중앙시장,시험,일요일·공휴일,17,13.98,T3,19,12.85,T2,2
31,4370721,원일로중앙시장,계절학기,평일,08,15.53,T3,06,6.28,T1,-2
31,4370721,원일로중앙시장,계절학기,평일,09,16.78,T3,10,12.12,T2,1
31,4370721,원일로중앙시장,계절학기,평일,11,14.73,T3,10,12.12,T2,-1
31,4370721,원일로중앙시장,계절학기,평일,12,20.31,T3,10,12.12,T2,-2
31,4370721,원일로중앙시장,계절학기,평일,17,15.7,T3,19,7.83,T1,2
31,4370721,원일로중앙시장,계절학기,평일,18,15.79,T3,19,7.83,T1,1
31,4370721,원일로중앙시장,계절학기,토요일,09,13.71,T3,07,5.65,T1,-2
31,4370721,원일로중앙시장,계절학기,토요일,13,13.3,T3,15,10.68,T2,2
31,4370721,원일로중앙시장,계절학기,토요일,14,14.3,T3,15,10.68,T2,1
31,4370721,원일로중앙시장,계절학기,토요일,17,17.0,T3,19,8.82,T1,2
31,4370721,원일로중앙시장,계절학기,일요일·공휴일,12,14.7,T3,14,8.5,T1,2
31,4370721,원일로중앙시장,방학,평일,09,15.82,T3,07,10.71,T2,-2
31,4370721,원일로중앙시장,방학,평일,10,16.1,T3,08,10.88,T2,-2
31,4370721,원일로중앙시장,방학,평일,17,19.88,T3,19,10.46,T2,2
31,4370721,원일로중앙시장,방학,토요일,09,13.38,T3,07,6.62,T1,-2
31,4370721,원일로중앙시장,방학,토요일,10,17.19,T3,08,8.05,T1,-2
31,4370721,원일로중앙시장,방학,토요일,12,16.67,T3,14,12.58,T2,2
31,4370721,원일로중앙시장,방학,토요일,13,15.78,T3,14,12.58,T2,1
31,4370721,원일로중앙시장,방학,토요일,15,16.49,T3,17,11.61,T2,2
31,4370721,원일로중앙시장,방학,토요일,16,17.19,T3,17,11.61,T2,1
31,4370721,원일로중앙시장,방학,일요일·공휴일,13,15.93,T3,11,9.89,T2,-2
31,4370721,원일로중앙시장,방학,일요일·공휴일,16,14.21,T3,15,12.14,T2,-1
31,4370721,원일로중앙시장,방학,일요일·공휴일,17,13.85,T3,19,8.38,T1,2
31,4370731,강원감영,학기,평일,08,16.06,T3,06,8.95,T1,-2
31,4370731,강원감영,학기,평일,09,22.98,T3,07,12.69,T2,-2
31,4370731,강원감영,학기,평일,17,25.44,T3,19,9.9,T2,2
31,4370731,강원감영,학기,평일,18,18.29,T3,20,9.85,T2,2
31,4370731,강원감영,학기,토요일,09,15.57,T3,07,8.15,T1,-2
31,4370731,강원감영,학기,토요일,10,16.97,T3,08,8.55,T1,-2
31,4370731,강원감영,학기,토요일,17,16.14,T3,19,11.0,T2,2
31,4370731,강원감영,학기,일요일·공휴일,13,16.18,T3,14,11.36,T2,1
31,4370731,강원감영,학기,일요일·공휴일,15,15.79,T3,14,11.36,T2,-1
31,4370731,강원감영,학기,일요일·공휴일,16,17.92,T3,14,11.36,T2,-2
31,4370731,강원감영,학기,일요일·공휴일,17,15.82,T3,19,10.91,T2,2
31,4370731,강원감영,학기,일요일·공휴일,20,23.4,T3,19,10.91,T2,-1
31,4370731,강원감영,시험,평일,07,14.12,T3,06,9.01,T1,-1
31,4370731,강원감영,시험,평일,08,13.64,T3,06,9.01,T1,-2
31,4370731,강원감영,시험,평일,17,16.61,T3,19,8.47,T1,2
31,4370731,강원감영,시험,평일,18,14.13,T3,19,8.47,T1,1
31,4370731,강원감영,시험,토요일,09,14.63,T3,11,8.62,T1,2
31,4370731,강원감영,시험,토요일,10,15.14,T3,11,8.62,T1,1
31,4370731,강원감영,시험,토요일,13,16.18,T3,11,8.62,T1,-2
31,4370731,강원감영,시험,토요일,16,16.77,T3,15,12.54,T2,-1
31,4370731,강원감영,시험,일요일·공휴일,13,23.52,T3,14,12.54,T2,1
31,4370731,강원감영,시험,일요일·공휴일,15,16.73,T3,14,12.54,T2,-1
31,4370731,강원감영,시험,일요일·공휴일,16,14.97,T3,14,12.54,T2,-2
31,4370731,강원감영,시험,일요일·공휴일,17,13.82,T3,19,12.51,T2,2
31,4370731,강원감영,계절학기,평일,08,15.27,T3,06,6.45,T1,-2
31,4370731,강원감영,계절학기,평일,09,15.63,T3,10,12.75,T2,1
31,4370731,강원감영,계절학기,평일,11,16.02,T3,10,12.75,T2,-1
31,4370731,강원감영,계절학기,평일,12,19.22,T3,10,12.75,T2,-2
31,4370731,강원감영,계절학기,평일,17,17.89,T3,19,10.28,T2,2
31,4370731,강원감영,계절학기,평일,18,15.94,T3,20,7.64,T1,2
31,4370731,강원감영,계절학기,토요일,11,13.31,T3,10,9.33,T2,-1
31,4370731,강원감영,계절학기,토요일,13,13.8,T3,15,10.29,T2,2
31,4370731,강원감영,계절학기,토요일,17,16.72,T3,19,9.6,T2,2
31,4370731,강원감영,계절학기,일요일·공휴일,13,13.43,T3,15,7.46,T1,2
31,4370731,강원감영,방학,평일,09,15.32,T3,07,10.44,T2,-2
31,4370731,강원감영,방학,평일,10,16.68,T3,08,11.02,T2,-2
31,4370731,강원감영,방학,평일,17,20.87,T3,19,9.69,T2,2
31,4370731,강원감영,방학,평일,18,13.36,T3,20,8.42,T1,2
31,4370731,강원감영,방학,토요일,09,14.32,T3,07,8.11,T1,-2
31,4370731,강원감영,방학,토요일,10,17.35,T3,08,10.25,T2,-2
31,4370731,강원감영,방학,토요일,12,18.84,T3,14,13.13,T2,2
31,4370731,강원감영,방학,토요일,13,17.08,T3,14,13.13,T2,1
31,4370731,강원감영,방학,토요일,15,15.42,T3,17,11.62,T2,2
31,4370731,강원감영,방학,토요일,16,14.59,T3,17,11.62,T2,1
31,4370731,강원감영,방학,일요일·공휴일,13,18.24,T3,11,11.73,T2,-2
31,4370731,강원감영,방학,일요일·공휴일,17,16.9,T3,19,6.94,T1,2
31,4370821,남원로남부시장,학기,평일,07,13.53,T3,06,9.12,T2,-1
31,4370821,남원로남부시장,학기,평일,09,23.92,T3,08,13.14,T2,-1
31,4370821,남원로남부시장,학기,평일,10,14.37,T3,08,13.14,T2,-2
31,4370821,남원로남부시장,학기,평일,17,29.03,T3,19,12.72,T2,2
31,4370821,남원로남부시장,학기,평일,18,19.88,T3,20,11.78,T2,2
31,4370821,남원로남부시장,학기,토요일,09,13.33,T3,08,5.99,T1,-1
31,4370821,남원로남부시장,학기,토요일,10,17.03,T3,08,5.99,T1,-2
31,4370821,남원로남부시장,학기,토요일,17,16.22,T3,19,9.23,T2,2
31,4370821,남원로남부시장,학기,토요일,18,15.16,T3,20,7.55,T1,2
31,4370821,남원로남부시장,학기,일요일·공휴일,13,15.68,T3,11,10.76,T2,-2
31,4370821,남원로남부시장,학기,일요일·공휴일,14,13.65,T3,12,12.5,T2,-2
31,4370821,남원로남부시장,학기,일요일·공휴일,17,17.19,T3,19,12.38,T2,2
31,4370821,남원로남부시장,학기,일요일·공휴일,20,24.65,T3,19,12.38,T2,-1
31,4370821,남원로남부시장,시험,평일,07,15.47,T3,06,10.04,T2,-1
31,4370821,남원로남부시장,시험,평일,09,19.5,T3,08,11.58,T2,-1
31,4370821,남원로남부시장,시험,평일,10,17.54,T3,08,11.58,T2,-2
31,4370821,남원로남부시장,시험,평일,18,14.66,T3,20,10.07,T2,2
31,4370821,남원로남부시장,시험,평일,19,13.26,T3,20,10.07,T2,1
31,4370821,남원로남부시장,시험,토요일,09,15.3,T3,11,8.28,T1,2
31,4370821,남원로남부시장,시험,토요일,10,14.64,T3,11,8.28,T1,1
31,4370821,남원로남부시장,시험,토요일,13,16.84,T3,11,8.28,T1,-2
31,4370821,남원로남부시장,시험,토요일,15,13.38,T3,14,9.78,T2,-1
31,4370821,남원로남부시장,시험,토요일,16,17.44,T3,14,9.78,T2,-2
31,4370821,남원로남부시장,시험,토요일,18,13.56,T3,20,5.57,T1,2
31,4370821,남원로남부시장,시험,일요일·공휴일,10,13.26,T3,08,9.21,T2,-2
31,4370821,남원로남부시장,시험,일요일·공휴일,11,13.47,T3,09,11.02,T2,-2
31,4370821,남원로남부시장,시험,일요일·공휴일,15,18.23,T3,17,12.73,T2,2
31,4370821,남원로남부시장,시험,일요일·공휴일,16,16.47,T3,17,12.73,T2,1
31,4370821,남원로남부시장,시험,일요일·공휴일,19,14.93,T3,17,12.73,T2,-2
31,4370821,남원로남부시장,계절학기,평일,07,13.9,T3,06,5.65,T1,-1
31,4370821,남원로남부시장,계절학기,평일,10,13.47,T3,09,12.36,T2,-1
31,4370821,남원로남부시장,계절학기,평일,11,16.05,T3,09,12.36,T2,-2
31,4370821,남원로남부시장,계절학기,평일,17,20.07,T3,19,8.89,T1,2
31,4370821,남원로남부시장,계절학기,평일,18,20.56,T3,19,8.89,T1,1
31,4370821,남원로남부시장,계절학기,토요일,12,13.32,T3,10,9.76,T2,-2
31,4370821,남원로남부시장,계절학기,토요일,13,13.65,T3,15,12.25,T2,2
31,4370821,남원로남부시장,계절학기,토요일,14,15.08,T3,15,12.25,T2,1
31,4370821,남원로남부시장,계절학기,토요일,16,13.27,T3,15,12.25,T2,-1
31,4370821,남원로남부시장,계절학기,토요일,17,16.72,T3,19,8.89,T1,2
31,4370821,남원로남부시장,계절학기,일요일·공휴일,13,14.63,T3,14,8.75,T1,1
31,4370821,남원로남부시장,방학,평일,09,13.29,T3,08,11.56,T2,-1
31,4370821,남원로남부시장,방학,평일,10,16.62,T3,08,11.56,T2,-2
31,4370821,남원로남부시장,방학,평일,17,22.79,T3,19,12.15,T2,2
31,4370821,남원로남부시장,방학,평일,18,26.05,T3,20,7.43,T1,2
31,4370821,남원로남부시장,방학,토요일,10,17.01,T3,08,8.56,T1,-2
31,4370821,남원로남부시장,방학,토요일,11,18.85,T3,09,11.02,T2,-2
31,4370821,남원로남부시장,방학,토요일,15,16.4,T3,17,12.66,T2,2
31,4370821,남원로남부시장,방학,토요일,16,18.21,T3,17,12.66,T2,1
31,4370821,남원로남부시장,방학,일요일·공휴일,13,17.33,T3,12,9.84,T2,-1
31,4370821,남원로남부시장,방학,일요일·공휴일,14,13.74,T3,12,9.84,T2,-2
31,4370821,남원로남부시장,방학,일요일·공휴일,17,15.96,T3,19,9.83,T2,2
31,4370831,대성현대아파트,학기,평일,07,15.37,T3,06,9.39,T2,-1
31,4370831,대성현대아파트,학기,평일,09,24.2,T3,08,12.85,T2,-1
31,4370831,대성현대아파트,학기,평일,10,13.9,T3,08,12.85,T2,-2
31,4370831,대성현대아파트,학기,평일,17,29.92,T3,19,10.16,T2,2
31,4370831,대성현대아파트,학기,평일,18,21.81,T3,20,8.37,T1,2
31,4370831,대성현대아파트,학기,토요일,17,13.38,T3,19,9.77,T2,2
31,4370831,대성현대아파트,학기,토요일,18,14.27,T3,20,7.41,T1,2
31,4370831,대성현대아파트,학기,일요일·공휴일,13,13.8,T3,11,9.18,T2,-2
31,4370831,대성현대아파트,학기,일요일·공휴일,14,13.98,T3,12,12.67,T2,-2
31,4370831,대성현대아파트,학기,일요일·공휴일,16,14.4,T3,18,10.31,T2,2
31,4370831,대성현대아파트,학기,일요일·공휴일,17,19.59,T3,19,9.51,T2,2
31,4370831,대성현대아파트,학기,일요일·공휴일,20,19.31,T3,19,9.51,T2,-1
31,4370831,대성현대아파트,시험,평일,07,15.29,T3,06,8.93,T1,-1
31,4370831,대성현대아파트,시험,평일,09,18.42,T3,08,10.73,T2,-1
31,4370831,대성현대아파트,시험,평일,10,14.12,T3,08,10.73,T2,-2
31,4370831,대성현대아파트,시험,평일,18,14.99,T3,19,9.69,T2,1
31,4370831,대성현대아파트,시험,토요일,09,14.96,T3,08,11.2,T2,-1
31,4370831,대성현대아파트,시험,토요일,10,15.47,T3,08,11.2,T2,-2
31,4370831,대성현대아파트,시험,토요일,15,13.38,T3,14,8.12,T1,-1
31,4370831,대성현대아파트,계절학기,평일,11,16.42,T3,09,11.62,T2,-2
31,4370831,대성현대아파트,계절학기,평일,17,19.08,T3,19,9.09,T2,2
31,4370831,대성현대아파트,계절학기,평일,18,17.68,T3,20,9.02,T1,2
31,4370831,대성현대아파트,계절학기,토요일,12,13.71,T3,10,9.04,T2,-2
31,4370831,대성현대아파트,계절학기,토요일,13,13.76,T3,15,10.63,T2,2
31,4370831,대성현대아파트,계절학기,토요일,14,14.26,T3,15,10.63,T2,1
31,4370831,대성현대아파트,계절학기,토요일,17,15.84,T3,15,10.63,T2,-2
31,4370831,대성현대아파트,계절학기,일요일·공휴일,13,15.0,T3,11,10.41,T2,-2
31,4370831,대성현대아파트,방학,평일,09,13.34,T3,08,11.29,T2,-1
31,4370831,대성현대아파트,방학,평일,10,17.79,T3,08,11.29,T2,-2
31,4370831,대성현대아파트,방학,평일,17,18.79,T3,19,9.9,T2,2
31,4370831,대성현대아파트,방학,평일,18,23.83,T3,20,7.92,T1,2
31,4370831,대성현대아파트,방학,토요일,10,16.45,T3,09,12.37,T2,-1
31,4370831,대성현대아파트,방학,토요일,11,17.35,T3,09,12.37,T2,-2
31,4370831,대성현대아파트,방학,토요일,12,17.11,T3,14,12.94,T2,2
31,4370831,대성현대아파트,방학,토요일,13,18.83,T3,14,12.94,T2,1
31,4370831,대성현대아파트,방학,토요일,15,16.8,T3,17,11.16,T2,2
31,4370831,대성현대아파트,방학,토요일,16,15.01,T3,17,11.16,T2,1
31,4370831,대성현대아파트,방학,일요일·공휴일,13,15.35,T3,11,10.0,T2,-2
31,4370831,대성현대아파트,방학,일요일·공휴일,16,14.86,T3,18,11.08,T2,2
31,4370831,대성현대아파트,방학,일요일·공휴일,17,13.39,T3,19,6.55,T1,2
31,4370841,향교입구,학기,평일,07,16.0,T3,06,8.51,T1,-1
31,4370841,향교입구,학기,평일,08,13.38,T3,06,8.51,T1,-2
31,4370841,향교입구,학기,평일,17,27.93,T3,19,12.05,T2,2
31,4370841,향교입구,학기,평일,18,21.21,T3,20,9.96,T2,2
31,4370841,향교입구,학기,토요일,09,13.66,T3,07,7.76,T1,-2
31,4370841,향교입구,학기,토요일,10,17.73,T3,08,8.23,T1,-2
31,4370841,향교입구,학기,토요일,17,13.69,T3,19,7.5,T1,2
31,4370841,향교입구,학기,토요일,18,14.5,T3,20,4.64,T1,2
31,4370841,향교입구,학기,일요일·공휴일,10,13.65,T3,09,9.95,T2,-1
31,4370841,향교입구,학기,일요일·공휴일,14,14.27,T3,12,10.83,T2,-2
31,4370841,향교입구,학기,일요일·공휴일,15,15.97,T3,13,11.8,T2,-2
31,4370841,향교입구,학기,일요일·공휴일,16,16.52,T3,18,9.14,T2,2
31,4370841,향교입구,학기,일요일·공휴일,17,13.24,T3,18,9.14,T2,1
31,4370841,향교입구,학기,일요일·공휴일,20,21.02,T3,18,9.14,T2,-2
31,4370841,향교입구,시험,평일,07,16.24,T3,06,8.9,T1,-1
31,4370841,향교입구,시험,평일,10,15.36,T3,08,12.59,T2,-2
31,4370841,향교입구,시험,평일,17,19.19,T3,19,9.1,T2,2
31,4370841,향교입구,시험,평일,18,13.82,T3,20,8.93,T1,2
31,4370841,향교입구,시험,토요일,10,15.81,T3,08,11.7,T2,-2
31,4370841,향교입구,계절학기,평일,07,13.66,T3,06,5.86,T1,-1
31,4370841,향교입구,계절학기,평일,08,13.66,T3,06,5.86,T1,-2
31,4370841,향교입구,계절학기,평일,10,13.6,T3,09,12.41,T2,-1
31,4370841,향교입구,계절학기,평일,11,15.14,T3,09,12.41,T2,-2
31,4370841,향교입구,계절학기,평일,17,15.76,T3,19,8.35,T1,2
31,4370841,향교입구,계절학기,평일,18,17.68,T3,20,6.88,T1,2
31,4370841,향교입구,계절학기,토요일,14,13.51,T3,15,11.29,T2,1
31,4370841,향교입구,계절학기,토요일,17,15.51,T3,19,7.89,T1,2
31,4370841,향교입구,방학,평일,08,14.24,T3,06,7.68,T1,-2
31,4370841,향교입구,방학,평일,09,13.95,T3,07,9.93,T2,-2
31,4370841,향교입구,방학,평일,17,19.92,T3,19,9.96,T2,2
31,4370841,향교입구,방학,평일,18,23.76,T3,20,6.69,T1,2
31,4370841,향교입구,방학,토요일,10,14.52,T3,08,9.58,T2,-2
31,4370841,향교입구,방학,토요일,11,14.91,T3,09,12.03,T2,-2
31,4370841,향교입구,방학,토요일,12,16.97,T3,14,11.92,T2,2
31,4370841,향교입구,방학,토요일,13,14.66,T3,14,11.92,T2,1
31,4370841,향교입구,방학,토요일,15,15.73,T3,14,11.92,T2,-1
31,4370841,향교입구,방학,토요일,16,14.02,T3,14,11.92,T2,-2
31,4370841,향교입구,방학,일요일·공휴일,13,14.79,T3,11,10.0,T2,-2
31,4370851,젊음의광장사거리,학기,평일,07,14.27,T3,06,8.37,T1,-1
31,4370851,젊음의광장사거리,학기,평일,08,13.35,T3,06,8.37,T1,-2
31,4370851,젊음의광장사거리,학기,평일,17,29.39,T3,19,10.66,T2,2
31,4370851,젊음의광장사거리,학기,평일,18,21.95,T3,20,9.93,T2,2
31,4370851,젊음의광장사거리,학기,토요일,10,17.96,T3,08,9.65,T2,-2
31,4370851,젊음의광장사거리,학기,토요일,11,19.34,T3,09,13.12,T2,-2
31,4370851,젊음의광장사거리,학기,토요일,13,15.99,T3,15,12.78,T2,2
31,4370851,젊음의광장사거리,학기,토요일,14,18.87,T3,15,12.78,T2,1
31,4370851,젊음의광장사거리,학기,토요일,16,16.33,T3,15,12.78,T2,-1
31,4370851,젊음의광장사거리,학기,토요일,17,14.5,T3,19,8.5,T1,2
31,4370851,젊음의광장사거리,학기,토요일,18,14.94,T3,19,8.5,T1,1
31,4370851,젊음의광장사거리,학기,일요일·공휴일,10,14.87,T3,11,8.21,T1,1
31,4370851,젊음의광장사거리,학기,일요일·공휴일,16,14.77,T3,15,12.39,T2,-1
31,4370851,젊음의광장사거리,학기,일요일·공휴일,17,15.58,T3,19,9.79,T2,2
31,4370851,젊음의광장사거리,학기,일요일·공휴일,18,13.98,T3,19,9.79,T2,1
31,4370851,젊음의광장사거리,학기,일요일·공휴일,20,24.45,T3,19,9.79,T2,-1
31,4370851,젊음의광장사거리,시험,평일,07,14.95,T3,06,9.57,T2,-1
31,4370851,젊음의광장사거리,시험,평일,08,14.16,T3,06,9.57,T2,-2
31,4370851,젊음의광장사거리,시험,평일,17,20.64,T3,19,10.3,T2,2
31,4370851,젊음의광장사거리,시험,토요일,13,16.51,T3,14,7.78,T1,1
31,4370851,젊음의광장사거리,시험,토요일,16,17.94,T3,14,7.78,T1,-2
31,4370851,젊음의광장사거리,계절학기,평일,10,13.86,T3,09,11.61,T2,-1
31,4370851,젊음의광장사거리,계절학기,평일,11,14.32,T3,09,11.61,T2,-2
31,4370851,젊음의광장사거리,계절학기,평일,17,16.83,T3,19,7.33,T1,2
31,4370851,젊음의광장사거리,계절학기,평일,18,17.68,T3,19,7.33,T1,1
31,4370851,젊음의광장사거리,계절학기,토요일,12,13.71,T3,10,9.88,T2,-2
31,4370851,젊음의광장사거리,계절학기,일요일·공휴일,13,14.17,T3,14,7.67,T1,1
31,4370851,젊음의광장사거리,방학,평일,07,14.13,T3,06,5.82,T1,-1
31,4370851,젊음의광장사거리,방학,평일,10,15.99,T3,09,11.95,T2,-1
31,4370851,젊음의광장사거리,방학,평일,11,19.59,T3,09,11.95,T2,-2
31,4370851,젊음의광장사거리,방학,평일,17,19.61,T3,19,10.63,T2,2
31,4370851,젊음의광장사거리,방학,평일,18,21.4,T3,20,4.87,T1,2
31,4370851,젊음의광장사거리,방학,토요일,10,15.27,T3,09,11.37,T2,-1
31,4370851,젊음의광장사거리,방학,토요일,11,17.61,T3,09,11.37,T2,-2
31,4370851,젊음의광장사거리,방학,토요일,12,15.53,T3,14,11.57,T2,2
31,4370851,젊음의광장사거리,방학,토요일,13,17.33,T3,14,11.57,T2,1
31,4370851,젊음의광장사거리,방학,토요일,15,14.9,T3,14,11.57,T2,-1
31,4370851,젊음의광장사거리,방학,토요일,16,14.52,T3,18,7.96,T1,2
31,4370851,젊음의광장사거리,방학,일요일·공휴일,13,14.55,T3,11,6.86,T1,-2
31,4370861,원주의료원,학기,평일,17,20.16,T3,19,10.89,T2,2
31,4370861,원주의료원,학기,평일,18,13.33,T3,20,5.3,T1,2
31,4370861,원주의료원,학기,토요일,08,17.46,T3,07,12.07,T2,-1
31,4370861,원주의료원,학기,토요일,09,20.09,T3,07,12.07,T2,-2
31,4370861,원주의료원,학기,토요일,15,17.37,T3,17,12.78,T2,2
31,4370861,원주의료원,학기,토요일,16,15.78,T3,18,9.41,T2,2
31,4370861,원주의료원,학기,일요일·공휴일,10,27.08,T3,08,9.29,T2,-2
31,4370861,원주의료원,학기,일요일·공휴일,12,15.92,T3,14,11.97,T2,2
31,4370861,원주의료원,학기,일요일·공휴일,13,14.26,T3,15,11.56,T2,2
31,4370861,원주의료원,시험,평일,16,24.21,T3,18,12.88,T2,2
31,4370861,원주의료원,시험,평일,17,23.15,T3,19,8.69,T1,2
31,4370861,원주의료원,시험,토요일,09,15.3,T3,07,10.29,T2,-2
31,4370861,원주의료원,시험,토요일,10,17.31,T3,12,13.04,T2,2
31,4370861,원주의료원,시험,토요일,13,16.84,T3,12,13.04,T2,-1
31,4370861,원주의료원,시험,일요일·공휴일,09,14.35,T3,08,10.05,T2,-1
31,4370861,원주의료원,시험,일요일·공휴일,10,18.59,T3,08,10.05,T2,-2
31,4370861,원주의료원,시험,일요일·공휴일,12,15.29,T3,11,11.97,T2,-1
31,4370861,원주의료원,시험,일요일·공휴일,15,15.23,T3,16,11.97,T2,1
31,4370861,원주의료원,계절학기,평일,16,16.27,T3,18,9.68,T2,2
31,4370861,원주의료원,계절학기,평일,17,14.33,T3,19,9.23,T2,2
31,4370861,원주의료원,계절학기,토요일,08,13.31,T3,07,5.65,T1,-1
31,4370861,원주의료원,계절학기,토요일,09,14.28,T3,07,5.65,T1,-2
31,4370861,원주의료원,계절학기,토요일,11,16.55,T3,10,12.05,T2,-1
31,4370861,원주의료원,계절학기,토요일,17,15.43,T3,15,9.54,T2,-2
31,4370861,원주의료원,계절학기,일요일·공휴일,10,13.67,T3,08,4.91,T1,-2
31,4370861,원주의료원,방학,평일,16,13.5,T3,18,10.35,T2,2
31,4370861,원주의료원,방학,평일,17,17.27,T3,19,7.38,T1,2
31,4370861,원주의료원,방학,토요일,08,16.35,T3,07,8.43,T1,-1
31,4370861,원주의료원,방학,토요일,09,19.02,T3,07,8.43,T1,-2
31,4370861,원주의료원,방학,토요일,12,18.53,T3,14,12.6,T2,2
31,4370861,원주의료원,방학,토요일,13,20.6,T3,14,12.6,T2,1
31,4370861,원주의료원,방학,토요일,15,14.74,T3,17,8.89,T1,2
31,4370861,원주의료원,방학,토요일,16,14.02,T3,18,7.63,T1,2
31,4370861,원주의료원,방학,일요일·공휴일,09,15.6,T3,08,6.78,T1,-1
31,4370861,원주의료원,방학,일요일·공휴일,10,23.88,T3,08,6.78,T1,-2
31,4370861,원주의료원,방학,일요일·공휴일,13,18.82,T3,11,9.17,T2,-2
31,4370861,원주의료원,방학,일요일·공휴일,15,17.73,T3,17,9.09,T2,2
31,4370871,단구2차아파트,학기,평일,07,13.5,T3,06,8.65,T1,-1
31,4370871,단구2차아파트,학기,평일,08,14.05,T3,06,8.65,T1,-2
31,4370871,단구2차아파트,학기,평일,18,19.17,T3,20,11.92,T2,2
31,4370871,단구2차아파트,학기,평일,19,14.84,T3,20,11.92,T2,1
31,4370871,단구2차아파트,학기,토요일,10,17.85,T3,08,10.61,T2,-2
31,4370871,단구2차아파트,학기,토요일,11,15.82,T3,09,12.0,T2,-2
31,4370871,단구2차아파트,학기,토요일,15,13.5,T3,17,12.84,T2,2
31,4370871,단구2차아파트,학기,토요일,16,18.23,T3,17,12.84,T2,1
31,4370871,단구2차아파트,학기,토요일,18,14.54,T3,20,6.64,T1,2
31,4370871,단구2차아파트,학기,일요일·공휴일,10,14.02,T3,08,9.49,T2,-2
31,4370871,단구2차아파트,학기,일요일·공휴일,14,14.41,T3,12,11.1,T2,-2
31,4370871,단구2차아파트,학기,일요일·공휴일,15,14.91,T3,17,11.65,T2,2
31,4370871,단구2차아파트,학기,일요일·공휴일,16,16.71,T3,17,11.65,T2,1
31,4370871,단구2차아파트,학기,일요일·공휴일,18,17.53,T3,17,11.65,T2,-1
31,4370871,단구2차아파트,학기,일요일·공휴일,20,23.82,T3,19,11.94,T2,-1
31,4370871,단구2차아파트,시험,평일,07,15.62,T3,06,9.82,T2,-1
31,4370871,단구2차아파트,시험,평일,08,14.14,T3,06,9.82,T2,-2
31,4370871,단구2차아파트,시험,평일,16,14.79,T3,18,12.66,T2,2
31,4370871,단구2차아파트,시험,평일,17,18.94,T3,18,12.66,T2,1
31,4370871,단구2차아파트,시험,평일,19,13.76,T3,20,11.22,T2,1
31,4370871,단구2차아파트,시험,토요일,13,16.51,T3,14,9.95,T2,1
31,4370871,단구2차아파트,시험,토요일,16,16.44,T3,14,9.95,T2,-2
31,4370871,단구2차아파트,시험,일요일·공휴일,12,14.45,T3,11,12.8,T2,-1
31,4370871,단구2차아파트,시험,일요일·공휴일,19,14.6,T3,20,9.08,T2,1
31,4370871,단구2차아파트,계절학기,평일,11,15.52,T3,09,11.59,T2,-2
31,4370871,단구2차아파트,계절학기,평일,12,17.78,T3,10,13.0,T2,-2
31,4370871,단구2차아파트,계절학기,평일,17,17.22,T3,19,10.72,T2,2
31,4370871,단구2차아파트,계절학기,평일,18,18.39,T3,19,10.72,T2,1
31,4370871,단구2차아파트,계절학기,토요일,13,13.51,T3,15,9.4,T2,2
31,4370871,단구2차아파트,계절학기,토요일,14,13.94,T3,15,9.4,T2,1
31,4370871,단구2차아파트,계절학기,토요일,16,13.66,T3,15,9.4,T2,-1
31,4370871,단구2차아파트,계절학기,토요일,17,15.15,T3,19,8.03,T1,2
31,4370871,단구2차아파트,방학,평일,08,15.03,T3,06,7.65,T1,-2
31,4370871,단구2차아파트,방학,평일,10,15.13,T3,09,12.8,T2,-1
31,4370871,단구2차아파트,방학,평일,11,14.27,T3,09,12.8,T2,-2
31,4370871,단구2차아파트,방학,평일,17,18.46,T3,19,12.0,T2,2
31,4370871,단구2차아파트,방학,평일,18,21.3,T3,20,10.68,T2,2
31,4370871,단구2차아파트,방학,토요일,10,15.19,T3,09,11.6,T2,-1
31,4370871,단구2차아파트,방학,토요일,11,15.95,T3,09,11.6,T2,-2
31,4370871,단구2차아파트,방학,토요일,12,14.08,T3,14,10.94,T2,2
31,4370871,단구2차아파트,방학,토요일,13,15.18,T3,14,10.94,T2,1
31,4370871,단구2차아파트,방학,토요일,15,15.67,T3,17,10.78,T2,2
31,4370871,단구2차아파트,방학,토요일,16,16.41,T3,18,7.83,T1,2
31,4370871,단구2차아파트,방학,일요일·공휴일,13,13.8,T3,11,8.4,T1,-2
31,4370871,단구2차아파트,방학,일요일·공휴일,16,15.65,T3,17,10.88,T2,1
31,4370881,원주시시설관리공단,학기,평일,07,15.66,T3,06,7.0,T1,-1
31,4370881,원주시시설관리공단,학기,평일,08,17.72,T3,06,7.0,T1,-2
31,4370881,원주시시설관리공단,학기,평일,18,18.95,T3,20,10.21,T2,2
31,4370881,원주시시설관리공단,학기,평일,19,13.47,T3,20,10.21,T2,1
31,4370881,원주시시설관리공단,학기,토요일,10,16.35,T3,08,11.12,T2,-2
31,4370881,원주시시설관리공단,학기,토요일,11,13.28,T3,09,11.99,T2,-2
31,4370881,원주시시설관리공단,학기,토요일,15,14.05,T3,17,12.67,T2,2
31,4370881,원주시시설관리공단,학기,토요일,16,15.09,T3,17,12.67,T2,1
31,4370881,원주시시설관리공단,학기,토요일,18,13.65,T3,20,7.21,T1,2
31,4370881,원주시시설관리공단,학기,일요일·공휴일,15,15.16,T3,14,11.8,T2,-1
31,4370881,원주시시설관리공단,학기,일요일·공휴일,16,17.26,T3,14,11.8,T2,-2
31,4370881,원주시시설관리공단,학기,일요일·공휴일,17,13.37,T3,19,9.83,T2,2
31,4370881,원주시시설관리공단,학기,일요일·공휴일,18,13.44,T3,19,9.83,T2,1
31,4370881,원주시시설관리공단,학기,일요일·공휴일,20,25.08,T3,19,9.83,T2,-1
31,4370881,원주시시설관리공단,시험,평일,08,18.03,T3,06,9.8,T2,-2
31,4370881,원주시시설관리공단,시험,평일,16,16.89,T3,18,11.61,T2,2
31,4370881,원주시시설관리공단,시험,평일,17,19.72,T3,18,11.61,T2,1
31,4370881,원주시시설관리공단,시험,토요일,09,15.63,T3,11,7.12,T1,2
31,4370881,원주시시설관리공단,시험,토요일,16,15.94,T3,14,9.62,T2,-2
31,4370881,원주시시설관리공단,시험,일요일·공휴일,12,14.12,T3,14,12.79,T2,2
31,4370881,원주시시설관리공단,시험,일요일·공휴일,13,22.36,T3,14,12.79,T2,1
31,4370881,원주시시설관리공단,시험,일요일·공휴일,16,14.97,T3,14,12.79,T2,-2
31,4370881,원주시시설관리공단,계절학기,평일,07,13.57,T3,06,5.88,T1,-1
31,4370881,원주시시설관리공단,계절학기,평일,10,14.01,T3,09,11.24,T2,-1
31,4370881,원주시시설관리공단,계절학기,평일,11,15.04,T3,09,11.24,T2,-2
31,4370881,원주시시설관리공단,계절학기,평일,17,16.9,T3,19,9.74,T2,2
31,4370881,원주시시설관리공단,계절학기,평일,18,13.7,T3,20,9.51,T2,2
31,4370881,원주시시설관리공단,계절학기,토요일,16,13.27,T3,15,9.4,T2,-1
31,4370881,원주시시설관리공단,방학,평일,09,13.34,T3,08,11.53,T2,-1
31,4370881,원주시시설관리공단,방학,평일,10,15.07,T3,08,11.53,T2,-2
31,4370881,원주시시설관리공단,방학,평일,17,15.42,T3,19,9.63,T2,2
31,4370881,원주시시설관리공단,방학,평일,18,19.26,T3,20,7.02,T1,2
31,4370881,원주시시설관리공단,방학,토요일,10,15.31,T3,08,9.08,T2,-2
31,4370881,원주시시설관리공단,방학,토요일,11,16.35,T3,09,11.6,T2,-2
31,4370881,원주시시설관리공단,방학,토요일,12,16.59,T3,14,8.14,T1,2
31,4370881,원주시시설관리공단,방학,토요일,15,13.56,T3,14,8.14,T1,-1
31,4370881,원주시시설관리공단,방학,토요일,16,14.57,T3,14,8.14,T1,-2
31,4371111,성지병원,학기,평일,17,21.05,T3,19,9.78,T2,2
31,4371111,성지병원,학기,평일,18,15.8,T3,20,6.02,T1,2
31,4371111,성지병원,학기,토요일,08,13.7,T3,07,7.06,T1,-1
31,4371111,성지병원,학기,토요일,09,18.1,T3,07,7.06,T1,-2
31,4371111,성지병원,학기,토요일,15,19.61,T3,17,12.81,T2,2
31,4371111,성지병원,학기,토요일,16,16.05,T3,18,8.74,T1,2
31,4371111,성지병원,학기,일요일·공휴일,10,27.61,T3,08,5.87,T1,-2
31,4371111,성지병원,학기,일요일·공휴일,11,13.97,T3,09,11.84,T2,-2
31,4371111,성지병원,학기,일요일·공휴일,14,13.96,T3,16,10.88,T2,2
31,4371111,성지병원,학기,일요일·공휴일,15,14.3,T3,16,10.88,T2,1
31,4371111,성지병원,시험,평일,17,27.35,T3,19,9.26,T2,2
31,4371111,성지병원,시험,평일,18,15.66,T3,20,8.59,T1,2
31,4371111,성지병원,시험,토요일,09,13.8,T3,11,7.45,T1,2
31,4371111,성지병원,시험,토요일,13,16.84,T3,11,7.45,T1,-2
31,4371111,성지병원,시험,일요일·공휴일,10,18.93,T3,08,11.05,T2,-2
31,4371111,성지병원,계절학기,평일,15,22.24,T3,17,11.87,T2,2
31,4371111,성지병원,계절학기,평일,16,15.69,T3,17,11.87,T2,1
31,4371111,성지병원,계절학기,평일,18,13.64,T3,20,6.16,T1,2
31,4371111,성지병원,계절학기,토요일,09,14.07,T3,10,12.05,T2,1
31,4371111,성지병원,계절학기,토요일,12,19.21,T3,10,12.05,T2,-2
31,4371111,성지병원,방학,평일,08,22.32,T3,07,9.69,T2,-1
31,4371111,성지병원,방학,평일,09,22.01,T3,07,9.69,T2,-2
31,4371111,성지병원,방학,평일,17,18.87,T3,19,7.49,T1,2
31,4371111,성지병원,방학,토요일,09,19.87,T3,07,7.3,T1,-2
31,4371111,성지병원,방학,토요일,10,30.01,T3,08,11.92,T2,-2
31,4371111,성지병원,방학,토요일,12,20.97,T3,14,13.16,T2,2
31,4371111,성지병원,방학,토요일,13,25.08,T3,14,13.16,T2,1
31,4371111,성지병원,방학,토요일,15,13.31,T3,17,9.78,T2,2
31,4371111,성지병원,방학,일요일·공휴일,09,13.48,T3,08,6.74,T1,-1
31,4371111,성지병원,방학,일요일·공휴일,10,20.22,T3,08,6.74,T1,-2
31,4371111,성지병원,방학,일요일·공휴일,12,13.97,T3,11,8.0,T1,-1
31,4371111,성지병원,방학,일요일·공휴일,13,19.21,T3,11,8.0,T1,-2
31,4371111,성지병원,방학,일요일·공휴일,15,15.54,T3,17,9.98,T2,2
31,4371181,SK텔레콤원주지점,학기,평일,15,15.47,T3,13,9.41,T2,-2
31,4371181,SK텔레콤원주지점,학기,평일,16,15.74,T3,14,11.98,T2,-2
31,4371181,SK텔레콤원주지점,학기,평일,17,15.48,T3,19,7.68,T1,2
31,4371181,SK텔레콤원주지점,학기,토요일,12,16.52,T3,14,10.95,T2,2
31,4371181,SK텔레콤원주지점,학기,토요일,13,14.54,T3,14,10.95,T2,1
31,4371181,SK텔레콤원주지점,학기,일요일·공휴일,19,13.61,T3,21,6.37,T1,2
31,4371181,SK텔레콤원주지점,시험,평일,11,13.63,T3,13,11.65,T2,2
31,4371181,SK텔레콤원주지점,시험,평일,12,15.41,T3,13,11.65,T2,1
31,4371181,SK텔레콤원주지점,시험,평일,14,14.52,T3,13,11.65,T2,-1
31,4371181,SK텔레콤원주지점,시험,평일,15,14.66,T3,13,11.65,T2,-2
31,4371181,SK텔레콤원주지점,시험,평일,17,17.5,T3,19,7.09,T1,2
31,4371181,SK텔레콤원주지점,시험,평일,18,14.09,T3,19,7.09,T1,1
31,4371181,SK텔레콤원주지점,시험,토요일,09,13.3,T3,08,9.61,T2,-1
31,4371181,SK텔레콤원주지점,시험,토요일,10,14.31,T3,08,9.61,T2,-2
31,4371181,SK텔레콤원주지점,시험,토요일,13,15.01,T3,11,10.12,T2,-2
31,4371181,SK텔레콤원주지점,시험,토요일,15,14.71,T3,17,10.83,T2,2
31,4371181,SK텔레콤원주지점,시험,토요일,16,13.77,T3,17,10.83,T2,1
31,4371181,SK텔레콤원주지점,시험,일요일·공휴일,15,14.07,T3,17,10.82,T2,2
31,4371181,SK텔레콤원주지점,시험,일요일·공휴일,16,14.97,T3,17,10.82,T2,1
31,4371181,SK텔레콤원주지점,계절학기,평일,15,17.95,T3,17,9.33,T2,2
31,4371181,SK텔레콤원주지점,계절학기,평일,16,14.68,T3,17,9.33,T2,1
31,4371181,SK텔레콤원주지점,계절학기,토요일,11,13.31,T3,10,8.04,T1,-1
31,4371181,SK텔레콤원주지점,계절학기,토요일,14,13.85,T3,15,9.4,T2,1
31,4371181,SK텔레콤원주지점,계절학기,토요일,17,14.34,T3,15,9.4,T2,-2
31,4371181,SK텔레콤원주지점,방학,평일,12,13.4,T3,10,10.65,T2,-2
31,4371181,SK텔레콤원주지점,방학,평일,13,14.38,T3,14,11.33,T2,1
31,4371181,SK텔레콤원주지점,방학,평일,15,13.36,T3,14,11.33,T2,-1
31,4371181,SK텔레콤원주지점,방학,평일,16,17.38,T3,14,11.33,T2,-2
31,4371181,SK텔레콤원주지점,방학,평일,18,17.77,T3,20,5.09,T1,2
31,4371181,SK텔레콤원주지점,방학,토요일,10,14.14,T3,08,8.5,T1,-2
31,4371181,SK텔레콤원주지점,방학,토요일,11,14.5,T3,09,8.69,T1,-2
31,4371181,SK텔레콤원주지점,방학,토요일,12,14.19,T3,14,9.43,T2,2
31,4371181,SK텔레콤원주지점,방학,토요일,13,16.51,T3,14,9.43,T2,1
31,4371181,SK텔레콤원주지점,방학,토요일,15,14.93,T3,14,9.43,T2,-1
31,4371191,금불사거리,학기,평일,07,14.62,T3,06,11.15,T2,-1
31,4371191,금불사거리,학기,평일,08,18.34,T3,06,11.15,T2,-2
31,4371191,금불사거리,학기,평일,13,15.31,T3,15,12.64,T2,2
31,4371191,금불사거리,학기,평일,14,15.76,T3,15,12.64,T2,1
31,4371191,금불사거리,학기,토요일,09,16.82,T3,07,7.94,T1,-2
31,4371191,금불사거리,학기,토요일,10,16.51,T3,08,9.99,T2,-2
31,4371191,금불사거리,학기,토요일,12,26.89,T3,14,13.19,T2,2
31,4371191,금불사거리,학기,토요일,13,16.65,T3,15,11.96,T2,2
31,4371191,금불사거리,학기,일요일·공휴일,12,13.31,T3,14,10.17,T2,2
31,4371191,금불사거리,학기,일요일·공휴일,13,14.48,T3,15,8.51,T1,2
31,4371191,금불사거리,시험,평일,07,14.39,T3,06,10.35,T2,-1
31,4371191,금불사거리,시험,평일,08,13.92,T3,06,10.35,T2,-2
31,4371191,금불사거리,시험,평일,15,14.07,T3,17,13.17,T2,2
31,4371191,금불사거리,시험,평일,16,13.57,T3,18,10.69,T2,2
31,4371191,금불사거리,시험,토요일,09,13.46,T3,11,8.62,T1,2
31,4371191,금불사거리,시험,토요일,13,17.42,T3,14,7.28,T1,1
31,4371191,금불사거리,시험,토요일,15,13.38,T3,14,7.28,T1,-1
31,4371191,금불사거리,시험,토요일,16,14.11,T3,14,7.28,T1,-2
31,4371191,금불사거리,시험,일요일·공휴일,11,13.8,T3,09,11.85,T2,-2
31,4371191,금불사거리,시험,일요일·공휴일,12,17.12,T3,14,11.87,T2,2
31,4371191,금불사거리,시험,일요일·공휴일,13,20.52,T3,14,11.87,T2,1
31,4371191,금불사거리,시험,일요일·공휴일,15,14.4,T3,17,11.57,T2,2
31,4371191,금불사거리,시험,일요일·공휴일,19,13.6,T3,17,11.57,T2,-2
31,4371191,금불사거리,계절학기,평일,08,14.35,T3,06,7.37,T1,-2
31,4371191,금불사거리,계절학기,평일,09,15.89,T3,07,13.0,T2,-2
31,4371191,금불사거리,계절학기,평일,14,14.51,T3,16,13.11,T2,2
31,4371191,금불사거리,계절학기,평일,15,13.75,T3,17,11.58,T2,2
31,4371191,금불사거리,계절학기,토요일,13,15.94,T3,14,12.58,T2,1
31,4371191,금불사거리,계절학기,토요일,17,17.43,T3,19,6.2,T1,2
31,4371191,금불사거리,방학,평일,08,13.21,T3,07,9.12,T2,-1
31,4371191,금불사거리,방학,평일,09,16.46,T3,07,9.12,T2,-2
31,4371191,금불사거리,방학,평일,17,13.21,T3,19,7.01,T1,2
31,4371191,금불사거리,방학,토요일,09,16.3,T3,08,11.35,T2,-1
31,4371191,금불사거리,방학,토요일,10,15.27,T3,08,11.35,T2,-2
31,4371191,금불사거리,방학,토요일,12,19.53,T3,14,11.43,T2,2
31,4371191,금불사거리,방학,토요일,13,16.66,T3,15,11.24,T2,2
31,4371191,금불사거리,방학,토요일,16,14.65,T3,15,11.24,T2,-1
31,4371191,금불사거리,방학,일요일·공휴일,10,14.07,T3,08,5.4,T1,-2
31,4371191,금불사거리,방학,일요일·공휴일,12,18.43,T3,14,8.74,T1,2
31,4371201,단계삼익아파트,학기,평일,15,14.14,T3,13,11.16,T2,-2
31,4371201,단계삼익아파트,학기,평일,16,15.27,T3,14,12.1,T2,-2
31,4371201,단계삼익아파트,학기,평일,17,14.57,T3,19,5.69,T1,2
31,4371201,단계삼익아파트,학기,토요일,12,18.08,T3,14,11.56,T2,2
31,4371201,단계삼익아파트,학기,토요일,13,13.29,T3,14,11.56,T2,1
31,4371201,단계삼익아파트,학기,일요일·공휴일,10,15.17,T3,08,5.37,T1,-2
31,4371201,단계삼익아파트,학기,일요일·공휴일,20,13.36,T3,21,5.14,T1,1
31,4371201,단계삼익아파트,시험,평일,08,13.29,T3,07,13.09,T2,-1
31,4371201,단계삼익아파트,시험,평일,09,14.22,T3,11,11.79,T2,2
31,4371201,단계삼익아파트,시험,평일,12,13.32,T3,11,11.79,T2,-1
31,4371201,단계삼익아파트,시험,평일,13,13.56,T3,11,11.79,T2,-2
31,4371201,단계삼익아파트,시험,평일,16,16.68,T3,18,10.99,T2,2
31,4371201,단계삼익아파트,시험,평일,17,17.31,T3,19,7.64,T1,2
31,4371201,단계삼익아파트,시험,일요일·공휴일,16,14.64,T3,14,10.87,T2,-2
31,4371201,단계삼익아파트,계절학기,평일,14,13.95,T3,12,11.11,T2,-2
31,4371201,단계삼익아파트,계절학기,평일,15,18.23,T3,17,11.69,T2,2
31,4371201,단계삼익아파트,계절학기,평일,16,15.62,T3,17,11.69,T2,1
31,4371201,단계삼익아파트,계절학기,토요일,14,14.51,T3,12,12.21,T2,-2
31,4371201,단계삼익아파트,방학,평일,13,16.24,T3,11,11.12,T2,-2
31,4371201,단계삼익아파트,방학,평일,15,14.9,T3,14,11.4,T2,-1
31,4371201,단계삼익아파트,방학,평일,16,16.71,T3,14,11.4,T2,-2
31,4371201,단계삼익아파트,방학,평일,18,15.23,T3,20,5.77,T1,2
31,4371201,단계삼익아파트,방학,토요일,11,17.58,T3,09,10.31,T2,-2
31,4371201,단계삼익아파트,방학,토요일,13,14.83,T3,14,9.92,T2,1
31,4371201,단계삼익아파트,방학,토요일,15,14.56,T3,14,9.92,T2,-1
31,4371201,단계삼익아파트,방학,일요일·공휴일,10,13.55,T3,09,6.97,T1,-1
31,4371741,e편한세상아파트,학기,평일,06,16.9,T3,07,11.87,T2,1
31,4371741,e편한세상아파트,학기,평일,08,19.17,T3,07,11.87,T2,-1
31,4371741,e편한세상아파트,학기,평일,09,24.39,T3,07,11.87,T2,-2
31,4371741,e편한세상아파트,학기,평일,10,16.06,T3,12,12.09,T2,2
31,4371741,e편한세상아파트,학기,평일,11,15.96,T3,12,12.09,T2,1
31,4371741,e편한세상아파트,학기,평일,13,13.9,T3,12,12.09,T2,-1
31,4371741,e편한세상아파트,학기,평일,14,18.35,T3,12,12.09,T2,-2
31,4371741,e편한세상아파트,학기,평일,16,13.6,T3,18,10.36,T2,2
31,4371741,e편한세상아파트,학기,토요일,08,14.19,T3,07,7.0,T1,-1
31,4371741,e편한세상아파트,학기,토요일,09,19.53,T3,07,7.0,T1,-2
31,4371741,e편한세상아파트,학기,토요일,13,16.2,T3,15,13.13,T2,2
31,4371741,e편한세상아파트,학기,토요일,14,14.96,T3,16,12.09,T2,2
31,4371741,e편한세상아파트,학기,일요일·공휴일,10,13.32,T3,08,10.35,T2,-2
31,4371741,e편한세상아파트,시험,평일,17,14.93,T3,19,8.4,T1,2
31,4371741,e편한세상아파트,시험,평일,18,13.7,T3,20,7.09,T1,2
31,4371741,e편한세상아파트,시험,토요일,16,13.77,T3,15,12.88,T2,-1
31,4371741,e편한세상아파트,시험,일요일·공휴일,12,17.12,T3,14,12.37,T2,2
31,4371741,e편한세상아파트,시험,일요일·공휴일,13,20.52,T3,14,12.37,T2,1
31,4371741,e편한세상아파트,계절학기,평일,08,15.27,T3,06,11.28,T2,-2
31,4371741,e편한세상아파트,계절학기,평일,09,17.0,T3,07,12.55,T2,-2
31,4371741,e편한세상아파트,계절학기,평일,13,17.54,T3,15,13.02,T2,2
31,4371741,e편한세상아파트,계절학기,평일,14,15.22,T3,15,13.02,T2,1
31,4371741,e편한세상아파트,계절학기,평일,16,13.39,T3,18,10.68,T2,2
31,4371741,e편한세상아파트,계절학기,토요일,11,13.64,T3,13,11.93,T2,2
31,4371741,e편한세상아파트,계절학기,토요일,12,18.21,T3,13,11.93,T2,1
31,4371741,e편한세상아파트,계절학기,토요일,17,16.51,T3,19,5.6,T1,2
31,4371741,e편한세상아파트,방학,평일,06,15.99,T3,07,10.82,T2,1
31,4371741,e편한세상아파트,방학,평일,08,15.65,T3,07,10.82,T2,-1
31,4371741,e편한세상아파트,방학,평일,09,19.09,T3,07,10.82,T2,-2
31,4371741,e편한세상아파트,방학,평일,17,15.07,T3,19,7.42,T1,2
31,4371741,e편한세상아파트,방학,토요일,08,13.56,T3,06,8.04,T1,-2
31,4371741,e편한세상아파트,방학,토요일,09,15.67,T3,07,8.47,T1,-2
31,4371741,e편한세상아파트,방학,토요일,12,21.64,T3,14,10.94,T2,2
31,4371741,e편한세상아파트,방학,토요일,13,17.09,T3,14,10.94,T2,1
31,4371741,e편한세상아파트,방학,일요일·공휴일,12,20.75,T3,11,8.73,T1,-1
31,4371741,e편한세상아파트,방학,일요일·공휴일,13,14.07,T3,11,8.73,T1,-2
31,4371781,KBS방송국,학기,평일,08,17.14,T3,06,9.6,T2,-2
31,4371781,KBS방송국,학기,평일,09,23.31,T3,07,12.68,T2,-2
31,4371781,KBS방송국,학기,평일,17,25.87,T3,19,12.33,T2,2
31,4371781,KBS방송국,학기,평일,18,17.86,T3,20,7.64,T1,2
31,4371781,KBS방송국,학기,토요일,09,16.5,T3,07,7.69,T1,-2
31,4371781,KBS방송국,학기,토요일,10,17.73,T3,08,8.84,T1,-2
31,4371781,KBS방송국,학기,토요일,13,23.23,T3,15,12.7,T2,2
31,4371781,KBS방송국,학기,토요일,14,18.53,T3,15,12.7,T2,1
31,4371781,KBS방송국,학기,토요일,16,22.29,T3,18,11.74,T2,2
31,4371781,KBS방송국,학기,토요일,17,14.0,T3,19,9.27,T2,2
31,4371781,KBS방송국,학기,일요일·공휴일,13,14.57,T3,11,11.14,T2,-2
31,4371781,KBS방송국,학기,일요일·공휴일,16,19.02,T3,15,12.67,T2,-1
31,4371781,KBS방송국,학기,일요일·공휴일,17,19.07,T3,15,12.67,T2,-2
31,4371781,KBS방송국,시험,평일,07,14.19,T3,06,10.94,T2,-1
31,4371781,KBS방송국,시험,평일,08,13.91,T3,06,10.94,T2,-2
31,4371781,KBS방송국,시험,평일,17,18.5,T3,19,9.98,T2,2
31,4371781,KBS방송국,시험,평일,18,14.86,T3,20,8.92,T1,2
31,4371781,KBS방송국,시험,토요일,10,15.47,T3,11,8.28,T1,1
31,4371781,KBS방송국,시험,토요일,13,16.18,T3,11,8.28,T1,-2
31,4371781,KBS방송국,시험,토요일,18,14.22,T3,17,10.5,T2,-1
31,4371781,KBS방송국,시험,일요일·공휴일,15,16.23,T3,14,12.29,T2,-1
31,4371781,KBS방송국,시험,일요일·공휴일,16,16.14,T3,14,12.29,T2,-2
31,4371781,KBS방송국,계절학기,평일,07,13.6,T3,06,5.34,T1,-1
31,4371781,KBS방송국,계절학기,평일,08,15.56,T3,06,5.34,T1,-2
31,4371781,KBS방송국,계절학기,평일,09,15.96,T3,10,13.04,T2,1
31,4371781,KBS방송국,계절학기,평일,11,15.98,T3,10,13.04,T2,-1
31,4371781,KBS방송국,계절학기,평일,12,20.24,T3,10,13.04,T2,-2
31,4371781,KBS방송국,계절학기,평일,17,17.86,T3,19,7.63,T1,2
31,4371781,KBS방송국,계절학기,평일,18,16.29,T3,19,7.63,T1,1
31,4371781,KBS방송국,계절학기,토요일,14,14.66,T3,16,12.66,T2,2
31,4371781,KBS방송국,계절학기,일요일·공휴일,13,15.14,T3,15,7.96,T1,2
31,4371781,KBS방송국,방학,평일,09,14.59,T3,08,11.09,T2,-1
31,4371781,KBS방송국,방학,평일,10,15.57,T3,08,11.09,T2,-2
31,4371781,KBS방송국,방학,평일,17,21.13,T3,19,10.52,T2,2
31,4371781,KBS방송국,방학,평일,18,17.8,T3,20,6.47,T1,2
31,4371781,KBS방송국,방학,토요일,09,13.42,T3,07,7.64,T1,-2
31,4371781,KBS방송국,방학,토요일,10,16.24,T3,08,9.91,T2,-2
31,4371781,KBS방송국,방학,토요일,15,15.93,T3,17,10.9,T2,2
31,4371781,KBS방송국,방학,토요일,16,17.23,T3,17,10.9,T2,1
31,4371781,KBS방송국,방학,일요일·공휴일,13,16.76,T3,11,10.15,T2,-2
31,4371781,KBS방송국,방학,일요일·공휴일,14,15.69,T3,12,12.96,T2,-2
31,4371781,KBS방송국,방학,일요일·공휴일,15,13.88,T3,17,12.78,T2,2
31,4371781,KBS방송국,방학,일요일·공휴일,16,13.97,T3,17,12.78,T2,1
31,4371871,금불사거리,학기,평일,15,14.93,T3,13,10.35,T2,-2
31,4371871,금불사거리,학기,평일,16,13.85,T3,18,12.01,T2,2
31,4371871,금불사거리,학기,평일,17,15.37,T3,19,6.23,T1,2
31,4371871,금불사거리,학기,토요일,10,17.79,T3,08,10.41,T2,-2
31,4371871,금불사거리,학기,토요일,11,15.63,T3,13,13.0,T2,2
31,4371871,금불사거리,학기,토요일,12,13.96,T3,13,13.0,T2,1
31,4371871,금불사거리,학기,토요일,14,13.58,T3,16,11.72,T2,2
31,4371871,금불사거리,학기,일요일·공휴일,19,13.64,T3,21,6.62,T1,2
31,4371871,금불사거리,시험,평일,07,14.62,T3,08,10.33,T2,1
31,4371871,금불사거리,시험,평일,12,14.6,T3,11,12.13,T2,-1
31,4371871,금불사거리,시험,평일,16,16.89,T3,18,12.55,T2,2
31,4371871,금불사거리,시험,평일,17,16.21,T3,18,12.55,T2,1
31,4371871,금불사거리,계절학기,평일,11,15.21,T3,09,9.54,T2,-2
31,4371871,금불사거리,계절학기,평일,12,13.4,T3,14,11.41,T2,2
31,4371871,금불사거리,계절학기,평일,13,14.52,T3,14,11.41,T2,1
31,4371871,금불사거리,계절학기,평일,15,18.03,T3,17,9.35,T2,2
31,4371871,금불사거리,계절학기,평일,16,13.87,T3,17,9.35,T2,1
31,4371871,금불사거리,계절학기,토요일,14,14.18,T3,16,12.93,T2,2
31,4371871,금불사거리,계절학기,토요일,17,13.58,T3,16,12.93,T2,-1
31,4371871,금불사거리,방학,평일,12,14.12,T3,14,9.2,T2,2
31,4371871,금불사거리,방학,평일,13,13.33,T3,14,9.2,T2,1
31,4371871,금불사거리,방학,평일,15,13.96,T3,14,9.2,T2,-1
31,4371871,금불사거리,방학,평일,16,15.7,T3,14,9.2,T2,-2
31,4371871,금불사거리,방학,평일,18,18.82,T3,20,5.58,T1,2
31,4371871,금불사거리,방학,토요일,10,14.52,T3,08,7.43,T1,-2
31,4371871,금불사거리,방학,토요일,11,16.93,T3,09,11.7,T2,-2
31,4371871,금불사거리,방학,토요일,12,14.53,T3,14,10.07,T2,2
31,4371871,금불사거리,방학,토요일,13,15.66,T3,14,10.07,T2,1
31,4371971,단계현진아파트,학기,평일,07,14.61,T3,05,6.59,T1,-2
31,4371971,단계현진아파트,학기,평일,08,17.7,T3,06,11.72,T2,-2
31,4371971,단계현진아파트,학기,평일,10,14.26,T3,12,11.82,T2,2
31,4371971,단계현진아파트,학기,평일,11,14.26,T3,12,11.82,T2,1
31,4371971,단계현진아파트,학기,평일,14,14.95,T3,15,11.48,T2,1
31,4371971,단계현진아파트,학기,평일,16,13.49,T3,15,11.48,T2,-1
31,4371971,단계현진아파트,학기,토요일,09,16.96,T3,07,10.82,T2,-2
31,4371971,단계현진아파트,학기,토요일,10,15.82,T3,08,12.98,T2,-2
31,4371971,단계현진아파트,학기,토요일,13,15.0,T3,15,9.75,T2,2
31,4371971,단계현진아파트,학기,토요일,14,13.81,T3,15,9.75,T2,1
31,4371971,단계현진아파트,학기,토요일,17,13.5,T3,19,6.81,T1,2
31,4371971,단계현진아파트,학기,일요일·공휴일,10,14.6,T3,08,9.45,T2,-2
31,4371971,단계현진아파트,학기,일요일·공휴일,13,15.86,T3,15,10.3,T2,2
31,4371971,단계현진아파트,시험,평일,07,15.62,T3,06,11.54,T2,-1
31,4371971,단계현진아파트,시험,평일,08,15.04,T3,06,11.54,T2,-2
31,4371971,단계현진아파트,시험,평일,17,15.07,T3,19,9.47,T2,2
31,4371971,단계현진아파트,시험,평일,18,14.7,T3,20,8.26,T1,2
31,4371971,단계현진아파트,시험,일요일·공휴일,15,13.73,T3,14,11.87,T2,-1
31,4371971,단계현진아파트,계절학기,평일,07,14.33,T3,06,7.89,T1,-1
31,4371971,단계현진아파트,계절학기,평일,09,14.55,T3,11,12.72,T2,2
31,4371971,단계현진아파트,계절학기,평일,10,15.75,T3,11,12.72,T2,1
31,4371971,단계현진아파트,계절학기,평일,12,13.93,T3,11,12.72,T2,-1
31,4371971,단계현진아파트,계절학기,평일,13,17.44,T3,15,12.21,T2,2
31,4371971,단계현진아파트,계절학기,평일,14,15.08,T3,15,12.21,T2,1
31,4371971,단계현진아파트,계절학기,토요일,17,14.67,T3,16,11.43,T2,-1
31,4371971,단계현진아파트,방학,평일,08,14.07,T3,06,8.72,T1,-2
31,4371971,단계현진아파트,방학,평일,09,15.88,T3,07,9.97,T2,-2
31,4371971,단계현진아파트,방학,평일,13,13.61,T3,15,12.97,T2,2
31,4371971,단계현진아파트,방학,평일,14,14.83,T3,16,11.45,T2,2
31,4371971,단계현진아파트,방학,평일,17,14.02,T3,19,7.06,T1,2
31,4371971,단계현진아파트,방학,토요일,09,14.47,T3,07,9.68,T2,-2
31,4371971,단계현진아파트,방학,토요일,10,15.19,T3,08,10.07,T2,-2
31,4371971,단계현진아파트,방학,토요일,12,19.59,T3,14,10.05,T2,2
31,4371971,단계현진아파트,방학,토요일,13,15.94,T3,14,10.05,T2,1
31,4371971,단계현진아파트,방학,일요일·공휴일,10,14.09,T3,08,6.74,T1,-2
31,4371971,단계현진아파트,방학,일요일·공휴일,12,20.07,T3,11,9.14,T2,-1
31,4371971,단계현진아파트,방학,일요일·공휴일,13,14.55,T3,11,9.14,T2,-2
31,4371981,옛합동청사,학기,평일,07,14.01,T3,06,8.74,T1,-1
31,4371981,옛합동청사,학기,평일,08,19.74,T3,06,8.74,T1,-2
31,4371981,옛합동청사,학기,평일,17,14.86,T3,19,8.95,T1,2
31,4371981,옛합동청사,학기,평일,18,14.09,T3,20,6.46,T1,2
31,4371981,옛합동청사,학기,일요일·공휴일,11,15.58,T3,09,9.8,T2,-2
31,4371981,옛합동청사,학기,일요일·공휴일,17,13.37,T3,19,9.44,T2,2
31,4371981,옛합동청사,학기,일요일·공휴일,20,16.7,T3,19,9.44,T2,-1
31,4371981,옛합동청사,시험,평일,16,20.68,T3,18,12.65,T2,2
31,4371981,옛합동청사,계절학기,평일,08,16.56,T3,06,9.5,T2,-2
31,4371981,옛합동청사,계절학기,평일,09,18.56,T3,07,11.99,T2,-2
31,4371981,옛합동청사,계절학기,평일,16,16.65,T3,18,12.92,T2,2
31,4371981,옛합동청사,계절학기,평일,17,14.97,T3,19,10.13,T2,2
31,4371981,옛합동청사,계절학기,토요일,17,16.51,T3,19,9.46,T2,2
31,4371981,옛합동청사,방학,평일,09,19.96,T3,08,12.17,T2,-1
31,4371981,옛합동청사,방학,평일,10,17.11,T3,08,12.17,T2,-2
31,4371981,옛합동청사,방학,토요일,15,16.06,T3,17,12.74,T2,2
31,4371981,옛합동청사,방학,일요일·공휴일,13,13.31,T3,12,10.79,T2,-1
31,4371981,옛합동청사,방학,일요일·공휴일,14,14.45,T3,12,10.79,T2,-2
31,4372311,구곡현대아파트,학기,평일,17,24.13,T3,19,12.94,T2,2
31,4372311,구곡현대아파트,학기,평일,18,16.29,T3,20,8.59,T1,2
31,4372311,구곡현대아파트,학기,토요일,16,16.1,T3,18,10.22,T2,2
31,4372311,구곡현대아파트,학기,토요일,17,15.01,T3,19,6.72,T1,2
31,4372311,구곡현대아파트,학기,일요일·공휴일,10,21.52,T3,08,11.22,T2,-2
31,4372311,구곡현대아파트,학기,일요일·공휴일,12,15.62,T3,11,12.6,T2,-1
31,4372311,구곡현대아파트,학기,일요일·공휴일,13,13.96,T3,15,11.98,T2,2
31,4372311,구곡현대아파트,학기,일요일·공휴일,14,13.67,T3,16,10.15,T2,2
31,4372311,구곡현대아파트,시험,평일,16,23.01,T3,18,11.88,T2,2
31,4372311,구곡현대아파트,시험,평일,17,26.8,T3,19,10.87,T2,2
31,4372311,구곡현대아파트,시험,일요일·공휴일,10,17.43,T3,09,12.85,T2,-1
31,4372311,구곡현대아파트,시험,일요일·공휴일,15,14.9,T3,17,11.57,T2,2
31,4372311,구곡현대아파트,계절학기,평일,16,18.17,T3,18,12.49,T2,2
31,4372311,구곡현대아파트,계절학기,평일,17,14.3,T3,19,7.11,T1,2
31,4372311,구곡현대아파트,방학,평일,14,17.26,T3,16,12.76,T2,2
31,4372311,구곡현대아파트,방학,평일,15,18.92,T3,16,12.76,T2,1
31,4372311,구곡현대아파트,방학,평일,17,18.08,T3,19,5.99,T1,2
31,4372311,구곡현대아파트,방학,토요일,09,16.65,T3,07,9.03,T1,-2
31,4372311,구곡현대아파트,방학,토요일,10,22.81,T3,08,12.08,T2,-2
31,4372311,구곡현대아파트,방학,토요일,12,16.89,T3,14,11.2,T2,2
31,4372311,구곡현대아파트,방학,토요일,13,16.58,T3,14,11.2,T2,1
31,4372311,구곡현대아파트,방학,일요일·공휴일,10,15.52,T3,08,6.6,T1,-2
31,4372311,구곡현대아파트,방학,일요일·공휴일,13,15.07,T3,14,8.92,T1,1
31,4372311,구곡현대아파트,방학,일요일·공휴일,15,13.5,T3,14,8.92,T1,-1
31,4372661,단계사거리,학기,토요일,11,13.91,T3,09,9.04,T2,-2
31,4372661,단계사거리,학기,토요일,12,14.87,T3,14,8.94,T1,2
31,4372661,단계사거리,시험,평일,08,14.04,T3,09,13.08,T2,1
31,4372661,단계사거리,시험,평일,10,14.41,T3,12,11.42,T2,2
31,4372661,단계사거리,시험,평일,13,14.15,T3,12,11.42,T2,-1
31,4372661,단계사거리,시험,평일,14,13.52,T3,12,11.42,T2,-2
31,4372661,단계사거리,시험,평일,16,13.26,T3,18,10.42,T2,2
31,4372661,단계사거리,시험,평일,17,13.39,T3,18,10.42,T2,1
31,4372661,단계사거리,계절학기,평일,13,13.68,T3,12,9.59,T2,-1
31,4372661,단계사거리,계절학기,평일,15,15.41,T3,16,9.92,T2,1
31,4372661,단계사거리,방학,평일,08,13.47,T3,07,7.71,T1,-1
31,4372661,단계사거리,방학,토요일,11,13.68,T3,09,10.89,T2,-2
31,4372661,단계사거리,방학,토요일,13,13.29,T3,14,8.49,T1,1
31,4372671,우산철교.폴리텍대학,학기,토요일,11,13.38,T3,09,7.45,T1,-2
31,4372671,우산철교.폴리텍대학,시험,평일,07,15.29,T3,08,10.48,T2,1
31,4372671,우산철교.폴리텍대학,시험,평일,09,13.59,T3,08,10.48,T2,-1
31,4372671,우산철교.폴리텍대학,시험,평일,12,14.87,T3,14,11.89,T2,2
31,4372671,우산철교.폴리텍대학,시험,평일,15,14.6,T3,14,11.89,T2,-1
31,4372671,우산철교.폴리텍대학,시험,평일,16,14.68,T3,18,11.84,T2,2
31,4372671,우산철교.폴리텍대학,시험,토요일,13,14.68,T3,11,8.62,T1,-2
31,4372671,우산철교.폴리텍대학,시험,일요일·공휴일,10,13.26,T3,09,9.19,T2,-1
31,4372671,우산철교.폴리텍대학,계절학기,평일,13,13.73,T3,14,9.22,T2,1
31,4372671,우산철교.폴리텍대학,계절학기,평일,15,14.19,T3,14,9.22,T2,-1
31,4372671,우산철교.폴리텍대학,방학,토요일,11,15.24,T3,10,10.79,T2,-1
31,4372681,삼한주유소,학기,토요일,10,14.62,T3,09,7.08,T1,-1
31,4372681,삼한주유소,학기,토요일,12,14.3,T3,14,8.55,T1,2
31,4372681,삼한주유소,시험,평일,07,13.71,T3,09,10.69,T2,2
31,4372681,삼한주유소,시험,평일,08,13.21,T3,10,10.61,T2,2
31,4372681,삼한주유소,시험,평일,12,14.04,T3,11,10.47,T2,-1
31,4372681,삼한주유소,시험,평일,16,15.87,T3,18,10.13,T2,2
31,4372681,삼한주유소,시험,평일,17,14.93,T3,19,6.54,T1,2
31,4372681,삼한주유소,시험,토요일,10,14.31,T3,08,10.2,T2,-2
31,4372681,삼한주유소,계절학기,평일,13,13.35,T3,14,10.07,T2,1
31,4372681,삼한주유소,방학,평일,08,13.54,T3,09,5.04,T1,1
31,4372681,삼한주유소,방학,토요일,11,14.35,T3,12,11.97,T2,1
31,4372681,삼한주유소,방학,토요일,13,13.33,T3,14,8.63,T1,1
31,4372691,현대자동차.상공회의소,학기,토요일,10,13.62,T3,08,7.48,T1,-2
31,4372691,현대자동차.상공회의소,학기,토요일,11,14.07,T3,09,8.62,T1,-2
31,4372691,현대자동차.상공회의소,시험,평일,13,13.81,T3,14,11.88,T2,1
31,4372691,현대자동차.상공회의소,시험,평일,17,15.92,T3,19,7.85,T1,2
31,4372691,현대자동차.상공회의소,시험,토요일,10,13.97,T3,11,7.7,T1,1
31,4372691,현대자동차.상공회의소,계절학기,평일,13,13.87,T3,15,11.03,T2,2
31,4372691,현대자동차.상공회의소,방학,평일,13,13.61,T3,12,9.51,T2,-1
31,4372691,현대자동차.상공회의소,방학,토요일,11,15.74,T3,09,10.03,T2,-2
31,4372691,현대자동차.상공회의소,방학,토요일,12,13.82,T3,13,11.18,T2,1
31,4372701,우리병원,학기,토요일,10,14.93,T3,08,7.84,T1,-2
31,4372701,우리병원,학기,토요일,13,15.99,T3,15,11.49,T2,2
31,4372701,우리병원,시험,평일,12,15.2,T3,14,12.16,T2,2
31,4372701,우리병원,계절학기,평일,12,14.06,T3,10,12.01,T2,-2
31,4372701,우리병원,계절학기,평일,14,13.38,T3,15,12.61,T2,1
31,4372701,우리병원,방학,평일,10,13.86,T3,08,9.1,T2,-2
31,4372701,우리병원,방학,평일,13,14.82,T3,14,11.33,T2,1
31,4372701,우리병원,방학,평일,15,14.14,T3,14,11.33,T2,-1
31,4372701,우리병원,방학,토요일,10,13.69,T3,08,9.08,T2,-2
31,4372711,북원교,학기,토요일,11,13.34,T3,09,10.85,T2,-2
31,4372711,북원교,학기,토요일,13,15.66,T3,15,8.92,T1,2
31,4372711,북원교,시험,평일,17,14.36,T3,19,8.8,T1,2
31,4372711,북원교,계절학기,평일,13,13.68,T3,12,11.9,T2,-1
31,4372711,북원교,계절학기,평일,15,13.55,T3,17,9.09,T2,2
31,4372711,북원교,방학,평일,13,13.7,T3,12,10.29,T2,-1
31,4372711,북원교,방학,평일,14,14.1,T3,12,10.29,T2,-2
31,4372711,북원교,방학,토요일,11,13.78,T3,09,11.37,T2,-2
31,4372721,태장삼거리,시험,평일,08,13.61,T3,10,10.23,T2,2
31,4372721,태장삼거리,시험,평일,12,14.32,T3,10,10.23,T2,-2
31,4372721,태장삼거리,시험,평일,16,14.59,T3,18,9.36,T2,2
31,4372721,태장삼거리,시험,토요일,13,13.84,T3,12,11.21,T2,-1
31,4372721,태장삼거리,시험,일요일·공휴일,13,16.86,T3,14,9.7,T2,1
31,4372721,태장삼거리,방학,토요일,10,13.36,T3,09,6.61,T1,-1
31,4372721,태장삼거리,방학,토요일,12,13.82,T3,14,8.57,T1,2
31,4372731,태장2동,시험,평일,09,13.92,T3,07,10.82,T2,-2
31,4372731,태장2동,시험,평일,13,13.81,T3,14,11.31,T2,1
31,4372731,태장2동,시험,평일,15,13.43,T3,14,11.31,T2,-1
31,4372731,태장2동,시험,평일,16,15.52,T3,18,8.61,T1,2
31,4372731,태장2동,시험,평일,17,14.08,T3,19,6.54,T1,2
31,4372751,우성아파트,학기,토요일,10,15.09,T3,08,8.48,T1,-2
31,4372751,우성아파트,학기,토요일,13,14.49,T3,12,10.96,T2,-1
31,4372751,우성아파트,시험,평일,07,13.45,T3,08,10.79,T2,1
31,4372751,우성아파트,시험,평일,12,14.04,T3,10,10.55,T2,-2
31,4372751,우성아파트,시험,평일,16,14.35,T3,18,9.27,T2,2
31,4372751,우성아파트,방학,토요일,10,13.69,T3,08,8.41,T1,-2
31,4372761,장양초등학교,학기,평일,15,13.4,T3,14,9.07,T2,-1
31,4372761,장양초등학교,방학,토요일,10,13.36,T3,09,8.74,T1,-1
31,4372771,태장농공단지,시험,평일,09,13.59,T3,08,9.29,T2,-1
31,4372771,태장농공단지,시험,평일,13,13.48,T3,12,10.53,T2,-1
31,4372771,태장농공단지,방학,토요일,10,14.02,T3,08,8.41,T1,-2
31,4372781,KGC인삼공사원주공장,학기,평일,16,14.03,T3,18,4.94,T1,2
31,4372781,KGC인삼공사원주공장,학기,토요일,10,14.42,T3,08,8.48,T1,-2
31,4372781,KGC인삼공사원주공장,학기,토요일,12,13.61,T3,13,11.85,T2,1
31,4372781,KGC인삼공사원주공장,시험,평일,17,14.08,T3,19,7.3,T1,2
31,4372781,KGC인삼공사원주공장,계절학기,평일,13,13.35,T3,15,8.81,T1,2
31,4372781,KGC인삼공사원주공장,방학,평일,10,14.98,T3,08,5.5,T1,-2
31,4372781,KGC인삼공사원주공장,방학,평일,11,13.19,T3,09,8.3,T1,-2
31,4372791,영진아파트,학기,평일,16,14.03,T3,18,4.07,T1,2
31,4372791,영진아파트,학기,토요일,11,13.73,T3,09,10.83,T2,-2
31,4372791,영진아파트,학기,토요일,12,13.61,T3,14,10.91,T2,2
31,4372791,영진아파트,학기,토요일,13,13.82,T3,14,10.91,T2,1
31,4372791,영진아파트,방학,평일,13,14.82,T3,15,7.24,T1,2
31,4372791,영진아파트,방학,토요일,10,13.69,T3,09,10.53,T2,-1
31,4372801,부안동,시험,평일,09,13.59,T3,10,12.31,T2,1
31,4372801,부안동,방학,평일,11,13.19,T3,09,8.55,T1,-2
31,4372811,원대,학기,토요일,10,14.42,T3,11,11.48,T2,1
31,4372811,원대,시험,평일,12,13.37,T3,10,12.31,T2,-2
31,4372901,원대,학기,평일,13,13.87,T3,11,7.86,T1,-2
31,4372901,원대,시험,평일,09,13.92,T3,07,12.29,T2,-2
31,4372901,원대,계절학기,평일,13,13.68,T3,12,10.73,T2,-1
31,4372901,원대,방학,평일,10,14.65,T3,08,9.5,T2,-2
31,4372901,원대,방학,평일,12,13.93,T3,14,12.94,T2,2
31,4372901,원대,방학,평일,16,13.48,T3,18,10.36,T2,2
31,4372911,소초농협앞,학기,평일,13,13.87,T3,11,7.86,T1,-2
31,4372911,소초농협앞,학기,평일,15,13.4,T3,14,12.1,T2,-1
31,4372911,소초농협앞,계절학기,평일,15,13.22,T3,17,10.3,T2,2
31,4372911,소초농협앞,방학,평일,16,13.48,T3,14,12.6,T2,-2
31,4372921,영진아파트,학기,토요일,10,14.76,T3,08,7.49,T1,-2
31,4372921,영진아파트,시험,평일,09,13.92,T3,11,10.68,T2,2
31,4372921,영진아파트,시험,평일,17,14.75,T3,19,6.48,T1,2
31,4372921,영진아파트,계절학기,평일,13,13.68,T3,11,7.16,T1,-2
31,4372921,영진아파트,계절학기,평일,15,13.22,T3,16,9.36,T2,1
31,4372931,KGC인삼공사원주공장,학기,토요일,11,14.57,T3,09,9.85,T2,-2
31,4372931,KGC인삼공사원주공장,학기,토요일,13,14.16,T3,15,9.49,T2,2
31,4372931,KGC인삼공사원주공장,시험,평일,16,14.35,T3,17,12.93,T2,1
31,4372931,KGC인삼공사원주공장,방학,평일,11,13.86,T3,10,10.43,T2,-1
31,4372931,KGC인삼공사원주공장,방학,평일,13,13.56,T3,14,9.51,T2,1
31,4372931,KGC인삼공사원주공장,방학,토요일,11,13.41,T3,10,12.14,T2,-1
31,4372941,한국도로공사,학기,토요일,10,14.42,T3,08,8.89,T1,-2
31,4372941,한국도로공사,시험,평일,09,13.92,T3,07,10.82,T2,-2
31,4372941,한국도로공사,시험,평일,12,13.7,T3,11,11.79,T2,-1
31,4372941,한국도로공사,시험,평일,13,14.15,T3,11,11.79,T2,-2
31,4372941,한국도로공사,시험,평일,16,14.68,T3,17,12.05,T2,1
31,4372961,우성아파트,학기,토요일,10,14.76,T3,09,8.33,T1,-1
31,4372961,우성아파트,학기,토요일,13,14.16,T3,14,10.35,T2,1
31,4372961,우성아파트,시험,평일,12,13.7,T3,11,9.84,T2,-1
31,4372961,우성아파트,시험,평일,13,14.15,T3,11,9.84,T2,-2
31,4372961,우성아파트,시험,평일,15,13.77,T3,14,13.19,T2,-1
31,4372961,우성아파트,시험,평일,17,14.21,T3,19,7.64,T1,2
31,4372961,우성아파트,시험,토요일,13,14.68,T3,15,11.04,T2,2
31,4372961,우성아파트,시험,일요일·공휴일,12,13.45,T3,14,10.04,T2,2
31,4372961,우성아파트,방학,토요일,10,14.02,T3,08,7.15,T1,-2
31,4372961,우성아파트,방학,토요일,11,14.24,T3,09,10.53,T2,-2
31,4372971,북원중학교,학기,토요일,10,14.76,T3,08,10.07,T2,-2
31,4372971,북원중학교,시험,평일,09,15.09,T3,11,10.68,T2,2
31,4372971,북원중학교,시험,토요일,13,15.01,T3,11,7.12,T1,-2
31,4372971,북원중학교,시험,일요일·공휴일,12,13.79,T3,11,10.47,T2,-1
31,4372971,북원중학교,계절학기,토요일,17,14.34,T3,19,6.2,T1,2
31,4372971,북원중학교,방학,평일,10,14.98,T3,08,8.42,T1,-2
31,4372971,북원중학교,방학,평일,13,13.27,T3,15,9.43,T2,2
31,4372971,북원중학교,방학,토요일,11,13.74,T3,13,10.58,T2,2
31,4372981,태장2동,시험,평일,09,14.32,T3,11,9.69,T2,2
31,4372981,태장2동,시험,평일,17,13.64,T3,19,8.39,T1,2
31,4372981,태장2동,시험,일요일·공휴일,12,14.45,T3,14,11.2,T2,2
31,4372981,태장2동,시험,일요일·공휴일,15,13.4,T3,14,11.2,T2,-1
31,4372981,태장2동,계절학기,평일,13,14.85,T3,12,9.03,T2,-1
31,4372981,태장2동,방학,토요일,10,14.52,T3,09,9.31,T2,-1
31,4372981,태장2동,방학,토요일,12,14.08,T3,14,8.2,T1,2
31,4372991,한일주유소,학기,평일,18,13.52,T3,19,5.77,T1,1
31,4372991,한일주유소,학기,토요일,11,13.28,T3,09,9.3,T2,-2
31,4372991,한일주유소,학기,토요일,12,15.14,T3,14,10.5,T2,2
31,4372991,한일주유소,시험,평일,09,13.95,T3,11,9.78,T2,2
31,4372991,한일주유소,시험,평일,12,14.04,T3,11,9.78,T2,-1
31,4372991,한일주유소,시험,평일,16,15.1,T3,14,12.14,T2,-2
31,4372991,한일주유소,시험,평일,17,14.21,T3,15,12.76,T2,-2
31,4372991,한일주유소,시험,토요일,12,14.54,T3,10,12.81,T2,-2
31,4372991,한일주유소,시험,일요일·공휴일,12,15.29,T3,11,10.8,T2,-1
31,4372991,한일주유소,시험,일요일·공휴일,13,17.53,T3,11,10.8,T2,-2
31,4372991,한일주유소,계절학기,토요일,17,13.67,T3,16,11.52,T2,-1
31,4372991,한일주유소,방학,토요일,12,14.25,T3,11,12.06,T2,-1
31,4372991,한일주유소,방학,토요일,13,14.27,T3,15,9.63,T2,2
31,4373001,북원교,학기,평일,09,13.56,T3,11,10.4,T2,2
31,4373001,북원교,학기,평일,13,14.89,T3,11,10.4,T2,-2
31,4373001,북원교,학기,토요일,13,15.32,T3,15,11.91,T2,2
31,4373001,북원교,계절학기,평일,16,13.2,T3,17,10.09,T2,1
31,4373001,북원교,방학,평일,11,14.17,T3,09,12.57,T2,-2
31,4373001,북원교,방학,평일,14,13.66,T3,15,11.92,T2,1
31,4373001,북원교,방학,평일,16,14.65,T3,18,9.6,T2,2
31,4373001,북원교,방학,토요일,12,14.62,T3,14,9.74,T2,2
31,4373021,현대자동차.상공회의소,학기,평일,18,13.52,T3,20,5.12,T1,2
31,4373021,현대자동차.상공회의소,학기,토요일,11,14.03,T3,09,9.5,T2,-2
31,4373021,현대자동차.상공회의소,학기,토요일,12,18.4,T3,14,10.94,T2,2
31,4373021,현대자동차.상공회의소,학기,토요일,13,14.99,T3,15,8.45,T1,2
31,4373021,현대자동차.상공회의소,학기,일요일·공휴일,12,13.85,T3,13,9.4,T2,1
31,4373021,현대자동차.상공회의소,시험,평일,07,13.91,T3,06,8.07,T1,-1
31,4373021,현대자동차.상공회의소,시험,평일,09,14.32,T3,11,9.08,T2,2
31,4373021,현대자동차.상공회의소,시험,평일,13,13.84,T3,11,9.08,T2,-2
31,4373021,현대자동차.상공회의소,시험,평일,14,14.36,T3,16,12.87,T2,2
31,4373021,현대자동차.상공회의소,시험,평일,15,13.44,T3,16,12.87,T2,1
31,4373021,현대자동차.상공회의소,시험,평일,17,15.58,T3,19,7.33,T1,2
31,4373021,현대자동차.상공회의소,시험,토요일,12,14.88,T3,14,6.95,T1,2
31,4373021,현대자동차.상공회의소,시험,토요일,13,15.84,T3,14,6.95,T1,1
31,4373021,현대자동차.상공회의소,시험,일요일·공휴일,12,16.29,T3,11,10.8,T2,-1
31,4373021,현대자동차.상공회의소,계절학기,토요일,12,14.89,T3,14,12.35,T2,2
31,4373021,현대자동차.상공회의소,계절학기,토요일,17,15.84,T3,19,6.2,T1,2
31,4373021,현대자동차.상공회의소,방학,평일,08,13.37,T3,06,6.04,T1,-2
31,4373021,현대자동차.상공회의소,방학,토요일,12,18.7,T3,13,12.08,T2,1
31,4373021,현대자동차.상공회의소,방학,일요일·공휴일,12,13.77,T3,11,6.78,T1,-1
31,4373031,강원정비기술학원,학기,토요일,08,14.03,T3,07,6.82,T1,-1
31,4373031,강원정비기술학원,학기,토요일,11,16.14,T3,09,9.0,T1,-2
31,4373031,강원정비기술학원,학기,토요일,12,21.4,T3,14,9.81,T2,2
31,4373031,강원정비기술학원,학기,토요일,13,13.45,T3,14,9.81,T2,1
31,4373031,강원정비기술학원,학기,일요일·공휴일,12,14.08,T3,11,7.67,T1,-1
31,4373031,강원정비기술학원,학기,일요일·공휴일,13,13.89,T3,11,7.67,T1,-2
31,4373031,강원정비기술학원,시험,평일,07,13.45,T3,06,7.43,T1,-1
31,4373031,강원정비기술학원,시험,평일,09,16.59,T3,10,11.82,T2,1
31,4373031,강원정비기술학원,시험,평일,14,14.02,T3,16,11.68,T2,2
31,4373031,강원정비기술학원,시험,평일,17,14.69,T3,19,6.98,T1,2
31,4373031,강원정비기술학원,시험,토요일,12,15.38,T3,11,7.45,T1,-1
31,4373031,강원정비기술학원,시험,토요일,13,15.84,T3,11,7.45,T1,-2
31,4373031,강원정비기술학원,시험,일요일·공휴일,12,16.29,T3,11,10.47,T2,-1
31,4373031,강원정비기술학원,시험,일요일·공휴일,13,18.69,T3,11,10.47,T2,-2
31,4373031,강원정비기술학원,계절학기,토요일,12,17.18,T3,13,10.23,T2,1
31,4373031,강원정비기술학원,계절학기,토요일,17,15.17,T3,19,5.89,T1,2
31,4373031,강원정비기술학원,방학,토요일,10,13.27,T3,09,9.02,T1,-1
31,4373031,강원정비기술학원,방학,토요일,12,18.87,T3,11,11.25,T2,-1
31,4373031,강원정비기술학원,방학,일요일·공휴일,12,16.48,T3,11,7.38,T1,-1
31,4373041,우산철교.폴리텍대학,학기,평일,07,13.35,T3,05,6.65,T1,-2
31,4373041,우산철교.폴리텍대학,학기,토요일,08,15.09,T3,07,7.65,T1,-1
31,4373041,우산철교.폴리텍대학,학기,토요일,10,15.22,T3,09,11.66,T2,-1
31,4373041,우산철교.폴리텍대학,학기,토요일,11,16.04,T3,09,11.66,T2,-2
31,4373041,우산철교.폴리텍대학,학기,토요일,12,23.42,T3,14,10.93,T2,2
31,4373041,우산철교.폴리텍대학,학기,일요일·공휴일,13,13.87,T3,14,7.41,T1,1
31,4373041,우산철교.폴리텍대학,시험,평일,07,13.97,T3,06,7.63,T1,-1
31,4373041,우산철교.폴리텍대학,시험,평일,11,15.96,T3,13,13.11,T2,2
31,4373041,우산철교.폴리텍대학,시험,평일,12,13.7,T3,14,13.02,T2,2
31,4373041,우산철교.폴리텍대학,시험,평일,15,13.43,T3,14,13.02,T2,-1
31,4373041,우산철교.폴리텍대학,시험,평일,16,15.85,T3,18,12.32,T2,2
31,4373041,우산철교.폴리텍대학,시험,평일,17,13.44,T3,18,12.32,T2,1
31,4373041,우산철교.폴리텍대학,계절학기,평일,13,13.76,T3,12,10.3,T2,-1
31,4373041,우산철교.폴리텍대학,계절학기,평일,14,13.67,T3,12,10.3,T2,-2
31,4373041,우산철교.폴리텍대학,계절학기,토요일,12,14.87,T3,14,10.51,T2,2
31,4373041,우산철교.폴리텍대학,계절학기,토요일,17,16.17,T3,18,2.62,T1,1
31,4373041,우산철교.폴리텍대학,방학,평일,13,13.29,T3,15,10.43,T2,2
31,4373041,우산철교.폴리텍대학,방학,토요일,10,14.52,T3,09,10.87,T2,-1
31,4373041,우산철교.폴리텍대학,방학,토요일,12,18.47,T3,13,11.83,T2,1
31,4373041,우산철교.폴리텍대학,방학,일요일·공휴일,12,15.64,T3,11,9.17,T2,-1
31,4373051,단계사거리,학기,평일,07,14.57,T3,05,8.23,T1,-2
31,4373051,단계사거리,학기,평일,09,13.25,T3,10,10.35,T2,1
31,4373051,단계사거리,학기,토요일,08,14.87,T3,07,7.84,T1,-1
31,4373051,단계사거리,학기,토요일,10,15.79,T3,09,11.09,T2,-1
31,4373051,단계사거리,학기,토요일,11,18.67,T3,09,11.09,T2,-2
31,4373051,단계사거리,학기,토요일,12,23.88,T3,14,11.58,T2,2
31,4373051,단계사거리,학기,토요일,13,15.99,T3,15,10.49,T2,2
31,4373051,단계사거리,학기,토요일,16,13.42,T3,18,7.91,T1,2
31,4373051,단계사거리,학기,일요일·공휴일,12,16.67,T3,11,10.37,T2,-1
31,4373051,단계사거리,학기,일요일·공휴일,20,14.53,T3,19,7.01,T1,-1
31,4373051,단계사거리,시험,평일,07,14.62,T3,06,10.21,T2,-1
31,4373051,단계사거리,시험,평일,08,13.21,T3,06,10.21,T2,-2
31,4373051,단계사거리,시험,평일,09,16.59,T3,10,12.1,T2,1
31,4373051,단계사거리,시험,평일,13,14.65,T3,11,12.96,T2,-2
31,4373051,단계사거리,시험,평일,17,15.17,T3,19,8.54,T1,2
31,4373051,단계사거리,계절학기,평일,10,14.01,T3,08,11.2,T2,-2
31,4373051,단계사거리,계절학기,평일,11,15.71,T3,09,11.21,T2,-2
31,4373051,단계사거리,계절학기,평일,13,13.44,T3,15,10.69,T2,2
31,4373051,단계사거리,계절학기,토요일,17,17.01,T3,18,2.62,T1,1
31,4373051,단계사거리,방학,평일,08,13.85,T3,06,7.62,T1,-2
31,4373051,단계사거리,방학,평일,12,14.2,T3,10,10.06,T2,-2
31,4373051,단계사거리,방학,토요일,12,19.3,T3,14,9.74,T2,2
31,4373051,단계사거리,방학,토요일,13,14.6,T3,14,9.74,T2,1
31,4373051,단계사거리,방학,일요일·공휴일,12,17.16,T3,11,7.43,T1,-1
31,4373111,장양리차고지,학기,토요일,11,13.73,T3,12,10.96,T2,1
31,4373111,장양리차고지,시험,평일,16,15.18,T3,17,10.5,T2,1
31,4373111,장양리차고지,계절학기,평일,13,13.68,T3,14,11.38,T2,1
31,4373111,장양리차고지,방학,평일,10,14.65,T3,08,10.42,T2,-2
31,4373111,장양리차고지,방학,평일,11,13.53,T3,13,10.77,T2,2
31,4373651,장양리차고지,학기,평일,17,13.51,T3,19,6.77,T1,2
31,4373651,장양리차고지,학기,토요일,10,14.42,T3,08,8.48,T1,-2
31,4373651,장양리차고지,학기,토요일,11,13.4,T3,09,9.28,T2,-2
31,4373651,장양리차고지,시험,평일,13,13.48,T3,11,11.46,T2,-2
31,4373651,장양리차고지,계절학기,평일,13,13.35,T3,15,12.88,T2,2
31,4373651,장양리차고지,방학,평일,10,14.32,T3,08,8.64,T1,-2
31,4373651,장양리차고지,방학,토요일,10,13.36,T3,12,12.46,T2,2
31,4373981,도영쇼핑,학기,평일,07,13.35,T3,06,7.23,T1,-1
31,4373981,도영쇼핑,학기,평일,08,13.29,T3,06,7.23,T1,-2
31,4373981,도영쇼핑,학기,평일,17,24.53,T3,19,11.71,T2,2
31,4373981,도영쇼핑,학기,평일,18,19.18,T3,20,9.77,T2,2
31,4373981,도영쇼핑,학기,토요일,10,18.58,T3,08,9.06,T2,-2
31,4373981,도영쇼핑,학기,토요일,11,13.96,T3,09,11.46,T2,-2
31,4373981,도영쇼핑,학기,토요일,13,21.3,T3,15,13.11,T2,2
31,4373981,도영쇼핑,학기,토요일,14,14.87,T3,15,13.11,T2,1
31,4373981,도영쇼핑,학기,토요일,16,18.78,T3,17,12.75,T2,1
31,4373981,도영쇼핑,학기,토요일,18,14.86,T3,20,7.92,T1,2
31,4373981,도영쇼핑,학기,일요일·공휴일,15,13.22,T3,14,12.54,T2,-1
31,4373981,도영쇼핑,학기,일요일·공휴일,16,14.88,T3,14,12.54,T2,-2
31,4373981,도영쇼핑,학기,일요일·공휴일,17,14.26,T3,19,11.47,T2,2
31,4373981,도영쇼핑,학기,일요일·공휴일,18,13.78,T3,19,11.47,T2,1
31,4373981,도영쇼핑,학기,일요일·공휴일,20,20.01,T3,19,11.47,T2,-1
31,4373981,도영쇼핑,시험,평일,07,14.21,T3,06,9.6,T2,-1
31,4373981,도영쇼핑,시험,평일,09,19.06,T3,08,11.78,T2,-1
31,4373981,도영쇼핑,시험,평일,10,13.32,T3,08,11.78,T2,-2
31,4373981,도영쇼핑,시험,평일,17,18.65,T3,19,11.68,T2,2
31,4373981,도영쇼핑,시험,평일,18,13.66,T3,20,8.69,T1,2
31,4373981,도영쇼핑,시험,토요일,09,15.63,T3,11,7.12,T1,2
31,4373981,도영쇼핑,시험,토요일,10,16.14,T3,11,7.12,T1,1
31,4373981,도영쇼핑,시험,토요일,13,15.84,T3,11,7.12,T1,-2
31,4373981,도영쇼핑,시험,토요일,16,17.11,T3,14,8.28,T1,-2
31,4373981,도영쇼핑,시험,일요일·공휴일,13,23.52,T3,11,11.97,T2,-2
31,4373981,도영쇼핑,시험,일요일·공휴일,15,17.07,T3,14,13.04,T2,-1
31,4373981,도영쇼핑,시험,일요일·공휴일,16,15.8,T3,14,13.04,T2,-2
31,4373981,도영쇼핑,계절학기,평일,10,14.5,T3,09,8.95,T1,-1
31,4373981,도영쇼핑,계절학기,평일,11,13.34,T3,09,8.95,T1,-2
31,4373981,도영쇼핑,계절학기,평일,17,16.07,T3,19,9.71,T2,2
31,4373981,도영쇼핑,계절학기,평일,18,18.39,T3,20,9.13,T2,2
31,4373981,도영쇼핑,계절학기,토요일,12,14.04,T3,10,8.38,T1,-2
31,4373981,도영쇼핑,계절학기,토요일,14,13.73,T3,15,10.4,T2,1
31,4373981,도영쇼핑,계절학기,토요일,17,15.86,T3,19,7.75,T1,2
31,4373981,도영쇼핑,방학,평일,10,15.48,T3,09,10.4,T2,-1
31,4373981,도영쇼핑,방학,평일,11,14.35,T3,09,10.4,T2,-2
31,4373981,도영쇼핑,방학,평일,17,17.17,T3,19,8.55,T1,2
31,4373981,도영쇼핑,방학,평일,18,19.39,T3,20,7.17,T1,2
31,4373981,도영쇼핑,방학,토요일,10,16.46,T3,09,11.7,T2,-1
31,4373981,도영쇼핑,방학,토요일,11,16.04,T3,09,11.7,T2,-2
31,4373981,도영쇼핑,방학,토요일,12,16.22,T3,14,10.49,T2,2
31,4373981,도영쇼핑,방학,토요일,13,15.09,T3,14,10.49,T2,1
31,4373981,도영쇼핑,방학,토요일,15,15.04,T3,14,10.49,T2,-1
31,4373981,도영쇼핑,방학,토요일,16,16.37,T3,18,10.4,T2,2
31,4373981,도영쇼핑,방학,일요일·공휴일,13,13.79,T3,11,8.67,T1,-2
31,4373981,도영쇼핑,방학,일요일·공휴일,16,13.83,T3,15,9.68,T2,-1
31,4374311,지하상가사거리,학기,평일,11,13.89,T3,09,11.49,T2,-2
31,4374311,지하상가사거리,학기,평일,12,14.94,T3,10,12.59,T2,-2
31,4374311,지하상가사거리,학기,평일,17,22.3,T3,19,9.39,T2,2
31,4374311,지하상가사거리,학기,평일,18,18.36,T3,20,4.97,T1,2
31,4374311,지하상가사거리,학기,토요일,10,17.32,T3,08,8.22,T1,-2
31,4374311,지하상가사거리,학기,토요일,11,18.36,T3,09,13.06,T2,-2
31,4374311,지하상가사거리,학기,토요일,15,17.88,T3,17,12.71,T2,2
31,4374311,지하상가사거리,학기,토요일,16,20.23,T3,17,12.71,T2,1
31,4374311,지하상가사거리,학기,일요일·공휴일,10,16.3,T3,08,8.14,T1,-2
31,4374311,지하상가사거리,학기,일요일·공휴일,13,14.4,T3,12,10.6,T2,-1
31,4374311,지하상가사거리,학기,일요일·공휴일,15,13.51,T3,14,12.67,T2,-1
31,4374311,지하상가사거리,학기,일요일·공휴일,16,13.25,T3,14,12.67,T2,-2
31,4374311,지하상가사거리,학기,일요일·공휴일,17,15.09,T3,19,10.51,T2,2
31,4374311,지하상가사거리,시험,평일,07,14.95,T3,08,12.48,T2,1
31,4374311,지하상가사거리,시험,평일,09,13.89,T3,10,11.21,T2,1
31,4374311,지하상가사거리,시험,평일,11,14.53,T3,10,11.21,T2,-1
31,4374311,지하상가사거리,시험,평일,12,17.28,T3,10,11.21,T2,-2
31,4374311,지하상가사거리,시험,평일,17,18.83,T3,19,8.47,T1,2
31,4374311,지하상가사거리,시험,평일,18,17.32,T3,19,8.47,T1,1
31,4374311,지하상가사거리,시험,토요일,09,13.46,T3,08,9.7,T2,-1
31,4374311,지하상가사거리,시험,토요일,13,17.18,T3,14,7.28,T1,1
31,4374311,지하상가사거리,시험,토요일,16,14.61,T3,14,7.28,T1,-2
31,4374311,지하상가사거리,계절학기,평일,11,15.48,T3,12,10.49,T2,1
31,4374311,지하상가사거리,계절학기,평일,14,17.58,T3,12,10.49,T2,-2
31,4374311,지하상가사거리,계절학기,평일,15,20.44,T3,13,12.61,T2,-2
31,4374311,지하상가사거리,계절학기,평일,17,14.59,T3,19,6.87,T1,2
31,4374311,지하상가사거리,계절학기,평일,18,17.58,T3,20,6.01,T1,2
31,4374311,지하상가사거리,계절학기,토요일,12,14.32,T3,14,12.73,T2,2
31,4374311,지하상가사거리,방학,평일,10,15.31,T3,08,9.58,T2,-2
31,4374311,지하상가사거리,방학,평일,11,17.3,T3,09,11.78,T2,-2
31,4374311,지하상가사거리,방학,평일,17,18.68,T3,19,8.74,T1,2
31,4374311,지하상가사거리,방학,평일,18,21.31,T3,20,5.28,T1,2
31,4374311,지하상가사거리,방학,토요일,10,13.81,T3,08,9.35,T2,-2
31,4374311,지하상가사거리,방학,토요일,11,18.27,T3,09,12.47,T2,-2
31,4374311,지하상가사거리,방학,토요일,12,16.59,T3,14,10.74,T2,2
31,4374311,지하상가사거리,방학,토요일,13,17.96,T3,14,10.74,T2,1
31,4374311,지하상가사거리,방학,토요일,15,14.08,T3,14,10.74,T2,-1
31,4374311,지하상가사거리,방학,토요일,16,15.12,T3,14,10.74,T2,-2
31,4374311,지하상가사거리,방학,토요일,17,13.28,T3,19,6.48,T1,2
31,4374311,지하상가사거리,방학,일요일·공휴일,10,14.36,T3,08,7.58,T1,-2
31,4374311,지하상가사거리,방학,일요일·공휴일,12,14.86,T3,13,12.15,T2,1
31,4374311,지하상가사거리,방학,일요일·공휴일,14,14.92,T3,13,12.15,T2,-1
31,4374311,지하상가사거리,방학,일요일·공휴일,15,17.05,T3,17,11.87,T2,2
31,4374441,도영쇼핑,학기,평일,17,17.81,T3,19,9.47,T2,2
31,4374441,도영쇼핑,학기,평일,18,13.28,T3,20,5.01,T1,2
31,4374441,도영쇼핑,학기,토요일,08,16.09,T3,07,12.34,T2,-1
31,4374441,도영쇼핑,학기,토요일,09,19.65,T3,07,12.34,T2,-2
31,4374441,도영쇼핑,학기,토요일,15,15.76,T3,17,12.08,T2,2
31,4374441,도영쇼핑,학기,토요일,16,14.31,T3,18,9.85,T2,2
31,4374441,도영쇼핑,학기,일요일·공휴일,10,26.19,T3,08,11.5,T2,-2
31,4374441,도영쇼핑,학기,일요일·공휴일,11,14.1,T3,13,11.82,T2,2
31,4374441,도영쇼핑,학기,일요일·공휴일,12,15.62,T3,13,11.82,T2,1
31,4374441,도영쇼핑,학기,일요일·공휴일,15,15.15,T3,16,9.82,T2,1
31,4374441,도영쇼핑,시험,평일,16,22.31,T3,18,11.99,T2,2
31,4374441,도영쇼핑,시험,평일,17,23.4,T3,19,8.18,T1,2
31,4374441,도영쇼핑,시험,토요일,08,13.53,T3,07,11.63,T2,-1
31,4374441,도영쇼핑,시험,토요일,09,14.96,T3,07,11.63,T2,-2
31,4374441,도영쇼핑,시험,토요일,12,13.54,T3,14,7.78,T1,2
31,4374441,도영쇼핑,시험,토요일,13,16.51,T3,14,7.78,T1,1
31,4374441,도영쇼핑,시험,토요일,15,14.29,T3,14,7.78,T1,-1
31,4374441,도영쇼핑,시험,토요일,16,13.77,T3,14,7.78,T1,-2
31,4374441,도영쇼핑,시험,일요일·공휴일,09,13.69,T3,07,6.17,T1,-2
31,4374441,도영쇼핑,시험,일요일·공휴일,10,18.09,T3,08,10.05,T2,-2
31,4374441,도영쇼핑,시험,일요일·공휴일,12,15.62,T3,14,11.54,T2,2
31,4374441,도영쇼핑,시험,일요일·공휴일,13,20.86,T3,14,11.54,T2,1
31,4374441,도영쇼핑,시험,일요일·공휴일,15,15.57,T3,14,11.54,T2,-1
31,4374441,도영쇼핑,계절학기,평일,15,17.92,T3,17,13.18,T2,2
31,4374441,도영쇼핑,계절학기,평일,16,15.47,T3,18,10.84,T2,2
31,4374441,도영쇼핑,계절학기,토요일,08,14.17,T3,07,7.5,T1,-1
31,4374441,도영쇼핑,계절학기,토요일,09,13.63,T3,07,7.5,T1,-2
31,4374441,도영쇼핑,계절학기,토요일,11,16.83,T3,10,12.38,T2,-1
31,4374441,도영쇼핑,계절학기,토요일,12,20.37,T3,10,12.38,T2,-2
31,4374441,도영쇼핑,계절학기,토요일,14,14.01,T3,15,9.54,T2,1
31,4374441,도영쇼핑,계절학기,토요일,17,17.01,T3,19,6.2,T1,2
31,4374441,도영쇼핑,방학,평일,14,21.03,T3,16,11.35,T2,2
31,4374441,도영쇼핑,방학,평일,15,19.56,T3,16,11.35,T2,1
31,4374441,도영쇼핑,방학,평일,17,18.9,T3,19,6.54,T1,2
31,4374441,도영쇼핑,방학,토요일,08,13.94,T3,07,9.57,T2,-1
31,4374441,도영쇼핑,방학,토요일,09,17.97,T3,07,9.57,T2,-2
31,4374441,도영쇼핑,방학,토요일,12,18.52,T3,14,12.04,T2,2
31,4374441,도영쇼핑,방학,토요일,13,19.06,T3,14,12.04,T2,1
31,4374441,도영쇼핑,방학,토요일,15,14.54,T3,17,10.65,T2,2
31,4374441,도영쇼핑,방학,일요일·공휴일,09,14.11,T3,08,8.23,T1,-1
31,4374441,도영쇼핑,방학,일요일·공휴일,10,19.31,T3,08,8.23,T1,-2
31,4374441,도영쇼핑,방학,일요일·공휴일,11,13.29,T3,12,10.81,T2,1
31,4374441,도영쇼핑,방학,일요일·공휴일,13,17.46,T3,12,10.81,T2,-1
31,4374441,도영쇼핑,방학,일요일·공휴일,15,13.39,T3,17,9.91,T2,2
31,4374661,롯데아파트,학기,평일,15,14.18,T3,13,8.78,T1,-2
31,4374661,롯데아파트,학기,토요일,10,13.35,T3,08,8.87,T1,-2
31,4374661,롯데아파트,학기,토요일,12,13.47,T3,13,11.66,T2,1
31,4374661,롯데아파트,학기,토요일,14,13.5,T3,15,9.81,T2,1
31,4374661,롯데아파트,학기,일요일·공휴일,19,13.71,T3,21,6.57,T1,2
31,4374661,롯데아파트,시험,평일,08,13.88,T3,07,12.63,T2,-1
31,4374661,롯데아파트,시험,평일,09,13.92,T3,11,11.96,T2,2
31,4374661,롯데아파트,시험,평일,10,15.31,T3,11,11.96,T2,1
31,4374661,롯데아파트,시험,평일,12,14.53,T3,14,11.27,T2,2
31,4374661,롯데아파트,시험,평일,15,14.09,T3,14,11.27,T2,-1
31,4374661,롯데아파트,시험,평일,16,15.01,T3,14,11.27,T2,-2
31,4374661,롯데아파트,시험,평일,17,15.58,T3,19,7.3,T1,2
31,4374661,롯데아파트,시험,평일,18,13.43,T3,19,7.3,T1,1
31,4374661,롯데아파트,시험,토요일,16,14.11,T3,18,10.89,T2,2
31,4374661,롯데아파트,시험,일요일·공휴일,16,14.64,T3,17,10.4,T2,1
31,4374661,롯데아파트,시험,일요일·공휴일,19,13.68,T3,17,10.4,T2,-2
31,4374661,롯데아파트,계절학기,평일,11,14.61,T3,09,9.45,T2,-2
31,4374661,롯데아파트,계절학기,평일,15,16.61,T3,17,11.1,T2,2
31,4374661,롯데아파트,계절학기,평일,16,13.65,T3,17,11.1,T2,1
31,4374661,롯데아파트,계절학기,평일,18,15.4,T3,20,5.36,T1,2
31,4374661,롯데아파트,계절학기,토요일,14,14.18,T3,15,9.13,T2,1
31,4374661,롯데아파트,방학,평일,15,14.55,T3,17,9.3,T2,2
31,4374661,롯데아파트,방학,평일,16,16.18,T3,17,9.3,T2,1
31,4374661,롯데아파트,방학,평일,18,15.4,T3,20,4.77,T1,2
31,4374661,롯데아파트,방학,토요일,10,14.02,T3,08,8.18,T1,-2
31,4374661,롯데아파트,방학,토요일,11,15.64,T3,09,9.53,T2,-2
31,4374661,롯데아파트,방학,토요일,12,16.96,T3,14,9.24,T2,2
31,4374661,롯데아파트,방학,토요일,13,13.94,T3,14,9.24,T2,1
31,4374671,단계현진아파트,학기,토요일,12,13.52,T3,10,11.05,T2,-2
31,4374671,단계현진아파트,학기,토요일,13,13.81,T3,11,11.76,T2,-2
31,4374671,단계현진아파트,학기,일요일·공휴일,10,14.02,T3,09,7.29,T1,-1
31,4374671,단계현진아파트,시험,평일,07,13.71,T3,08,11.85,T2,1
31,4374671,단계현진아파트,시험,평일,10,14.41,T3,08,11.85,T2,-2
31,4374671,단계현진아파트,시험,평일,12,14.02,T3,11,12.96,T2,-1
31,4374671,단계현진아파트,시험,평일,13,13.41,T3,15,12.8,T2,2
31,4374671,단계현진아파트,시험,평일,14,16.19,T3,15,12.8,T2,1
31,4374671,단계현진아파트,시험,평일,16,14.64,T3,15,12.8,T2,-1
31,4374671,단계현진아파트,시험,평일,17,15.21,T3,19,8.47,T1,2
31,4374671,단계현진아파트,시험,토요일,16,13.77,T3,18,11.39,T2,2
31,4374671,단계현진아파트,시험,일요일·공휴일,16,13.97,T3,17,10.9,T2,1
31,4374671,단계현진아파트,계절학기,평일,15,15.03,T3,17,8.62,T1,2
31,4374671,단계현진아파트,계절학기,평일,16,13.2,T3,17,8.62,T1,1
31,4374671,단계현진아파트,계절학기,토요일,14,13.51,T3,15,9.13,T2,1
31,4374671,단계현진아파트,계절학기,토요일,17,14.34,T3,15,9.13,T2,-2
31,4374671,단계현진아파트,방학,평일,08,15.23,T3,09,7.46,T1,1
31,4374671,단계현진아파트,방학,평일,12,13.55,T3,13,9.91,T2,1
31,4374671,단계현진아파트,방학,평일,15,14.1,T3,17,9.22,T2,2
31,4374671,단계현진아파트,방학,토요일,10,14.27,T3,08,9.08,T2,-2
31,4374671,단계현진아파트,방학,토요일,11,14.24,T3,09,11.7,T2,-2
31,4374671,단계현진아파트,방학,토요일,12,15.09,T3,14,8.92,T1,2
31,4374671,단계현진아파트,방학,토요일,13,15.77,T3,14,8.92,T1,1
31,4374671,단계현진아파트,방학,일요일·공휴일,10,14.17,T3,08,6.03,T1,-2
31,4374751,롯데아파트,학기,평일,06,15.24,T3,07,12.18,T2,1
31,4374751,롯데아파트,학기,평일,08,18.83,T3,07,12.18,T2,-1
31,4374751,롯데아파트,학기,평일,09,19.35,T3,07,12.18,T2,-2
31,4374751,롯데아파트,학기,평일,13,13.37,T3,15,12.66,T2,2
31,4374751,롯데아파트,학기,평일,14,15.9,T3,16,12.13,T2,2
31,4374751,롯데아파트,학기,토요일,08,14.73,T3,07,7.66,T1,-1
31,4374751,롯데아파트,학기,토요일,09,16.12,T3,07,7.66,T1,-2
31,4374751,롯데아파트,학기,토요일,12,21.58,T3,14,12.5,T2,2
31,4374751,롯데아파트,학기,토요일,13,16.88,T3,14,12.5,T2,1
31,4374751,롯데아파트,학기,일요일·공휴일,12,14.44,T3,13,12.08,T2,1
31,4374751,롯데아파트,시험,평일,07,14.19,T3,06,9.63,T2,-1
31,4374751,롯데아파트,시험,평일,08,14.2,T3,06,9.63,T2,-2
31,4374751,롯데아파트,시험,평일,16,13.59,T3,18,12.99,T2,2
31,4374751,롯데아파트,계절학기,평일,08,14.92,T3,06,9.85,T2,-2
31,4374751,롯데아파트,계절학기,평일,10,13.72,T3,12,12.23,T2,2
31,4374751,롯데아파트,계절학기,평일,11,14.54,T3,12,12.23,T2,1
31,4374751,롯데아파트,계절학기,평일,13,13.21,T3,12,12.23,T2,-1
31,4374751,롯데아파트,계절학기,평일,14,15.33,T3,12,12.23,T2,-2
31,4374751,롯데아파트,계절학기,평일,15,15.16,T3,17,11.47,T2,2
31,4374751,롯데아파트,계절학기,토요일,12,17.71,T3,11,12.14,T2,-1
31,4374751,롯데아파트,방학,평일,08,14.95,T3,07,9.02,T1,-1
31,4374751,롯데아파트,방학,평일,09,16.47,T3,07,9.02,T1,-2
31,4374751,롯데아파트,방학,평일,12,18.35,T3,14,12.97,T2,2
31,4374751,롯데아파트,방학,평일,13,16.45,T3,15,11.49,T2,2
31,4374751,롯데아파트,방학,평일,16,14.14,T3,15,11.49,T2,-1
31,4374751,롯데아파트,방학,평일,17,16.12,T3,19,7.21,T1,2
31,4374751,롯데아파트,방학,토요일,09,14.34,T3,07,7.28,T1,-2
31,4374751,롯데아파트,방학,토요일,10,16.02,T3,08,10.25,T2,-2
31,4374751,롯데아파트,방학,토요일,12,16.68,T3,14,10.4,T2,2
31,4374751,롯데아파트,방학,토요일,13,13.8,T3,14,10.4,T2,1
31,4374751,롯데아파트,방학,일요일·공휴일,12,16.53,T3,11,9.43,T2,-1
31,4374751,롯데아파트,방학,일요일·공휴일,13,13.62,T3,11,9.43,T2,-2
31,4375151,대동마을,학기,평일,08,15.36,T3,07,7.51,T1,-1
31,4375151,대동마을,학기,토요일,10,13.93,T3,08,8.23,T1,-2
31,4375151,대동마을,학기,토요일,11,15.34,T3,09,11.12,T2,-2
31,4375151,대동마을,학기,토요일,13,13.42,T3,15,10.74,T2,2
31,4375151,대동마을,시험,평일,08,15.92,T3,07,9.86,T2,-1
31,4375151,대동마을,시험,평일,12,13.7,T3,11,12.96,T2,-1
31,4375151,대동마을,계절학기,평일,13,14.52,T3,14,10.46,T2,1
31,4375151,대동마을,계절학기,평일,15,13.22,T3,14,10.46,T2,-1
31,4375151,대동마을,방학,평일,08,13.87,T3,07,4.12,T1,-1
31,4375151,대동마을,방학,토요일,10,14.86,T3,08,9.91,T2,-2
31,4375211,청구아파트,학기,평일,07,16.5,T3,06,9.05,T2,-1
31,4375211,청구아파트,학기,평일,08,15.96,T3,06,9.05,T2,-2
31,4375211,청구아파트,학기,평일,17,20.71,T3,19,11.67,T2,2
31,4375211,청구아파트,학기,평일,18,17.57,T3,20,9.08,T2,2
31,4375211,청구아파트,학기,토요일,10,15.96,T3,08,9.36,T2,-2
31,4375211,청구아파트,학기,토요일,11,13.49,T3,09,10.77,T2,-2
31,4375211,청구아파트,학기,토요일,13,21.16,T3,15,12.4,T2,2
31,4375211,청구아파트,학기,토요일,14,13.97,T3,15,12.4,T2,1
31,4375211,청구아파트,학기,토요일,16,14.76,T3,17,11.64,T2,1
31,4375211,청구아파트,학기,일요일·공휴일,15,13.97,T3,14,11.64,T2,-1
31,4375211,청구아파트,학기,일요일·공휴일,16,15.62,T3,14,11.64,T2,-2
31,4375211,청구아파트,학기,일요일·공휴일,18,14.68,T3,19,9.78,T2,1
31,4375211,청구아파트,학기,일요일·공휴일,20,22.29,T3,19,9.78,T2,-1
31,4375211,청구아파트,시험,평일,07,14.21,T3,06,9.57,T2,-1
31,4375211,청구아파트,시험,평일,08,16.42,T3,06,9.57,T2,-2
31,4375211,청구아파트,시험,평일,16,15.4,T3,18,11.79,T2,2
31,4375211,청구아파트,시험,평일,17,16.45,T3,19,11.6,T2,2
31,4375211,청구아파트,시험,토요일,13,16.18,T3,14,9.28,T2,1
31,4375211,청구아파트,시험,토요일,16,15.27,T3,14,9.28,T2,-2
31,4375211,청구아파트,시험,일요일·공휴일,16,14.64,T3,18,8.89,T1,2
31,4375211,청구아파트,계절학기,평일,07,13.28,T3,06,6.76,T1,-1
31,4375211,청구아파트,계절학기,평일,12,19.03,T3,11,11.47,T2,-1
31,4375211,청구아파트,계절학기,평일,13,18.92,T3,11,11.47,T2,-2
31,4375211,청구아파트,계절학기,평일,15,18.25,T3,17,11.98,T2,2
31,4375211,청구아파트,계절학기,평일,16,17.39,T3,17,11.98,T2,1
31,4375211,청구아파트,계절학기,평일,18,14.87,T3,19,8.3,T1,1
31,4375211,청구아파트,계절학기,토요일,16,13.6,T3,14,12.35,T2,-2
31,4375211,청구아파트,방학,평일,10,15.79,T3,08,10.56,T2,-2
31,4375211,청구아파트,방학,평일,11,14.34,T3,09,11.44,T2,-2
31,4375211,청구아파트,방학,평일,17,18.23,T3,19,10.21,T2,2
31,4375211,청구아파트,방학,평일,18,16.35,T3,20,5.88,T1,2
31,4375211,청구아파트,방학,토요일,10,16.27,T3,08,8.75,T1,-2
31,4375211,청구아파트,방학,토요일,11,13.68,T3,09,11.89,T2,-2
31,4375211,청구아파트,방학,토요일,12,15.12,T3,14,8.68,T1,2
31,4375211,청구아파트,방학,토요일,13,14.73,T3,14,8.68,T1,1
31,4375211,청구아파트,방학,토요일,15,14.49,T3,14,8.68,T1,-1
31,4375211,청구아파트,방학,토요일,16,13.51,T3,14,8.68,T1,-2
31,4375211,청구아파트,방학,일요일·공휴일,10,13.96,T3,08,5.2,T1,-2
31,4375211,청구아파트,방학,일요일·공휴일,13,13.36,T3,12,8.81,T1,-1
31,4375221,동보노빌리티입구,학기,평일,07,15.4,T3,06,7.21,T1,-1
31,4375221,동보노빌리티입구,학기,평일,08,20.77,T3,06,7.21,T1,-2
31,4375221,동보노빌리티입구,학기,평일,12,20.32,T3,14,13.11,T2,2
31,4375221,동보노빌리티입구,학기,평일,13,24.14,T3,14,13.11,T2,1
31,4375221,동보노빌리티입구,학기,평일,15,18.61,T3,14,13.11,T2,-1
31,4375221,동보노빌리티입구,학기,평일,16,18.63,T3,14,13.11,T2,-2
31,4375221,동보노빌리티입구,학기,평일,17,22.35,T3,19,12.69,T2,2
31,4375221,동보노빌리티입구,학기,평일,18,16.67,T3,20,10.81,T2,2
31,4375221,동보노빌리티입구,학기,토요일,10,16.65,T3,09,12.42,T2,-1
31,4375221,동보노빌리티입구,학기,토요일,11,15.23,T3,09,12.42,T2,-2
31,4375221,동보노빌리티입구,학기,토요일,12,14.17,T3,14,12.73,T2,2
31,4375221,동보노빌리티입구,학기,토요일,13,21.0,T3,15,11.35,T2,2
31,4375221,동보노빌리티입구,학기,토요일,16,13.66,T3,17,11.15,T2,1
31,4375221,동보노빌리티입구,학기,일요일·공휴일,16,14.22,T3,14,12.6,T2,-2
31,4375221,동보노빌리티입구,학기,일요일·공휴일,18,14.2,T3,19,9.91,T2,1
31,4375221,동보노빌리티입구,학기,일요일·공휴일,20,25.65,T3,19,9.91,T2,-1
31,4375221,동보노빌리티입구,시험,평일,08,15.47,T3,06,8.92,T1,-2
31,4375221,동보노빌리티입구,시험,평일,17,14.31,T3,19,8.47,T1,2
31,4375221,동보노빌리티입구,시험,평일,18,14.27,T3,19,8.47,T1,1
31,4375221,동보노빌리티입구,시험,토요일,13,15.84,T3,14,8.78,T1,1
31,4375221,동보노빌리티입구,시험,토요일,16,14.61,T3,14,8.78,T1,-2
31,4375221,동보노빌리티입구,계절학기,평일,08,14.26,T3,06,4.76,T1,-2
31,4375221,동보노빌리티입구,계절학기,평일,12,17.49,T3,10,12.6,T2,-2
31,4375221,동보노빌리티입구,계절학기,평일,13,20.31,T3,11,12.81,T2,-2
31,4375221,동보노빌리티입구,계절학기,평일,17,15.4,T3,19,7.89,T1,2
31,4375221,동보노빌리티입구,계절학기,평일,18,14.94,T3,20,6.39,T1,2
31,4375221,동보노빌리티입구,방학,평일,07,13.5,T3,06,6.79,T1,-1
31,4375221,동보노빌리티입구,방학,평일,10,17.35,T3,09,11.07,T2,-1
31,4375221,동보노빌리티입구,방학,평일,12,21.39,T3,11,13.12,T2,-1
31,4375221,동보노빌리티입구,방학,평일,13,18.57,T3,11,13.12,T2,-2
31,4375221,동보노빌리티입구,방학,평일,17,15.0,T3,19,10.3,T2,2
31,4375221,동보노빌리티입구,방학,평일,18,17.39,T3,20,6.42,T1,2
31,4375221,동보노빌리티입구,방학,토요일,10,16.36,T3,08,9.58,T2,-2
31,4375221,동보노빌리티입구,방학,토요일,12,14.25,T3,14,10.2,T2,2
31,4375221,동보노빌리티입구,방학,토요일,13,14.08,T3,14,10.2,T2,1
31,4375221,동보노빌리티입구,방학,토요일,16,14.59,T3,18,8.83,T1,2
31,4375221,동보노빌리티입구,방학,일요일·공휴일,16,13.34,T3,18,7.83,T1,2
31,4375231,오페라웨딩홀,학기,평일,07,14.5,T3,06,8.9,T1,-1
31,4375231,오페라웨딩홀,학기,평일,08,19.07,T3,06,8.9,T1,-2
31,4375231,오페라웨딩홀,학기,평일,09,20.22,T3,11,12.66,T2,2
31,4375231,오페라웨딩홀,학기,평일,10,21.26,T3,11,12.66,T2,1
31,4375231,오페라웨딩홀,학기,평일,12,21.9,T3,11,12.66,T2,-1
31,4375231,오페라웨딩홀,학기,평일,13,26.48,T3,11,12.66,T2,-2
31,4375231,오페라웨딩홀,학기,평일,17,23.27,T3,19,10.88,T2,2
31,4375231,오페라웨딩홀,학기,평일,18,17.25,T3,20,7.75,T1,2
31,4375231,오페라웨딩홀,학기,토요일,10,17.82,T3,08,9.98,T2,-2
31,4375231,오페라웨딩홀,학기,토요일,11,14.8,T3,09,11.3,T2,-2
31,4375231,오페라웨딩홀,학기,토요일,13,19.49,T3,15,11.81,T2,2
31,4375231,오페라웨딩홀,학기,토요일,14,14.41,T3,15,11.81,T2,1
31,4375231,오페라웨딩홀,학기,토요일,16,13.79,T3,15,11.81,T2,-1
31,4375231,오페라웨딩홀,학기,일요일·공휴일,14,15.36,T3,12,9.62,T2,-2
31,4375231,오페라웨딩홀,학기,일요일·공휴일,18,13.58,T3,19,11.14,T2,1
31,4375231,오페라웨딩홀,학기,일요일·공휴일,20,15.88,T3,19,11.14,T2,-1
31,4375231,오페라웨딩홀,시험,평일,07,14.1,T3,06,9.24,T2,-1
31,4375231,오페라웨딩홀,시험,평일,08,15.05,T3,06,9.24,T2,-2
31,4375231,오페라웨딩홀,시험,평일,16,15.66,T3,18,12.77,T2,2
31,4375231,오페라웨딩홀,시험,평일,17,18.92,T3,18,12.77,T2,1
31,4375231,오페라웨딩홀,시험,토요일,13,15.01,T3,14,8.45,T1,1
31,4375231,오페라웨딩홀,계절학기,평일,09,14.06,T3,08,12.38,T2,-1
31,4375231,오페라웨딩홀,계절학기,평일,11,14.28,T3,10,13.15,T2,-1
31,4375231,오페라웨딩홀,계절학기,평일,12,17.06,T3,10,13.15,T2,-2
31,4375231,오페라웨딩홀,계절학기,평일,15,18.26,T3,17,11.8,T2,2
31,4375231,오페라웨딩홀,계절학기,평일,16,14.91,T3,17,11.8,T2,1
31,4375231,오페라웨딩홀,계절학기,평일,18,14.92,T3,19,8.16,T1,1
31,4375231,오페라웨딩홀,방학,평일,10,15.09,T3,08,12.19,T2,-2
31,4375231,오페라웨딩홀,방학,평일,11,18.02,T3,09,12.63,T2,-2
31,4375231,오페라웨딩홀,방학,평일,17,20.89,T3,19,8.24,T1,2
31,4375231,오페라웨딩홀,방학,평일,18,17.75,T3,20,6.42,T1,2
31,4375231,오페라웨딩홀,방학,토요일,10,14.86,T3,08,8.75,T1,-2
31,4375231,오페라웨딩홀,방학,토요일,11,16.18,T3,09,12.6,T2,-2
31,4375231,오페라웨딩홀,방학,토요일,12,16.82,T3,14,10.77,T2,2
31,4375231,오페라웨딩홀,방학,토요일,13,14.6,T3,14,10.77,T2,1
31,4375231,오페라웨딩홀,방학,토요일,15,13.56,T3,17,10.7,T2,2
31,4375231,오페라웨딩홀,방학,일요일·공휴일,13,13.27,T3,15,8.65,T1,2
31,4375241,남송,학기,평일,08,19.06,T3,06,8.3,T1,-2
31,4375241,남송,학기,평일,09,18.33,T3,07,12.01,T2,-2
31,4375241,남송,학기,평일,17,21.7,T3,19,11.33,T2,2
31,4375241,남송,학기,평일,18,16.47,T3,19,11.33,T2,1
31,4375241,남송,학기,토요일,11,16.07,T3,09,12.85,T2,-2
31,4375241,남송,학기,토요일,13,17.16,T3,15,12.06,T2,2
31,4375241,남송,학기,토요일,14,13.37,T3,15,12.06,T2,1
31,4375241,남송,학기,토요일,16,14.24,T3,18,9.35,T2,2
31,4375241,남송,학기,일요일·공휴일,15,14.12,T3,13,10.94,T2,-2
31,4375241,남송,학기,일요일·공휴일,16,14.65,T3,17,11.16,T2,1
31,4375241,남송,시험,평일,18,14.49,T3,20,8.26,T1,2
31,4375241,남송,계절학기,평일,07,13.57,T3,08,12.8,T2,1
31,4375241,남송,계절학기,평일,09,13.58,T3,08,12.8,T2,-1
31,4375241,남송,계절학기,평일,11,14.87,T3,12,13.05,T2,1
31,4375241,남송,계절학기,평일,13,16.26,T3,12,13.05,T2,-1
31,4375241,남송,계절학기,평일,14,15.28,T3,12,13.05,T2,-2
31,4375241,남송,방학,평일,10,17.32,T3,08,11.68,T2,-2
31,4375241,남송,방학,평일,11,15.03,T3,09,12.03,T2,-2
31,4375241,남송,방학,평일,17,14.88,T3,19,7.65,T1,2
31,4375241,남송,방학,평일,18,15.77,T3,19,7.65,T1,1
31,4375241,남송,방학,토요일,11,16.08,T3,09,10.15,T2,-2
31,4375241,남송,방학,토요일,16,15.01,T3,18,7.96,T1,2
31,4375261,아랫거리,학기,평일,08,15.9,T3,06,7.41,T1,-2
31,4375261,아랫거리,학기,평일,18,15.13,T3,20,7.03,T1,2
31,4375261,아랫거리,시험,평일,18,13.82,T3,20,7.92,T1,2
31,4375271,거장아파트,학기,평일,07,14.31,T3,06,6.18,T1,-1
31,4375271,거장아파트,학기,평일,08,18.71,T3,06,6.18,T1,-2
31,4375271,거장아파트,학기,평일,09,18.22,T3,11,11.27,T2,2
31,4375271,거장아파트,학기,평일,10,21.54,T3,11,11.27,T2,1
31,4375271,거장아파트,학기,평일,12,21.13,T3,11,11.27,T2,-1
31,4375271,거장아파트,학기,평일,13,23.46,T3,11,11.27,T2,-2
31,4375271,거장아파트,학기,평일,17,20.61,T3,19,9.93,T2,2
31,4375271,거장아파트,학기,평일,18,14.38,T3,20,8.19,T1,2
31,4375271,거장아파트,학기,토요일,10,13.78,T3,08,12.15,T2,-2
31,4375271,거장아파트,학기,토요일,11,13.93,T3,09,13.08,T2,-2
31,4375271,거장아파트,학기,토요일,13,18.58,T3,15,11.06,T2,2
31,4375271,거장아파트,학기,토요일,14,14.42,T3,15,11.06,T2,1
31,4375271,거장아파트,학기,토요일,16,13.84,T3,18,9.54,T2,2
31,4375271,거장아파트,학기,일요일·공휴일,15,13.52,T3,14,10.41,T2,-1
31,4375271,거장아파트,학기,일요일·공휴일,16,13.2,T3,14,10.41,T2,-2
31,4375271,거장아파트,학기,일요일·공휴일,20,20.83,T3,19,9.38,T2,-1
31,4375271,거장아파트,시험,평일,07,13.79,T3,06,8.83,T1,-1
31,4375271,거장아파트,시험,평일,08,13.2,T3,06,8.83,T1,-2
31,4375271,거장아파트,시험,평일,14,18.13,T3,16,13.01,T2,2
31,4375271,거장아파트,시험,평일,15,18.21,T3,16,13.01,T2,1
31,4375271,거장아파트,시험,평일,17,18.21,T3,19,9.48,T2,2
31,4375271,거장아파트,시험,평일,18,13.42,T3,20,8.36,T1,2
31,4375271,거장아파트,시험,토요일,16,14.11,T3,14,7.78,T1,-2
31,4375271,거장아파트,시험,일요일·공휴일,13,21.36,T3,11,11.97,T2,-2
31,4375271,거장아파트,시험,일요일·공휴일,15,14.4,T3,14,12.7,T2,-1
31,4375271,거장아파트,시험,일요일·공휴일,16,13.97,T3,18,8.39,T1,2
31,4375271,거장아파트,시험,일요일·공휴일,19,15.51,T3,18,8.39,T1,-1
31,4375271,거장아파트,계절학기,평일,09,14.78,T3,07,10.77,T2,-2
31,4375271,거장아파트,계절학기,평일,12,15.14,T3,11,10.79,T2,-1
31,4375271,거장아파트,계절학기,평일,13,17.01,T3,11,10.79,T2,-2
31,4375271,거장아파트,계절학기,평일,15,15.09,T3,17,13.08,T2,2
31,4375271,거장아파트,계절학기,평일,16,15.55,T3,17,13.08,T2,1
31,4375271,거장아파트,계절학기,평일,18,13.57,T3,20,5.31,T1,2
31,4375271,거장아파트,계절학기,토요일,12,13.32,T3,14,11.44,T2,2
31,4375271,거장아파트,계절학기,토요일,17,14.34,T3,19,7.7,T1,2
31,4375271,거장아파트,방학,평일,10,13.73,T3,08,12.53,T2,-2
31,4375271,거장아파트,방학,평일,12,17.22,T3,11,12.75,T2,-1
31,4375271,거장아파트,방학,평일,13,16.89,T3,11,12.75,T2,-2
31,4375271,거장아파트,방학,평일,17,17.44,T3,19,7.04,T1,2
31,4375271,거장아파트,방학,평일,18,14.82,T3,20,5.06,T1,2
31,4375271,거장아파트,방학,토요일,10,14.52,T3,08,7.31,T1,-2
31,4375271,거장아파트,방학,토요일,11,14.56,T3,09,9.75,T2,-2
31,4375271,거장아파트,방학,토요일,12,15.19,T3,14,9.2,T2,2
31,4375271,거장아파트,방학,토요일,13,13.2,T3,14,9.2,T2,1
31,4375271,거장아파트,방학,토요일,15,13.93,T3,14,9.2,T2,-1
31,4375281,서곡삼거리,학기,평일,07,14.79,T3,06,6.62,T1,-1
31,4375281,서곡삼거리,학기,평일,08,15.59,T3,06,6.62,T1,-2
31,4375281,서곡삼거리,학기,평일,09,17.67,T3,11,12.89,T2,2
31,4375281,서곡삼거리,학기,평일,10,17.71,T3,11,12.89,T2,1
31,4375281,서곡삼거리,학기,평일,12,19.06,T3,11,12.89,T2,-1
31,4375281,서곡삼거리,학기,평일,13,24.14,T3,11,12.89,T2,-2
31,4375281,서곡삼거리,학기,평일,16,15.44,T3,18,13.02,T2,2
31,4375281,서곡삼거리,학기,평일,17,21.4,T3,18,13.02,T2,1
31,4375281,서곡삼거리,학기,토요일,13,17.16,T3,15,10.78,T2,2
31,4375281,서곡삼거리,학기,일요일·공휴일,20,16.7,T3,19,8.85,T1,-1
31,4375281,서곡삼거리,계절학기,평일,15,15.54,T3,17,11.14,T2,2
31,4375281,서곡삼거리,방학,평일,11,17.19,T3,09,11.73,T2,-2
31,4375281,서곡삼거리,방학,평일,15,14.06,T3,17,13.17,T2,2
31,4375281,서곡삼거리,방학,평일,18,14.77,T3,17,13.17,T2,-1
31,4375291,국립강릉원주대학교,학기,평일,08,17.03,T3,06,8.56,T1,-2
31,4375291,국립강릉원주대학교,학기,평일,09,14.36,T3,11,12.43,T2,2
31,4375291,국립강릉원주대학교,학기,평일,10,21.82,T3,11,12.43,T2,1
31,4375291,국립강릉원주대학교,학기,평일,12,16.78,T3,14,12.21,T2,2
31,4375291,국립강릉원주대학교,학기,평일,13,22.51,T3,14,12.21,T2,1
31,4375291,국립강릉원주대학교,학기,평일,15,14.8,T3,14,12.21,T2,-1
31,4375291,국립강릉원주대학교,학기,평일,16,16.25,T3,14,12.21,T2,-2
31,4375291,국립강릉원주대학교,학기,평일,17,18.69,T3,19,10.31,T2,2
31,4375291,국립강릉원주대학교,학기,평일,18,14.16,T3,20,7.12,T1,2
31,4375291,국립강릉원주대학교,학기,토요일,10,16.73,T3,09,11.66,T2,-1
31,4375291,국립강릉원주대학교,학기,토요일,12,15.52,T3,14,12.94,T2,2
31,4375291,국립강릉원주대학교,학기,토요일,13,16.77,T3,15,11.43,T2,2
31,4375291,국립강릉원주대학교,학기,일요일·공휴일,16,15.35,T3,18,9.28,T2,2
31,4375291,국립강릉원주대학교,학기,일요일·공휴일,20,17.67,T3,19,7.47,T1,-1
31,4375291,국립강릉원주대학교,시험,평일,08,13.54,T3,06,9.24,T2,-2
31,4375291,국립강릉원주대학교,시험,평일,16,15.85,T3,18,12.99,T2,2
31,4375291,국립강릉원주대학교,시험,평일,17,15.56,T3,19,9.97,T2,2
31,4375291,국립강릉원주대학교,시험,일요일·공휴일,19,13.6,T3,18,7.73,T1,-1
31,4375291,국립강릉원주대학교,계절학기,평일,10,13.72,T3,09,11.64,T2,-1
31,4375291,국립강릉원주대학교,계절학기,평일,12,15.54,T3,11,12.75,T2,-1
31,4375291,국립강릉원주대학교,계절학기,평일,13,17.01,T3,11,12.75,T2,-2
31,4375291,국립강릉원주대학교,계절학기,토요일,14,13.73,T3,15,8.29,T1,1
31,4375291,국립강릉원주대학교,방학,평일,10,14.99,T3,08,10.94,T2,-2
31,4375291,국립강릉원주대학교,방학,평일,12,14.42,T3,13,11.32,T2,1
31,4375291,국립강릉원주대학교,방학,평일,14,14.72,T3,13,11.32,T2,-1
31,4375291,국립강릉원주대학교,방학,평일,16,15.66,T3,15,13.05,T2,-1
31,4375291,국립강릉원주대학교,방학,평일,17,19.25,T3,19,7.13,T1,2
31,4375301,육민관중.고등학교,학기,평일,08,14.25,T3,06,5.49,T1,-2
31,4375301,육민관중.고등학교,학기,평일,10,16.67,T3,11,11.15,T2,1
31,4375301,육민관중.고등학교,학기,평일,12,16.94,T3,11,11.15,T2,-1
31,4375301,육민관중.고등학교,학기,평일,13,19.1,T3,11,11.15,T2,-2
31,4375301,육민관중.고등학교,학기,평일,15,14.23,T3,14,11.95,T2,-1
31,4375301,육민관중.고등학교,학기,평일,16,15.17,T3,14,11.95,T2,-2
31,4375301,육민관중.고등학교,학기,평일,17,18.46,T3,19,6.66,T1,2
31,4375301,육민관중.고등학교,학기,평일,18,13.73,T3,19,6.66,T1,1
31,4375301,육민관중.고등학교,학기,토요일,10,15.59,T3,08,9.87,T2,-2
31,4375301,육민관중.고등학교,학기,토요일,11,13.93,T3,09,11.85,T2,-2
31,4375301,육민관중.고등학교,학기,토요일,12,14.58,T3,14,11.11,T2,2
31,4375301,육민관중.고등학교,학기,토요일,13,16.49,T3,14,11.11,T2,1
31,4375301,육민관중.고등학교,학기,토요일,16,13.66,T3,14,11.11,T2,-2
31,4375301,육민관중.고등학교,학기,일요일·공휴일,20,20.82,T3,19,8.73,T1,-1
31,4375301,육민관중.고등학교,시험,평일,08,14.6,T3,06,7.55,T1,-2
31,4375301,육민관중.고등학교,시험,평일,10,16.04,T3,11,12.75,T2,1
31,4375301,육민관중.고등학교,시험,평일,12,18.46,T3,11,12.75,T2,-1
31,4375301,육민관중.고등학교,시험,평일,13,16.99,T3,11,12.75,T2,-2
31,4375301,육민관중.고등학교,시험,평일,16,14.01,T3,18,11.74,T2,2
31,4375301,육민관중.고등학교,시험,평일,17,14.64,T3,18,11.74,T2,1
31,4375301,육민관중.고등학교,시험,일요일·공휴일,15,14.07,T3,14,12.37,T2,-1
31,4375301,육민관중.고등학교,계절학기,평일,13,17.12,T3,12,11.06,T2,-1
31,4375301,육민관중.고등학교,계절학기,평일,15,16.23,T3,17,11.4,T2,2
31,4375301,육민관중.고등학교,방학,평일,12,15.24,T3,11,11.29,T2,-1
31,4375301,육민관중.고등학교,방학,평일,13,16.39,T3,11,11.29,T2,-2
31,4375301,육민관중.고등학교,방학,평일,16,15.99,T3,18,12.46,T2,2
31,4375301,육민관중.고등학교,방학,평일,17,16.0,T3,19,7.79,T1,2
31,4375301,육민관중.고등학교,방학,토요일,10,15.52,T3,09,12.87,T2,-1
31,4375301,육민관중.고등학교,방학,토요일,11,14.58,T3,09,12.87,T2,-2
31,4375351,흥업사거리,학기,평일,07,20.33,T3,06,11.66,T2,-1
31,4375351,흥업사거리,학기,평일,08,18.38,T3,06,11.66,T2,-2
31,4375351,흥업사거리,학기,평일,11,14.34,T3,13,12.35,T2,2
31,4375351,흥업사거리,학기,평일,12,14.98,T3,13,12.35,T2,1
31,4375351,흥업사거리,학기,평일,14,15.02,T3,13,12.35,T2,-1
31,4375351,흥업사거리,학기,평일,15,19.49,T3,13,12.35,T2,-2
31,4375351,흥업사거리,학기,평일,16,18.53,T3,18,13.05,T2,2
31,4375351,흥업사거리,학기,평일,17,16.24,T3,19,6.29,T1,2
31,4375351,흥업사거리,학기,토요일,09,15.93,T3,08,10.02,T2,-1
31,4375351,흥업사거리,학기,토요일,10,20.15,T3,08,10.02,T2,-2
31,4375351,흥업사거리,학기,토요일,12,14.86,T3,14,11.61,T2,2
31,4375351,흥업사거리,학기,토요일,13,13.69,T3,14,11.61,T2,1
31,4375351,흥업사거리,학기,토요일,17,14.82,T3,19,6.38,T1,2
31,4375351,흥업사거리,학기,일요일·공휴일,10,17.46,T3,08,7.54,T1,-2
31,4375351,흥업사거리,학기,일요일·공휴일,11,13.81,T3,13,10.51,T2,2
31,4375351,흥업사거리,시험,평일,07,18.72,T3,06,10.07,T2,-1
31,4375351,흥업사거리,시험,평일,08,16.43,T3,06,10.07,T2,-2
31,4375351,흥업사거리,시험,평일,16,19.31,T3,18,13.14,T2,2
31,4375351,흥업사거리,시험,평일,17,18.0,T3,19,7.31,T1,2
31,4375351,흥업사거리,시험,토요일,09,13.88,T3,11,9.45,T2,2
31,4375351,흥업사거리,시험,토요일,10,15.06,T3,11,9.45,T2,1
31,4375351,흥업사거리,시험,토요일,12,16.04,T3,14,8.45,T1,2
31,4375351,흥업사거리,시험,토요일,15,15.21,T3,14,8.45,T1,-1
31,4375351,흥업사거리,시험,토요일,16,13.77,T3,14,8.45,T1,-2
31,4375351,흥업사거리,시험,일요일·공휴일,10,16.59,T3,08,7.71,T1,-2
31,4375351,흥업사거리,시험,일요일·공휴일,15,13.73,T3,17,11.57,T2,2
31,4375351,흥업사거리,계절학기,평일,14,16.81,T3,16,11.58,T2,2
31,4375351,흥업사거리,계절학기,평일,15,15.53,T3,17,11.42,T2,2
31,4375351,흥업사거리,계절학기,토요일,11,13.89,T3,10,11.76,T2,-1
31,4375351,흥업사거리,계절학기,토요일,12,16.71,T3,10,11.76,T2,-2
31,4375351,흥업사거리,방학,평일,14,17.83,T3,16,9.54,T2,2
31,4375351,흥업사거리,방학,평일,15,15.51,T3,16,9.54,T2,1
31,4375351,흥업사거리,방학,토요일,09,15.2,T3,07,8.25,T1,-2
31,4375351,흥업사거리,방학,토요일,10,16.1,T3,08,11.0,T2,-2
31,4375351,흥업사거리,방학,토요일,11,15.31,T3,13,12.62,T2,2
31,4375351,흥업사거리,방학,토요일,12,14.84,T3,14,10.55,T2,2
31,4375601,흥업사거리,학기,평일,10,13.25,T3,09,7.18,T1,-1
31,4375601,흥업사거리,학기,평일,13,17.1,T3,11,8.64,T1,-2
31,4375601,흥업사거리,학기,토요일,10,15.5,T3,08,7.72,T1,-2
31,4375601,흥업사거리,학기,토요일,13,17.25,T3,15,8.97,T1,2
31,4375601,흥업사거리,학기,일요일·공휴일,20,17.6,T3,19,7.74,T1,-1
31,4375601,흥업사거리,시험,평일,10,14.34,T3,08,10.03,T2,-2
31,4375601,흥업사거리,시험,평일,12,15.9,T3,11,10.78,T2,-1
31,4375601,흥업사거리,시험,평일,13,18.09,T3,11,10.78,T2,-2
31,4375601,흥업사거리,시험,평일,14,13.51,T3,16,12.81,T2,2
31,4375601,흥업사거리,시험,평일,15,14.46,T3,17,11.65,T2,2
31,4375601,흥업사거리,시험,평일,18,13.21,T3,20,7.09,T1,2
31,4375601,흥업사거리,시험,토요일,09,14.96,T3,11,7.45,T1,2
31,4375601,흥업사거리,시험,토요일,10,14.64,T3,11,7.45,T1,1
31,4375601,흥업사거리,시험,토요일,13,15.01,T3,11,7.45,T1,-2
31,4375601,흥업사거리,시험,토요일,16,14.11,T3,17,9.66,T2,1
31,4375601,흥업사거리,시험,일요일·공휴일,10,13.26,T3,08,7.71,T1,-2
31,4375601,흥업사거리,시험,일요일·공휴일,13,19.86,T3,11,11.3,T2,-2
31,4375601,흥업사거리,시험,일요일·공휴일,15,14.9,T3,14,11.54,T2,-1
31,4375601,흥업사거리,계절학기,평일,15,13.46,T3,17,9.65,T2,2
31,4375601,흥업사거리,계절학기,평일,16,13.34,T3,17,9.65,T2,1
31,4375601,흥업사거리,방학,평일,12,13.41,T3,10,11.03,T2,-2
31,4375601,흥업사거리,방학,평일,16,15.92,T3,17,10.29,T2,1
31,4375601,흥업사거리,방학,토요일,10,13.29,T3,08,7.21,T1,-2
31,4375601,흥업사거리,방학,토요일,12,13.27,T3,14,8.21,T1,2
31,4375621,국립강릉원주대학교,학기,평일,07,18.52,T3,08,12.02,T2,1
31,4375621,국립강릉원주대학교,학기,평일,09,19.94,T3,08,12.02,T2,-1
31,4375621,국립강릉원주대학교,학기,평일,10,22.74,T3,08,12.02,T2,-2
31,4375621,국립강릉원주대학교,학기,평일,17,24.85,T3,19,8.96,T1,2
31,4375621,국립강릉원주대학교,학기,평일,18,19.84,T3,19,8.96,T1,1
31,4375621,국립강릉원주대학교,학기,토요일,09,18.18,T3,07,8.09,T1,-2
31,4375621,국립강릉원주대학교,학기,토요일,10,19.65,T3,08,10.31,T2,-2
31,4375621,국립강릉원주대학교,학기,토요일,12,18.58,T3,14,12.75,T2,2
31,4375621,국립강릉원주대학교,학기,토요일,13,14.99,T3,14,12.75,T2,1
31,4375621,국립강릉원주대학교,학기,토요일,15,14.5,T3,14,12.75,T2,-1
31,4375621,국립강릉원주대학교,학기,토요일,16,13.74,T3,18,8.41,T1,2
31,4375621,국립강릉원주대학교,학기,토요일,17,14.56,T3,19,6.21,T1,2
31,4375621,국립강릉원주대학교,학기,일요일·공휴일,10,17.78,T3,08,9.12,T2,-2
31,4375621,국립강릉원주대학교,학기,일요일·공휴일,12,14.33,T3,13,11.93,T2,1
31,4375621,국립강릉원주대학교,시험,평일,09,17.0,T3,07,12.53,T2,-2
31,4375621,국립강릉원주대학교,시험,평일,10,19.32,T3,08,13.18,T2,-2
31,4375621,국립강릉원주대학교,시험,평일,17,19.05,T3,19,9.97,T2,2
31,4375621,국립강릉원주대학교,시험,평일,18,17.16,T3,20,9.93,T2,2
31,4375621,국립강릉원주대학교,계절학기,평일,07,13.27,T3,08,10.76,T2,1
31,4375621,국립강릉원주대학교,계절학기,평일,09,15.68,T3,08,10.76,T2,-1
31,4375621,국립강릉원주대학교,계절학기,평일,10,15.25,T3,08,10.76,T2,-2
31,4375621,국립강릉원주대학교,계절학기,평일,14,18.77,T3,16,12.34,T2,2
31,4375621,국립강릉원주대학교,계절학기,평일,15,18.04,T3,17,11.42,T2,2
31,4375621,국립강릉원주대학교,방학,평일,07,13.44,T3,08,11.25,T2,1
31,4375621,국립강릉원주대학교,방학,평일,09,17.8,T3,08,11.25,T2,-1
31,4375621,국립강릉원주대학교,방학,평일,10,21.16,T3,08,11.25,T2,-2
31,4375621,국립강릉원주대학교,방학,평일,16,13.79,T3,18,9.91,T2,2
31,4375621,국립강릉원주대학교,방학,평일,17,14.41,T3,19,6.82,T1,2
31,4375621,국립강릉원주대학교,방학,토요일,09,13.2,T3,07,6.96,T1,-2
31,4375621,국립강릉원주대학교,방학,토요일,12,16.71,T3,14,9.63,T2,2
31,4375621,국립강릉원주대학교,방학,토요일,15,13.56,T3,14,9.63,T2,-1
31,4375621,국립강릉원주대학교,방학,일요일·공휴일,10,13.44,T3,12,11.46,T2,2
31,4375631,국립강릉원주대학교,학기,평일,17,27.03,T3,19,11.66,T2,2
31,4375631,국립강릉원주대학교,학기,평일,18,18.46,T3,20,9.01,T1,2
31,4375631,국립강릉원주대학교,학기,토요일,09,17.45,T3,07,8.79,T1,-2
31,4375631,국립강릉원주대학교,학기,토요일,14,14.89,T3,16,12.13,T2,2
31,4375631,국립강릉원주대학교,학기,토요일,15,15.77,T3,16,12.13,T2,1
31,4375631,국립강릉원주대학교,학기,토요일,17,14.51,T3,19,6.91,T1,2
31,4375631,국립강릉원주대학교,학기,일요일·공휴일,10,17.37,T3,11,10.07,T2,1
31,4375631,국립강릉원주대학교,시험,평일,17,22.55,T3,19,7.54,T1,2
31,4375631,국립강릉원주대학교,시험,평일,18,16.86,T3,19,7.54,T1,1
31,4375631,국립강릉원주대학교,시험,토요일,15,15.54,T3,14,8.78,T1,-1
31,4375631,국립강릉원주대학교,계절학기,평일,10,17.13,T3,12,11.9,T2,2
31,4375631,국립강릉원주대학교,계절학기,평일,11,14.87,T3,12,11.9,T2,1
31,4375631,국립강릉원주대학교,계절학기,평일,13,16.02,T3,12,11.9,T2,-1
31,4375631,국립강릉원주대학교,계절학기,평일,14,15.28,T3,12,11.9,T2,-2
31,4375631,국립강릉원주대학교,계절학기,평일,16,16.15,T3,17,12.64,T2,1
31,4375631,국립강릉원주대학교,방학,평일,09,18.24,T3,08,10.21,T2,-1
31,4375631,국립강릉원주대학교,방학,평일,10,27.24,T3,08,10.21,T2,-2
31,4375631,국립강릉원주대학교,방학,평일,14,16.95,T3,16,12.69,T2,2
31,4375631,국립강릉원주대학교,방학,평일,15,16.86,T3,16,12.69,T2,1
31,4375631,국립강릉원주대학교,방학,평일,17,13.67,T3,19,6.41,T1,2
31,4375631,국립강릉원주대학교,방학,토요일,15,13.2,T3,16,10.69,T2,1
31,4375631,국립강릉원주대학교,방학,일요일·공휴일,10,13.44,T3,11,8.84,T1,1
31,4375631,국립강릉원주대학교,방학,일요일·공휴일,15,15.69,T3,17,10.14,T2,2
31,4375651,거장아파트,학기,평일,07,23.67,T3,06,12.24,T2,-1
31,4375651,거장아파트,학기,평일,08,18.11,T3,06,12.24,T2,-2
31,4375651,거장아파트,학기,평일,17,24.61,T3,19,11.81,T2,2
31,4375651,거장아파트,학기,평일,18,17.46,T3,20,9.37,T2,2
31,4375651,거장아파트,학기,토요일,09,18.06,T3,08,9.9,T2,-1
31,4375651,거장아파트,학기,토요일,10,21.97,T3,08,9.9,T2,-2
31,4375651,거장아파트,학기,토요일,12,18.67,T3,14,12.81,T2,2
31,4375651,거장아파트,학기,토요일,13,14.99,T3,14,12.81,T2,1
31,4375651,거장아파트,학기,토요일,15,13.5,T3,16,12.62,T2,1
31,4375651,거장아파트,학기,토요일,17,14.12,T3,19,6.92,T1,2
31,4375651,거장아파트,학기,일요일·공휴일,10,19.88,T3,08,8.74,T1,-2
31,4375651,거장아파트,학기,일요일·공휴일,14,13.48,T3,16,11.17,T2,2
31,4375651,거장아파트,학기,일요일·공휴일,15,13.71,T3,17,10.88,T2,2
31,4375651,거장아파트,시험,평일,17,21.05,T3,19,8.69,T1,2
31,4375651,거장아파트,시험,평일,18,15.77,T3,19,8.69,T1,1
31,4375651,거장아파트,시험,토요일,09,14.21,T3,11,8.28,T1,2
31,4375651,거장아파트,시험,토요일,10,17.31,T3,11,8.28,T1,1
31,4375651,거장아파트,시험,토요일,15,15.88,T3,14,7.87,T1,-1
31,4375651,거장아파트,시험,일요일·공휴일,10,17.09,T3,08,8.88,T1,-2
31,4375651,거장아파트,시험,일요일·공휴일,12,14.12,T3,11,12.8,T2,-1
31,4375651,거장아파트,시험,일요일·공휴일,15,15.9,T3,17,11.9,T2,2
31,4375651,거장아파트,계절학기,평일,07,21.91,T3,08,11.45,T2,1
31,4375651,거장아파트,계절학기,평일,09,16.43,T3,08,11.45,T2,-1
31,4375651,거장아파트,계절학기,평일,10,19.53,T3,08,11.45,T2,-2
31,4375651,거장아파트,계절학기,평일,15,16.64,T3,17,12.76,T2,2
31,4375651,거장아파트,계절학기,평일,16,14.8,T3,18,12.3,T2,2
31,4375651,거장아파트,계절학기,토요일,11,13.64,T3,10,11.38,T2,-1
31,4375651,거장아파트,계절학기,토요일,12,17.46,T3,10,11.38,T2,-2
31,4375651,거장아파트,계절학기,토요일,17,15.51,T3,15,8.11,T1,-2
31,4375651,거장아파트,계절학기,일요일·공휴일,12,13.2,T3,11,10.41,T2,-1
31,4375651,거장아파트,방학,평일,16,13.33,T3,18,9.6,T2,2
31,4375651,거장아파트,방학,평일,17,16.0,T3,19,5.36,T1,2
31,4375651,거장아파트,방학,토요일,09,15.65,T3,07,8.31,T1,-2
31,4375651,거장아파트,방학,토요일,10,17.31,T3,08,11.05,T2,-2
31,4375651,거장아파트,방학,토요일,12,15.03,T3,14,9.6,T2,2
31,4375651,거장아파트,방학,토요일,13,16.44,T3,14,9.6,T2,1
31,4375661,아랫거리,학기,평일,17,21.34,T3,19,10.37,T2,2
31,4375661,아랫거리,학기,평일,18,16.71,T3,20,6.9,T1,2
31,4375661,아랫거리,학기,토요일,10,19.08,T3,08,9.84,T2,-2
31,4375661,아랫거리,학기,토요일,13,16.49,T3,15,12.05,T2,2
31,4375661,아랫거리,학기,토요일,14,14.25,T3,15,12.05,T2,1
31,4375661,아랫거리,학기,토요일,16,13.49,T3,18,7.91,T1,2
31,4375661,아랫거리,학기,토요일,17,13.68,T3,18,7.91,T1,1
31,4375661,아랫거리,학기,일요일·공휴일,12,13.71,T3,14,9.24,T2,2
31,4375661,아랫거리,시험,평일,18,13.82,T3,20,7.42,T1,2
31,4375661,아랫거리,시험,토요일,10,16.97,T3,11,9.78,T2,1
31,4375661,아랫거리,시험,일요일·공휴일,12,15.29,T3,14,11.54,T2,2
31,4375661,아랫거리,시험,일요일·공휴일,13,19.03,T3,14,11.54,T2,1
31,4375661,아랫거리,계절학기,평일,07,15.83,T3,08,10.76,T2,1
31,4375661,아랫거리,계절학기,평일,10,16.51,T3,08,10.76,T2,-2
31,4375661,아랫거리,방학,평일,16,14.19,T3,18,11.2,T2,2
31,4375661,아랫거리,방학,토요일,11,17.08,T3,09,10.87,T2,-2
31,4375661,아랫거리,방학,토요일,12,16.39,T3,14,9.63,T2,2
31,4375661,아랫거리,방학,토요일,15,13.9,T3,14,9.63,T2,-1
31,4375681,남송,학기,평일,17,24.0,T3,19,10.96,T2,2
31,4375681,남송,학기,평일,18,15.39,T3,20,6.89,T1,2
31,4375681,남송,학기,토요일,09,16.49,T3,08,8.55,T1,-1
31,4375681,남송,학기,토요일,13,16.99,T3,15,12.74,T2,2
31,4375681,남송,학기,토요일,14,15.06,T3,15,12.74,T2,1
31,4375681,남송,학기,토요일,17,13.34,T3,18,8.21,T1,1
31,4375681,남송,학기,일요일·공휴일,10,13.7,T3,08,7.49,T1,-2
31,4375681,남송,학기,일요일·공휴일,13,13.23,T3,11,9.44,T2,-2
31,4375681,남송,시험,평일,17,19.28,T3,18,12.99,T2,1
31,4375681,남송,계절학기,평일,16,15.03,T3,17,12.48,T2,1
31,4375681,남송,계절학기,토요일,12,17.04,T3,10,11.71,T2,-2
31,4375681,남송,방학,평일,07,13.92,T3,08,12.95,T2,1
31,4375681,남송,방학,평일,09,18.89,T3,08,12.95,T2,-1
31,4375681,남송,방학,평일,10,24.66,T3,08,12.95,T2,-2
31,4375681,남송,방학,평일,16,14.13,T3,18,10.7,T2,2
31,4375681,남송,방학,평일,17,14.67,T3,19,8.32,T1,2
31,4375681,남송,방학,토요일,10,17.52,T3,09,10.4,T2,-1
31,4375681,남송,방학,토요일,12,14.62,T3,14,10.74,T2,2
31,4375681,남송,방학,토요일,13,13.94,T3,14,10.74,T2,1
31,4375681,남송,방학,일요일·공휴일,10,13.38,T3,08,4.74,T1,-2
31,4375691,오페라웨딩홀,학기,평일,17,26.46,T3,19,10.66,T2,2
31,4375691,오페라웨딩홀,학기,평일,18,19.49,T3,20,6.93,T1,2
31,4375691,오페라웨딩홀,학기,토요일,09,13.99,T3,08,10.23,T2,-1
31,4375691,오페라웨딩홀,학기,토요일,10,22.23,T3,08,10.23,T2,-2
31,4375691,오페라웨딩홀,학기,토요일,16,17.25,T3,18,7.78,T1,2
31,4375691,오페라웨딩홀,학기,토요일,17,13.67,T3,18,7.78,T1,1
31,4375691,오페라웨딩홀,학기,일요일·공휴일,10,17.23,T3,08,9.7,T2,-2
31,4375691,오페라웨딩홀,시험,평일,17,24.69,T3,19,9.73,T2,2
31,4375691,오페라웨딩홀,시험,평일,18,15.66,T3,19,9.73,T2,1
31,4375691,오페라웨딩홀,시험,토요일,09,13.8,T3,11,9.45,T2,2
31,4375691,오페라웨딩홀,시험,토요일,13,18.34,T3,14,6.95,T1,1
31,4375691,오페라웨딩홀,시험,토요일,15,13.38,T3,14,6.95,T1,-1
31,4375691,오페라웨딩홀,시험,일요일·공휴일,12,15.62,T3,14,11.2,T2,2
31,4375691,오페라웨딩홀,계절학기,평일,07,25.0,T3,08,10.41,T2,1
31,4375691,오페라웨딩홀,계절학기,평일,09,17.0,T3,08,10.41,T2,-1
31,4375691,오페라웨딩홀,계절학기,평일,10,19.67,T3,08,10.41,T2,-2
31,4375691,오페라웨딩홀,계절학기,평일,15,16.7,T3,17,12.13,T2,2
31,4375691,오페라웨딩홀,계절학기,평일,16,13.53,T3,18,10.92,T2,2
31,4375691,오페라웨딩홀,계절학기,토요일,17,13.58,T3,16,12.6,T2,-1
31,4375691,오페라웨딩홀,방학,평일,07,19.31,T3,08,12.98,T2,1
31,4375691,오페라웨딩홀,방학,평일,09,20.4,T3,08,12.98,T2,-1
31,4375691,오페라웨딩홀,방학,평일,10,27.66,T3,08,12.98,T2,-2
31,4375691,오페라웨딩홀,방학,평일,14,20.01,T3,16,12.63,T2,2
31,4375691,오페라웨딩홀,방학,평일,15,19.76,T3,16,12.63,T2,1
31,4375691,오페라웨딩홀,방학,평일,17,14.0,T3,19,7.13,T1,2
31,4375691,오페라웨딩홀,방학,토요일,10,18.52,T3,08,10.25,T2,-2
31,4375691,오페라웨딩홀,방학,토요일,11,18.83,T3,09,13.09,T2,-2
31,4375691,오페라웨딩홀,방학,토요일,12,14.25,T3,14,10.55,T2,2
31,4375691,오페라웨딩홀,방학,토요일,13,18.2,T3,14,10.55,T2,1
31,4375691,오페라웨딩홀,방학,토요일,15,13.55,T3,17,8.89,T1,2
31,4375691,오페라웨딩홀,방학,일요일·공휴일,15,14.17,T3,17,9.32,T2,2
31,4375701,청구아파트,학기,평일,17,25.14,T3,19,12.77,T2,2
31,4375701,청구아파트,학기,평일,18,17.31,T3,20,6.3,T1,2
31,4375701,청구아파트,학기,토요일,09,17.37,T3,07,11.54,T2,-2
31,4375701,청구아파트,학기,토요일,10,26.04,T3,08,12.42,T2,-2
31,4375701,청구아파트,학기,토요일,16,14.81,T3,18,8.95,T1,2
31,4375701,청구아파트,학기,토요일,17,15.87,T3,19,5.13,T1,2
31,4375701,청구아파트,학기,일요일·공휴일,10,22.42,T3,08,11.05,T2,-2
31,4375701,청구아파트,학기,일요일·공휴일,12,14.82,T3,11,11.24,T2,-1
31,4375701,청구아파트,학기,일요일·공휴일,14,13.48,T3,16,10.8,T2,2
31,4375701,청구아파트,시험,평일,17,24.85,T3,19,10.4,T2,2
31,4375701,청구아파트,시험,평일,18,14.44,T3,20,7.57,T1,2
31,4375701,청구아파트,시험,토요일,09,14.38,T3,07,12.38,T2,-2
31,4375701,청구아파트,시험,토요일,15,14.21,T3,17,13.0,T2,2
31,4375701,청구아파트,시험,일요일·공휴일,15,15.23,T3,17,11.23,T2,2
31,4375701,청구아파트,계절학기,평일,16,16.44,T3,18,9.5,T2,2
31,4375701,청구아파트,계절학기,평일,17,15.25,T3,19,6.26,T1,2
31,4375701,청구아파트,계절학기,토요일,11,15.83,T3,09,11.42,T2,-2
31,4375701,청구아파트,계절학기,토요일,12,17.75,T3,14,12.87,T2,2
31,4375701,청구아파트,계절학기,토요일,17,15.51,T3,15,9.79,T2,-2
31,4375701,청구아파트,방학,평일,16,13.31,T3,18,7.18,T1,2
31,4375701,청구아파트,방학,평일,17,17.13,T3,19,6.32,T1,2
31,4375701,청구아파트,방학,토요일,08,14.27,T3,07,7.91,T1,-1
31,4375701,청구아파트,방학,토요일,09,18.47,T3,07,7.91,T1,-2
31,4375701,청구아파트,방학,토요일,12,15.47,T3,14,11.68,T2,2
31,4375701,청구아파트,방학,토요일,13,16.18,T3,14,11.68,T2,1
31,4375701,청구아파트,방학,일요일·공휴일,10,17.62,T3,08,6.09,T1,-2
31,4375701,청구아파트,방학,일요일·공휴일,12,13.68,T3,14,9.59,T2,2
31,4375701,청구아파트,방학,일요일·공휴일,13,13.6,T3,14,9.59,T2,1
31,4376201,동막골,학기,평일,08,15.22,T3,10,12.55,T2,2
31,4376201,동막골,학기,평일,09,13.5,T3,11,10.83,T2,2
31,4376201,동막골,학기,평일,13,15.04,T3,12,9.25,T2,-1
31,4376201,동막골,학기,평일,14,14.94,T3,12,9.25,T2,-2
31,4376201,동막골,학기,평일,16,15.02,T3,18,10.88,T2,2
31,4376201,동막골,학기,토요일,13,15.32,T3,15,11.24,T2,2
31,4376201,동막골,계절학기,평일,13,13.73,T3,11,12.28,T2,-2
31,4376201,동막골,방학,평일,15,13.57,T3,17,12.29,T2,2
31,4376311,동막골,학기,평일,10,13.71,T3,11,7.53,T1,1
31,4376311,동막골,학기,평일,13,13.53,T3,11,7.53,T1,-2
31,4376311,동막골,방학,평일,16,15.32,T3,17,9.5,T2,1
31,4376451,꿈드림새마을금고,학기,평일,09,14.12,T3,10,11.62,T2,1
31,4376451,꿈드림새마을금고,학기,평일,18,13.83,T3,20,5.38,T1,2
31,4376451,꿈드림새마을금고,학기,토요일,08,15.53,T3,06,9.05,T2,-2
31,4376451,꿈드림새마을금고,학기,토요일,10,13.81,T3,09,11.21,T2,-1
31,4376451,꿈드림새마을금고,학기,토요일,11,18.92,T3,09,11.21,T2,-2
31,4376451,꿈드림새마을금고,학기,토요일,12,22.81,T3,14,11.64,T2,2
31,4376451,꿈드림새마을금고,학기,일요일·공휴일,10,13.32,T3,08,5.99,T1,-2
31,4376451,꿈드림새마을금고,학기,일요일·공휴일,13,13.46,T3,14,9.62,T2,1
31,4376451,꿈드림새마을금고,시험,평일,08,13.21,T3,06,8.49,T1,-2
31,4376451,꿈드림새마을금고,시험,평일,09,15.28,T3,07,11.82,T2,-2
31,4376451,꿈드림새마을금고,시험,평일,11,13.96,T3,13,12.43,T2,2
31,4376451,꿈드림새마을금고,시험,평일,12,14.04,T3,13,12.43,T2,1
31,4376451,꿈드림새마을금고,시험,평일,14,14.89,T3,15,12.18,T2,1
31,4376451,꿈드림새마을금고,시험,평일,16,13.51,T3,15,12.18,T2,-1
31,4376451,꿈드림새마을금고,시험,평일,17,13.56,T3,15,12.18,T2,-2
31,4376451,꿈드림새마을금고,시험,토요일,12,15.38,T3,11,7.95,T1,-1
31,4376451,꿈드림새마을금고,시험,일요일·공휴일,13,19.53,T3,14,11.54,T2,1
31,4376451,꿈드림새마을금고,시험,일요일·공휴일,15,14.07,T3,14,11.54,T2,-1
31,4376451,꿈드림새마을금고,계절학기,평일,07,13.75,T3,06,7.31,T1,-1
31,4376451,꿈드림새마을금고,방학,평일,08,13.39,T3,06,8.08,T1,-2
31,4376451,꿈드림새마을금고,방학,평일,12,13.86,T3,10,11.34,T2,-2
31,4376451,꿈드림새마을금고,방학,평일,17,15.33,T3,19,6.37,T1,2
31,4376451,꿈드림새마을금고,방학,토요일,10,13.51,T3,09,10.15,T2,-1
31,4376451,꿈드림새마을금고,방학,토요일,11,14.07,T3,09,10.15,T2,-2
31,4376451,꿈드림새마을금고,방학,토요일,12,18.84,T3,14,10.07,T2,2
31,4376451,꿈드림새마을금고,방학,토요일,13,14.18,T3,14,10.07,T2,1
31,4376451,꿈드림새마을금고,방학,일요일·공휴일,12,14.09,T3,11,7.38,T1,-1
31,4376461,단계은행아파트,학기,평일,08,14.9,T3,06,10.62,T2,-2
31,4376461,단계은행아파트,학기,평일,09,16.67,T3,07,12.76,T2,-2
31,4376461,단계은행아파트,학기,평일,10,13.48,T3,12,10.86,T2,2
31,4376461,단계은행아파트,학기,평일,11,14.16,T3,12,10.86,T2,1
31,4376461,단계은행아파트,학기,평일,14,13.39,T3,15,10.03,T2,1
31,4376461,단계은행아파트,학기,토요일,08,15.66,T3,07,9.07,T2,-1
31,4376461,단계은행아파트,학기,토요일,11,17.43,T3,10,12.73,T2,-1
31,4376461,단계은행아파트,학기,토요일,12,21.97,T3,14,11.95,T2,2
31,4376461,단계은행아파트,학기,일요일·공휴일,13,16.76,T3,15,8.82,T1,2
31,4376461,단계은행아파트,시험,평일,07,14.67,T3,06,9.99,T2,-1
31,4376461,단계은행아파트,시험,평일,08,14.43,T3,06,9.99,T2,-2
31,4376461,단계은행아파트,시험,평일,10,14.87,T3,12,13.03,T2,2
31,4376461,단계은행아파트,시험,평일,11,13.68,T3,12,13.03,T2,1
31,4376461,단계은행아파트,시험,평일,13,13.77,T3,15,12.68,T2,2
31,4376461,단계은행아파트,시험,평일,14,17.45,T3,15,12.68,T2,1
31,4376461,단계은행아파트,시험,평일,16,13.3,T3,15,12.68,T2,-1
31,4376461,단계은행아파트,시험,평일,17,13.94,T3,19,8.47,T1,2
31,4376461,단계은행아파트,시험,토요일,10,13.97,T3,09,12.3,T2,-1
31,4376461,단계은행아파트,시험,토요일,13,16.18,T3,15,11.88,T2,2
31,4376461,단계은행아파트,시험,일요일·공휴일,10,14.76,T3,08,7.71,T1,-2
31,4376461,단계은행아파트,시험,일요일·공휴일,19,13.68,T3,17,11.23,T2,-2
31,4376461,단계은행아파트,계절학기,평일,07,13.4,T3,06,7.49,T1,-1
31,4376461,단계은행아파트,계절학기,평일,08,14.42,T3,06,7.49,T1,-2
31,4376461,단계은행아파트,계절학기,평일,10,14.46,T3,09,12.6,T2,-1
31,4376461,단계은행아파트,계절학기,평일,12,14.78,T3,11,12.93,T2,-1
31,4376461,단계은행아파트,계절학기,평일,13,13.93,T3,15,11.98,T2,2
31,4376461,단계은행아파트,계절학기,평일,14,13.37,T3,16,11.11,T2,2
31,4376461,단계은행아파트,계절학기,토요일,12,17.75,T3,13,11.26,T2,1
31,4376461,단계은행아파트,계절학기,토요일,14,13.51,T3,16,11.1,T2,2
31,4376461,단계은행아파트,계절학기,토요일,17,14.67,T3,19,6.54,T1,2
31,4376461,단계은행아파트,방학,평일,08,14.54,T3,06,9.21,T2,-2
31,4376461,단계은행아파트,방학,평일,12,15.94,T3,10,12.33,T2,-2
31,4376461,단계은행아파트,방학,평일,13,13.38,T3,14,12.48,T2,1
31,4376461,단계은행아파트,방학,평일,17,15.27,T3,19,8.46,T1,2
31,4376461,단계은행아파트,방학,토요일,08,13.89,T3,06,6.04,T1,-2
31,4376461,단계은행아파트,방학,토요일,10,14.91,T3,09,12.56,T2,-1
31,4376461,단계은행아파트,방학,토요일,11,13.68,T3,09,12.56,T2,-2
31,4376461,단계은행아파트,방학,토요일,12,20.64,T3,14,9.18,T2,2
31,4376461,단계은행아파트,방학,토요일,13,15.37,T3,14,9.18,T2,1
31,4376461,단계은행아파트,방학,일요일·공휴일,10,13.3,T3,08,8.16,T1,-2
31,4376461,단계은행아파트,방학,일요일·공휴일,12,16.88,T3,11,8.84,T1,-1
31,4376491,보촌,학기,평일,10,13.86,T3,11,9.72,T2,1
31,4376491,보촌,학기,평일,13,16.46,T3,11,9.72,T2,-2
31,4376491,보촌,학기,토요일,10,17.55,T3,08,9.24,T2,-2
31,4376491,보촌,학기,토요일,11,13.6,T3,09,11.99,T2,-2
31,4376491,보촌,학기,토요일,13,16.0,T3,15,9.04,T2,2
31,4376491,보촌,학기,토요일,14,13.94,T3,15,9.04,T2,1
31,4376491,보촌,학기,일요일·공휴일,20,18.19,T3,19,9.16,T2,-1
31,4376491,보촌,시험,평일,07,14.21,T3,06,7.93,T1,-1
31,4376491,보촌,시험,평일,09,15.09,T3,08,10.79,T2,-1
31,4376491,보촌,시험,평일,10,16.86,T3,08,10.79,T2,-2
31,4376491,보촌,시험,평일,12,16.7,T3,11,11.08,T2,-1
31,4376491,보촌,시험,평일,13,16.99,T3,11,11.08,T2,-2
31,4376491,보촌,시험,평일,15,15.12,T3,17,9.55,T2,2
31,4376491,보촌,시험,평일,16,13.21,T3,17,9.55,T2,1
31,4376491,보촌,시험,평일,18,13.61,T3,20,7.09,T1,2
31,4376491,보촌,시험,토요일,09,14.63,T3,07,10.63,T2,-2
31,4376491,보촌,시험,토요일,16,14.11,T3,14,7.28,T1,-2
31,4376491,보촌,시험,일요일·공휴일,13,19.53,T3,11,11.64,T2,-2
31,4376491,보촌,시험,일요일·공휴일,19,14.01,T3,17,11.23,T2,-2
31,4376491,보촌,계절학기,평일,13,13.42,T3,11,11.03,T2,-2
31,4376491,보촌,계절학기,평일,14,13.27,T3,16,11.67,T2,2
31,4376491,보촌,계절학기,평일,15,13.45,T3,17,9.73,T2,2
31,4376491,보촌,계절학기,토요일,17,13.67,T3,15,8.29,T1,-2
31,4376491,보촌,방학,평일,13,15.41,T3,15,10.85,T2,2
31,4376491,보촌,방학,평일,16,15.06,T3,18,9.38,T2,2
31,4376491,보촌,방학,토요일,10,13.39,T3,08,8.5,T1,-2
31,4376491,보촌,방학,토요일,11,13.38,T3,09,10.74,T2,-2
31,4376491,보촌,방학,토요일,13,14.27,T3,14,10.07,T2,1
31,4376501,두산위브정문,학기,평일,10,15.31,T3,12,10.51,T2,2
31,4376501,두산위브정문,학기,평일,13,13.36,T3,12,10.51,T2,-1
31,4376501,두산위브정문,학기,토요일,10,17.44,T3,09,11.85,T2,-1
31,4376501,두산위브정문,학기,토요일,11,14.67,T3,09,11.85,T2,-2
31,4376501,두산위브정문,학기,토요일,12,14.52,T3,14,11.93,T2,2
31,4376501,두산위브정문,학기,토요일,13,17.49,T3,15,9.22,T2,2
31,4376501,두산위브정문,학기,일요일·공휴일,10,13.37,T3,09,8.37,T1,-1
31,4376501,두산위브정문,학기,일요일·공휴일,20,15.6,T3,19,7.87,T1,-1
31,4376501,두산위브정문,시험,평일,10,15.84,T3,11,10.22,T2,1
31,4376501,두산위브정문,시험,평일,12,13.28,T3,11,10.22,T2,-1
31,4376501,두산위브정문,시험,평일,14,14.16,T3,15,12.62,T2,1
31,4376501,두산위브정문,시험,평일,16,17.68,T3,15,12.62,T2,-1
31,4376501,두산위브정문,시험,평일,17,14.08,T3,19,7.3,T1,2
31,4376501,두산위브정문,계절학기,평일,09,13.78,T3,08,10.8,T2,-1
31,4376501,두산위브정문,계절학기,평일,14,13.63,T3,12,9.93,T2,-2
31,4376501,두산위브정문,방학,평일,12,15.32,T3,11,9.71,T2,-1
31,4376501,두산위브정문,방학,평일,13,15.24,T3,15,8.97,T1,2
31,4376501,두산위브정문,방학,평일,16,14.26,T3,18,8.9,T1,2
31,4376501,두산위브정문,방학,토요일,11,13.41,T3,09,10.87,T2,-2
31,4376501,두산위브정문,방학,토요일,13,13.6,T3,15,10.91,T2,2
31,4376521,벌밤골,학기,평일,08,13.91,T3,06,5.95,T1,-2
31,4376521,벌밤골,학기,평일,10,15.64,T3,11,9.92,T2,1
31,4376521,벌밤골,학기,평일,13,13.33,T3,11,9.92,T2,-2
31,4376521,벌밤골,학기,토요일,10,16.32,T3,09,11.16,T2,-1
31,4376521,벌밤골,학기,토요일,13,14.49,T3,15,9.56,T2,2
31,4376521,벌밤골,학기,일요일·공휴일,20,14.02,T3,18,8.41,T1,-2
31,4376521,벌밤골,시험,평일,10,14.98,T3,11,12.13,T2,1
31,4376521,벌밤골,시험,평일,12,16.04,T3,11,12.13,T2,-1
31,4376521,벌밤골,시험,평일,13,14.98,T3,11,12.13,T2,-2
31,4376521,벌밤골,시험,토요일,16,13.44,T3,15,10.71,T2,-1
31,4376521,벌밤골,계절학기,평일,13,14.3,T3,11,11.75,T2,-2
31,4376521,벌밤골,계절학기,평일,14,13.81,T3,16,9.84,T2,2
31,4376521,벌밤골,방학,평일,12,14.51,T3,10,11.38,T2,-2
31,4376521,벌밤골,방학,평일,13,16.84,T3,15,8.82,T1,2
31,4376521,벌밤골,방학,평일,14,13.63,T3,15,8.82,T1,1
31,4376521,벌밤골,방학,평일,16,14.13,T3,15,8.82,T1,-1
31,4376521,벌밤골,방학,토요일,11,14.91,T3,10,11.68,T2,-1
31,4376521,벌밤골,방학,토요일,12,15.12,T3,10,11.68,T2,-2
31,4376521,벌밤골,방학,토요일,13,14.27,T3,15,11.56,T2,2
31,4376531,무수막마을,학기,평일,14,13.76,T3,12,9.38,T2,-2
31,4376531,무수막마을,학기,토요일,11,14.57,T3,09,9.74,T2,-2
31,4376531,무수막마을,시험,평일,10,13.98,T3,08,12.9,T2,-2
31,4376531,무수막마을,시험,평일,18,14.15,T3,20,9.22,T2,2
31,4376531,무수막마을,계절학기,평일,09,13.91,T3,07,8.99,T1,-2
31,4376531,무수막마을,방학,평일,11,13.74,T3,09,7.38,T1,-2
31,4376531,무수막마을,방학,평일,12,13.24,T3,14,12.51,T2,2
31,4376531,무수막마을,방학,평일,13,15.32,T3,14,12.51,T2,1
31,4376531,무수막마을,방학,평일,16,15.32,T3,18,11.53,T2,2
31,4376531,무수막마을,방학,평일,17,14.88,T3,19,5.99,T1,2
31,4376541,세동마을,학기,토요일,10,15.35,T3,08,8.87,T1,-2
31,4376541,세동마을,시험,평일,09,14.76,T3,08,9.48,T2,-1
31,4376541,세동마을,시험,평일,12,14.03,T3,14,10.41,T2,2
31,4376541,세동마을,시험,평일,13,13.43,T3,14,10.41,T2,1
31,4376541,세동마을,시험,평일,17,14.42,T3,18,9.24,T2,1
31,4376541,세동마을,방학,토요일,10,14.02,T3,09,6.93,T1,-1
31,4376591,연세대학교,학기,평일,08,19.42,T3,06,5.57,T1,-2
31,4376591,연세대학교,학기,평일,14,13.2,T3,12,8.26,T1,-2
31,4376591,연세대학교,학기,토요일,10,14.23,T3,09,8.5,T1,-1
31,4376591,연세대학교,학기,토요일,11,14.91,T3,09,8.5,T1,-2
31,4376591,연세대학교,학기,일요일·공휴일,10,13.66,T3,08,6.85,T1,-2
31,4376591,연세대학교,시험,평일,08,14.38,T3,06,8.07,T1,-2
31,4376591,연세대학교,시험,평일,09,13.2,T3,11,11.46,T2,2
31,4376591,연세대학교,시험,평일,10,13.43,T3,11,11.46,T2,1
31,4376591,연세대학교,시험,평일,13,14.1,T3,11,11.46,T2,-2
31,4376591,연세대학교,시험,평일,16,15.57,T3,18,11.1,T2,2
31,4376591,연세대학교,시험,평일,17,16.21,T3,19,8.8,T1,2
31,4376591,연세대학교,시험,일요일·공휴일,10,15.26,T3,08,7.71,T1,-2
31,4376591,연세대학교,계절학기,평일,08,13.22,T3,07,10.49,T2,-1
31,4376591,연세대학교,계절학기,평일,13,14.92,T3,12,9.64,T2,-1
31,4376591,연세대학교,계절학기,평일,14,14.67,T3,16,8.92,T1,2
31,4376591,연세대학교,방학,평일,10,13.33,T3,12,10.91,T2,2
31,4376591,연세대학교,방학,평일,13,15.81,T3,15,9.07,T2,2
31,4376591,연세대학교,방학,평일,14,13.63,T3,15,9.07,T2,1
31,4376591,연세대학교,방학,토요일,10,15.31,T3,08,9.08,T2,-2
31,4376591,연세대학교,방학,토요일,12,13.62,T3,14,8.9,T1,2
31,4376591,연세대학교,방학,토요일,13,13.94,T3,14,8.9,T1,1
31,4376601,세동,학기,평일,08,23.88,T3,06,8.61,T1,-2
31,4376601,세동,학기,평일,09,14.09,T3,11,9.31,T2,2
31,4376601,세동,학기,평일,13,14.07,T3,11,9.31,T2,-2
31,4376601,세동,학기,평일,14,15.0,T3,12,10.48,T2,-2
31,4376601,세동,학기,토요일,10,14.8,T3,09,9.13,T2,-1
31,4376601,세동,학기,토요일,11,14.65,T3,09,9.13,T2,-2
31,4376601,세동,학기,토요일,13,13.84,T3,15,9.95,T2,2
31,4376601,세동,시험,평일,08,16.21,T3,06,8.32,T1,-2
31,4376601,세동,시험,평일,09,18.3,T3,11,10.86,T2,2
31,4376601,세동,시험,평일,12,13.64,T3,11,10.86,T2,-1
31,4376601,세동,시험,평일,13,14.32,T3,11,10.86,T2,-2
31,4376601,세동,시험,평일,16,16.16,T3,18,11.84,T2,2
31,4376601,세동,시험,평일,17,17.5,T3,19,7.12,T1,2
31,4376601,세동,시험,토요일,08,13.53,T3,07,11.13,T2,-1
31,4376601,세동,시험,토요일,13,13.84,T3,15,12.88,T2,2
31,4376601,세동,시험,일요일·공휴일,10,15.59,T3,09,9.85,T2,-1
31,4376601,세동,시험,일요일·공휴일,13,18.03,T3,14,11.87,T2,1
31,4376601,세동,시험,일요일·공휴일,15,13.4,T3,16,11.64,T2,1
31,4376601,세동,계절학기,평일,08,17.2,T3,06,8.76,T1,-2
31,4376601,세동,계절학기,평일,11,14.19,T3,12,10.15,T2,1
31,4376601,세동,계절학기,평일,13,15.43,T3,12,10.15,T2,-1
31,4376601,세동,계절학기,평일,15,13.54,T3,16,8.92,T1,1
31,4376601,세동,계절학기,토요일,11,13.31,T3,09,9.85,T2,-2
31,4376601,세동,방학,평일,08,14.64,T3,07,10.15,T2,-1
31,4376601,세동,방학,평일,10,14.72,T3,09,11.13,T2,-1
31,4376601,세동,방학,평일,11,14.49,T3,09,11.13,T2,-2
31,4376601,세동,방학,평일,12,13.7,T3,14,12.24,T2,2
31,4376601,세동,방학,평일,13,16.93,T3,15,10.5,T2,2
31,4376601,세동,방학,토요일,10,14.79,T3,09,10.47,T2,-1
31,4376601,세동,방학,토요일,15,13.48,T3,14,8.04,T1,-1
31,4376611,무수막마을,학기,평일,07,14.0,T3,06,9.92,T2,-1
31,4376611,무수막마을,학기,평일,08,13.76,T3,06,9.92,T2,-2
31,4376611,무수막마을,학기,평일,09,14.94,T3,11,11.8,T2,2
31,4376611,무수막마을,학기,평일,10,13.25,T3,12,11.38,T2,2
31,4376611,무수막마을,학기,평일,14,16.13,T3,12,11.38,T2,-2
31,4376611,무수막마을,학기,평일,16,13.34,T3,18,9.51,T2,2
31,4376611,무수막마을,학기,평일,17,15.13,T3,19,7.16,T1,2
31,4376611,무수막마을,학기,토요일,10,14.82,T3,09,11.99,T2,-1
31,4376611,무수막마을,학기,토요일,11,16.64,T3,09,11.99,T2,-2
31,4376611,무수막마을,학기,토요일,12,15.11,T3,14,12.08,T2,2
31,4376611,무수막마을,학기,토요일,13,15.66,T3,15,9.59,T2,2
31,4376611,무수막마을,학기,일요일·공휴일,17,13.99,T3,19,7.69,T1,2
31,4376611,무수막마을,시험,토요일,15,13.38,T3,14,8.12,T1,-1
31,4376611,무수막마을,계절학기,평일,10,13.67,T3,12,11.67,T2,2
31,4376611,무수막마을,계절학기,평일,11,13.32,T3,12,11.67,T2,1
31,4376611,무수막마을,계절학기,평일,13,18.51,T3,12,11.67,T2,-1
31,4376611,무수막마을,계절학기,평일,14,13.78,T3,12,11.67,T2,-2
31,4376611,무수막마을,계절학기,토요일,12,14.37,T3,14,12.01,T2,2
31,4376611,무수막마을,방학,평일,08,15.35,T3,09,12.31,T2,1
31,4376611,무수막마을,방학,평일,10,16.27,T3,09,12.31,T2,-1
31,4376611,무수막마을,방학,평일,11,16.46,T3,09,12.31,T2,-2
31,4376611,무수막마을,방학,평일,14,14.18,T3,16,12.84,T2,2
31,4376611,무수막마을,방학,평일,15,13.55,T3,16,12.84,T2,1
31,4376611,무수막마을,방학,평일,17,14.88,T3,19,7.65,T1,2
31,4376611,무수막마을,방학,토요일,10,14.02,T3,08,9.58,T2,-2
31,4376611,무수막마을,방학,토요일,11,15.06,T3,09,12.87,T2,-2
31,4376621,벌밤골,학기,평일,08,19.04,T3,06,7.3,T1,-2
31,4376621,벌밤골,학기,평일,09,13.42,T3,11,11.25,T2,2
31,4376621,벌밤골,학기,평일,10,14.38,T3,12,10.65,T2,2
31,4376621,벌밤골,학기,평일,13,13.62,T3,12,10.65,T2,-1
31,4376621,벌밤골,학기,평일,14,14.92,T3,12,10.65,T2,-2
31,4376621,벌밤골,학기,평일,16,13.34,T3,18,11.51,T2,2
31,4376621,벌밤골,학기,평일,17,13.22,T3,19,6.4,T1,2
31,4376621,벌밤골,학기,토요일,08,14.36,T3,09,12.37,T2,1
31,4376621,벌밤골,학기,토요일,10,16.22,T3,09,12.37,T2,-1
31,4376621,벌밤골,학기,토요일,11,15.94,T3,09,12.37,T2,-2
31,4376621,벌밤골,학기,토요일,13,15.66,T3,15,10.68,T2,2
31,4376621,벌밤골,시험,평일,09,16.92,T3,07,12.82,T2,-2
31,4376621,벌밤골,계절학기,평일,07,15.09,T3,09,12.43,T2,2
31,4376621,벌밤골,계절학기,평일,08,16.76,T3,09,12.43,T2,1
31,4376621,벌밤골,계절학기,평일,10,13.8,T3,12,10.77,T2,2
31,4376621,벌밤골,계절학기,평일,11,14.77,T3,12,10.77,T2,1
31,4376621,벌밤골,계절학기,평일,13,16.02,T3,12,10.77,T2,-1
31,4376621,벌밤골,계절학기,토요일,17,14.67,T3,15,9.46,T2,-2
31,4376621,벌밤골,방학,평일,10,18.26,T3,08,11.25,T2,-2
31,4376621,벌밤골,방학,평일,11,15.29,T3,09,12.86,T2,-2
31,4376621,벌밤골,방학,평일,14,15.2,T3,16,12.13,T2,2
31,4376621,벌밤골,방학,평일,15,13.67,T3,17,11.5,T2,2
31,4376621,벌밤골,방학,토요일,10,16.02,T3,09,10.87,T2,-1
31,4376621,벌밤골,방학,토요일,11,15.24,T3,09,10.87,T2,-2
31,4376621,벌밤골,방학,토요일,12,13.53,T3,14,10.07,T2,2
31,4376621,벌밤골,방학,토요일,13,13.6,T3,14,10.07,T2,1
31,4376631,두산위브아파트,학기,평일,07,14.04,T3,06,8.87,T1,-1
31,4376631,두산위브아파트,학기,평일,08,23.65,T3,06,8.87,T1,-2
31,4376631,두산위브아파트,학기,평일,09,16.66,T3,11,10.32,T2,2
31,4376631,두산위브아파트,학기,평일,10,14.02,T3,11,10.32,T2,1
31,4376631,두산위브아파트,학기,평일,14,15.44,T3,12,10.61,T2,-2
31,4376631,두산위브아파트,학기,평일,15,13.67,T3,17,12.39,T2,2
31,4376631,두산위브아파트,학기,평일,16,14.36,T3,18,11.4,T2,2
31,4376631,두산위브아파트,학기,토요일,10,18.71,T3,09,11.88,T2,-1
31,4376631,두산위브아파트,학기,토요일,11,17.34,T3,09,11.88,T2,-2
31,4376631,두산위브아파트,학기,토요일,12,15.44,T3,14,13.19,T2,2
31,4376631,두산위브아파트,학기,토요일,13,14.99,T3,15,9.75,T2,2
31,4376631,두산위브아파트,학기,토요일,16,13.49,T3,15,9.75,T2,-1
31,4376631,두산위브아파트,학기,토요일,17,13.42,T3,15,9.75,T2,-2
31,4376631,두산위브아파트,시험,평일,08,17.04,T3,07,12.36,T2,-1
31,4376631,두산위브아파트,시험,평일,09,18.89,T3,11,11.96,T2,2
31,4376631,두산위브아파트,시험,평일,12,15.6,T3,11,11.96,T2,-1
31,4376631,두산위브아파트,시험,평일,13,16.48,T3,11,11.96,T2,-2
31,4376631,두산위브아파트,시험,평일,16,17.39,T3,18,12.13,T2,2
31,4376631,두산위브아파트,시험,평일,17,16.31,T3,18,12.13,T2,1
31,4376631,두산위브아파트,시험,토요일,10,13.97,T3,08,9.7,T2,-2
31,4376631,두산위브아파트,시험,일요일·공휴일,10,15.93,T3,08,8.21,T1,-2
31,4376631,두산위브아파트,계절학기,평일,10,16.8,T3,12,11.92,T2,2
31,4376631,두산위브아파트,계절학기,평일,11,13.34,T3,12,11.92,T2,1
31,4376631,두산위브아파트,계절학기,평일,13,16.51,T3,15,10.66,T2,2
31,4376631,두산위브아파트,계절학기,평일,14,18.33,T3,15,10.66,T2,1
31,4376631,두산위브아파트,계절학기,토요일,12,14.87,T3,10,10.55,T2,-2
31,4376631,두산위브아파트,방학,평일,08,15.22,T3,07,10.14,T2,-1
31,4376631,두산위브아파트,방학,평일,10,19.03,T3,09,12.31,T2,-1
31,4376631,두산위브아파트,방학,평일,11,16.94,T3,09,12.31,T2,-2
31,4376631,두산위브아파트,방학,평일,14,16.36,T3,16,11.88,T2,2
31,4376631,두산위브아파트,방학,평일,15,13.97,T3,16,11.88,T2,1
31,4376631,두산위브아파트,방학,토요일,10,15.9,T3,08,11.93,T2,-2
31,4376631,두산위브아파트,방학,토요일,11,14.06,T3,09,12.65,T2,-2
31,4376631,두산위브아파트,방학,토요일,12,13.25,T3,14,10.07,T2,2
31,4376631,두산위브아파트,방학,토요일,13,13.51,T3,14,10.07,T2,1
31,4376641,흥업지구대,학기,평일,07,16.15,T3,06,8.5,T1,-1
31,4376641,흥업지구대,학기,평일,08,21.49,T3,06,8.5,T1,-2
31,4376641,흥업지구대,학기,평일,09,16.13,T3,11,11.1,T2,2
31,4376641,흥업지구대,학기,평일,10,15.89,T3,12,10.47,T2,2
31,4376641,흥업지구대,학기,평일,14,13.72,T3,12,10.47,T2,-2
31,4376641,흥업지구대,학기,평일,15,17.28,T3,17,10.99,T2,2
31,4376641,흥업지구대,학기,평일,16,15.12,T3,18,9.61,T2,2
31,4376641,흥업지구대,학기,토요일,10,18.09,T3,08,12.44,T2,-2
31,4376641,흥업지구대,학기,토요일,11,15.21,T3,09,12.7,T2,-2
31,4376641,흥업지구대,학기,토요일,12,14.21,T3,14,10.25,T2,2
31,4376641,흥업지구대,학기,토요일,13,13.9,T3,14,10.25,T2,1
31,4376641,흥업지구대,학기,일요일·공휴일,10,14.3,T3,08,7.16,T1,-2
31,4376641,흥업지구대,시험,평일,07,15.12,T3,06,9.49,T2,-1
31,4376641,흥업지구대,시험,평일,08,16.88,T3,06,9.49,T2,-2
31,4376641,흥업지구대,시험,평일,09,19.05,T3,11,12.63,T2,2
31,4376641,흥업지구대,시험,평일,10,14.1,T3,11,12.63,T2,1
31,4376641,흥업지구대,시험,평일,12,14.36,T3,11,12.63,T2,-1
31,4376641,흥업지구대,시험,평일,13,15.11,T3,11,12.63,T2,-2
31,4376641,흥업지구대,시험,평일,16,17.31,T3,18,11.6,T2,2
31,4376641,흥업지구대,시험,평일,17,16.94,T3,19,7.97,T1,2
31,4376641,흥업지구대,시험,토요일,10,15.47,T3,11,8.62,T1,1
31,4376641,흥업지구대,시험,토요일,13,13.51,T3,11,8.62,T1,-2
31,4376641,흥업지구대,시험,토요일,15,14.04,T3,17,11.16,T2,2
31,4376641,흥업지구대,시험,일요일·공휴일,12,13.79,T3,14,11.79,T2,2
31,4376641,흥업지구대,시험,일요일·공휴일,15,13.73,T3,14,11.79,T2,-1
31,4376641,흥업지구대,계절학기,평일,07,16.53,T3,06,9.01,T1,-1
31,4376641,흥업지구대,계절학기,평일,08,15.2,T3,06,9.01,T1,-2
31,4376641,흥업지구대,계절학기,평일,10,16.16,T3,12,11.13,T2,2
31,4376641,흥업지구대,계절학기,평일,11,16.09,T3,12,11.13,T2,1
31,4376641,흥업지구대,계절학기,평일,13,15.66,T3,12,11.13,T2,-1
31,4376641,흥업지구대,계절학기,평일,14,14.15,T3,12,11.13,T2,-2
31,4376641,흥업지구대,계절학기,평일,15,14.91,T3,17,10.42,T2,2
31,4376641,흥업지구대,계절학기,토요일,11,13.31,T3,09,11.13,T2,-2
31,4376641,흥업지구대,계절학기,토요일,12,15.87,T3,10,11.33,T2,-2
31,4376641,흥업지구대,방학,평일,13,16.17,T3,15,12.08,T2,2
31,4376641,흥업지구대,방학,평일,14,15.67,T3,16,9.53,T2,2
31,4376641,흥업지구대,방학,토요일,09,13.93,T3,07,7.08,T1,-2
31,4376641,흥업지구대,방학,토요일,10,15.66,T3,08,11.62,T2,-2
31,4376641,흥업지구대,방학,토요일,11,14.63,T3,13,11.2,T2,2
31,4376691,단계은행아파트,학기,토요일,10,13.3,T3,09,9.1,T2,-1
31,4376691,단계은행아파트,학기,토요일,12,13.88,T3,11,9.62,T2,-1
31,4376691,단계은행아파트,시험,평일,10,14.7,T3,09,10.5,T2,-1
31,4376691,단계은행아파트,시험,평일,12,13.34,T3,11,11.11,T2,-1
31,4376691,단계은행아파트,시험,평일,13,14.65,T3,11,11.11,T2,-2
31,4376691,단계은행아파트,시험,평일,15,13.77,T3,16,11.81,T2,1
31,4376691,단계은행아파트,시험,평일,17,14.05,T3,19,5.76,T1,2
31,4376691,단계은행아파트,시험,일요일·공휴일,16,13.47,T3,17,10.07,T2,1
31,4376691,단계은행아파트,계절학기,평일,15,13.82,T3,17,8.88,T1,2
31,4376691,단계은행아파트,방학,평일,08,13.98,T3,09,7.86,T1,1
31,4376691,단계은행아파트,방학,토요일,10,15.52,T3,08,8.07,T1,-2
31,4376691,단계은행아파트,방학,토요일,11,14.38,T3,09,12.46,T2,-2
31,4376691,단계은행아파트,방학,토요일,12,16.11,T3,14,7.35,T1,2
31,4376691,단계은행아파트,방학,토요일,13,13.86,T3,14,7.35,T1,1
31,4376701,꿈드림새마을금고,학기,토요일,11,15.23,T3,09,9.22,T2,-2
31,4376701,꿈드림새마을금고,학기,토요일,13,14.71,T3,14,8.61,T1,1
31,4376701,꿈드림새마을금고,학기,일요일·공휴일,10,13.37,T3,08,7.65,T1,-2
31,4376701,꿈드림새마을금고,시험,평일,10,14.98,T3,12,11.86,T2,2
31,4376701,꿈드림새마을금고,시험,평일,11,13.29,T3,12,11.86,T2,1
31,4376701,꿈드림새마을금고,시험,평일,13,14.65,T3,14,10.96,T2,1
31,4376701,꿈드림새마을금고,시험,평일,16,14.35,T3,14,10.96,T2,-2
31,4376701,꿈드림새마을금고,시험,평일,17,13.93,T3,19,7.64,T1,2
31,4376701,꿈드림새마을금고,계절학기,평일,15,15.79,T3,17,11.1,T2,2
31,4376701,꿈드림새마을금고,계절학기,토요일,17,14.01,T3,15,8.79,T1,-2
31,4376701,꿈드림새마을금고,방학,평일,10,14.36,T3,11,7.8,T1,1
31,4376701,꿈드림새마을금고,방학,평일,15,13.54,T3,17,8.64,T1,2
31,4376701,꿈드림새마을금고,방학,토요일,10,14.52,T3,08,7.5,T1,-2
31,4376701,꿈드림새마을금고,방학,토요일,11,15.74,T3,09,10.65,T2,-2
31,4376711,우리병원,학기,평일,08,13.81,T3,06,3.18,T1,-2
31,4376711,우리병원,학기,토요일,11,16.4,T3,09,11.56,T2,-2
31,4376711,우리병원,학기,토요일,12,17.27,T3,10,12.5,T2,-2
31,4376711,우리병원,학기,일요일·공휴일,10,13.37,T3,08,6.82,T1,-2
31,4376711,우리병원,시험,평일,07,14.62,T3,05,5.72,T1,-2
31,4376711,우리병원,시험,평일,09,16.92,T3,10,12.48,T2,1
31,4376711,우리병원,시험,평일,11,14.46,T3,10,12.48,T2,-1
31,4376711,우리병원,시험,평일,14,13.31,T3,15,12.09,T2,1
31,4376711,우리병원,시험,평일,17,14.07,T3,19,8.54,T1,2
31,4376711,우리병원,계절학기,평일,11,14.04,T3,12,9.77,T2,1
31,4376711,우리병원,계절학기,평일,13,14.02,T3,12,9.77,T2,-1
31,4376711,우리병원,계절학기,평일,15,13.55,T3,17,10.68,T2,2
31,4376711,우리병원,방학,평일,10,13.36,T3,09,9.78,T2,-1
31,4376711,우리병원,방학,토요일,12,14.86,T3,14,9.74,T2,2
31,4376711,우리병원,방학,토요일,13,13.94,T3,14,9.74,T2,1
31,4376711,우리병원,방학,일요일·공휴일,12,13.7,T3,11,8.0,T1,-1
31,4376831,서곡삼거리,학기,평일,07,16.34,T3,06,8.52,T1,-1
31,4376831,서곡삼거리,학기,평일,08,13.95,T3,06,8.52,T1,-2
31,4376831,서곡삼거리,학기,평일,17,24.65,T3,19,12.8,T2,2
31,4376831,서곡삼거리,학기,평일,18,24.13,T3,19,12.8,T2,1
31,4376831,서곡삼거리,학기,토요일,09,15.85,T3,08,9.12,T2,-1
31,4376831,서곡삼거리,학기,토요일,10,17.09,T3,08,9.12,T2,-2
31,4376831,서곡삼거리,학기,토요일,14,14.25,T3,15,12.49,T2,1
31,4376831,서곡삼거리,학기,일요일·공휴일,12,13.33,T3,14,10.12,T2,2
31,4376831,서곡삼거리,시험,평일,07,17.95,T3,08,12.88,T2,1
31,4376831,서곡삼거리,시험,평일,09,19.59,T3,08,12.88,T2,-1
31,4376831,서곡삼거리,시험,평일,10,16.81,T3,08,12.88,T2,-2
31,4376831,서곡삼거리,계절학기,평일,07,15.83,T3,08,10.76,T2,1
31,4376831,서곡삼거리,계절학기,평일,10,18.13,T3,08,10.76,T2,-2
31,4376831,서곡삼거리,방학,평일,09,16.49,T3,07,8.65,T1,-2
31,4376831,서곡삼거리,방학,평일,10,24.74,T3,08,11.42,T2,-2
31,4377071,황산마을,시험,평일,17,14.08,T3,19,6.54,T1,2
31,4377081,황산마을,시험,평일,08,13.55,T3,07,12.29,T2,-1
31,4377331,한촌,학기,평일,08,20.01,T3,06,8.14,T1,-2
31,4377331,한촌,학기,평일,10,14.11,T3,12,9.55,T2,2
31,4377331,한촌,학기,토요일,10,14.69,T3,12,12.95,T2,2
31,4377331,한촌,학기,토요일,11,14.9,T3,12,12.95,T2,1
31,4377331,한촌,학기,토요일,13,14.71,T3,15,11.24,T2,2
31,4377331,한촌,시험,평일,08,17.33,T3,06,8.57,T1,-2
31,4377331,한촌,시험,평일,09,14.76,T3,11,11.79,T2,2
31,4377331,한촌,시험,평일,12,14.54,T3,11,11.79,T2,-1
31,4377331,한촌,시험,평일,13,16.15,T3,11,11.79,T2,-2
31,4377331,한촌,계절학기,평일,10,15.01,T3,09,11.83,T2,-1
31,4377331,한촌,계절학기,평일,11,14.04,T3,09,11.83,T2,-2
31,4377331,한촌,계절학기,평일,15,14.05,T3,17,8.85,T1,2
31,4377331,한촌,방학,평일,10,14.07,T3,09,10.54,T2,-1
31,4377331,한촌,방학,평일,11,13.4,T3,09,10.54,T2,-2
31,4377331,한촌,방학,평일,12,14.8,T3,14,12.63,T2,2
31,4377331,한촌,방학,평일,13,14.29,T3,14,12.63,T2,1
31,4377331,한촌,방학,토요일,10,14.59,T3,09,11.37,T2,-1
31,4377331,한촌,방학,토요일,11,13.41,T3,09,11.37,T2,-2
31,4377341,한촌,학기,평일,13,15.03,T3,11,9.62,T2,-2
31,4377341,한촌,학기,토요일,10,15.92,T3,08,9.65,T2,-2
31,4377341,한촌,학기,토요일,12,14.78,T3,14,11.58,T2,2
31,4377341,한촌,방학,평일,12,14.23,T3,14,12.6,T2,2
31,4377341,한촌,방학,평일,13,16.84,T3,15,9.49,T2,2
31,4377401,변판서골,학기,평일,07,14.34,T3,06,8.88,T1,-1
31,4377401,변판서골,학기,토요일,12,16.28,T3,14,11.58,T2,2
31,4377671,철동골,학기,평일,13,14.71,T3,15,12.48,T2,2
31,4377671,철동골,학기,평일,16,15.53,T3,15,12.48,T2,-1
31,4377671,철동골,방학,평일,16,14.65,T3,17,12.34,T2,1
31,4377681,,학기,평일,13,15.04,T3,14,12.43,T2,1
31,4377851,청원휴게소,학기,평일,08,16.07,T3,09,10.8,T2,1
31,4377851,청원휴게소,학기,평일,13,14.21,T3,14,12.2,T2,1
31,4377851,청원휴게소,방학,평일,10,16.15,T3,08,10.42,T2,-2
31,4377861,청원휴게소,학기,평일,17,15.34,T3,19,6.94,T1,2
31,4377861,청원휴게소,시험,평일,12,14.04,T3,11,12.11,T2,-1
31,4377881,변판서골,학기,평일,17,21.8,T3,19,8.27,T1,2
31,4377881,변판서골,학기,평일,18,17.3,T3,19,8.27,T1,1
31,4377881,변판서골,학기,토요일,13,16.82,T3,15,11.24,T2,2
31,4377881,변판서골,학기,토요일,14,14.25,T3,15,11.24,T2,1
31,4377881,변판서골,학기,일요일·공휴일,10,15.2,T3,11,10.11,T2,1
31,4377881,변판서골,학기,일요일·공휴일,17,13.32,T3,15,11.45,T2,-2
31,4377881,변판서골,방학,평일,11,16.53,T3,09,11.77,T2,-2
31,4377881,변판서골,방학,토요일,12,14.29,T3,14,10.07,T2,2
31,4377881,변판서골,방학,일요일·공휴일,13,16.12,T3,14,9.35,T2,1
31,4377911,천은사정류장,학기,평일,08,19.53,T3,06,7.85,T1,-2
31,4377911,천은사정류장,학기,평일,09,14.5,T3,11,7.54,T1,2
31,4377911,천은사정류장,학기,평일,10,13.89,T3,11,7.54,T1,1
31,4377911,천은사정류장,학기,평일,13,16.03,T3,11,7.54,T1,-2
31,4377911,천은사정류장,학기,평일,16,14.4,T3,15,12.05,T2,-1
31,4377911,천은사정류장,학기,평일,17,15.01,T3,15,12.05,T2,-2
31,4377911,천은사정류장,시험,평일,09,15.76,T3,07,11.3,T2,-2
31,4377911,천은사정류장,계절학기,평일,09,13.91,T3,07,10.99,T2,-2
31,4377911,천은사정류장,방학,평일,10,14.98,T3,09,12.06,T2,-1
31,4377911,천은사정류장,방학,평일,13,16.98,T3,11,12.13,T2,-2
31,4377911,천은사정류장,방학,평일,14,13.27,T3,12,12.45,T2,-2
31,4377921,천은사정류장,학기,평일,17,14.17,T3,16,9.66,T2,-1
31,4377921,천은사정류장,시험,평일,12,14.54,T3,14,13.19,T2,2
31,4377921,천은사정류장,시험,평일,13,14.98,T3,14,13.19,T2,1
31,4377921,천은사정류장,방학,평일,10,14.65,T3,08,10.42,T2,-2
31,4377921,천은사정류장,방학,평일,11,13.86,T3,09,11.07,T2,-2
31,4377921,천은사정류장,방학,평일,12,13.82,T3,14,12.18,T2,2
31,4377921,천은사정류장,방학,평일,13,16.24,T3,15,10.92,T2,2
31,4378671,유현마을,학기,평일,08,17.02,T3,06,7.02,T1,-2
31,4378671,유현마을,학기,토요일,12,14.28,T3,10,12.25,T2,-2
31,4378671,유현마을,시험,평일,08,14.37,T3,07,11.82,T2,-1
31,4378671,유현마을,시험,평일,09,14.76,T3,07,11.82,T2,-2
31,4378671,유현마을,시험,평일,12,14.04,T3,14,13.19,T2,2
31,4378671,유현마을,시험,평일,13,13.81,T3,14,13.19,T2,1
31,4378671,유현마을,시험,평일,16,15.18,T3,14,13.19,T2,-2
31,4378671,유현마을,계절학기,평일,08,15.16,T3,07,8.58,T1,-1
31,4378671,유현마을,방학,평일,08,13.54,T3,07,6.62,T1,-1
31,4378671,유현마을,방학,평일,11,13.74,T3,12,10.66,T2,1
31,4378671,유현마을,방학,토요일,10,14.86,T3,08,11.08,T2,-2
31,4378671,유현마을,방학,토요일,12,13.96,T3,14,8.2,T1,2
31,4378681,유현마을앞,학기,평일,09,13.57,T3,11,7.05,T1,2
31,4378681,유현마을앞,학기,평일,13,15.41,T3,11,7.05,T1,-2
31,4378681,유현마을앞,학기,토요일,11,13.73,T3,09,9.56,T2,-2
31,4378681,유현마을앞,계절학기,평일,13,14.02,T3,14,11.08,T2,1
31,4378681,유현마을앞,방학,평일,13,15.56,T3,14,10.85,T2,1
31,4378861,웃한치,학기,평일,09,14.67,T3,11,8.31,T1,2
31,4378861,웃한치,학기,평일,13,14.18,T3,11,8.31,T1,-2
31,4378861,웃한치,학기,평일,14,13.22,T3,15,11.05,T2,1
31,4378861,웃한치,학기,평일,16,15.2,T3,15,11.05,T2,-1
31,4378861,웃한치,방학,평일,08,13.31,T3,06,5.85,T1,-2
31,4378861,웃한치,방학,평일,09,13.92,T3,07,7.69,T1,-2
31,4378871,웃한치,학기,평일,15,13.73,T3,17,11.58,T2,2
31,4378871,웃한치,시험,평일,10,13.48,T3,11,10.11,T2,1
31,4378871,웃한치,시험,평일,12,15.54,T3,11,10.11,T2,-1
31,4378871,웃한치,계절학기,평일,16,13.2,T3,14,11.38,T2,-2
31,4378871,웃한치,방학,평일,13,15.48,T3,11,8.08,T1,-2
31,4378871,웃한치,방학,토요일,11,13.41,T3,09,10.53,T2,-2
31,4378911,다리골,방학,평일,10,14.65,T3,11,9.69,T2,1
31,4378921,,학기,평일,08,18.7,T3,09,9.45,T2,1
31,4378921,,학기,평일,13,14.21,T3,11,9.35,T2,-2
31,4378921,,학기,평일,17,13.86,T3,18,11.19,T2,1
31,4378921,,학기,토요일,12,13.94,T3,14,12.41,T2,2
31,4378941,운계정류장,학기,평일,09,13.86,T3,10,10.0,T2,1
31,4378941,운계정류장,학기,평일,15,14.23,T3,17,13.15,T2,2
31,4378941,운계정류장,학기,평일,16,15.53,T3,17,13.15,T2,1
31,4378961,용암말,학기,토요일,10,13.51,T3,09,10.85,T2,-1
31,4378961,용암말,학기,토요일,11,15.06,T3,09,10.85,T2,-2
31,4378961,용암말,학기,토요일,12,14.78,T3,14,10.06,T2,2
31,4378961,용암말,시험,평일,13,13.81,T3,14,13.16,T2,1
31,4378961,용암말,계절학기,평일,13,14.01,T3,11,11.59,T2,-2
31,4378961,용암말,방학,평일,10,14.98,T3,08,11.13,T2,-2
31,4378961,용암말,방학,평일,11,14.17,T3,09,11.27,T2,-2
31,4378961,용암말,방학,평일,12,13.66,T3,13,13.19,T2,1
31,4378961,용암말,방학,평일,14,14.1,T3,15,8.31,T1,1
31,4378961,용암말,방학,토요일,11,15.74,T3,09,10.87,T2,-2
31,4378971,용암말,학기,토요일,11,14.07,T3,10,10.85,T2,-1
31,4378971,용암말,학기,토요일,13,14.49,T3,14,10.93,T2,1
31,4378971,용암말,시험,평일,09,14.26,T3,10,12.64,T2,1
31,4378971,용암말,시험,평일,12,14.03,T3,14,12.16,T2,2
31,4378971,용암말,계절학기,평일,15,13.55,T3,14,7.88,T1,-1
31,4378971,용암말,방학,평일,13,15.15,T3,14,9.39,T2,1
31,4379271,큰양안치고개,학기,평일,12,13.45,T3,14,12.93,T2,2
31,4379271,큰양안치고개,학기,평일,15,13.73,T3,17,12.43,T2,2
31,4379281,,학기,평일,13,14.71,T3,11,10.25,T2,-2
31,4379281,,학기,평일,17,15.01,T3,16,9.71,T2,-1
31,4379281,,학기,토요일,10,16.26,T3,09,11.99,T2,-1
31,4379301,귀래정류장,학기,평일,08,13.72,T3,06,6.02,T1,-2
31,4379301,귀래정류장,학기,평일,09,13.5,T3,07,7.65,T1,-2
31,4379301,귀래정류장,학기,평일,13,16.75,T3,12,7.62,T1,-1
31,4379301,귀래정류장,학기,토요일,11,13.48,T3,10,12.39,T2,-1
31,4379301,귀래정류장,계절학기,평일,13,16.01,T3,14,13.09,T2,1
31,4379301,귀래정류장,방학,평일,10,14.13,T3,09,11.4,T2,-1
31,4379301,귀래정류장,방학,평일,11,14.69,T3,09,11.4,T2,-2
31,4379301,귀래정류장,방학,평일,12,15.1,T3,13,11.68,T2,1
31,4379301,귀래정류장,방학,평일,14,14.44,T3,13,11.68,T2,-1
31,4379451,유현느티나무,방학,토요일,10,15.52,T3,09,10.53,T2,-1
31,4379621,대동마을,학기,토요일,13,14.14,T3,15,7.81,T1,2
31,4379621,대동마을,시험,평일,10,13.81,T3,11,10.68,T2,1
31,4379621,대동마을,시험,평일,12,15.03,T3,11,10.68,T2,-1
31,4379621,대동마을,시험,평일,13,14.15,T3,11,10.68,T2,-2
31,4379621,대동마을,계절학기,평일,13,13.68,T3,12,8.05,T1,-1
31,4379621,대동마을,방학,평일,10,14.32,T3,08,7.56,T1,-2
31,4379621,대동마을,방학,평일,11,13.6,T3,09,11.4,T2,-2
31,4379621,대동마을,방학,평일,12,14.26,T3,14,12.51,T2,2
31,4379621,대동마을,방학,평일,13,13.7,T3,14,12.51,T2,1
31,4379621,대동마을,방학,평일,16,15.82,T3,18,10.03,T2,2
31,4380941,백운령,학기,평일,08,15.76,T3,09,12.56,T2,1
31,4380941,백운령,학기,평일,13,14.71,T3,11,9.1,T2,-2
31,4380941,백운령,학기,평일,16,15.53,T3,18,12.02,T2,2
31,4380941,백운령,방학,평일,10,14.98,T3,08,11.58,T2,-2
31,4380951,백운령,학기,평일,09,14.67,T3,07,10.29,T2,-2
31,4380951,백운령,학기,평일,15,14.9,T3,14,10.56,T2,-1
31,4380951,백운령,학기,평일,16,14.7,T3,14,10.56,T2,-2
31,4380951,백운령,시험,평일,12,13.37,T3,13,12.56,T2,1
31,4380951,백운령,계절학기,평일,13,14.52,T3,12,10.48,T2,-1
31,4380951,백운령,방학,평일,15,13.57,T3,17,12.34,T2,2
31,4381031,다리골,방학,평일,10,14.32,T3,11,10.9,T2,1
31,4381451,미촌,학기,평일,08,21.76,T3,06,8.59,T1,-2
31,4381451,미촌,학기,평일,17,14.43,T3,18,9.71,T2,1
31,4381451,미촌,시험,평일,09,15.22,T3,07,12.6,T2,-2
31,4381451,미촌,계절학기,평일,08,15.65,T3,06,7.43,T1,-2
31,4381451,미촌,계절학기,평일,11,13.66,T3,09,11.75,T2,-2
31,4381451,미촌,계절학기,평일,13,13.23,T3,12,11.92,T2,-1
31,4381451,미촌,계절학기,평일,14,14.11,T3,12,11.92,T2,-2
31,4381451,미촌,방학,평일,08,15.07,T3,09,9.45,T2,1
31,4381451,미촌,방학,평일,10,17.71,T3,09,9.45,T2,-1
31,4381451,미촌,방학,평일,12,13.2,T3,11,12.35,T2,-1
31,4381451,미촌,방학,평일,13,14.56,T3,15,11.05,T2,2
31,4381451,미촌,방학,토요일,13,14.27,T3,15,12.06,T2,2
31,4381461,매지리,학기,평일,17,13.84,T3,19,7.43,T1,2
31,4381461,매지리,학기,토요일,13,15.32,T3,15,10.08,T2,2
31,4381461,매지리,시험,평일,13,14.15,T3,14,11.31,T2,1
31,4381461,매지리,계절학기,평일,13,15.18,T3,11,12.54,T2,-2
31,4381461,매지리,방학,평일,11,13.19,T3,12,11.94,T2,1
31,4381461,매지리,방학,평일,13,14.99,T3,15,11.3,T2,2
31,4381471,,학기,토요일,10,14.28,T3,08,9.41,T2,-2
31,4381471,,학기,토요일,11,14.57,T3,09,9.85,T2,-2
31,4381471,,학기,토요일,12,14.28,T3,13,13.14,T2,1
31,4381471,,시험,평일,10,13.98,T3,11,12.96,T2,1
31,4381471,,계절학기,평일,13,13.35,T3,11,10.03,T2,-2
31,4381471,,계절학기,평일,14,13.44,T3,16,10.32,T2,2
31,4381471,,계절학기,평일,15,13.22,T3,17,10.3,T2,2
31,4381471,,방학,평일,10,14.56,T3,12,12.94,T2,2
31,4381471,,방학,평일,11,15.36,T3,12,12.94,T2,1
31,4381471,,방학,평일,13,16.32,T3,15,12.49,T2,2
31,4381471,,방학,평일,14,15.27,T3,15,12.49,T2,1
31,4381471,,방학,토요일,11,13.41,T3,09,10.2,T2,-2
31,4381481,매지휴게소,학기,평일,10,15.0,T3,11,10.6,T2,1
31,4381481,매지휴게소,학기,평일,13,14.71,T3,11,10.6,T2,-2
31,4381481,매지휴게소,학기,일요일·공휴일,10,13.37,T3,09,7.2,T1,-1
31,4381481,매지휴게소,계절학기,평일,15,13.55,T3,17,11.14,T2,2
31,4381481,매지휴게소,방학,평일,16,14.13,T3,18,10.36,T2,2
31,4381581,동막정류장,학기,평일,08,19.43,T3,06,5.53,T1,-2
31,4381581,동막정류장,학기,토요일,08,14.13,T3,07,5.97,T1,-1
31,4381581,동막정류장,학기,토요일,10,15.22,T3,12,12.52,T2,2
31,4381581,동막정류장,학기,토요일,11,15.23,T3,12,12.52,T2,1
31,4381581,동막정류장,시험,평일,08,15.33,T3,06,6.82,T1,-2
31,4381581,동막정류장,시험,평일,09,15.82,T3,11,12.63,T2,2
31,4381581,동막정류장,시험,평일,12,13.75,T3,11,12.63,T2,-1
31,4381581,동막정류장,시험,평일,13,14.98,T3,11,12.63,T2,-2
31,4381581,동막정류장,계절학기,평일,08,14.19,T3,06,6.76,T1,-2
31,4381581,동막정류장,계절학기,평일,13,14.02,T3,14,7.91,T1,1
31,4381581,동막정류장,방학,평일,08,15.11,T3,07,6.45,T1,-1
31,4381581,동막정류장,방학,평일,11,13.88,T3,10,8.13,T1,-1
31,4381581,동막정류장,방학,평일,12,14.23,T3,14,8.02,T1,2
31,4381581,동막정류장,방학,평일,16,13.27,T3,14,8.02,T1,-2
31,4381581,동막정류장,방학,토요일,10,14.86,T3,09,10.87,T2,-1
31,4381591,동막골,학기,토요일,10,13.28,T3,11,10.6,T2,1
31,4381591,동막골,학기,토요일,13,15.99,T3,11,10.6,T2,-2
31,4381591,동막골,시험,평일,12,16.37,T3,11,11.46,T2,-1
31,4381591,동막골,계절학기,평일,13,13.87,T3,12,10.77,T2,-1
31,4381591,동막골,방학,평일,10,13.84,T3,11,13.17,T2,1
31,4381591,동막골,방학,평일,13,16.13,T3,15,10.92,T2,2
31,4381591,동막골,방학,평일,16,13.82,T3,18,7.42,T1,2
31,4381911,단구은행아파트,학기,평일,16,27.01,T3,18,11.7,T2,2
31,4381911,단구은행아파트,학기,평일,17,22.16,T3,19,8.95,T1,2
31,4381911,단구은행아파트,학기,토요일,08,14.29,T3,07,10.17,T2,-1
31,4381911,단구은행아파트,학기,토요일,09,18.18,T3,07,10.17,T2,-2
31,4381911,단구은행아파트,학기,토요일,15,14.55,T3,17,11.18,T2,2
31,4381911,단구은행아파트,학기,토요일,16,17.56,T3,18,8.64,T1,2
31,4381911,단구은행아파트,학기,일요일·공휴일,10,16.74,T3,08,6.49,T1,-2
31,4381911,단구은행아파트,학기,일요일·공휴일,12,14.0,T3,11,11.28,T2,-1
31,4381911,단구은행아파트,시험,평일,17,22.94,T3,19,11.3,T2,2
31,4381911,단구은행아파트,시험,평일,18,13.82,T3,19,11.3,T2,1
31,4381911,단구은행아파트,시험,토요일,09,14.63,T3,07,12.13,T2,-2
31,4381911,단구은행아파트,시험,일요일·공휴일,13,20.19,T3,14,10.87,T2,1
31,4381911,단구은행아파트,계절학기,평일,10,22.84,T3,12,13.05,T2,2
31,4381911,단구은행아파트,계절학기,평일,11,20.47,T3,12,13.05,T2,1
31,4381911,단구은행아파트,계절학기,평일,13,15.01,T3,12,13.05,T2,-1
31,4381911,단구은행아파트,계절학기,평일,14,18.85,T3,12,13.05,T2,-2
31,4381911,단구은행아파트,계절학기,평일,15,16.79,T3,17,13.18,T2,2
31,4381911,단구은행아파트,계절학기,평일,16,16.78,T3,18,11.35,T2,2
31,4381911,단구은행아파트,계절학기,토요일,11,15.26,T3,09,12.32,T2,-2
31,4381911,단구은행아파트,방학,평일,16,13.9,T3,18,10.17,T2,2
31,4381911,단구은행아파트,방학,평일,17,16.13,T3,19,6.82,T1,2
31,4381911,단구은행아파트,방학,토요일,09,13.78,T3,07,11.62,T2,-2
31,4381911,단구은행아파트,방학,토요일,10,22.91,T3,08,12.64,T2,-2
31,4381911,단구은행아파트,방학,토요일,13,17.08,T3,14,11.92,T2,1
31,4381911,단구은행아파트,방학,토요일,15,14.9,T3,17,10.7,T2,2
31,4381911,단구은행아파트,방학,일요일·공휴일,10,15.67,T3,12,11.12,T2,2
31,4381911,단구은행아파트,방학,일요일·공휴일,13,13.55,T3,14,10.35,T2,1
31,4381911,단구은행아파트,방학,일요일·공휴일,15,13.81,T3,17,9.48,T2,2
31,4381921,단구은행아파트,학기,평일,07,15.19,T3,06,8.52,T1,-1
31,4381921,단구은행아파트,학기,평일,09,21.25,T3,08,12.61,T2,-1
31,4381921,단구은행아파트,학기,평일,10,17.25,T3,08,12.61,T2,-2
31,4381921,단구은행아파트,학기,평일,17,23.06,T3,19,8.85,T1,2
31,4381921,단구은행아파트,학기,평일,18,16.36,T3,19,8.85,T1,1
31,4381921,단구은행아파트,학기,토요일,10,15.59,T3,08,9.98,T2,-2
31,4381921,단구은행아파트,학기,토요일,11,13.92,T3,09,12.66,T2,-2
31,4381921,단구은행아파트,학기,토요일,13,15.85,T3,15,11.21,T2,2
31,4381921,단구은행아파트,학기,토요일,14,14.31,T3,15,11.21,T2,1
31,4381921,단구은행아파트,학기,토요일,16,14.56,T3,15,11.21,T2,-1
31,4381921,단구은행아파트,학기,일요일·공휴일,17,14.99,T3,19,8.51,T1,2
31,4381921,단구은행아파트,시험,평일,16,14.87,T3,18,12.61,T2,2
31,4381921,단구은행아파트,시험,평일,17,15.58,T3,18,12.61,T2,1
31,4381921,단구은행아파트,계절학기,평일,10,14.01,T3,09,11.64,T2,-1
31,4381921,단구은행아파트,계절학기,평일,13,17.02,T3,11,12.46,T2,-2
31,4381921,단구은행아파트,계절학기,평일,14,17.33,T3,12,13.05,T2,-2
31,4381921,단구은행아파트,계절학기,평일,17,14.8,T3,19,6.16,T1,2
31,4381921,단구은행아파트,계절학기,평일,18,14.94,T3,19,6.16,T1,1
31,4381921,단구은행아파트,방학,평일,10,17.99,T3,09,11.89,T2,-1
31,4381921,단구은행아파트,방학,평일,11,17.02,T3,09,11.89,T2,-2
31,4381921,단구은행아파트,방학,평일,17,16.45,T3,19,7.35,T1,2
31,4381921,단구은행아파트,방학,평일,18,18.58,T3,20,6.11,T1,2
31,4381921,단구은행아파트,방학,토요일,10,16.02,T3,09,10.31,T2,-1
31,4381921,단구은행아파트,방학,토요일,15,13.56,T3,17,10.74,T2,2
31,4381921,단구은행아파트,방학,토요일,16,13.69,T3,18,7.96,T1,2
31,4381921,단구은행아파트,방학,일요일·공휴일,10,13.44,T3,08,5.2,T1,-2
31,4382181,가마골,학기,평일,08,13.72,T3,06,7.02,T1,-2
31,4382181,가마골,학기,토요일,12,13.94,T3,14,13.08,T2,2
31,4382181,가마골,학기,토요일,13,15.32,T3,14,13.08,T2,1
31,4382181,가마골,시험,평일,10,14.14,T3,11,12.63,T2,1
31,4382181,가마골,계절학기,평일,15,13.55,T3,17,10.3,T2,2
31,4382181,가마골,방학,평일,10,15.48,T3,11,11.77,T2,1
31,4382181,가마골,방학,평일,14,13.27,T3,15,6.87,T1,1
31,4382181,가마골,방학,평일,16,13.48,T3,15,6.87,T1,-1
31,4382191,귀래면사무소,시험,평일,13,13.48,T3,15,7.86,T1,2
31,4382201,귀래면사무소,시험,평일,15,14.94,T3,13,10.32,T2,-2
31,4382201,귀래면사무소,시험,토요일,13,13.51,T3,11,7.95,T1,-2
31,4382201,귀래면사무소,시험,일요일·공휴일,10,13.26,T3,08,7.38,T1,-2
31,4382201,귀래면사무소,시험,일요일·공휴일,13,17.19,T3,11,10.47,T2,-2
31,4383181,웅동경로당,학기,평일,17,13.51,T3,18,11.52,T2,1
31,4383271,유현마을,학기,평일,13,14.71,T3,12,7.85,T1,-1
31,4383271,유현마을,학기,평일,14,13.26,T3,12,7.85,T1,-2
31,4383271,유현마을,학기,평일,16,14.03,T3,18,9.14,T2,2
31,4383271,유현마을,방학,평일,14,13.77,T3,16,11.21,T2,2
31,4383281,가마골,학기,평일,08,15.16,T3,06,7.35,T1,-2
31,4383281,가마골,학기,평일,15,13.63,T3,13,10.39,T2,-2
31,4383281,가마골,학기,평일,16,15.2,T3,17,12.72,T2,1
31,4383281,가마골,학기,토요일,10,15.09,T3,08,11.48,T2,-2
31,4383281,가마골,방학,평일,12,13.23,T3,14,12.18,T2,2
31,4383281,가마골,방학,토요일,10,14.02,T3,09,10.87,T2,-1
31,4383291,삼태미마을입구,학기,평일,15,13.73,T3,14,9.51,T2,-1
31,4383291,삼태미마을입구,학기,평일,17,14.17,T3,19,7.1,T1,2
31,4383401,버덩,계절학기,평일,09,13.58,T3,10,13.17,T2,1
31,4383421,,학기,평일,16,14.31,T3,17,12.58,T2,1
31,4383971,,학기,평일,09,14.0,T3,11,10.8,T2,2
31,4383971,,학기,평일,10,14.5,T3,11,10.8,T2,1
31,4383971,,학기,평일,17,14.17,T3,16,11.77,T2,-1
31,4383971,,시험,평일,07,13.45,T3,08,12.88,T2,1
31,4383971,,방학,평일,10,14.98,T3,08,6.37,T1,-2
31,4384101,귀래3리,학기,평일,17,13.51,T3,16,9.44,T2,-1
31,4385171,,학기,평일,17,13.84,T3,16,11.77,T2,-1
31,4385191,,학기,평일,09,15.84,T3,11,12.63,T2,2
31,4385191,,학기,평일,10,14.5,T3,11,12.63,T2,1
31,4385191,,학기,평일,12,13.78,T3,11,12.63,T2,-1
31,4385841,매지리,학기,평일,09,14.34,T3,11,9.53,T2,2
31,4385841,매지리,학기,평일,12,14.12,T3,11,9.53,T2,-1
31,4385841,매지리,학기,평일,13,14.28,T3,11,9.53,T2,-2
31,4385841,매지리,학기,평일,14,13.37,T3,16,10.52,T2,2
31,4385841,매지리,시험,평일,17,15.58,T3,18,11.15,T2,1
31,4385841,매지리,방학,평일,13,18.15,T3,15,12.74,T2,2
31,4385841,매지리,방학,평일,14,13.77,T3,15,12.74,T2,1
31,4386301,이동부락,방학,평일,10,14.32,T3,11,11.31,T2,1
31,4388541,법등마을,학기,토요일,10,15.59,T3,09,11.16,T2,-1
31,4388541,법등마을,학기,토요일,12,13.94,T3,14,11.58,T2,2
31,4388541,법등마을,학기,토요일,13,14.49,T3,14,11.58,T2,1
31,4388541,법등마을,시험,평일,09,13.92,T3,08,12.05,T2,-1
31,4388541,법등마을,계절학기,평일,13,13.68,T3,12,11.4,T2,-1
31,4388611,웃골,학기,평일,13,14.21,T3,12,7.12,T1,-1
31,4388611,웃골,방학,평일,10,14.32,T3,09,10.34,T2,-1
31,4388611,웃골,방학,평일,11,15.03,T3,09,10.34,T2,-2
31,4388611,웃골,방학,평일,14,14.77,T3,12,10.51,T2,-2
31,4389081,원주역(시내방면.승차전용),방학,일요일·공휴일,13,13.98,T3,12,11.46,T2,-1
31,4389311,선황골,학기,평일,10,13.5,T3,11,9.18,T2,1
31,4389311,선황골,학기,평일,16,14.7,T3,14,10.84,T2,-2
31,4389311,선황골,방학,평일,12,13.23,T3,14,12.94,T2,2
31,4389311,선황골,방학,평일,13,16.32,T3,14,12.94,T2,1
31,4389451,원주역(하차전용),학기,토요일,13,16.74,T3,12,12.52,T2,-1
31,4389591,귀래리,학기,평일,10,13.83,T3,11,11.54,T2,1
31,4389591,귀래리,학기,평일,13,14.21,T3,11,11.54,T2,-2
31,4389591,귀래리,학기,평일,17,14.67,T3,19,7.43,T1,2
31,4389591,귀래리,방학,평일,12,14.23,T3,14,13.08,T2,2
31,4389601,귀래리,학기,평일,08,19.05,T3,06,9.16,T2,-2
31,4389601,귀래리,학기,평일,10,15.0,T3,12,12.62,T2,2
31,4389601,귀래리,학기,평일,13,14.25,T3,14,11.65,T2,1
31,4389601,귀래리,학기,평일,15,13.77,T3,14,11.65,T2,-1
31,4389601,귀래리,학기,평일,16,13.6,T3,14,11.65,T2,-2
31,4389601,귀래리,학기,평일,17,13.36,T3,18,12.02,T2,1
31,7984461,광산골,학기,평일,15,14.56,T3,14,12.1,T2,-1
31,7984461,광산골,학기,토요일,10,13.32,T3,09,11.49,T2,-1
31,7984461,광산골,학기,토요일,11,14.9,T3,09,11.49,T2,-2
31,7984461,광산골,시험,평일,11,13.29,T3,12,11.4,T2,1
31,7984461,광산골,시험,평일,13,14.65,T3,12,11.4,T2,-1
31,7984461,광산골,계절학기,평일,15,14.72,T3,17,10.3,T2,2
31,7984461,광산골,방학,평일,12,15.1,T3,11,12.6,T2,-1
31,7984461,광산골,방학,평일,13,15.15,T3,11,12.6,T2,-2
34,4370231,대림아파트,학기,평일,17,35.07,T3,19,6.8,T1,2
34,4370231,대림아파트,학기,평일,18,21.16,T3,19,6.8,T1,1
34,4370231,대림아파트,학기,토요일,08,13.6,T3,07,10.96,T2,-1
34,4370231,대림아파트,학기,토요일,09,20.39,T3,07,10.96,T2,-2
34,4370231,대림아파트,학기,토요일,15,15.62,T3,17,12.52,T2,2
34,4370231,대림아파트,학기,토요일,16,15.53,T3,18,8.86,T1,2
34,4370231,대림아파트,학기,일요일·공휴일,14,13.91,T3,13,12.03,T2,-1
34,4370231,대림아파트,학기,일요일·공휴일,15,15.29,T3,17,10.24,T2,2
34,4370231,대림아파트,학기,일요일·공휴일,16,15.24,T3,17,10.24,T2,1
34,4370231,대림아파트,시험,평일,17,17.24,T3,19,8.49,T1,2
34,4370231,대림아파트,시험,평일,18,18.92,T3,20,6.19,T1,2
34,4370231,대림아파트,시험,토요일,09,13.45,T3,07,7.7,T1,-2
34,4370231,대림아파트,시험,토요일,10,17.66,T3,08,12.21,T2,-2
34,4370231,대림아파트,시험,토요일,16,15.61,T3,15,11.69,T2,-1
34,4370231,대림아파트,시험,토요일,18,13.34,T3,19,7.83,T1,1
34,4370231,대림아파트,시험,일요일·공휴일,15,13.59,T3,16,10.57,T2,1
34,4370231,대림아파트,계절학기,평일,06,13.98,T3,07,10.83,T2,1
34,4370231,대림아파트,계절학기,평일,08,16.19,T3,07,10.83,T2,-1
34,4370231,대림아파트,계절학기,평일,09,17.51,T3,07,10.83,T2,-2
34,4370231,대림아파트,계절학기,평일,16,25.23,T3,18,12.1,T2,2
34,4370231,대림아파트,계절학기,평일,17,17.28,T3,19,7.93,T1,2
34,4370231,대림아파트,계절학기,토요일,11,19.77,T3,09,8.05,T1,-2
34,4370231,대림아파트,계절학기,토요일,13,15.94,T3,12,11.5,T2,-1
34,4370231,대림아파트,계절학기,토요일,14,28.31,T3,12,11.5,T2,-2
34,4370231,대림아파트,계절학기,토요일,15,22.1,T3,16,11.5,T2,1
34,4370231,대림아파트,계절학기,토요일,17,14.28,T3,18,10.96,T2,1
34,4370231,대림아파트,계절학기,일요일·공휴일,12,14.52,T3,10,7.37,T1,-2
34,4370231,대림아파트,방학,평일,07,16.66,T3,06,13.02,T2,-1
34,4370231,대림아파트,방학,평일,08,23.0,T3,06,13.02,T2,-2
34,4370231,대림아파트,방학,평일,16,26.43,T3,18,12.34,T2,2
34,4370231,대림아파트,방학,평일,17,13.56,T3,19,6.83,T1,2
34,4370231,대림아파트,방학,토요일,10,15.13,T3,08,9.08,T2,-2
34,4370231,대림아파트,방학,토요일,11,16.9,T3,13,10.67,T2,2
34,4370231,대림아파트,방학,토요일,12,15.63,T3,13,10.67,T2,1
34,4370231,대림아파트,방학,토요일,14,14.95,T3,13,10.67,T2,-1
34,4370231,대림아파트,방학,토요일,17,14.08,T3,19,7.16,T1,2
34,4370231,대림아파트,방학,일요일·공휴일,12,15.92,T3,13,12.39,T2,1
34,4370231,대림아파트,방학,일요일·공휴일,14,15.75,T3,16,9.73,T2,2
34,4370241,원주의료원,학기,평일,09,18.48,T3,07,11.26,T2,-2
34,4370241,원주의료원,학기,평일,10,18.26,T3,08,13.17,T2,-2
34,4370241,원주의료원,학기,평일,18,21.46,T3,20,9.8,T2,2
34,4370241,원주의료원,학기,평일,19,14.58,T3,20,9.8,T2,1
34,4370241,원주의료원,학기,평일,21,16.42,T3,20,9.8,T2,-1
34,4370241,원주의료원,학기,토요일,09,13.55,T3,07,5.68,T1,-2
34,4370241,원주의료원,학기,토요일,10,17.08,T3,08,11.0,T2,-2
34,4370241,원주의료원,학기,토요일,16,15.95,T3,18,10.45,T2,2
34,4370241,원주의료원,학기,토요일,17,16.49,T3,19,10.41,T2,2
34,4370241,원주의료원,학기,일요일·공휴일,13,15.95,T3,14,11.17,T2,1
34,4370241,원주의료원,학기,일요일·공휴일,15,18.53,T3,14,11.17,T2,-1
34,4370241,원주의료원,학기,일요일·공휴일,16,17.35,T3,14,11.17,T2,-2
34,4370241,원주의료원,시험,평일,08,13.23,T3,07,11.9,T2,-1
34,4370241,원주의료원,시험,평일,09,13.82,T3,07,11.9,T2,-2
34,4370241,원주의료원,시험,평일,17,17.27,T3,19,12.56,T2,2
34,4370241,원주의료원,시험,평일,18,19.82,T3,19,12.56,T2,1
34,4370241,원주의료원,시험,토요일,12,16.05,T3,14,12.9,T2,2
34,4370241,원주의료원,시험,토요일,15,13.19,T3,14,12.9,T2,-1
34,4370241,원주의료원,시험,토요일,16,15.28,T3,18,12.18,T2,2
34,4370241,원주의료원,시험,토요일,17,13.43,T3,19,10.5,T2,2
34,4370241,원주의료원,시험,일요일·공휴일,11,17.34,T3,10,11.59,T2,-1
34,4370241,원주의료원,시험,일요일·공휴일,12,14.82,T3,14,11.51,T2,2
34,4370241,원주의료원,시험,일요일·공휴일,13,15.22,T3,14,11.51,T2,1
34,4370241,원주의료원,시험,일요일·공휴일,15,14.92,T3,14,11.51,T2,-1
34,4370241,원주의료원,계절학기,평일,10,13.94,T3,09,10.67,T2,-1
34,4370241,원주의료원,계절학기,평일,11,14.97,T3,09,10.67,T2,-2
34,4370241,원주의료원,계절학기,평일,17,25.57,T3,19,8.94,T1,2
34,4370241,원주의료원,계절학기,평일,18,18.01,T3,20,7.79,T1,2
34,4370241,원주의료원,계절학기,토요일,11,14.48,T3,10,10.72,T2,-1
34,4370241,원주의료원,계절학기,토요일,13,15.26,T3,12,11.5,T2,-1
34,4370241,원주의료원,계절학기,토요일,14,20.15,T3,16,10.67,T2,2
34,4370241,원주의료원,계절학기,토요일,15,19.81,T3,16,10.67,T2,1
34,4370241,원주의료원,계절학기,토요일,17,18.39,T3,19,6.09,T1,2
34,4370241,원주의료원,계절학기,일요일·공휴일,15,14.85,T3,13,9.81,T2,-2
34,4370241,원주의료원,방학,평일,10,14.35,T3,08,9.54,T2,-2
34,4370241,원주의료원,방학,평일,11,15.38,T3,09,12.28,T2,-2
34,4370241,원주의료원,방학,평일,17,26.12,T3,19,8.96,T1,2
34,4370241,원주의료원,방학,평일,18,21.32,T3,19,8.96,T1,1
34,4370241,원주의료원,방학,토요일,11,18.73,T3,09,8.78,T1,-2
34,4370241,원주의료원,방학,토요일,12,15.3,T3,10,10.12,T2,-2
34,4370241,원주의료원,방학,토요일,16,14.47,T3,18,9.52,T2,2
34,4370241,원주의료원,방학,토요일,17,13.98,T3,19,7.71,T1,2
34,4370241,원주의료원,방학,일요일·공휴일,13,14.28,T3,11,8.46,T1,-2
34,4370241,원주의료원,방학,일요일·공휴일,15,14.24,T3,14,12.22,T2,-1
34,4370241,원주의료원,방학,일요일·공휴일,16,13.23,T3,14,12.22,T2,-2
34,4370241,원주의료원,방학,일요일·공휴일,17,13.57,T3,18,13.08,T2,1
34,4370241,원주의료원,방학,일요일·공휴일,19,13.56,T3,21,6.54,T1,2
34,4370251,젊음의광장사거리,학기,평일,08,27.61,T3,06,11.4,T2,-2
34,4370251,젊음의광장사거리,학기,평일,17,29.87,T3,19,9.11,T2,2
34,4370251,젊음의광장사거리,학기,평일,18,26.49,T3,19,9.11,T2,1
34,4370251,젊음의광장사거리,학기,토요일,16,19.25,T3,18,11.37,T2,2
34,4370251,젊음의광장사거리,학기,토요일,17,17.68,T3,19,7.64,T1,2
34,4370251,젊음의광장사거리,학기,일요일·공휴일,09,14.28,T3,07,6.46,T1,-2
34,4370251,젊음의광장사거리,학기,일요일·공휴일,11,14.71,T3,10,11.62,T2,-1
34,4370251,젊음의광장사거리,학기,일요일·공휴일,12,16.09,T3,10,11.62,T2,-2
34,4370251,젊음의광장사거리,학기,일요일·공휴일,14,13.59,T3,13,12.67,T2,-1
34,4370251,젊음의광장사거리,학기,일요일·공휴일,15,18.58,T3,13,12.67,T2,-2
34,4370251,젊음의광장사거리,학기,일요일·공휴일,16,16.31,T3,18,11.89,T2,2
34,4370251,젊음의광장사거리,학기,일요일·공휴일,17,14.65,T3,19,10.99,T2,2
34,4370251,젊음의광장사거리,시험,평일,17,18.18,T3,19,9.99,T2,2
34,4370251,젊음의광장사거리,시험,평일,18,21.52,T3,19,9.99,T2,1
34,4370251,젊음의광장사거리,시험,토요일,13,14.37,T3,15,12.36,T2,2
34,4370251,젊음의광장사거리,시험,토요일,14,16.57,T3,15,12.36,T2,1
34,4370251,젊음의광장사거리,시험,토요일,16,15.61,T3,15,12.36,T2,-1
34,4370251,젊음의광장사거리,시험,일요일·공휴일,12,17.48,T3,14,13.01,T2,2
34,4370251,젊음의광장사거리,계절학기,평일,08,21.39,T3,06,10.48,T2,-2
34,4370251,젊음의광장사거리,계절학기,평일,09,16.21,T3,07,11.8,T2,-2
34,4370251,젊음의광장사거리,계절학기,평일,17,20.28,T3,19,6.33,T1,2
34,4370251,젊음의광장사거리,계절학기,평일,18,17.29,T3,19,6.33,T1,1
34,4370251,젊음의광장사거리,계절학기,토요일,11,18.56,T3,10,12.22,T2,-1
34,4370251,젊음의광장사거리,계절학기,일요일·공휴일,12,15.31,T3,14,8.38,T1,2
34,4370251,젊음의광장사거리,방학,평일,08,31.29,T3,06,8.3,T1,-2
34,4370251,젊음의광장사거리,방학,평일,17,17.45,T3,19,7.41,T1,2
34,4370251,젊음의광장사거리,방학,평일,18,13.73,T3,20,6.91,T1,2
34,4370251,젊음의광장사거리,방학,토요일,09,15.13,T3,08,10.25,T2,-1
34,4370251,젊음의광장사거리,방학,토요일,10,16.42,T3,08,10.25,T2,-2
34,4370251,젊음의광장사거리,방학,토요일,13,13.85,T3,15,12.28,T2,2
34,4370251,젊음의광장사거리,방학,토요일,14,14.8,T3,15,12.28,T2,1
34,4370251,젊음의광장사거리,방학,일요일·공휴일,10,15.42,T3,08,6.64,T1,-2
34,4370251,젊음의광장사거리,방학,일요일·공휴일,11,16.32,T3,09,11.27,T2,-2
34,4370251,젊음의광장사거리,방학,일요일·공휴일,15,15.05,T3,17,12.02,T2,2
34,4370251,젊음의광장사거리,방학,일요일·공휴일,16,13.78,T3,17,12.02,T2,1
34,4370261,개운현대아파트,학기,평일,17,30.92,T3,19,9.05,T2,2
34,4370261,개운현대아파트,학기,평일,18,25.5,T3,19,9.05,T2,1
34,4370261,개운현대아파트,학기,평일,21,13.53,T3,19,9.05,T2,-2
34,4370261,개운현대아파트,학기,토요일,08,16.92,T3,06,9.97,T2,-2
34,4370261,개운현대아파트,학기,토요일,09,21.47,T3,07,11.96,T2,-2
34,4370261,개운현대아파트,학기,토요일,16,18.81,T3,18,8.79,T1,2
34,4370261,개운현대아파트,학기,토요일,17,18.66,T3,18,8.79,T1,1
34,4370261,개운현대아파트,학기,일요일·공휴일,09,16.55,T3,07,7.75,T1,-2
34,4370261,개운현대아파트,학기,일요일·공휴일,10,13.68,T3,08,9.7,T2,-2
34,4370261,개운현대아파트,학기,일요일·공휴일,16,16.27,T3,18,11.2,T2,2
34,4370261,개운현대아파트,학기,일요일·공휴일,17,13.35,T3,19,10.04,T2,2
34,4370261,개운현대아파트,시험,평일,17,19.57,T3,19,10.14,T2,2
34,4370261,개운현대아파트,시험,평일,18,29.08,T3,20,7.09,T1,2
34,4370261,개운현대아파트,시험,토요일,09,13.45,T3,07,8.03,T1,-2
34,4370261,개운현대아파트,시험,토요일,15,13.19,T3,17,12.76,T2,2
34,4370261,개운현대아파트,시험,일요일·공휴일,09,20.27,T3,08,10.37,T2,-1
34,4370261,개운현대아파트,시험,일요일·공휴일,10,14.92,T3,08,10.37,T2,-2
34,4370261,개운현대아파트,계절학기,평일,08,22.66,T3,07,11.35,T2,-1
34,4370261,개운현대아파트,계절학기,평일,09,24.56,T3,07,11.35,T2,-2
34,4370261,개운현대아파트,계절학기,평일,17,21.35,T3,19,7.36,T1,2
34,4370261,개운현대아파트,계절학기,평일,18,15.49,T3,19,7.36,T1,1
34,4370261,개운현대아파트,계절학기,토요일,10,14.83,T3,08,11.6,T2,-2
34,4370261,개운현대아파트,계절학기,토요일,11,19.39,T3,12,11.83,T2,1
34,4370261,개운현대아파트,계절학기,토요일,14,20.98,T3,12,11.83,T2,-2
34,4370261,개운현대아파트,계절학기,토요일,17,15.12,T3,19,4.92,T1,2
34,4370261,개운현대아파트,계절학기,일요일·공휴일,12,19.24,T3,14,9.88,T2,2
34,4370261,개운현대아파트,방학,평일,17,17.94,T3,19,7.58,T1,2
34,4370261,개운현대아파트,방학,평일,18,14.44,T3,19,7.58,T1,1
34,4370261,개운현대아파트,방학,토요일,08,13.25,T3,06,8.22,T1,-2
34,4370261,개운현대아파트,방학,토요일,09,16.23,T3,07,9.87,T2,-2
34,4370261,개운현대아파트,방학,토요일,11,25.04,T3,13,12.51,T2,2
34,4370261,개운현대아파트,방학,토요일,12,21.72,T3,13,12.51,T2,1
34,4370261,개운현대아파트,방학,토요일,14,17.95,T3,13,12.51,T2,-1
34,4370261,개운현대아파트,방학,토요일,16,14.03,T3,18,11.59,T2,2
34,4370261,개운현대아파트,방학,토요일,17,15.28,T3,19,7.75,T1,2
34,4370261,개운현대아파트,방학,일요일·공휴일,10,17.21,T3,08,9.5,T2,-2
34,4370261,개운현대아파트,방학,일요일·공휴일,11,21.63,T3,09,11.38,T2,-2
34,4370261,개운현대아파트,방학,일요일·공휴일,16,13.43,T3,18,12.57,T2,2
34,4370261,개운현대아파트,방학,일요일·공휴일,17,13.23,T3,19,8.84,T1,2
34,4370271,대성현대아파트,학기,평일,06,14.47,T3,07,11.62,T2,1
34,4370271,대성현대아파트,학기,평일,08,24.63,T3,07,11.62,T2,-1
34,4370271,대성현대아파트,학기,평일,09,24.55,T3,07,11.62,T2,-2
34,4370271,대성현대아파트,학기,평일,17,31.61,T3,19,8.83,T1,2
34,4370271,대성현대아파트,학기,평일,18,22.66,T3,19,8.83,T1,1
34,4370271,대성현대아파트,학기,평일,21,14.65,T3,19,8.83,T1,-2
34,4370271,대성현대아파트,학기,토요일,08,16.5,T3,06,8.63,T1,-2
34,4370271,대성현대아파트,학기,토요일,09,19.68,T3,07,10.27,T2,-2
34,4370271,대성현대아파트,학기,토요일,16,16.04,T3,18,10.79,T2,2
34,4370271,대성현대아파트,학기,토요일,17,18.99,T3,18,10.79,T2,1
34,4370271,대성현대아파트,학기,일요일·공휴일,11,17.96,T3,09,10.19,T2,-2
34,4370271,대성현대아파트,학기,일요일·공휴일,12,18.86,T3,10,12.89,T2,-2
34,4370271,대성현대아파트,학기,일요일·공휴일,17,14.19,T3,19,11.74,T2,2
34,4370271,대성현대아파트,학기,일요일·공휴일,18,14.87,T3,20,9.59,T2,2
34,4370271,대성현대아파트,시험,평일,18,20.62,T3,20,7.38,T1,2
34,4370271,대성현대아파트,시험,평일,19,19.49,T3,20,7.38,T1,1
34,4370271,대성현대아파트,시험,토요일,13,16.2,T3,15,12.69,T2,2
34,4370271,대성현대아파트,시험,토요일,14,16.57,T3,15,12.69,T2,1
34,4370271,대성현대아파트,시험,토요일,17,13.43,T3,19,9.0,T1,2
34,4370271,대성현대아파트,시험,일요일·공휴일,14,13.68,T3,16,10.73,T2,2
34,4370271,대성현대아파트,계절학기,평일,08,21.71,T3,07,10.64,T2,-1
34,4370271,대성현대아파트,계절학기,평일,09,19.97,T3,07,10.64,T2,-2
34,4370271,대성현대아파트,계절학기,평일,17,23.61,T3,19,7.89,T1,2
34,4370271,대성현대아파트,계절학기,평일,18,16.45,T3,19,7.89,T1,1
34,4370271,대성현대아파트,계절학기,토요일,10,14.47,T3,08,10.93,T2,-2
34,4370271,대성현대아파트,계절학기,토요일,11,19.73,T3,09,11.22,T2,-2
34,4370271,대성현대아파트,계절학기,토요일,14,24.7,T3,12,11.5,T2,-2
34,4370271,대성현대아파트,계절학기,토요일,17,15.45,T3,19,4.92,T1,2
34,4370271,대성현대아파트,계절학기,일요일·공휴일,11,15.97,T3,13,10.47,T2,2
34,4370271,대성현대아파트,계절학기,일요일·공휴일,12,13.86,T3,13,10.47,T2,1
34,4370271,대성현대아파트,계절학기,일요일·공휴일,15,16.52,T3,13,10.47,T2,-2
34,4370271,대성현대아파트,방학,평일,08,31.08,T3,06,9.17,T2,-2
34,4370271,대성현대아파트,방학,평일,09,29.82,T3,07,12.55,T2,-2
34,4370271,대성현대아파트,방학,평일,17,20.41,T3,19,7.56,T1,2
34,4370271,대성현대아파트,방학,평일,18,14.85,T3,20,6.71,T1,2
34,4370271,대성현대아파트,방학,토요일,09,16.89,T3,07,8.53,T1,-2
34,4370271,대성현대아파트,방학,토요일,10,21.31,T3,08,10.94,T2,-2
34,4370271,대성현대아파트,방학,토요일,13,15.01,T3,15,12.24,T2,2
34,4370271,대성현대아파트,방학,토요일,14,19.4,T3,15,12.24,T2,1
34,4370271,대성현대아파트,방학,토요일,16,13.31,T3,18,12.12,T2,2
34,4370271,대성현대아파트,방학,토요일,17,15.48,T3,19,9.18,T2,2
34,4370271,대성현대아파트,방학,일요일·공휴일,09,13.54,T3,07,5.59,T1,-2
34,4370271,대성현대아파트,방학,일요일·공휴일,10,14.6,T3,08,8.05,T1,-2
34,4370271,대성현대아파트,방학,일요일·공휴일,13,16.84,T3,15,12.93,T2,2
34,4370271,대성현대아파트,방학,일요일·공휴일,14,17.67,T3,15,12.93,T2,1
34,4370271,대성현대아파트,방학,일요일·공휴일,16,13.52,T3,18,10.24,T2,2
34,4370271,대성현대아파트,방학,일요일·공휴일,17,14.44,T3,19,9.5,T2,2
34,4370281,남원로남부시장,학기,평일,07,15.33,T3,06,11.54,T2,-1
34,4370281,남원로남부시장,학기,평일,08,22.52,T3,06,11.54,T2,-2
34,4370281,남원로남부시장,학기,평일,17,28.84,T3,19,8.01,T1,2
34,4370281,남원로남부시장,학기,평일,18,26.1,T3,19,8.01,T1,1
34,4370281,남원로남부시장,학기,토요일,08,15.44,T3,07,11.32,T2,-1
34,4370281,남원로남부시장,학기,토요일,09,23.07,T3,07,11.32,T2,-2
34,4370281,남원로남부시장,학기,토요일,16,18.11,T3,18,12.54,T2,2
34,4370281,남원로남부시장,학기,토요일,17,17.52,T3,19,9.6,T2,2
34,4370281,남원로남부시장,학기,일요일·공휴일,09,15.91,T3,07,6.89,T1,-2
34,4370281,남원로남부시장,학기,일요일·공휴일,11,15.35,T3,10,12.6,T2,-1
34,4370281,남원로남부시장,학기,일요일·공휴일,12,18.43,T3,10,12.6,T2,-2
34,4370281,남원로남부시장,학기,일요일·공휴일,17,13.4,T3,19,10.85,T2,2
34,4370281,남원로남부시장,학기,일요일·공휴일,18,13.82,T3,20,9.06,T2,2
34,4370281,남원로남부시장,시험,평일,06,14.91,T3,07,12.42,T2,1
34,4370281,남원로남부시장,시험,평일,08,18.81,T3,07,12.42,T2,-1
34,4370281,남원로남부시장,시험,평일,09,17.64,T3,07,12.42,T2,-2
34,4370281,남원로남부시장,시험,평일,18,17.52,T3,20,7.32,T1,2
34,4370281,남원로남부시장,시험,평일,19,16.87,T3,20,7.32,T1,1
34,4370281,남원로남부시장,시험,토요일,08,14.38,T3,07,8.37,T1,-1
34,4370281,남원로남부시장,시험,토요일,13,16.54,T3,15,12.69,T2,2
34,4370281,남원로남부시장,시험,토요일,14,16.9,T3,15,12.69,T2,1
34,4370281,남원로남부시장,시험,토요일,16,15.28,T3,15,12.69,T2,-1
34,4370281,남원로남부시장,시험,토요일,17,13.43,T3,19,9.0,T1,2
34,4370281,남원로남부시장,시험,일요일·공휴일,09,20.27,T3,08,10.04,T2,-1
34,4370281,남원로남부시장,시험,일요일·공휴일,10,13.84,T3,08,10.04,T2,-2
34,4370281,남원로남부시장,시험,일요일·공휴일,17,14.64,T3,18,12.74,T2,1
34,4370281,남원로남부시장,시험,일요일·공휴일,19,14.88,T3,18,12.74,T2,-1
34,4370281,남원로남부시장,계절학기,평일,08,20.25,T3,06,10.11,T2,-2
34,4370281,남원로남부시장,계절학기,평일,09,20.01,T3,07,11.1,T2,-2
34,4370281,남원로남부시장,계절학기,평일,17,23.54,T3,19,8.3,T1,2
34,4370281,남원로남부시장,계절학기,평일,18,17.96,T3,20,6.35,T1,2
34,4370281,남원로남부시장,계절학기,토요일,10,15.9,T3,08,10.6,T2,-2
34,4370281,남원로남부시장,계절학기,토요일,11,22.05,T3,09,11.56,T2,-2
34,4370281,남원로남부시장,계절학기,토요일,13,16.42,T3,12,11.71,T2,-1
34,4370281,남원로남부시장,계절학기,토요일,14,22.55,T3,12,11.71,T2,-2
34,4370281,남원로남부시장,계절학기,일요일·공휴일,11,16.73,T3,10,11.03,T2,-1
34,4370281,남원로남부시장,계절학기,일요일·공휴일,12,18.09,T3,14,9.91,T2,2
34,4370281,남원로남부시장,계절학기,일요일·공휴일,13,13.69,T3,14,9.91,T2,1
34,4370281,남원로남부시장,계절학기,일요일·공휴일,15,17.01,T3,14,9.91,T2,-1
34,4370281,남원로남부시장,방학,평일,08,31.75,T3,06,6.33,T1,-2
34,4370281,남원로남부시장,방학,평일,09,28.26,T3,07,11.84,T2,-2
34,4370281,남원로남부시장,방학,평일,17,18.83,T3,19,8.14,T1,2
34,4370281,남원로남부시장,방학,평일,18,15.53,T3,19,8.14,T1,1
34,4370281,남원로남부시장,방학,토요일,09,15.5,T3,07,8.44,T1,-2
34,4370281,남원로남부시장,방학,토요일,10,21.04,T3,08,10.36,T2,-2
34,4370281,남원로남부시장,방학,토요일,16,14.77,T3,18,12.97,T2,2
34,4370281,남원로남부시장,방학,토요일,17,15.39,T3,19,6.18,T1,2
34,4370281,남원로남부시장,방학,일요일·공휴일,09,14.84,T3,07,6.38,T1,-2
34,4370281,남원로남부시장,방학,일요일·공휴일,10,15.55,T3,08,9.05,T2,-2
34,4370281,남원로남부시장,방학,일요일·공휴일,17,13.76,T3,19,8.85,T1,2
34,4370281,남원로남부시장,방학,일요일·공휴일,18,14.02,T3,20,8.18,T1,2
34,4370371,풍물시장,학기,평일,08,17.87,T3,06,12.31,T2,-2
34,4370371,풍물시장,학기,평일,09,19.9,T3,07,12.65,T2,-2
34,4370371,풍물시장,학기,평일,17,26.87,T3,19,9.46,T2,2
34,4370371,풍물시장,학기,평일,18,25.86,T3,19,9.46,T2,1
34,4370371,풍물시장,학기,토요일,08,16.14,T3,06,11.98,T2,-2
34,4370371,풍물시장,학기,토요일,09,19.54,T3,07,12.42,T2,-2
34,4370371,풍물시장,학기,토요일,16,18.63,T3,18,10.17,T2,2
34,4370371,풍물시장,학기,토요일,17,16.61,T3,18,10.17,T2,1
34,4370371,풍물시장,학기,일요일·공휴일,09,13.91,T3,08,7.06,T1,-1
34,4370371,풍물시장,학기,일요일·공휴일,11,13.28,T3,10,11.82,T2,-1
34,4370371,풍물시장,학기,일요일·공휴일,12,18.5,T3,10,11.82,T2,-2
34,4370371,풍물시장,학기,일요일·공휴일,16,17.48,T3,18,12.77,T2,2
34,4370371,풍물시장,학기,일요일·공휴일,17,13.55,T3,19,9.94,T2,2
34,4370371,풍물시장,시험,평일,08,16.29,T3,07,12.21,T2,-1
34,4370371,풍물시장,시험,평일,09,19.29,T3,07,12.21,T2,-2
34,4370371,풍물시장,시험,평일,18,19.32,T3,20,6.11,T1,2
34,4370371,풍물시장,시험,평일,19,17.14,T3,20,6.11,T1,1
34,4370371,풍물시장,시험,토요일,08,14.38,T3,07,8.37,T1,-1
34,4370371,풍물시장,시험,토요일,11,17.85,T3,09,13.11,T2,-2
34,4370371,풍물시장,시험,토요일,13,14.87,T3,15,12.69,T2,2
34,4370371,풍물시장,시험,토요일,14,14.65,T3,15,12.69,T2,1
34,4370371,풍물시장,시험,토요일,16,16.11,T3,17,12.35,T2,1
34,4370371,풍물시장,시험,토요일,18,13.34,T3,19,9.83,T2,1
34,4370371,풍물시장,시험,일요일·공휴일,09,16.27,T3,07,6.97,T1,-2
34,4370371,풍물시장,시험,일요일·공휴일,11,15.18,T3,10,10.67,T2,-1
34,4370371,풍물시장,시험,일요일·공휴일,12,15.98,T3,10,10.67,T2,-2
34,4370371,풍물시장,시험,일요일·공휴일,13,16.22,T3,14,12.1,T2,1
34,4370371,풍물시장,시험,일요일·공휴일,15,16.26,T3,16,11.23,T2,1
34,4370371,풍물시장,시험,일요일·공휴일,17,14.48,T3,16,11.23,T2,-1
34,4370371,풍물시장,계절학기,평일,08,16.55,T3,06,11.3,T2,-2
34,4370371,풍물시장,계절학기,평일,09,18.47,T3,07,11.48,T2,-2
34,4370371,풍물시장,계절학기,평일,17,24.77,T3,19,7.18,T1,2
34,4370371,풍물시장,계절학기,평일,18,18.21,T3,19,7.18,T1,1
34,4370371,풍물시장,계절학기,토요일,10,15.76,T3,09,9.19,T2,-1
34,4370371,풍물시장,계절학기,토요일,14,22.81,T3,16,11.0,T2,2
34,4370371,풍물시장,계절학기,토요일,15,21.53,T3,16,11.0,T2,1
34,4370371,풍물시장,계절학기,토요일,17,15.17,T3,19,5.26,T1,2
34,4370371,풍물시장,계절학기,일요일·공휴일,11,13.97,T3,10,10.65,T2,-1
34,4370371,풍물시장,계절학기,일요일·공휴일,12,14.58,T3,14,7.72,T1,2
34,4370371,풍물시장,계절학기,일요일·공휴일,15,14.87,T3,14,7.72,T1,-1
34,4370371,풍물시장,방학,평일,08,25.7,T3,06,8.34,T1,-2
34,4370371,풍물시장,방학,평일,09,22.39,T3,07,9.75,T2,-2
34,4370371,풍물시장,방학,평일,17,19.42,T3,19,8.36,T1,2
34,4370371,풍물시장,방학,평일,18,15.12,T3,20,7.73,T1,2
34,4370371,풍물시장,방학,토요일,09,14.45,T3,07,8.4,T1,-2
34,4370371,풍물시장,방학,토요일,10,16.72,T3,08,10.35,T2,-2
34,4370371,풍물시장,방학,토요일,13,15.69,T3,15,12.43,T2,2
34,4370371,풍물시장,방학,토요일,14,14.01,T3,15,12.43,T2,1
34,4370371,풍물시장,방학,토요일,16,14.38,T3,18,11.77,T2,2
34,4370371,풍물시장,방학,토요일,17,15.12,T3,19,8.11,T1,2
34,4370371,풍물시장,방학,일요일·공휴일,11,16.16,T3,09,13.03,T2,-2
34,4370371,풍물시장,방학,일요일·공휴일,12,18.59,T3,10,13.12,T2,-2
34,4370371,풍물시장,방학,일요일·공휴일,17,13.31,T3,19,7.12,T1,2
34,4370371,풍물시장,방학,일요일·공휴일,18,13.68,T3,20,6.31,T1,2
34,4370381,평원로중앙시장,학기,평일,10,14.73,T3,08,12.03,T2,-2
34,4370381,평원로중앙시장,학기,평일,11,19.23,T3,09,12.88,T2,-2
34,4370381,평원로중앙시장,학기,평일,17,26.73,T3,19,8.75,T1,2
34,4370381,평원로중앙시장,학기,평일,18,28.42,T3,19,8.75,T1,1
34,4370381,평원로중앙시장,학기,토요일,09,16.12,T3,07,11.8,T2,-2
34,4370381,평원로중앙시장,학기,토요일,10,17.89,T3,08,12.53,T2,-2
34,4370381,평원로중앙시장,학기,토요일,16,16.32,T3,18,11.76,T2,2
34,4370381,평원로중앙시장,학기,토요일,17,15.84,T3,19,11.64,T2,2
34,4370381,평원로중앙시장,학기,일요일·공휴일,13,13.67,T3,11,10.59,T2,-2
34,4370381,평원로중앙시장,학기,일요일·공휴일,14,14.77,T3,12,12.55,T2,-2
34,4370381,평원로중앙시장,학기,일요일·공휴일,16,15.63,T3,18,12.12,T2,2
34,4370381,평원로중앙시장,학기,일요일·공휴일,17,13.98,T3,18,12.12,T2,1
34,4370381,평원로중앙시장,시험,평일,10,16.43,T3,08,12.41,T2,-2
34,4370381,평원로중앙시장,시험,평일,11,19.84,T3,09,12.99,T2,-2
34,4370381,평원로중앙시장,시험,평일,17,20.71,T3,19,12.93,T2,2
34,4370381,평원로중앙시장,시험,평일,18,28.37,T3,20,6.95,T1,2
34,4370381,평원로중앙시장,시험,토요일,08,13.38,T3,07,9.12,T2,-1
34,4370381,평원로중앙시장,시험,토요일,09,14.11,T3,07,9.12,T2,-2
34,4370381,평원로중앙시장,시험,토요일,15,13.19,T3,17,12.01,T2,2
34,4370381,평원로중앙시장,시험,토요일,16,14.94,T3,17,12.01,T2,1
34,4370381,평원로중앙시장,시험,토요일,18,13.68,T3,19,9.42,T2,1
34,4370381,평원로중앙시장,시험,일요일·공휴일,09,15.43,T3,10,10.0,T2,1
34,4370381,평원로중앙시장,시험,일요일·공휴일,11,15.51,T3,10,10.0,T2,-1
34,4370381,평원로중앙시장,시험,일요일·공휴일,12,15.98,T3,10,10.0,T2,-2
34,4370381,평원로중앙시장,시험,일요일·공휴일,13,15.81,T3,14,11.76,T2,1
34,4370381,평원로중앙시장,시험,일요일·공휴일,15,17.76,T3,16,10.4,T2,1
34,4370381,평원로중앙시장,시험,일요일·공휴일,17,13.98,T3,16,10.4,T2,-1
34,4370381,평원로중앙시장,시험,일요일·공휴일,18,13.57,T3,20,9.15,T2,2
34,4370381,평원로중앙시장,시험,일요일·공휴일,19,15.72,T3,20,9.15,T2,1
34,4370381,평원로중앙시장,계절학기,평일,09,13.34,T3,07,10.72,T2,-2
34,4370381,평원로중앙시장,계절학기,평일,10,14.52,T3,08,11.92,T2,-2
34,4370381,평원로중앙시장,계절학기,평일,17,24.42,T3,19,6.91,T1,2
34,4370381,평원로중앙시장,계절학기,평일,18,18.85,T3,19,6.91,T1,1
34,4370381,평원로중앙시장,계절학기,토요일,12,13.38,T3,10,12.61,T2,-2
34,4370381,평원로중앙시장,계절학기,토요일,16,13.57,T3,18,11.79,T2,2
34,4370381,평원로중앙시장,계절학기,토요일,17,15.6,T3,19,6.01,T1,2
34,4370381,평원로중앙시장,계절학기,일요일·공휴일,11,13.26,T3,10,7.78,T1,-1
34,4370381,평원로중앙시장,계절학기,일요일·공휴일,12,13.52,T3,10,7.78,T1,-2
34,4370381,평원로중앙시장,계절학기,일요일·공휴일,15,15.26,T3,14,10.1,T2,-1
34,4370381,평원로중앙시장,방학,평일,08,18.67,T3,06,6.93,T1,-2
34,4370381,평원로중앙시장,방학,평일,09,15.05,T3,07,8.66,T1,-2
34,4370381,평원로중앙시장,방학,평일,17,18.63,T3,19,7.83,T1,2
34,4370381,평원로중앙시장,방학,평일,18,14.91,T3,19,7.83,T1,1
34,4370381,평원로중앙시장,방학,토요일,09,13.3,T3,07,7.91,T1,-2
34,4370381,평원로중앙시장,방학,토요일,10,13.99,T3,08,7.96,T1,-2
34,4370381,평원로중앙시장,방학,토요일,16,15.47,T3,18,12.37,T2,2
34,4370381,평원로중앙시장,방학,토요일,17,13.94,T3,19,7.34,T1,2
34,4370381,평원로중앙시장,방학,일요일·공휴일,12,15.2,T3,10,9.9,T2,-2
34,4370381,평원로중앙시장,방학,일요일·공휴일,13,16.18,T3,11,12.24,T2,-2
34,4370381,평원로중앙시장,방학,일요일·공휴일,15,13.91,T3,14,13.19,T2,-1
34,4370381,평원로중앙시장,방학,일요일·공휴일,16,15.46,T3,14,13.19,T2,-2
34,4370381,평원로중앙시장,방학,일요일·공휴일,17,13.65,T3,19,8.62,T1,2
34,4370381,평원로중앙시장,방학,일요일·공휴일,18,14.07,T3,19,8.62,T1,1
34,4370401,YWCA,학기,평일,10,15.42,T3,08,9.93,T2,-2
34,4370401,YWCA,학기,평일,11,22.4,T3,09,12.52,T2,-2
34,4370401,YWCA,학기,평일,17,31.36,T3,19,9.67,T2,2
34,4370401,YWCA,학기,평일,18,37.59,T3,19,9.67,T2,1
34,4370401,YWCA,학기,토요일,09,18.92,T3,07,12.01,T2,-2
34,4370401,YWCA,학기,토요일,10,18.24,T3,08,12.5,T2,-2
34,4370401,YWCA,학기,토요일,17,18.15,T3,19,11.59,T2,2
34,4370401,YWCA,학기,토요일,18,13.7,T3,20,8.26,T1,2
34,4370401,YWCA,학기,일요일·공휴일,09,13.32,T3,08,8.63,T1,-1
34,4370401,YWCA,학기,일요일·공휴일,12,16.99,T3,10,10.17,T2,-2
34,4370401,YWCA,학기,일요일·공휴일,13,16.18,T3,11,11.07,T2,-2
34,4370401,YWCA,학기,일요일·공휴일,18,15.08,T3,20,12.26,T2,2
34,4370401,YWCA,학기,일요일·공휴일,19,13.29,T3,21,10.5,T2,2
34,4370401,YWCA,시험,평일,07,14.15,T3,08,12.26,T2,1
34,4370401,YWCA,시험,평일,09,14.74,T3,08,12.26,T2,-1
34,4370401,YWCA,시험,평일,10,16.87,T3,08,12.26,T2,-2
34,4370401,YWCA,시험,평일,17,22.3,T3,19,9.78,T2,2
34,4370401,YWCA,시험,평일,18,31.87,T3,20,6.56,T1,2
34,4370401,YWCA,시험,토요일,08,13.38,T3,07,8.7,T1,-1
34,4370401,YWCA,시험,토요일,18,13.34,T3,19,9.42,T2,1
34,4370401,YWCA,시험,일요일·공휴일,09,15.1,T3,07,7.39,T1,-2
34,4370401,YWCA,시험,일요일·공휴일,13,16.06,T3,14,12.68,T2,1
34,4370401,YWCA,시험,일요일·공휴일,15,17.76,T3,14,12.68,T2,-1
34,4370401,YWCA,계절학기,평일,09,14.17,T3,07,10.79,T2,-2
34,4370401,YWCA,계절학기,평일,10,15.92,T3,08,11.37,T2,-2
34,4370401,YWCA,계절학기,평일,17,29.27,T3,19,8.68,T1,2
34,4370401,YWCA,계절학기,평일,18,23.23,T3,19,8.68,T1,1
34,4370401,YWCA,계절학기,토요일,11,16.06,T3,10,13.18,T2,-1
34,4370401,YWCA,계절학기,토요일,12,15.07,T3,10,13.18,T2,-2
34,4370401,YWCA,계절학기,토요일,17,15.03,T3,19,6.51,T1,2
34,4370401,YWCA,계절학기,토요일,18,13.25,T3,20,6.19,T1,2
34,4370401,YWCA,계절학기,일요일·공휴일,12,14.64,T3,10,8.12,T1,-2
34,4370401,YWCA,방학,평일,08,13.71,T3,07,9.57,T2,-1
34,4370401,YWCA,방학,평일,09,15.61,T3,07,9.57,T2,-2
34,4370401,YWCA,방학,평일,11,16.79,T3,10,13.1,T2,-1
34,4370401,YWCA,방학,평일,12,19.33,T3,10,13.1,T2,-2
34,4370401,YWCA,방학,평일,17,23.48,T3,19,11.43,T2,2
34,4370401,YWCA,방학,평일,18,18.02,T3,20,8.38,T1,2
34,4370401,YWCA,방학,토요일,09,13.51,T3,08,7.39,T1,-1
34,4370401,YWCA,방학,토요일,11,17.54,T3,10,12.56,T2,-1
34,4370401,YWCA,방학,토요일,12,22.63,T3,10,12.56,T2,-2
34,4370401,YWCA,방학,토요일,17,16.37,T3,19,9.58,T2,2
34,4370401,YWCA,방학,토요일,18,14.52,T3,20,7.69,T1,2
34,4370401,YWCA,방학,일요일·공휴일,12,16.87,T3,10,10.88,T2,-2
34,4370401,YWCA,방학,일요일·공휴일,13,16.91,T3,11,11.56,T2,-2
34,4370401,YWCA,방학,일요일·공휴일,17,18.77,T3,19,8.0,T1,2
34,4370401,YWCA,방학,일요일·공휴일,18,18.4,T3,19,8.0,T1,1
34,4370411,학성중학교정문,학기,평일,07,18.05,T3,06,8.69,T1,-1
34,4370411,학성중학교정문,학기,평일,08,21.47,T3,06,8.69,T1,-2
34,4370411,학성중학교정문,학기,평일,17,18.88,T3,19,9.84,T2,2
34,4370411,학성중학교정문,학기,평일,18,17.21,T3,20,9.63,T2,2
34,4370411,학성중학교정문,학기,평일,21,15.36,T3,20,9.63,T2,-1
34,4370411,학성중학교정문,학기,토요일,08,20.2,T3,06,6.4,T1,-2
34,4370411,학성중학교정문,학기,토요일,09,21.54,T3,07,11.46,T2,-2
34,4370411,학성중학교정문,학기,토요일,15,21.52,T3,17,11.3,T2,2
34,4370411,학성중학교정문,학기,토요일,16,14.43,T3,17,11.3,T2,1
34,4370411,학성중학교정문,학기,일요일·공휴일,12,16.02,T3,11,11.52,T2,-1
34,4370411,학성중학교정문,학기,일요일·공휴일,13,14.59,T3,11,11.52,T2,-2
34,4370411,학성중학교정문,학기,일요일·공휴일,15,24.82,T3,17,12.78,T2,2
34,4370411,학성중학교정문,학기,일요일·공휴일,16,20.08,T3,17,12.78,T2,1
34,4370411,학성중학교정문,학기,일요일·공휴일,18,24.25,T3,17,12.78,T2,-1
34,4370411,학성중학교정문,학기,일요일·공휴일,19,17.16,T3,17,12.78,T2,-2
34,4370411,학성중학교정문,시험,평일,17,16.68,T3,19,11.37,T2,2
34,4370411,학성중학교정문,시험,평일,18,17.53,T3,19,11.37,T2,1
34,4370411,학성중학교정문,시험,평일,21,14.1,T3,19,11.37,T2,-2
34,4370411,학성중학교정문,시험,토요일,16,14.94,T3,18,11.84,T2,2
34,4370411,학성중학교정문,시험,일요일·공휴일,08,13.37,T3,07,5.47,T1,-1
34,4370411,학성중학교정문,시험,일요일·공휴일,09,17.6,T3,07,5.47,T1,-2
34,4370411,학성중학교정문,시험,일요일·공휴일,11,16.18,T3,10,12.42,T2,-1
34,4370411,학성중학교정문,시험,일요일·공휴일,12,16.98,T3,10,12.42,T2,-2
34,4370411,학성중학교정문,계절학기,평일,17,17.96,T3,19,7.28,T1,2
34,4370411,학성중학교정문,계절학기,평일,18,17.58,T3,20,5.56,T1,2
34,4370411,학성중학교정문,계절학기,토요일,10,13.72,T3,09,9.05,T2,-1
34,4370411,학성중학교정문,계절학기,토요일,11,15.73,T3,09,9.05,T2,-2
34,4370411,학성중학교정문,계절학기,토요일,14,21.31,T3,16,11.0,T2,2
34,4370411,학성중학교정문,계절학기,토요일,15,22.78,T3,16,11.0,T2,1
34,4370411,학성중학교정문,계절학기,일요일·공휴일,12,14.74,T3,14,9.38,T2,2
34,4370411,학성중학교정문,계절학기,일요일·공휴일,15,16.85,T3,14,9.38,T2,-1
34,4370411,학성중학교정문,방학,평일,07,16.7,T3,06,6.77,T1,-1
34,4370411,학성중학교정문,방학,평일,08,21.04,T3,06,6.77,T1,-2
34,4370411,학성중학교정문,방학,평일,18,16.32,T3,20,8.38,T1,2
34,4370411,학성중학교정문,방학,토요일,09,13.51,T3,07,8.3,T1,-2
34,4370411,학성중학교정문,방학,토요일,10,13.49,T3,08,11.95,T2,-2
34,4370411,학성중학교정문,방학,토요일,11,22.54,T3,13,13.18,T2,2
34,4370411,학성중학교정문,방학,토요일,12,19.41,T3,14,12.95,T2,2
34,4370411,학성중학교정문,방학,토요일,15,15.59,T3,14,12.95,T2,-1
34,4370411,학성중학교정문,방학,토요일,16,15.02,T3,18,11.91,T2,2
34,4370411,학성중학교정문,방학,토요일,17,13.8,T3,18,11.91,T2,1
34,4370411,학성중학교정문,방학,일요일·공휴일,09,13.87,T3,07,6.56,T1,-2
34,4370411,학성중학교정문,방학,일요일·공휴일,11,19.3,T3,10,11.3,T2,-1
34,4370411,학성중학교정문,방학,일요일·공휴일,12,20.3,T3,10,11.3,T2,-2
34,4370411,학성중학교정문,방학,일요일·공휴일,13,14.78,T3,14,12.57,T2,1
34,4370411,학성중학교정문,방학,일요일·공휴일,15,24.06,T3,17,11.38,T2,2
34,4370411,학성중학교정문,방학,일요일·공휴일,18,16.9,T3,20,8.92,T1,2
34,4370421,서원주유소,학기,평일,07,14.98,T3,06,9.07,T2,-1
34,4370421,서원주유소,학기,평일,08,23.65,T3,06,9.07,T2,-2
34,4370421,서원주유소,학기,평일,17,22.03,T3,19,11.59,T2,2
34,4370421,서원주유소,학기,평일,18,18.34,T3,20,11.12,T2,2
34,4370421,서원주유소,학기,평일,21,13.82,T3,20,11.12,T2,-1
34,4370421,서원주유소,학기,토요일,08,16.0,T3,06,7.13,T1,-2
34,4370421,서원주유소,학기,토요일,09,18.23,T3,07,9.7,T2,-2
34,4370421,서원주유소,학기,일요일·공휴일,12,14.26,T3,10,9.91,T2,-2
34,4370421,서원주유소,학기,일요일·공휴일,13,17.54,T3,11,10.3,T2,-2
34,4370421,서원주유소,시험,평일,17,18.55,T3,19,12.49,T2,2
34,4370421,서원주유소,계절학기,평일,07,17.11,T3,06,9.7,T2,-1
34,4370421,서원주유소,계절학기,평일,09,19.01,T3,08,12.62,T2,-1
34,4370421,서원주유소,계절학기,평일,10,15.22,T3,08,12.62,T2,-2
34,4370421,서원주유소,계절학기,평일,16,20.68,T3,18,11.63,T2,2
34,4370421,서원주유소,계절학기,평일,17,20.62,T3,19,8.65,T1,2
34,4370421,서원주유소,계절학기,토요일,15,22.78,T3,16,11.83,T2,1
34,4370421,서원주유소,계절학기,일요일·공휴일,15,16.52,T3,17,10.47,T2,2
34,4370421,서원주유소,방학,평일,07,16.67,T3,06,7.05,T1,-1
34,4370421,서원주유소,방학,평일,08,21.21,T3,06,7.05,T1,-2
34,4370421,서원주유소,방학,토요일,15,15.96,T3,17,12.8,T2,2
34,4370421,서원주유소,방학,토요일,16,14.02,T3,17,12.8,T2,1
34,4370421,서원주유소,방학,토요일,18,13.82,T3,17,12.8,T2,-1
34,4370421,서원주유소,방학,일요일·공휴일,10,15.48,T3,08,8.42,T1,-2
34,4370421,서원주유소,방학,일요일·공휴일,12,17.87,T3,11,12.49,T2,-1
34,4370421,서원주유소,방학,일요일·공휴일,13,14.75,T3,11,12.49,T2,-2
34,4370431,옛합동청사,학기,평일,10,16.52,T3,08,11.06,T2,-2
34,4370431,옛합동청사,학기,평일,11,21.47,T3,09,12.66,T2,-2
34,4370431,옛합동청사,학기,평일,17,32.57,T3,19,11.4,T2,2
34,4370431,옛합동청사,학기,평일,18,33.91,T3,20,8.71,T1,2
34,4370431,옛합동청사,학기,토요일,08,13.44,T3,07,9.2,T2,-1
34,4370431,옛합동청사,학기,토요일,09,15.39,T3,07,9.2,T2,-2
34,4370431,옛합동청사,학기,토요일,17,16.21,T3,19,10.89,T2,2
34,4370431,옛합동청사,학기,토요일,18,14.82,T3,20,6.64,T1,2
34,4370431,옛합동청사,학기,일요일·공휴일,13,14.73,T3,11,7.67,T1,-2
34,4370431,옛합동청사,학기,일요일·공휴일,14,13.92,T3,12,12.31,T2,-2
34,4370431,옛합동청사,학기,일요일·공휴일,16,15.93,T3,18,13.1,T2,2
34,4370431,옛합동청사,학기,일요일·공휴일,17,14.47,T3,19,9.3,T2,2
34,4370431,옛합동청사,시험,평일,18,24.09,T3,20,4.65,T1,2
34,4370431,옛합동청사,시험,평일,19,16.85,T3,20,4.65,T1,1
34,4370431,옛합동청사,시험,일요일·공휴일,15,15.76,T3,16,10.4,T2,1
34,4370431,옛합동청사,시험,일요일·공휴일,17,14.31,T3,16,10.4,T2,-1
34,4370431,옛합동청사,계절학기,평일,09,14.29,T3,07,9.54,T2,-2
34,4370431,옛합동청사,계절학기,평일,17,27.05,T3,19,6.08,T1,2
34,4370431,옛합동청사,계절학기,평일,18,21.8,T3,19,6.08,T1,1
34,4370431,옛합동청사,계절학기,토요일,12,14.83,T3,10,12.22,T2,-2
34,4370431,옛합동청사,계절학기,일요일·공휴일,13,13.47,T3,14,9.75,T2,1
34,4370431,옛합동청사,계절학기,일요일·공휴일,16,13.72,T3,18,6.03,T1,2
34,4370431,옛합동청사,방학,평일,08,14.3,T3,07,9.85,T2,-1
34,4370431,옛합동청사,방학,평일,09,14.23,T3,07,9.85,T2,-2
34,4370431,옛합동청사,방학,평일,17,22.12,T3,19,8.61,T1,2
34,4370431,옛합동청사,방학,평일,18,17.63,T3,20,5.53,T1,2
34,4370431,옛합동청사,방학,토요일,09,13.67,T3,10,12.62,T2,1
34,4370431,옛합동청사,방학,토요일,11,17.62,T3,10,12.62,T2,-1
34,4370431,옛합동청사,방학,토요일,12,18.33,T3,10,12.62,T2,-2
34,4370431,옛합동청사,방학,토요일,13,15.44,T3,15,13.1,T2,2
34,4370431,옛합동청사,방학,토요일,14,17.09,T3,15,13.1,T2,1
34,4370431,옛합동청사,방학,토요일,16,14.86,T3,18,10.96,T2,2
34,4370431,옛합동청사,방학,토요일,17,15.48,T3,19,7.91,T1,2
34,4370431,옛합동청사,방학,일요일·공휴일,12,16.57,T3,10,8.29,T1,-2
34,4370431,옛합동청사,방학,일요일·공휴일,14,16.8,T3,13,11.89,T2,-1
34,4370431,옛합동청사,방학,일요일·공휴일,15,16.26,T3,13,11.89,T2,-2
34,4370431,옛합동청사,방학,일요일·공휴일,17,17.58,T3,19,7.77,T1,2
34,4370431,옛합동청사,방학,일요일·공휴일,18,16.46,T3,19,7.77,T1,1
34,4370441,시외.고속버스터미널,학기,평일,15,14.16,T3,14,11.36,T2,-1
34,4370441,시외.고속버스터미널,학기,평일,16,17.15,T3,14,11.36,T2,-2
34,4370441,시외.고속버스터미널,학기,평일,17,18.4,T3,19,9.49,T2,2
34,4370441,시외.고속버스터미널,학기,평일,18,23.1,T3,20,7.17,T1,2
34,4370441,시외.고속버스터미널,학기,토요일,11,16.09,T3,09,10.18,T2,-2
34,4370441,시외.고속버스터미널,학기,토요일,12,14.19,T3,13,11.79,T2,1
34,4370441,시외.고속버스터미널,학기,토요일,14,14.41,T3,16,11.56,T2,2
34,4370441,시외.고속버스터미널,학기,토요일,15,13.84,T3,16,11.56,T2,1
34,4370441,시외.고속버스터미널,학기,일요일·공휴일,16,14.9,T3,14,10.86,T2,-2
34,4370441,시외.고속버스터미널,시험,평일,08,14.95,T3,07,11.65,T2,-1
34,4370441,시외.고속버스터미널,시험,평일,10,13.28,T3,09,11.76,T2,-1
34,4370441,시외.고속버스터미널,시험,평일,11,15.24,T3,09,11.76,T2,-2
34,4370441,시외.고속버스터미널,시험,평일,17,16.84,T3,19,11.7,T2,2
34,4370441,시외.고속버스터미널,시험,평일,18,22.27,T3,20,7.09,T1,2
34,4370441,시외.고속버스터미널,시험,토요일,10,13.99,T3,08,10.71,T2,-2
34,4370441,시외.고속버스터미널,시험,토요일,11,16.35,T3,09,12.28,T2,-2
34,4370441,시외.고속버스터미널,시험,토요일,15,13.44,T3,17,10.51,T2,2
34,4370441,시외.고속버스터미널,시험,토요일,16,15.28,T3,17,10.51,T2,1
34,4370441,시외.고속버스터미널,시험,토요일,18,13.34,T3,19,9.08,T2,1
34,4370441,시외.고속버스터미널,시험,토요일,20,16.27,T3,19,9.08,T2,-1
34,4370441,시외.고속버스터미널,시험,일요일·공휴일,09,14.27,T3,07,5.31,T1,-2
34,4370441,시외.고속버스터미널,시험,일요일·공휴일,12,16.48,T3,10,10.09,T2,-2
34,4370441,시외.고속버스터미널,시험,일요일·공휴일,13,14.14,T3,14,10.85,T2,1
34,4370441,시외.고속버스터미널,시험,일요일·공휴일,15,14.17,T3,16,8.57,T1,1
34,4370441,시외.고속버스터미널,시험,일요일·공휴일,17,15.39,T3,16,8.57,T1,-1
34,4370441,시외.고속버스터미널,시험,일요일·공휴일,19,14.13,T3,20,9.49,T2,1
34,4370441,시외.고속버스터미널,계절학기,평일,12,13.79,T3,10,10.9,T2,-2
34,4370441,시외.고속버스터미널,계절학기,평일,13,14.88,T3,11,12.21,T2,-2
34,4370441,시외.고속버스터미널,계절학기,평일,15,18.36,T3,14,12.86,T2,-1
34,4370441,시외.고속버스터미널,계절학기,평일,16,20.69,T3,14,12.86,T2,-2
34,4370441,시외.고속버스터미널,계절학기,평일,17,17.42,T3,19,7.46,T1,2
34,4370441,시외.고속버스터미널,계절학기,평일,18,15.11,T3,20,6.82,T1,2
34,4370441,시외.고속버스터미널,계절학기,토요일,11,14.05,T3,09,6.62,T1,-2
34,4370441,시외.고속버스터미널,계절학기,토요일,14,17.41,T3,13,10.51,T2,-1
34,4370441,시외.고속버스터미널,계절학기,토요일,15,20.31,T3,13,10.51,T2,-2
34,4370441,시외.고속버스터미널,계절학기,토요일,17,15.1,T3,19,6.01,T1,2
34,4370441,시외.고속버스터미널,계절학기,일요일·공휴일,15,15.64,T3,14,9.03,T1,-1
34,4370441,시외.고속버스터미널,방학,평일,12,15.87,T3,10,9.12,T2,-2
34,4370441,시외.고속버스터미널,방학,평일,15,17.24,T3,13,12.92,T2,-2
34,4370441,시외.고속버스터미널,방학,평일,16,20.15,T3,14,13.02,T2,-2
34,4370441,시외.고속버스터미널,방학,평일,17,16.19,T3,19,8.45,T1,2
34,4370441,시외.고속버스터미널,방학,평일,18,14.67,T3,20,6.84,T1,2
34,4370441,시외.고속버스터미널,방학,토요일,11,14.85,T3,09,11.2,T2,-2
34,4370441,시외.고속버스터미널,방학,토요일,12,15.38,T3,10,11.63,T2,-2
34,4370441,시외.고속버스터미널,방학,토요일,14,14.15,T3,16,11.29,T2,2
34,4370441,시외.고속버스터미널,방학,일요일·공휴일,16,13.24,T3,17,10.93,T2,1
34,4370661,시외.고속버스터미널,학기,평일,08,23.44,T3,06,6.0,T1,-2
34,4370661,시외.고속버스터미널,학기,평일,09,24.07,T3,07,13.01,T2,-2
34,4370661,시외.고속버스터미널,학기,평일,17,17.67,T3,19,8.55,T1,2
34,4370661,시외.고속버스터미널,학기,평일,18,13.93,T3,19,8.55,T1,1
34,4370661,시외.고속버스터미널,학기,평일,21,15.17,T3,19,8.55,T1,-2
34,4370661,시외.고속버스터미널,학기,토요일,08,16.31,T3,06,3.9,T1,-2
34,4370661,시외.고속버스터미널,학기,토요일,09,18.86,T3,07,10.74,T2,-2
34,4370661,시외.고속버스터미널,학기,토요일,16,13.51,T3,18,11.93,T2,2
34,4370661,시외.고속버스터미널,학기,토요일,17,14.45,T3,19,9.12,T2,2
34,4370661,시외.고속버스터미널,학기,일요일·공휴일,12,15.4,T3,10,9.07,T2,-2
34,4370661,시외.고속버스터미널,학기,일요일·공휴일,13,16.71,T3,11,13.17,T2,-2
34,4370661,시외.고속버스터미널,시험,평일,08,19.06,T3,06,9.52,T2,-2
34,4370661,시외.고속버스터미널,시험,평일,09,19.09,T3,07,12.8,T2,-2
34,4370661,시외.고속버스터미널,시험,평일,17,15.14,T3,19,10.1,T2,2
34,4370661,시외.고속버스터미널,시험,평일,18,15.92,T3,20,8.5,T1,2
34,4370661,시외.고속버스터미널,시험,평일,21,15.06,T3,20,8.5,T1,-1
34,4370661,시외.고속버스터미널,시험,토요일,10,18.49,T3,08,11.54,T2,-2
34,4370661,시외.고속버스터미널,시험,토요일,11,17.85,T3,09,11.61,T2,-2
34,4370661,시외.고속버스터미널,시험,토요일,16,14.03,T3,18,13.01,T2,2
34,4370661,시외.고속버스터미널,시험,일요일·공휴일,09,17.27,T3,07,5.81,T1,-2
34,4370661,시외.고속버스터미널,시험,일요일·공휴일,11,15.84,T3,13,11.89,T2,2
34,4370661,시외.고속버스터미널,시험,일요일·공휴일,12,15.98,T3,13,11.89,T2,1
34,4370661,시외.고속버스터미널,시험,일요일·공휴일,15,14.42,T3,16,11.48,T2,1
34,4370661,시외.고속버스터미널,시험,일요일·공휴일,18,14.8,T3,16,11.48,T2,-2
34,4370661,시외.고속버스터미널,계절학기,평일,07,13.93,T3,06,6.99,T1,-1
34,4370661,시외.고속버스터미널,계절학기,평일,08,16.45,T3,06,6.99,T1,-2
34,4370661,시외.고속버스터미널,계절학기,평일,17,16.62,T3,19,7.7,T1,2
34,4370661,시외.고속버스터미널,계절학기,평일,18,14.92,T3,20,6.2,T1,2
34,4370661,시외.고속버스터미널,계절학기,토요일,11,16.62,T3,09,9.05,T2,-2
34,4370661,시외.고속버스터미널,계절학기,토요일,12,16.42,T3,10,12.68,T2,-2
34,4370661,시외.고속버스터미널,계절학기,토요일,14,20.63,T3,16,10.71,T2,2
34,4370661,시외.고속버스터미널,계절학기,토요일,15,21.1,T3,16,10.71,T2,1
34,4370661,시외.고속버스터미널,계절학기,토요일,17,16.53,T3,19,5.26,T1,2
34,4370661,시외.고속버스터미널,계절학기,일요일·공휴일,12,15.21,T3,10,8.82,T1,-2
34,4370661,시외.고속버스터미널,계절학기,일요일·공휴일,15,19.7,T3,14,8.85,T1,-1
34,4370661,시외.고속버스터미널,계절학기,일요일·공휴일,19,13.27,T3,21,8.22,T1,2
34,4370661,시외.고속버스터미널,방학,평일,07,15.33,T3,06,3.9,T1,-1
34,4370661,시외.고속버스터미널,방학,평일,08,18.8,T3,06,3.9,T1,-2
34,4370661,시외.고속버스터미널,방학,평일,17,13.64,T3,19,10.37,T2,2
34,4370661,시외.고속버스터미널,방학,평일,18,13.5,T3,20,7.91,T1,2
34,4370661,시외.고속버스터미널,방학,토요일,09,13.91,T3,07,8.68,T1,-2
34,4370661,시외.고속버스터미널,방학,토요일,11,25.67,T3,10,11.63,T2,-1
34,4370661,시외.고속버스터미널,방학,토요일,12,16.97,T3,10,11.63,T2,-2
34,4370661,시외.고속버스터미널,방학,토요일,16,14.33,T3,18,12.52,T2,2
34,4370661,시외.고속버스터미널,방학,토요일,17,14.18,T3,19,11.14,T2,2
34,4370661,시외.고속버스터미널,방학,일요일·공휴일,11,13.7,T3,09,11.97,T2,-2
34,4370661,시외.고속버스터미널,방학,일요일·공휴일,12,16.04,T3,10,12.74,T2,-2
34,4370661,시외.고속버스터미널,방학,일요일·공휴일,14,14.32,T3,16,12.88,T2,2
34,4370661,시외.고속버스터미널,방학,일요일·공휴일,15,21.46,T3,16,12.88,T2,1
34,4370661,시외.고속버스터미널,방학,일요일·공휴일,17,15.42,T3,19,11.03,T2,2
34,4370661,시외.고속버스터미널,방학,일요일·공휴일,18,14.64,T3,20,7.74,T1,2
34,4370671,서원주유소,학기,평일,09,13.83,T3,08,12.74,T2,-1
34,4370671,서원주유소,학기,평일,10,16.49,T3,08,12.74,T2,-2
34,4370671,서원주유소,학기,평일,17,34.3,T3,19,9.98,T2,2
34,4370671,서원주유소,학기,평일,18,35.54,T3,19,9.98,T2,1
34,4370671,서원주유소,학기,토요일,08,15.23,T3,07,8.57,T1,-1
34,4370671,서원주유소,학기,토요일,09,15.76,T3,07,8.57,T1,-2
34,4370671,서원주유소,학기,토요일,14,21.05,T3,16,12.41,T2,2
34,4370671,서원주유소,학기,토요일,15,16.83,T3,16,12.41,T2,1
34,4370671,서원주유소,학기,토요일,17,18.88,T3,19,9.69,T2,2
34,4370671,서원주유소,학기,토요일,18,13.6,T3,20,7.3,T1,2
34,4370671,서원주유소,학기,일요일·공휴일,12,14.83,T3,10,8.76,T1,-2
34,4370671,서원주유소,학기,일요일·공휴일,13,16.04,T3,11,9.28,T2,-2
34,4370671,서원주유소,학기,일요일·공휴일,14,15.82,T3,15,13.14,T2,1
34,4370671,서원주유소,학기,일요일·공휴일,16,18.12,T3,15,13.14,T2,-1
34,4370671,서원주유소,학기,일요일·공휴일,17,14.74,T3,19,11.9,T2,2
34,4370671,서원주유소,학기,일요일·공휴일,18,14.0,T3,20,10.09,T2,2
34,4370671,서원주유소,시험,평일,18,28.46,T3,20,7.09,T1,2
34,4370671,서원주유소,시험,평일,19,18.83,T3,20,7.09,T1,1
34,4370671,서원주유소,계절학기,평일,09,13.64,T3,07,10.63,T2,-2
34,4370671,서원주유소,계절학기,평일,10,16.38,T3,11,12.36,T2,1
34,4370671,서원주유소,계절학기,평일,12,18.09,T3,11,12.36,T2,-1
34,4370671,서원주유소,계절학기,평일,13,19.41,T3,11,12.36,T2,-2
34,4370671,서원주유소,계절학기,평일,18,24.22,T3,20,7.39,T1,2
34,4370671,서원주유소,계절학기,일요일·공휴일,13,14.4,T3,14,9.38,T2,1
34,4370671,서원주유소,방학,평일,08,14.77,T3,07,9.36,T2,-1
34,4370671,서원주유소,방학,평일,09,16.12,T3,07,9.36,T2,-2
34,4370671,서원주유소,방학,평일,17,22.56,T3,19,7.29,T1,2
34,4370671,서원주유소,방학,평일,18,14.24,T3,19,7.29,T1,1
34,4370671,서원주유소,방학,토요일,10,13.49,T3,08,10.79,T2,-2
34,4370671,서원주유소,방학,토요일,15,14.62,T3,17,12.91,T2,2
34,4370671,서원주유소,방학,토요일,16,14.59,T3,18,12.84,T2,2
34,4370671,서원주유소,방학,일요일·공휴일,12,14.84,T3,11,11.15,T2,-1
34,4370671,서원주유소,방학,일요일·공휴일,17,18.67,T3,19,10.25,T2,2
34,4370671,서원주유소,방학,일요일·공휴일,18,17.52,T3,19,10.25,T2,1
34,4370681,국제아파트,학기,평일,17,19.1,T3,19,7.67,T1,2
34,4370681,국제아파트,학기,평일,18,19.34,T3,19,7.67,T1,1
34,4370681,국제아파트,학기,일요일·공휴일,12,14.46,T3,14,12.56,T2,2
34,4370681,국제아파트,학기,일요일·공휴일,18,14.83,T3,17,11.81,T2,-1
34,4370681,국제아파트,학기,일요일·공휴일,19,13.74,T3,17,11.81,T2,-2
34,4370681,국제아파트,계절학기,평일,09,15.79,T3,08,12.95,T2,-1
34,4370681,국제아파트,계절학기,평일,17,17.8,T3,19,5.99,T1,2
34,4370681,국제아파트,방학,평일,18,16.4,T3,19,6.67,T1,1
34,4370681,국제아파트,방학,일요일·공휴일,12,13.54,T3,13,11.2,T2,1
34,4370681,국제아파트,방학,일요일·공휴일,15,13.9,T3,16,10.9,T2,1
34,4370681,국제아파트,방학,일요일·공휴일,18,13.53,T3,19,9.59,T2,1
34,4370691,학성중학교정문,학기,평일,07,13.23,T3,08,12.24,T2,1
34,4370691,학성중학교정문,학기,평일,09,14.47,T3,08,12.24,T2,-1
34,4370691,학성중학교정문,학기,평일,10,15.67,T3,08,12.24,T2,-2
34,4370691,학성중학교정문,학기,평일,17,29.07,T3,19,12.8,T2,2
34,4370691,학성중학교정문,학기,평일,18,36.32,T3,20,8.23,T1,2
34,4370691,학성중학교정문,학기,토요일,08,14.82,T3,07,9.84,T2,-1
34,4370691,학성중학교정문,학기,토요일,09,18.51,T3,07,9.84,T2,-2
34,4370691,학성중학교정문,학기,토요일,17,16.81,T3,19,10.8,T2,2
34,4370691,학성중학교정문,학기,토요일,18,15.87,T3,20,8.26,T1,2
34,4370691,학성중학교정문,학기,일요일·공휴일,12,14.57,T3,11,9.81,T2,-1
34,4370691,학성중학교정문,학기,일요일·공휴일,13,16.03,T3,11,9.81,T2,-2
34,4370691,학성중학교정문,학기,일요일·공휴일,18,13.62,T3,20,10.82,T2,2
34,4370691,학성중학교정문,학기,일요일·공휴일,19,13.86,T3,20,10.82,T2,1
34,4370691,학성중학교정문,시험,평일,07,13.83,T3,08,11.58,T2,1
34,4370691,학성중학교정문,시험,평일,09,14.43,T3,08,11.58,T2,-1
34,4370691,학성중학교정문,시험,평일,10,15.85,T3,08,11.58,T2,-2
34,4370691,학성중학교정문,시험,평일,17,21.49,T3,19,9.88,T2,2
34,4370691,학성중학교정문,시험,평일,18,27.96,T3,20,7.75,T1,2
34,4370691,학성중학교정문,시험,토요일,17,13.43,T3,19,8.33,T1,2
34,4370691,학성중학교정문,시험,토요일,18,13.68,T3,19,8.33,T1,1
34,4370691,학성중학교정문,시험,일요일·공휴일,09,15.43,T3,07,7.31,T1,-2
34,4370691,학성중학교정문,시험,일요일·공휴일,15,16.59,T3,16,10.73,T2,1
34,4370691,학성중학교정문,시험,일요일·공휴일,17,14.06,T3,16,10.73,T2,-1
34,4370691,학성중학교정문,시험,일요일·공휴일,19,13.38,T3,18,13.07,T2,-1
34,4370691,학성중학교정문,계절학기,평일,09,14.01,T3,07,10.97,T2,-2
34,4370691,학성중학교정문,계절학기,평일,10,14.57,T3,08,11.08,T2,-2
34,4370691,학성중학교정문,계절학기,평일,17,29.41,T3,19,9.1,T2,2
34,4370691,학성중학교정문,계절학기,평일,18,22.36,T3,20,8.04,T1,2
34,4370691,학성중학교정문,계절학기,토요일,11,16.39,T3,09,7.89,T1,-2
34,4370691,학성중학교정문,계절학기,토요일,12,18.0,T3,10,12.22,T2,-2
34,4370691,학성중학교정문,계절학기,토요일,16,13.33,T3,18,11.79,T2,2
34,4370691,학성중학교정문,계절학기,토요일,17,16.53,T3,19,5.76,T1,2
34,4370691,학성중학교정문,계절학기,일요일·공휴일,12,15.16,T3,11,9.3,T2,-1
34,4370691,학성중학교정문,계절학기,일요일·공휴일,17,13.85,T3,18,7.2,T1,1
34,4370691,학성중학교정문,방학,평일,08,14.13,T3,07,10.23,T2,-1
34,4370691,학성중학교정문,방학,평일,09,16.43,T3,07,10.23,T2,-2
34,4370691,학성중학교정문,방학,평일,17,24.23,T3,19,8.78,T1,2
34,4370691,학성중학교정문,방학,평일,18,16.34,T3,20,7.51,T1,2
34,4370691,학성중학교정문,방학,토요일,09,15.01,T3,07,7.97,T1,-2
34,4370691,학성중학교정문,방학,토요일,11,18.9,T3,10,12.85,T2,-1
34,4370691,학성중학교정문,방학,토요일,12,23.12,T3,10,12.85,T2,-2
34,4370691,학성중학교정문,방학,토요일,15,15.17,T3,17,11.66,T2,2
34,4370691,학성중학교정문,방학,토요일,16,16.35,T3,17,11.66,T2,1
34,4370691,학성중학교정문,방학,일요일·공휴일,12,18.49,T3,11,10.56,T2,-1
34,4370691,학성중학교정문,방학,일요일·공휴일,13,16.7,T3,11,10.56,T2,-2
34,4370691,학성중학교정문,방학,일요일·공휴일,17,15.18,T3,19,9.5,T2,2
34,4370691,학성중학교정문,방학,일요일·공휴일,18,18.01,T3,19,9.5,T2,1
34,4370701,YWCA,학기,평일,07,14.6,T3,06,6.53,T1,-1
34,4370701,YWCA,학기,평일,08,19.07,T3,06,6.53,T1,-2
34,4370701,YWCA,학기,평일,17,18.15,T3,19,11.23,T2,2
34,4370701,YWCA,학기,평일,18,16.67,T3,20,10.52,T2,2
34,4370701,YWCA,학기,평일,21,14.28,T3,20,10.52,T2,-1
34,4370701,YWCA,학기,토요일,08,19.08,T3,06,5.6,T1,-2
34,4370701,YWCA,학기,토요일,09,21.34,T3,07,8.26,T1,-2
34,4370701,YWCA,학기,토요일,16,13.86,T3,18,9.41,T2,2
34,4370701,YWCA,학기,일요일·공휴일,12,17.99,T3,10,8.03,T1,-2
34,4370701,YWCA,학기,일요일·공휴일,13,17.61,T3,11,12.22,T2,-2
34,4370701,YWCA,시험,평일,07,15.39,T3,06,11.2,T2,-1
34,4370701,YWCA,시험,평일,08,16.56,T3,06,11.2,T2,-2
34,4370701,YWCA,시험,평일,17,14.71,T3,19,10.25,T2,2
34,4370701,YWCA,시험,평일,18,15.96,T3,20,8.09,T1,2
34,4370701,YWCA,시험,평일,21,16.11,T3,20,8.09,T1,-1
34,4370701,YWCA,시험,토요일,10,16.99,T3,08,12.54,T2,-2
34,4370701,YWCA,시험,일요일·공휴일,09,17.27,T3,07,5.14,T1,-2
34,4370701,YWCA,시험,일요일·공휴일,18,15.49,T3,16,10.07,T2,-2
34,4370701,YWCA,시험,일요일·공휴일,21,13.71,T3,20,11.82,T2,-1
34,4370701,YWCA,계절학기,평일,07,16.06,T3,06,9.64,T2,-1
34,4370701,YWCA,계절학기,평일,08,18.55,T3,06,9.64,T2,-2
34,4370701,YWCA,계절학기,평일,17,16.69,T3,19,7.87,T1,2
34,4370701,YWCA,계절학기,평일,18,18.17,T3,19,7.87,T1,1
34,4370701,YWCA,계절학기,토요일,15,18.78,T3,16,12.14,T2,1
34,4370701,YWCA,계절학기,토요일,17,15.78,T3,18,11.03,T2,1
34,4370701,YWCA,계절학기,일요일·공휴일,12,15.31,T3,14,9.75,T2,2
34,4370701,YWCA,계절학기,일요일·공휴일,15,19.51,T3,16,9.29,T2,1
34,4370701,YWCA,방학,평일,07,14.44,T3,06,6.48,T1,-1
34,4370701,YWCA,방학,평일,08,18.45,T3,06,6.48,T1,-2
34,4370701,YWCA,방학,평일,18,16.09,T3,19,7.5,T1,1
34,4370701,YWCA,방학,토요일,09,14.0,T3,07,7.26,T1,-2
34,4370701,YWCA,방학,토요일,11,25.03,T3,10,11.66,T2,-1
34,4370701,YWCA,방학,토요일,12,18.77,T3,10,11.66,T2,-2
34,4370701,YWCA,방학,토요일,14,13.2,T3,13,12.51,T2,-1
34,4370701,YWCA,방학,토요일,16,15.89,T3,18,12.81,T2,2
34,4370701,YWCA,방학,일요일·공휴일,11,16.36,T3,09,11.8,T2,-2
34,4370701,YWCA,방학,일요일·공휴일,12,17.39,T3,10,12.36,T2,-2
34,4370701,YWCA,방학,일요일·공휴일,13,13.44,T3,14,12.73,T2,1
34,4370701,YWCA,방학,일요일·공휴일,15,20.64,T3,17,10.09,T2,2
34,4370711,지하상가,학기,평일,08,16.38,T3,06,8.88,T1,-2
34,4370711,지하상가,학기,평일,09,25.27,T3,07,10.91,T2,-2
34,4370711,지하상가,학기,평일,17,18.12,T3,19,10.76,T2,2
34,4370711,지하상가,학기,평일,18,17.71,T3,20,7.98,T1,2
34,4370711,지하상가,학기,토요일,08,16.22,T3,07,9.46,T2,-1
34,4370711,지하상가,학기,토요일,09,17.37,T3,07,9.46,T2,-2
34,4370711,지하상가,학기,토요일,16,15.58,T3,18,11.78,T2,2
34,4370711,지하상가,학기,일요일·공휴일,12,15.09,T3,10,9.18,T2,-2
34,4370711,지하상가,학기,일요일·공휴일,13,14.7,T3,11,10.02,T2,-2
34,4370711,지하상가,학기,일요일·공휴일,15,18.5,T3,17,10.46,T2,2
34,4370711,지하상가,학기,일요일·공휴일,16,15.17,T3,17,10.46,T2,1
34,4370711,지하상가,학기,일요일·공휴일,18,20.64,T3,17,10.46,T2,-1
34,4370711,지하상가,시험,평일,08,16.09,T3,07,11.5,T2,-1
34,4370711,지하상가,시험,평일,09,16.38,T3,07,11.5,T2,-2
34,4370711,지하상가,시험,평일,17,14.8,T3,19,11.99,T2,2
34,4370711,지하상가,시험,평일,18,16.67,T3,19,11.99,T2,1
34,4370711,지하상가,시험,토요일,11,17.85,T3,13,12.87,T2,2
34,4370711,지하상가,시험,토요일,12,13.55,T3,13,12.87,T2,1
34,4370711,지하상가,시험,일요일·공휴일,12,16.32,T3,14,11.51,T2,2
34,4370711,지하상가,시험,일요일·공휴일,15,15.09,T3,16,11.4,T2,1
34,4370711,지하상가,계절학기,평일,08,17.77,T3,06,9.27,T2,-2
34,4370711,지하상가,계절학기,평일,09,18.92,T3,07,10.3,T2,-2
34,4370711,지하상가,계절학기,평일,17,18.09,T3,19,7.49,T1,2
34,4370711,지하상가,계절학기,평일,18,16.26,T3,20,6.05,T1,2
34,4370711,지하상가,계절학기,토요일,14,19.34,T3,16,10.67,T2,2
34,4370711,지하상가,계절학기,토요일,15,17.95,T3,16,10.67,T2,1
34,4370711,지하상가,계절학기,일요일·공휴일,12,14.52,T3,10,7.96,T1,-2
34,4370711,지하상가,계절학기,일요일·공휴일,15,14.35,T3,14,10.75,T2,-1
34,4370711,지하상가,방학,평일,08,15.53,T3,07,12.82,T2,-1
34,4370711,지하상가,방학,평일,09,20.83,T3,07,12.82,T2,-2
34,4370711,지하상가,방학,평일,15,18.9,T3,17,13.14,T2,2
34,4370711,지하상가,방학,평일,16,16.36,T3,17,13.14,T2,1
34,4370711,지하상가,방학,평일,18,16.31,T3,17,13.14,T2,-1
34,4370711,지하상가,방학,토요일,11,22.26,T3,13,12.51,T2,2
34,4370711,지하상가,방학,토요일,12,17.97,T3,14,11.58,T2,2
34,4370711,지하상가,방학,일요일·공휴일,11,16.93,T3,10,9.82,T2,-1
34,4370711,지하상가,방학,일요일·공휴일,12,17.79,T3,10,9.82,T2,-2
34,4370711,지하상가,방학,일요일·공휴일,15,17.98,T3,16,11.92,T2,1
34,4370711,지하상가,방학,일요일·공휴일,18,17.2,T3,20,6.91,T1,2
34,4370721,원일로중앙시장,학기,평일,08,14.69,T3,06,6.36,T1,-2
34,4370721,원일로중앙시장,학기,평일,09,23.28,T3,07,12.23,T2,-2
34,4370721,원일로중앙시장,학기,평일,17,22.83,T3,19,10.51,T2,2
34,4370721,원일로중앙시장,학기,평일,18,19.0,T3,20,9.42,T2,2
34,4370721,원일로중앙시장,학기,평일,21,17.11,T3,20,9.42,T2,-1
34,4370721,원일로중앙시장,학기,토요일,08,15.63,T3,06,5.42,T1,-2
34,4370721,원일로중앙시장,학기,토요일,09,15.74,T3,07,7.0,T1,-2
34,4370721,원일로중앙시장,학기,토요일,16,14.14,T3,18,12.33,T2,2
34,4370721,원일로중앙시장,학기,토요일,17,20.98,T3,18,12.33,T2,1
34,4370721,원일로중앙시장,학기,일요일·공휴일,12,14.88,T3,10,7.77,T1,-2
34,4370721,원일로중앙시장,학기,일요일·공휴일,13,18.8,T3,11,11.92,T2,-2
34,4370721,원일로중앙시장,학기,일요일·공휴일,17,14.95,T3,19,13.04,T2,2
34,4370721,원일로중앙시장,학기,일요일·공휴일,18,21.8,T3,19,13.04,T2,1
34,4370721,원일로중앙시장,학기,일요일·공휴일,20,15.73,T3,19,13.04,T2,-1
34,4370721,원일로중앙시장,학기,일요일·공휴일,21,20.08,T3,19,13.04,T2,-2
34,4370721,원일로중앙시장,시험,평일,08,15.76,T3,06,11.6,T2,-2
34,4370721,원일로중앙시장,시험,평일,09,16.14,T3,07,12.0,T2,-2
34,4370721,원일로중앙시장,시험,평일,17,16.74,T3,19,11.6,T2,2
34,4370721,원일로중앙시장,시험,평일,18,17.72,T3,20,7.42,T1,2
34,4370721,원일로중앙시장,시험,평일,21,15.51,T3,20,7.42,T1,-1
34,4370721,원일로중앙시장,시험,토요일,10,15.83,T3,09,11.95,T2,-1
34,4370721,원일로중앙시장,시험,토요일,11,18.6,T3,09,11.95,T2,-2
34,4370721,원일로중앙시장,시험,토요일,16,13.94,T3,18,12.9,T2,2
34,4370721,원일로중앙시장,시험,일요일·공휴일,09,18.1,T3,10,10.59,T2,1
34,4370721,원일로중앙시장,시험,일요일·공휴일,11,16.34,T3,10,10.59,T2,-1
34,4370721,원일로중앙시장,시험,일요일·공휴일,12,16.57,T3,10,10.59,T2,-2
34,4370721,원일로중앙시장,시험,일요일·공휴일,13,14.22,T3,14,11.85,T2,1
34,4370721,원일로중앙시장,시험,일요일·공휴일,15,16.01,T3,16,10.98,T2,1
34,4370721,원일로중앙시장,시험,일요일·공휴일,18,15.07,T3,16,10.98,T2,-2
34,4370721,원일로중앙시장,시험,일요일·공휴일,21,13.71,T3,20,12.15,T2,-1
34,4370721,원일로중앙시장,계절학기,평일,07,13.23,T3,06,8.16,T1,-1
34,4370721,원일로중앙시장,계절학기,평일,08,15.05,T3,06,8.16,T1,-2
34,4370721,원일로중앙시장,계절학기,평일,09,16.26,T3,10,13.11,T2,1
34,4370721,원일로중앙시장,계절학기,평일,11,16.17,T3,10,13.11,T2,-1
34,4370721,원일로중앙시장,계절학기,평일,12,20.86,T3,10,13.11,T2,-2
34,4370721,원일로중앙시장,계절학기,평일,17,22.2,T3,19,8.74,T1,2
34,4370721,원일로중앙시장,계절학기,평일,18,15.63,T3,20,7.53,T1,2
34,4370721,원일로중앙시장,계절학기,토요일,11,16.05,T3,09,6.33,T1,-2
34,4370721,원일로중앙시장,계절학기,토요일,13,15.94,T3,12,12.35,T2,-1
34,4370721,원일로중앙시장,계절학기,토요일,14,21.13,T3,12,12.35,T2,-2
34,4370721,원일로중앙시장,계절학기,토요일,15,19.24,T3,16,13.0,T2,1
34,4370721,원일로중앙시장,계절학기,토요일,17,15.45,T3,18,10.6,T2,1
34,4370721,원일로중앙시장,계절학기,일요일·공휴일,12,13.77,T3,10,7.71,T1,-2
34,4370721,원일로중앙시장,계절학기,일요일·공휴일,15,16.01,T3,17,9.64,T2,2
34,4370721,원일로중앙시장,방학,평일,08,16.08,T3,06,4.79,T1,-2
34,4370721,원일로중앙시장,방학,평일,09,20.03,T3,07,11.8,T2,-2
34,4370721,원일로중앙시장,방학,평일,11,16.94,T3,10,13.18,T2,-1
34,4370721,원일로중앙시장,방학,평일,12,21.6,T3,10,13.18,T2,-2
34,4370721,원일로중앙시장,방학,평일,17,19.55,T3,19,8.67,T1,2
34,4370721,원일로중앙시장,방학,평일,18,17.96,T3,19,8.67,T1,1
34,4370721,원일로중앙시장,방학,토요일,11,20.26,T3,09,10.19,T2,-2
34,4370721,원일로중앙시장,방학,토요일,12,17.47,T3,10,10.86,T2,-2
34,4370721,원일로중앙시장,방학,토요일,13,14.01,T3,14,12.83,T2,1
34,4370721,원일로중앙시장,방학,토요일,15,15.37,T3,14,12.83,T2,-1
34,4370721,원일로중앙시장,방학,토요일,16,14.33,T3,14,12.83,T2,-2
34,4370721,원일로중앙시장,방학,토요일,18,13.31,T3,20,11.29,T2,2
34,4370721,원일로중앙시장,방학,일요일·공휴일,13,15.18,T3,11,10.52,T2,-2
34,4370721,원일로중앙시장,방학,일요일·공휴일,14,13.65,T3,16,12.49,T2,2
34,4370721,원일로중앙시장,방학,일요일·공휴일,15,17.49,T3,17,10.44,T2,2
34,4370721,원일로중앙시장,방학,일요일·공휴일,18,13.96,T3,20,7.73,T1,2
34,4370731,강원감영,학기,평일,08,14.48,T3,06,8.16,T1,-2
34,4370731,강원감영,학기,평일,09,23.52,T3,07,13.02,T2,-2
34,4370731,강원감영,학기,평일,17,26.21,T3,19,13.07,T2,2
34,4370731,강원감영,학기,평일,18,21.55,T3,20,9.94,T2,2
34,4370731,강원감영,학기,평일,21,17.26,T3,20,9.94,T2,-1
34,4370731,강원감영,학기,토요일,08,15.27,T3,06,7.11,T1,-2
34,4370731,강원감영,학기,토요일,09,17.01,T3,07,8.56,T1,-2
34,4370731,강원감영,학기,토요일,18,14.46,T3,20,11.25,T2,2
34,4370731,강원감영,학기,일요일·공휴일,12,16.96,T3,10,10.59,T2,-2
34,4370731,강원감영,학기,일요일·공휴일,13,20.02,T3,11,13.06,T2,-2
34,4370731,강원감영,시험,평일,08,16.85,T3,07,11.58,T2,-1
34,4370731,강원감영,시험,평일,09,17.71,T3,07,11.58,T2,-2
34,4370731,강원감영,시험,평일,17,19.3,T3,19,11.12,T2,2
34,4370731,강원감영,시험,평일,21,15.11,T3,20,7.75,T1,-1
34,4370731,강원감영,시험,토요일,11,20.52,T3,09,12.28,T2,-2
34,4370731,강원감영,시험,토요일,16,15.28,T3,18,12.18,T2,2
34,4370731,강원감영,시험,일요일·공휴일,09,17.6,T3,10,11.59,T2,1
34,4370731,강원감영,시험,일요일·공휴일,11,15.68,T3,10,11.59,T2,-1
34,4370731,강원감영,시험,일요일·공휴일,12,15.15,T3,10,11.59,T2,-2
34,4370731,강원감영,시험,일요일·공휴일,13,13.89,T3,14,11.85,T2,1
34,4370731,강원감영,시험,일요일·공휴일,15,16.92,T3,16,10.07,T2,1
34,4370731,강원감영,시험,일요일·공휴일,18,14.41,T3,16,10.07,T2,-2
34,4370731,강원감영,계절학기,평일,07,14.68,T3,06,10.48,T2,-1
34,4370731,강원감영,계절학기,평일,08,15.08,T3,06,10.48,T2,-2
34,4370731,강원감영,계절학기,평일,09,13.81,T3,10,12.95,T2,1
34,4370731,강원감영,계절학기,평일,11,15.57,T3,10,12.95,T2,-1
34,4370731,강원감영,계절학기,평일,12,23.39,T3,10,12.95,T2,-2
34,4370731,강원감영,계절학기,평일,17,24.22,T3,19,9.31,T2,2
34,4370731,강원감영,계절학기,평일,18,18.33,T3,20,6.92,T1,2
34,4370731,강원감영,계절학기,토요일,11,16.91,T3,10,11.55,T2,-1
34,4370731,강원감영,계절학기,토요일,12,13.66,T3,10,11.55,T2,-2
34,4370731,강원감영,계절학기,토요일,14,20.84,T3,16,12.17,T2,2
34,4370731,강원감영,계절학기,토요일,15,19.53,T3,16,12.17,T2,1
34,4370731,강원감영,계절학기,토요일,17,15.78,T3,16,12.17,T2,-1
34,4370731,강원감영,계절학기,토요일,18,13.53,T3,16,12.17,T2,-2
34,4370731,강원감영,계절학기,일요일·공휴일,15,17.16,T3,17,9.31,T2,2
34,4370731,강원감영,방학,평일,08,14.7,T3,06,7.05,T1,-2
34,4370731,강원감영,방학,평일,09,20.98,T3,07,10.72,T2,-2
34,4370731,강원감영,방학,평일,11,17.45,T3,10,13.08,T2,-1
34,4370731,강원감영,방학,평일,12,22.61,T3,10,13.08,T2,-2
34,4370731,강원감영,방학,평일,17,16.66,T3,19,9.34,T2,2
34,4370731,강원감영,방학,평일,18,19.47,T3,19,9.34,T2,1
34,4370731,강원감영,방학,토요일,11,20.58,T3,10,10.77,T2,-1
34,4370731,강원감영,방학,토요일,12,19.07,T3,10,10.77,T2,-2
34,4370731,강원감영,방학,토요일,13,15.13,T3,14,13.09,T2,1
34,4370731,강원감영,방학,토요일,15,17.62,T3,14,13.09,T2,-1
34,4370731,강원감영,방학,토요일,16,14.46,T3,14,13.09,T2,-2
34,4370731,강원감영,방학,토요일,18,15.67,T3,20,8.68,T1,2
34,4370731,강원감영,방학,일요일·공휴일,12,14.67,T3,10,9.39,T2,-2
34,4370731,강원감영,방학,일요일·공휴일,13,15.02,T3,11,11.72,T2,-2
34,4370731,강원감영,방학,일요일·공휴일,15,16.95,T3,17,11.52,T2,2
34,4370731,강원감영,방학,일요일·공휴일,16,15.19,T3,17,11.52,T2,1
34,4370731,강원감영,방학,일요일·공휴일,18,14.29,T3,20,7.94,T1,2
34,4370821,남원로남부시장,학기,평일,09,19.38,T3,07,11.29,T2,-2
34,4370821,남원로남부시장,학기,평일,10,19.64,T3,08,13.12,T2,-2
34,4370821,남원로남부시장,학기,평일,18,25.37,T3,20,10.67,T2,2
34,4370821,남원로남부시장,학기,평일,19,14.18,T3,20,10.67,T2,1
34,4370821,남원로남부시장,학기,평일,21,15.36,T3,20,10.67,T2,-1
34,4370821,남원로남부시장,학기,토요일,08,13.43,T3,06,5.58,T1,-2
34,4370821,남원로남부시장,학기,토요일,09,14.61,T3,07,6.4,T1,-2
34,4370821,남원로남부시장,학기,토요일,14,18.32,T3,16,12.83,T2,2
34,4370821,남원로남부시장,학기,토요일,15,19.89,T3,16,12.83,T2,1
34,4370821,남원로남부시장,학기,토요일,17,20.84,T3,16,12.83,T2,-1
34,4370821,남원로남부시장,학기,일요일·공휴일,12,13.77,T3,10,10.31,T2,-2
34,4370821,남원로남부시장,학기,일요일·공휴일,13,19.05,T3,11,10.98,T2,-2
34,4370821,남원로남부시장,시험,평일,08,14.66,T3,06,10.89,T2,-2
34,4370821,남원로남부시장,시험,평일,09,14.44,T3,07,11.82,T2,-2
34,4370821,남원로남부시장,시험,평일,18,19.75,T3,20,7.5,T1,2
34,4370821,남원로남부시장,시험,평일,19,13.3,T3,20,7.5,T1,1
34,4370821,남원로남부시장,시험,평일,21,13.48,T3,20,7.5,T1,-1
34,4370821,남원로남부시장,시험,토요일,08,14.04,T3,09,13.11,T2,1
34,4370821,남원로남부시장,시험,토요일,11,20.27,T3,09,13.11,T2,-2
34,4370821,남원로남부시장,시험,토요일,14,15.07,T3,16,12.28,T2,2
34,4370821,남원로남부시장,시험,토요일,15,14.19,T3,16,12.28,T2,1
34,4370821,남원로남부시장,시험,일요일·공휴일,09,18.43,T3,07,5.47,T1,-2
34,4370821,남원로남부시장,시험,일요일·공휴일,11,17.01,T3,10,12.09,T2,-1
34,4370821,남원로남부시장,시험,일요일·공휴일,12,16.32,T3,14,11.85,T2,2
34,4370821,남원로남부시장,시험,일요일·공휴일,13,15.22,T3,14,11.85,T2,1
34,4370821,남원로남부시장,시험,일요일·공휴일,18,14.85,T3,20,12.15,T2,2
34,4370821,남원로남부시장,계절학기,평일,10,13.79,T3,08,11.86,T2,-2
34,4370821,남원로남부시장,계절학기,평일,11,16.3,T3,09,12.24,T2,-2
34,4370821,남원로남부시장,계절학기,평일,17,26.43,T3,19,8.55,T1,2
34,4370821,남원로남부시장,계절학기,평일,18,18.8,T3,19,8.55,T1,1
34,4370821,남원로남부시장,계절학기,토요일,11,15.12,T3,10,11.47,T2,-1
34,4370821,남원로남부시장,계절학기,토요일,13,15.92,T3,12,12.5,T2,-1
34,4370821,남원로남부시장,계절학기,토요일,14,21.13,T3,12,12.5,T2,-2
34,4370821,남원로남부시장,계절학기,토요일,17,18.96,T3,18,11.58,T2,1
34,4370821,남원로남부시장,계절학기,일요일·공휴일,15,16.01,T3,14,9.47,T2,-1
34,4370821,남원로남부시장,방학,평일,09,16.66,T3,07,10.1,T2,-2
34,4370821,남원로남부시장,방학,평일,10,14.57,T3,08,11.0,T2,-2
34,4370821,남원로남부시장,방학,평일,18,24.18,T3,20,12.26,T2,2
34,4370821,남원로남부시장,방학,평일,19,13.39,T3,21,7.31,T1,2
34,4370821,남원로남부시장,방학,토요일,11,18.3,T3,10,11.54,T2,-1
34,4370821,남원로남부시장,방학,토요일,12,17.83,T3,10,11.54,T2,-2
34,4370821,남원로남부시장,방학,토요일,16,15.55,T3,18,12.87,T2,2
34,4370821,남원로남부시장,방학,토요일,17,15.4,T3,18,12.87,T2,1
34,4370821,남원로남부시장,방학,일요일·공휴일,12,13.26,T3,10,8.42,T1,-2
34,4370821,남원로남부시장,방학,일요일·공휴일,13,16.23,T3,11,11.41,T2,-2
34,4370821,남원로남부시장,방학,일요일·공휴일,17,16.85,T3,19,9.44,T2,2
34,4370821,남원로남부시장,방학,일요일·공휴일,18,14.79,T3,19,9.44,T2,1
34,4370831,대성현대아파트,학기,평일,08,14.55,T3,06,9.93,T2,-2
34,4370831,대성현대아파트,학기,평일,09,19.68,T3,07,10.98,T2,-2
34,4370831,대성현대아파트,학기,평일,18,25.08,T3,20,7.74,T1,2
34,4370831,대성현대아파트,학기,평일,19,13.76,T3,20,7.74,T1,1
34,4370831,대성현대아파트,학기,평일,21,17.58,T3,20,7.74,T1,-1
34,4370831,대성현대아파트,학기,토요일,09,14.28,T3,07,7.57,T1,-2
34,4370831,대성현대아파트,학기,토요일,10,14.56,T3,08,11.88,T2,-2
34,4370831,대성현대아파트,학기,토요일,18,14.06,T3,20,9.22,T2,2
34,4370831,대성현대아파트,학기,일요일·공휴일,12,15.27,T3,10,8.14,T1,-2
34,4370831,대성현대아파트,학기,일요일·공휴일,13,17.13,T3,11,12.15,T2,-2
34,4370831,대성현대아파트,시험,평일,09,14.99,T3,07,11.25,T2,-2
34,4370831,대성현대아파트,시험,평일,10,19.12,T3,08,11.66,T2,-2
34,4370831,대성현대아파트,시험,평일,18,19.82,T3,20,6.93,T1,2
34,4370831,대성현대아파트,시험,평일,19,13.27,T3,20,6.93,T1,1
34,4370831,대성현대아파트,시험,평일,21,13.68,T3,20,6.93,T1,-1
34,4370831,대성현대아파트,시험,토요일,08,14.38,T3,07,7.7,T1,-1
34,4370831,대성현대아파트,시험,토요일,11,20.27,T3,09,12.28,T2,-2
34,4370831,대성현대아파트,시험,토요일,16,15.61,T3,18,13.01,T2,2
34,4370831,대성현대아파트,시험,일요일·공휴일,09,18.1,T3,08,11.54,T2,-1
34,4370831,대성현대아파트,시험,일요일·공휴일,18,14.85,T3,20,11.49,T2,2
34,4370831,대성현대아파트,계절학기,평일,10,15.88,T3,08,12.84,T2,-2
34,4370831,대성현대아파트,계절학기,평일,11,17.21,T3,09,13.02,T2,-2
34,4370831,대성현대아파트,계절학기,평일,17,23.06,T3,19,6.74,T1,2
34,4370831,대성현대아파트,계절학기,평일,18,19.65,T3,19,6.74,T1,1
34,4370831,대성현대아파트,계절학기,토요일,14,20.98,T3,16,12.17,T2,2
34,4370831,대성현대아파트,계절학기,일요일·공휴일,13,13.69,T3,11,10.39,T2,-2
34,4370831,대성현대아파트,계절학기,일요일·공휴일,15,15.16,T3,16,12.57,T2,1
34,4370831,대성현대아파트,방학,평일,08,14.9,T3,07,9.59,T2,-1
34,4370831,대성현대아파트,방학,평일,09,15.56,T3,07,9.59,T2,-2
34,4370831,대성현대아파트,방학,평일,11,19.42,T3,10,13.12,T2,-1
34,4370831,대성현대아파트,방학,평일,12,21.09,T3,10,13.12,T2,-2
34,4370831,대성현대아파트,방학,평일,17,25.5,T3,19,9.37,T2,2
34,4370831,대성현대아파트,방학,평일,18,23.66,T3,19,9.37,T2,1
34,4370831,대성현대아파트,방학,토요일,11,18.59,T3,09,10.72,T2,-2
34,4370831,대성현대아파트,방학,토요일,12,17.33,T3,10,12.32,T2,-2
34,4370831,대성현대아파트,방학,토요일,14,14.93,T3,13,12.87,T2,-1
34,4370831,대성현대아파트,방학,토요일,15,16.08,T3,13,12.87,T2,-2
34,4370831,대성현대아파트,방학,토요일,16,13.89,T3,18,12.07,T2,2
34,4370831,대성현대아파트,방학,토요일,17,14.3,T3,18,12.07,T2,1
34,4370831,대성현대아파트,방학,일요일·공휴일,12,14.47,T3,10,7.26,T1,-2
34,4370831,대성현대아파트,방학,일요일·공휴일,13,15.02,T3,11,11.77,T2,-2
34,4370831,대성현대아파트,방학,일요일·공휴일,14,14.57,T3,16,13.16,T2,2
34,4370831,대성현대아파트,방학,일요일·공휴일,15,14.44,T3,16,13.16,T2,1
34,4370831,대성현대아파트,방학,일요일·공휴일,17,14.24,T3,19,12.22,T2,2
34,4370831,대성현대아파트,방학,일요일·공휴일,18,15.14,T3,20,10.31,T2,2
34,4370841,향교입구,학기,평일,07,13.56,T3,06,8.51,T1,-1
34,4370841,향교입구,학기,평일,08,13.75,T3,06,8.51,T1,-2
34,4370841,향교입구,학기,평일,17,24.32,T3,19,12.49,T2,2
34,4370841,향교입구,학기,평일,18,24.6,T3,20,12.36,T2,2
34,4370841,향교입구,학기,평일,21,14.72,T3,20,12.36,T2,-1
34,4370841,향교입구,학기,토요일,09,16.11,T3,07,8.46,T1,-2
34,4370841,향교입구,학기,토요일,10,14.64,T3,08,11.29,T2,-2
34,4370841,향교입구,학기,토요일,16,14.35,T3,18,13.14,T2,2
34,4370841,향교입구,학기,토요일,17,19.44,T3,19,10.98,T2,2
34,4370841,향교입구,학기,일요일·공휴일,11,14.06,T3,09,7.96,T1,-2
34,4370841,향교입구,학기,일요일·공휴일,12,13.48,T3,10,10.03,T2,-2
34,4370841,향교입구,학기,일요일·공휴일,17,14.61,T3,19,13.07,T2,2
34,4370841,향교입구,학기,일요일·공휴일,18,23.37,T3,20,10.46,T2,2
34,4370841,향교입구,학기,일요일·공휴일,21,17.0,T3,20,10.46,T2,-1
34,4370841,향교입구,시험,평일,09,17.77,T3,07,10.92,T2,-2
34,4370841,향교입구,시험,평일,10,18.12,T3,08,12.94,T2,-2
34,4370841,향교입구,계절학기,평일,09,13.73,T3,07,11.69,T2,-2
34,4370841,향교입구,계절학기,평일,10,15.73,T3,08,12.06,T2,-2
34,4370841,향교입구,계절학기,평일,17,26.62,T3,19,7.43,T1,2
34,4370841,향교입구,계절학기,평일,18,17.04,T3,19,7.43,T1,1
34,4370841,향교입구,계절학기,토요일,11,15.73,T3,09,6.05,T1,-2
34,4370841,향교입구,계절학기,토요일,15,18.78,T3,16,10.67,T2,1
34,4370841,향교입구,계절학기,토요일,17,16.95,T3,16,10.67,T2,-1
34,4370841,향교입구,계절학기,토요일,18,13.25,T3,16,10.67,T2,-2
34,4370841,향교입구,계절학기,일요일·공휴일,15,16.18,T3,14,8.38,T1,-1
34,4370841,향교입구,방학,평일,09,19.05,T3,07,10.81,T2,-2
34,4370841,향교입구,방학,평일,10,14.49,T3,08,12.27,T2,-2
34,4370841,향교입구,방학,평일,17,24.42,T3,19,10.27,T2,2
34,4370841,향교입구,방학,평일,18,23.97,T3,20,8.1,T1,2
34,4370841,향교입구,방학,토요일,11,16.4,T3,10,10.56,T2,-1
34,4370841,향교입구,방학,토요일,12,15.21,T3,10,10.56,T2,-2
34,4370841,향교입구,방학,토요일,16,15.35,T3,18,11.8,T2,2
34,4370841,향교입구,방학,토요일,17,15.4,T3,19,8.87,T1,2
34,4370841,향교입구,방학,일요일·공휴일,12,13.82,T3,10,10.93,T2,-2
34,4370841,향교입구,방학,일요일·공휴일,13,14.02,T3,11,11.08,T2,-2
34,4370841,향교입구,방학,일요일·공휴일,17,15.08,T3,19,11.93,T2,2
34,4370841,향교입구,방학,일요일·공휴일,18,14.85,T3,20,7.18,T1,2
34,4370851,젊음의광장사거리,학기,평일,08,15.14,T3,06,9.51,T2,-2
34,4370851,젊음의광장사거리,학기,평일,09,19.73,T3,07,12.78,T2,-2
34,4370851,젊음의광장사거리,학기,평일,18,23.68,T3,20,10.17,T2,2
34,4370851,젊음의광장사거리,학기,평일,19,14.34,T3,20,10.17,T2,1
34,4370851,젊음의광장사거리,학기,평일,21,17.72,T3,20,10.17,T2,-1
34,4370851,젊음의광장사거리,학기,토요일,09,13.44,T3,07,7.01,T1,-2
34,4370851,젊음의광장사거리,학기,토요일,10,15.26,T3,08,10.33,T2,-2
34,4370851,젊음의광장사거리,학기,토요일,16,16.8,T3,18,12.69,T2,2
34,4370851,젊음의광장사거리,학기,토요일,17,18.48,T3,19,11.98,T2,2
34,4370851,젊음의광장사거리,학기,일요일·공휴일,12,13.71,T3,10,7.91,T1,-2
34,4370851,젊음의광장사거리,학기,일요일·공휴일,13,19.33,T3,11,11.37,T2,-2
34,4370851,젊음의광장사거리,학기,일요일·공휴일,18,19.85,T3,20,11.09,T2,2
34,4370851,젊음의광장사거리,학기,일요일·공휴일,19,15.35,T3,20,11.09,T2,1
34,4370851,젊음의광장사거리,학기,일요일·공휴일,21,15.95,T3,20,11.09,T2,-1
34,4370851,젊음의광장사거리,시험,평일,09,14.32,T3,07,12.42,T2,-2
34,4370851,젊음의광장사거리,시험,토요일,11,20.19,T3,09,11.95,T2,-2
34,4370851,젊음의광장사거리,시험,토요일,16,15.61,T3,18,12.68,T2,2
34,4370851,젊음의광장사거리,계절학기,평일,10,13.66,T3,09,10.41,T2,-1
34,4370851,젊음의광장사거리,계절학기,평일,11,13.77,T3,09,10.41,T2,-2
34,4370851,젊음의광장사거리,계절학기,평일,17,23.7,T3,19,6.82,T1,2
34,4370851,젊음의광장사거리,계절학기,평일,18,14.94,T3,19,6.82,T1,1
34,4370851,젊음의광장사거리,계절학기,토요일,14,19.41,T3,16,11.0,T2,2
34,4370851,젊음의광장사거리,계절학기,토요일,15,19.96,T3,16,11.0,T2,1
34,4370851,젊음의광장사거리,계절학기,토요일,17,17.28,T3,18,10.79,T2,1
34,4370851,젊음의광장사거리,방학,평일,09,14.35,T3,07,9.55,T2,-2
34,4370851,젊음의광장사거리,방학,평일,11,15.78,T3,10,12.78,T2,-1
34,4370851,젊음의광장사거리,방학,평일,12,20.97,T3,10,12.78,T2,-2
34,4370851,젊음의광장사거리,방학,평일,17,26.0,T3,19,9.5,T2,2
34,4370851,젊음의광장사거리,방학,평일,18,23.67,T3,20,9.14,T2,2
34,4370851,젊음의광장사거리,방학,토요일,11,16.67,T3,10,10.37,T2,-1
34,4370851,젊음의광장사거리,방학,토요일,12,14.81,T3,10,10.37,T2,-2
34,4370851,젊음의광장사거리,방학,토요일,17,13.83,T3,19,8.04,T1,2
34,4370851,젊음의광장사거리,방학,토요일,18,14.09,T3,19,8.04,T1,1
34,4370851,젊음의광장사거리,방학,일요일·공휴일,13,15.46,T3,11,9.49,T2,-2
34,4370851,젊음의광장사거리,방학,일요일·공휴일,17,14.09,T3,19,7.75,T1,2
34,4370851,젊음의광장사거리,방학,일요일·공휴일,18,14.18,T3,19,7.75,T1,1
34,4370861,원주의료원,학기,평일,17,32.35,T3,19,9.34,T2,2
34,4370861,원주의료원,학기,평일,18,22.37,T3,19,9.34,T2,1
34,4370861,원주의료원,학기,토요일,08,15.29,T3,06,9.31,T2,-2
34,4370861,원주의료원,학기,토요일,09,18.01,T3,07,11.4,T2,-2
34,4370861,원주의료원,학기,토요일,16,16.31,T3,18,10.19,T2,2
34,4370861,원주의료원,학기,토요일,17,17.82,T3,19,9.7,T2,2
34,4370861,원주의료원,학기,일요일·공휴일,09,15.04,T3,08,7.29,T1,-1
34,4370861,원주의료원,학기,일요일·공휴일,10,14.45,T3,08,7.29,T1,-2
34,4370861,원주의료원,학기,일요일·공휴일,17,13.39,T3,19,9.39,T2,2
34,4370861,원주의료원,학기,일요일·공휴일,18,14.2,T3,19,9.39,T2,1
34,4370861,원주의료원,시험,평일,17,18.07,T3,19,10.14,T2,2
34,4370861,원주의료원,시험,평일,18,22.57,T3,20,7.84,T1,2
34,4370861,원주의료원,시험,토요일,10,18.49,T3,09,12.78,T2,-1
34,4370861,원주의료원,시험,토요일,16,15.28,T3,17,12.43,T2,1
34,4370861,원주의료원,시험,일요일·공휴일,09,19.93,T3,07,6.97,T1,-2
34,4370861,원주의료원,시험,일요일·공휴일,10,15.42,T3,08,9.54,T2,-2
34,4370861,원주의료원,시험,일요일·공휴일,12,18.15,T3,14,12.85,T2,2
34,4370861,원주의료원,시험,일요일·공휴일,15,14.76,T3,14,12.85,T2,-1
34,4370861,원주의료원,시험,일요일·공휴일,19,13.38,T3,21,10.29,T2,2
34,4370861,원주의료원,계절학기,평일,17,21.98,T3,19,6.79,T1,2
34,4370861,원주의료원,계절학기,평일,18,14.76,T3,19,6.79,T1,1
34,4370861,원주의료원,계절학기,토요일,10,14.83,T3,08,8.6,T1,-2
34,4370861,원주의료원,계절학기,토요일,11,19.39,T3,12,11.57,T2,1
34,4370861,원주의료원,계절학기,토요일,14,21.13,T3,16,10.67,T2,2
34,4370861,원주의료원,계절학기,토요일,15,22.45,T3,16,10.67,T2,1
34,4370861,원주의료원,계절학기,토요일,17,14.53,T3,19,6.42,T1,2
34,4370861,원주의료원,계절학기,일요일·공휴일,11,14.35,T3,09,9.03,T1,-2
34,4370861,원주의료원,계절학기,일요일·공휴일,12,18.52,T3,14,9.04,T2,2
34,4370861,원주의료원,계절학기,일요일·공휴일,15,14.73,T3,14,9.04,T2,-1
34,4370861,원주의료원,방학,평일,07,14.32,T3,06,8.98,T1,-1
34,4370861,원주의료원,방학,평일,08,29.11,T3,06,8.98,T1,-2
34,4370861,원주의료원,방학,평일,17,17.31,T3,19,8.63,T1,2
34,4370861,원주의료원,방학,평일,18,14.86,T3,20,8.01,T1,2
34,4370861,원주의료원,방학,토요일,09,15.35,T3,07,7.13,T1,-2
34,4370861,원주의료원,방학,토요일,10,19.39,T3,08,10.36,T2,-2
34,4370861,원주의료원,방학,토요일,13,13.38,T3,15,11.24,T2,2
34,4370861,원주의료원,방학,토요일,14,16.62,T3,15,11.24,T2,1
34,4370861,원주의료원,방학,토요일,16,14.13,T3,15,11.24,T2,-1
34,4370861,원주의료원,방학,토요일,17,14.31,T3,19,6.91,T1,2
34,4370861,원주의료원,방학,일요일·공휴일,10,15.17,T3,08,9.72,T2,-2
34,4370861,원주의료원,방학,일요일·공휴일,11,18.85,T3,09,12.78,T2,-2
34,4370861,원주의료원,방학,일요일·공휴일,13,17.09,T3,15,12.44,T2,2
34,4370861,원주의료원,방학,일요일·공휴일,14,17.67,T3,15,12.44,T2,1
34,4370871,단구2차아파트,학기,평일,08,16.89,T3,06,8.36,T1,-2
34,4370871,단구2차아파트,학기,평일,09,20.82,T3,07,11.18,T2,-2
34,4370871,단구2차아파트,학기,토요일,10,17.75,T3,09,10.81,T2,-1
34,4370871,단구2차아파트,학기,토요일,11,16.41,T3,09,10.81,T2,-2
34,4370871,단구2차아파트,학기,토요일,16,16.75,T3,18,11.83,T2,2
34,4370871,단구2차아파트,학기,토요일,17,16.05,T3,19,9.98,T2,2
34,4370871,단구2차아파트,학기,일요일·공휴일,13,15.11,T3,11,9.08,T2,-2
34,4370871,단구2차아파트,학기,일요일·공휴일,14,14.21,T3,12,10.59,T2,-2
34,4370871,단구2차아파트,시험,평일,17,16.79,T3,19,11.85,T2,2
34,4370871,단구2차아파트,시험,평일,18,19.19,T3,19,11.85,T2,1
34,4370871,단구2차아파트,시험,평일,21,16.76,T3,19,11.85,T2,-2
34,4370871,단구2차아파트,시험,토요일,11,20.19,T3,09,11.95,T2,-2
34,4370871,단구2차아파트,시험,토요일,13,16.12,T3,15,12.69,T2,2
34,4370871,단구2차아파트,시험,토요일,17,14.26,T3,19,9.83,T2,2
34,4370871,단구2차아파트,시험,일요일·공휴일,09,16.27,T3,10,11.25,T2,1
34,4370871,단구2차아파트,시험,일요일·공휴일,11,14.01,T3,10,11.25,T2,-1
34,4370871,단구2차아파트,시험,일요일·공휴일,12,14.82,T3,10,11.25,T2,-2
34,4370871,단구2차아파트,시험,일요일·공휴일,18,14.24,T3,20,11.82,T2,2
34,4370871,단구2차아파트,계절학기,평일,11,13.63,T3,09,11.47,T2,-2
34,4370871,단구2차아파트,계절학기,평일,12,20.37,T3,10,11.86,T2,-2
34,4370871,단구2차아파트,계절학기,평일,17,23.69,T3,19,8.7,T1,2
34,4370871,단구2차아파트,계절학기,평일,18,17.03,T3,20,8.3,T1,2
34,4370871,단구2차아파트,계절학기,토요일,11,14.89,T3,12,11.42,T2,1
34,4370871,단구2차아파트,계절학기,토요일,13,15.44,T3,12,11.42,T2,-1
34,4370871,단구2차아파트,계절학기,토요일,14,17.98,T3,16,11.29,T2,2
34,4370871,단구2차아파트,계절학기,토요일,15,17.28,T3,16,11.29,T2,1
34,4370871,단구2차아파트,계절학기,토요일,17,16.53,T3,16,11.29,T2,-1
34,4370871,단구2차아파트,계절학기,일요일·공휴일,15,14.02,T3,14,7.88,T1,-1
34,4370871,단구2차아파트,방학,평일,09,14.37,T3,07,6.02,T1,-2
34,4370871,단구2차아파트,방학,평일,10,14.82,T3,08,10.67,T2,-2
34,4370871,단구2차아파트,방학,평일,17,18.68,T3,19,10.59,T2,2
34,4370871,단구2차아파트,방학,평일,18,21.2,T3,19,10.59,T2,1
34,4370871,단구2차아파트,방학,토요일,11,18.33,T3,09,11.29,T2,-2
34,4370871,단구2차아파트,방학,토요일,12,15.97,T3,10,11.74,T2,-2
34,4370871,단구2차아파트,방학,토요일,13,14.23,T3,15,11.67,T2,2
34,4370871,단구2차아파트,방학,토요일,14,13.73,T3,16,11.56,T2,2
34,4370871,단구2차아파트,방학,일요일·공휴일,19,13.84,T3,20,6.59,T1,1
34,4370881,원주시시설관리공단,학기,평일,08,16.32,T3,06,9.7,T2,-2
34,4370881,원주시시설관리공단,학기,평일,09,21.2,T3,07,11.65,T2,-2
34,4370881,원주시시설관리공단,학기,토요일,10,15.22,T3,08,10.67,T2,-2
34,4370881,원주시시설관리공단,학기,토요일,11,14.63,T3,09,11.51,T2,-2
34,4370881,원주시시설관리공단,학기,토요일,15,13.83,T3,14,12.13,T2,-1
34,4370881,원주시시설관리공단,학기,토요일,17,14.92,T3,19,9.61,T2,2
34,4370881,원주시시설관리공단,학기,일요일·공휴일,14,13.69,T3,12,11.25,T2,-2
34,4370881,원주시시설관리공단,학기,일요일·공휴일,15,14.64,T3,13,13.19,T2,-2
34,4370881,원주시시설관리공단,시험,평일,08,16.09,T3,07,11.69,T2,-1
34,4370881,원주시시설관리공단,시험,평일,09,15.43,T3,07,11.69,T2,-2
34,4370881,원주시시설관리공단,시험,평일,17,17.35,T3,19,10.99,T2,2
34,4370881,원주시시설관리공단,시험,평일,18,16.77,T3,19,10.99,T2,1
34,4370881,원주시시설관리공단,시험,평일,21,13.7,T3,19,10.99,T2,-2
34,4370881,원주시시설관리공단,시험,토요일,13,16.54,T3,15,12.03,T2,2
34,4370881,원주시시설관리공단,시험,토요일,17,14.26,T3,19,9.0,T1,2
34,4370881,원주시시설관리공단,시험,일요일·공휴일,13,13.39,T3,14,10.35,T2,1
34,4370881,원주시시설관리공단,시험,일요일·공휴일,15,13.92,T3,16,9.23,T2,1
34,4370881,원주시시설관리공단,시험,일요일·공휴일,17,13.98,T3,16,9.23,T2,-1
34,4370881,원주시시설관리공단,시험,일요일·공휴일,18,13.74,T3,16,9.23,T2,-2
34,4370881,원주시시설관리공단,시험,일요일·공휴일,21,13.62,T3,20,11.49,T2,-1
34,4370881,원주시시설관리공단,계절학기,평일,08,14.31,T3,07,10.85,T2,-1
34,4370881,원주시시설관리공단,계절학기,평일,10,14.33,T3,09,11.9,T2,-1
34,4370881,원주시시설관리공단,계절학기,평일,11,14.77,T3,09,11.9,T2,-2
34,4370881,원주시시설관리공단,계절학기,평일,12,18.54,T3,14,12.4,T2,2
34,4370881,원주시시설관리공단,계절학기,평일,13,17.59,T3,14,12.4,T2,1
34,4370881,원주시시설관리공단,계절학기,평일,15,14.05,T3,14,12.4,T2,-1
34,4370881,원주시시설관리공단,계절학기,평일,16,17.62,T3,14,12.4,T2,-2
34,4370881,원주시시설관리공단,계절학기,평일,17,21.41,T3,19,7.21,T1,2
34,4370881,원주시시설관리공단,계절학기,평일,18,14.75,T3,19,7.21,T1,1
34,4370881,원주시시설관리공단,계절학기,토요일,11,14.62,T3,12,12.5,T2,1
34,4370881,원주시시설관리공단,계절학기,토요일,13,14.92,T3,12,12.5,T2,-1
34,4370881,원주시시설관리공단,계절학기,토요일,14,19.81,T3,16,10.5,T2,2
34,4370881,원주시시설관리공단,계절학기,토요일,15,17.37,T3,16,10.5,T2,1
34,4370881,원주시시설관리공단,계절학기,토요일,17,16.1,T3,16,10.5,T2,-1
34,4370881,원주시시설관리공단,계절학기,일요일·공휴일,15,13.52,T3,14,7.21,T1,-1
34,4370881,원주시시설관리공단,방학,평일,11,13.92,T3,10,12.4,T2,-1
34,4370881,원주시시설관리공단,방학,평일,12,15.98,T3,10,12.4,T2,-2
34,4370881,원주시시설관리공단,방학,평일,17,18.24,T3,19,8.97,T1,2
34,4370881,원주시시설관리공단,방학,평일,18,19.48,T3,20,7.93,T1,2
34,4370881,원주시시설관리공단,방학,토요일,11,16.98,T3,09,11.67,T2,-2
34,4370881,원주시시설관리공단,방학,토요일,12,14.52,T3,10,12.56,T2,-2
34,4370881,원주시시설관리공단,방학,토요일,13,15.23,T3,15,12.34,T2,2
34,4370881,원주시시설관리공단,방학,일요일·공휴일,14,13.92,T3,12,9.12,T2,-2
34,4371111,성지병원,학기,평일,08,21.5,T3,06,12.04,T2,-2
34,4371111,성지병원,학기,평일,09,19.28,T3,07,12.89,T2,-2
34,4371111,성지병원,학기,평일,17,30.26,T3,19,7.32,T1,2
34,4371111,성지병원,학기,평일,18,28.38,T3,19,7.32,T1,1
34,4371111,성지병원,학기,평일,21,14.8,T3,19,7.32,T1,-2
34,4371111,성지병원,학기,토요일,08,17.09,T3,06,10.97,T2,-2
34,4371111,성지병원,학기,토요일,09,21.26,T3,07,11.2,T2,-2
34,4371111,성지병원,학기,토요일,16,17.68,T3,18,11.19,T2,2
34,4371111,성지병원,학기,토요일,17,18.33,T3,18,11.19,T2,1
34,4371111,성지병원,학기,일요일·공휴일,11,14.83,T3,09,11.83,T2,-2
34,4371111,성지병원,학기,일요일·공휴일,12,18.68,T3,10,12.28,T2,-2
34,4371111,성지병원,학기,일요일·공휴일,16,16.13,T3,18,11.11,T2,2
34,4371111,성지병원,학기,일요일·공휴일,17,15.06,T3,18,11.11,T2,1
34,4371111,성지병원,학기,일요일·공휴일,19,13.63,T3,20,9.65,T2,1
34,4371111,성지병원,시험,평일,08,17.79,T3,07,12.42,T2,-1
34,4371111,성지병원,시험,평일,09,15.86,T3,07,12.42,T2,-2
34,4371111,성지병원,시험,평일,17,17.35,T3,19,9.99,T2,2
34,4371111,성지병원,시험,평일,18,23.46,T3,20,6.07,T1,2
34,4371111,성지병원,시험,토요일,15,13.19,T3,17,12.76,T2,2
34,4371111,성지병원,시험,토요일,16,15.61,T3,17,12.76,T2,1
34,4371111,성지병원,시험,토요일,18,13.68,T3,19,9.58,T2,1
34,4371111,성지병원,계절학기,평일,08,16.47,T3,06,10.48,T2,-2
34,4371111,성지병원,계절학기,평일,17,25.43,T3,19,5.79,T1,2
34,4371111,성지병원,계절학기,평일,18,19.53,T3,19,5.79,T1,1
34,4371111,성지병원,계절학기,토요일,14,18.31,T3,16,12.71,T2,2
34,4371111,성지병원,계절학기,토요일,15,22.1,T3,16,12.71,T2,1
34,4371111,성지병원,계절학기,토요일,17,15.39,T3,19,5.67,T1,2
34,4371111,성지병원,계절학기,일요일·공휴일,11,16.54,T3,10,11.54,T2,-1
34,4371111,성지병원,계절학기,일요일·공휴일,12,20.38,T3,14,10.61,T2,2
34,4371111,성지병원,계절학기,일요일·공휴일,13,14.31,T3,14,10.61,T2,1
34,4371111,성지병원,방학,평일,08,31.17,T3,06,7.56,T1,-2
34,4371111,성지병원,방학,평일,09,27.74,T3,07,10.27,T2,-2
34,4371111,성지병원,방학,평일,17,19.25,T3,19,8.97,T1,2
34,4371111,성지병원,방학,평일,18,15.59,T3,20,8.52,T1,2
34,4371111,성지병원,방학,토요일,09,14.15,T3,08,9.08,T2,-1
34,4371111,성지병원,방학,토요일,10,21.27,T3,08,9.08,T2,-2
34,4371111,성지병원,방학,토요일,16,14.59,T3,18,12.12,T2,2
34,4371111,성지병원,방학,토요일,17,13.68,T3,19,6.61,T1,2
34,4371111,성지병원,방학,일요일·공휴일,10,16.02,T3,08,7.95,T1,-2
34,4371111,성지병원,방학,일요일·공휴일,11,16.19,T3,09,11.4,T2,-2
34,4371111,성지병원,방학,일요일·공휴일,15,13.61,T3,17,13.19,T2,2
34,4371111,성지병원,방학,일요일·공휴일,16,13.59,T3,18,12.39,T2,2
34,4371181,SK텔레콤원주지점,학기,평일,15,14.54,T3,14,11.29,T2,-1
34,4371181,SK텔레콤원주지점,학기,평일,16,17.29,T3,14,11.29,T2,-2
34,4371181,SK텔레콤원주지점,학기,평일,17,18.27,T3,19,10.93,T2,2
34,4371181,SK텔레콤원주지점,학기,평일,18,21.34,T3,20,8.28,T1,2
34,4371181,SK텔레콤원주지점,학기,토요일,11,16.2,T3,09,9.41,T2,-2
34,4371181,SK텔레콤원주지점,학기,토요일,14,14.28,T3,16,10.37,T2,2
34,4371181,SK텔레콤원주지점,학기,토요일,15,15.85,T3,16,10.37,T2,1
34,4371181,SK텔레콤원주지점,학기,토요일,18,13.81,T3,16,10.37,T2,-2
34,4371181,SK텔레콤원주지점,학기,일요일·공휴일,16,18.23,T3,14,10.26,T2,-2
34,4371181,SK텔레콤원주지점,학기,일요일·공휴일,18,13.29,T3,17,10.61,T2,-1
34,4371181,SK텔레콤원주지점,시험,평일,08,13.52,T3,07,11.25,T2,-1
34,4371181,SK텔레콤원주지점,시험,평일,11,15.72,T3,09,11.29,T2,-2
34,4371181,SK텔레콤원주지점,시험,평일,12,13.45,T3,10,12.65,T2,-2
34,4371181,SK텔레콤원주지점,시험,평일,14,15.04,T3,13,13.19,T2,-1
34,4371181,SK텔레콤원주지점,시험,평일,15,17.78,T3,13,13.19,T2,-2
34,4371181,SK텔레콤원주지점,시험,평일,17,16.16,T3,19,11.2,T2,2
34,4371181,SK텔레콤원주지점,시험,평일,18,20.97,T3,20,7.19,T1,2
34,4371181,SK텔레콤원주지점,시험,토요일,10,14.33,T3,08,11.04,T2,-2
34,4371181,SK텔레콤원주지점,시험,토요일,15,13.69,T3,17,10.93,T2,2
34,4371181,SK텔레콤원주지점,시험,토요일,16,15.28,T3,17,10.93,T2,1
34,4371181,SK텔레콤원주지점,시험,토요일,20,13.77,T3,19,9.33,T2,-1
34,4371181,SK텔레콤원주지점,시험,일요일·공휴일,12,15.98,T3,14,10.35,T2,2
34,4371181,SK텔레콤원주지점,시험,일요일·공휴일,13,13.81,T3,14,10.35,T2,1
34,4371181,SK텔레콤원주지점,시험,일요일·공휴일,19,15.72,T3,17,12.48,T2,-2
34,4371181,SK텔레콤원주지점,계절학기,평일,12,17.01,T3,11,10.39,T2,-1
34,4371181,SK텔레콤원주지점,계절학기,평일,13,16.21,T3,11,10.39,T2,-2
34,4371181,SK텔레콤원주지점,계절학기,평일,15,18.18,T3,14,11.62,T2,-1
34,4371181,SK텔레콤원주지점,계절학기,평일,16,20.34,T3,14,11.62,T2,-2
34,4371181,SK텔레콤원주지점,계절학기,평일,17,18.51,T3,19,8.94,T1,2
34,4371181,SK텔레콤원주지점,계절학기,평일,18,16.83,T3,20,7.67,T1,2
34,4371181,SK텔레콤원주지점,계절학기,토요일,11,14.34,T3,09,6.05,T1,-2
34,4371181,SK텔레콤원주지점,계절학기,토요일,14,16.34,T3,16,11.43,T2,2
34,4371181,SK텔레콤원주지점,계절학기,토요일,15,20.53,T3,16,11.43,T2,1
34,4371181,SK텔레콤원주지점,계절학기,토요일,17,15.74,T3,19,6.08,T1,2
34,4371181,SK텔레콤원주지점,계절학기,일요일·공휴일,15,14.39,T3,13,8.4,T1,-2
34,4371181,SK텔레콤원주지점,방학,평일,12,17.09,T3,10,10.3,T2,-2
34,4371181,SK텔레콤원주지점,방학,평일,13,14.49,T3,11,11.15,T2,-2
34,4371181,SK텔레콤원주지점,방학,평일,17,17.58,T3,19,8.78,T1,2
34,4371181,SK텔레콤원주지점,방학,평일,18,14.52,T3,20,8.01,T1,2
34,4371181,SK텔레콤원주지점,방학,토요일,11,13.79,T3,09,9.6,T2,-2
34,4371181,SK텔레콤원주지점,방학,토요일,12,14.12,T3,14,11.46,T2,2
34,4371181,SK텔레콤원주지점,방학,토요일,15,16.07,T3,16,10.02,T2,1
34,4371181,SK텔레콤원주지점,방학,일요일·공휴일,16,14.36,T3,15,11.02,T2,-1
34,4371181,SK텔레콤원주지점,방학,일요일·공휴일,17,13.24,T3,19,9.5,T2,2
34,4371181,SK텔레콤원주지점,방학,일요일·공휴일,20,13.54,T3,21,6.21,T1,1
34,4371191,금불사거리,학기,평일,08,18.31,T3,06,9.16,T2,-2
34,4371191,금불사거리,학기,평일,09,18.41,T3,07,9.19,T2,-2
34,4371191,금불사거리,학기,평일,16,16.95,T3,18,10.48,T2,2
34,4371191,금불사거리,학기,평일,17,13.52,T3,19,6.8,T1,2
34,4371191,금불사거리,학기,토요일,09,14.32,T3,07,7.8,T1,-2
34,4371191,금불사거리,학기,토요일,10,14.99,T3,08,13.0,T2,-2
34,4371191,금불사거리,학기,토요일,13,14.43,T3,15,12.83,T2,2
34,4371191,금불사거리,학기,토요일,14,14.66,T3,16,12.36,T2,2
34,4371191,금불사거리,학기,일요일·공휴일,13,14.31,T3,11,10.64,T2,-2
34,4371191,금불사거리,학기,일요일·공휴일,15,13.58,T3,17,8.39,T1,2
34,4371191,금불사거리,시험,평일,08,16.62,T3,06,12.7,T2,-2
34,4371191,금불사거리,시험,평일,09,18.77,T3,07,13.07,T2,-2
34,4371191,금불사거리,시험,평일,17,15.18,T3,19,8.61,T1,2
34,4371191,금불사거리,시험,평일,18,14.52,T3,20,8.17,T1,2
34,4371191,금불사거리,시험,토요일,10,16.66,T3,09,12.28,T2,-1
34,4371191,금불사거리,시험,토요일,11,16.85,T3,09,12.28,T2,-2
34,4371191,금불사거리,시험,토요일,13,13.2,T3,15,11.69,T2,2
34,4371191,금불사거리,시험,일요일·공휴일,11,14.34,T3,13,11.89,T2,2
34,4371191,금불사거리,시험,일요일·공휴일,14,13.68,T3,16,9.9,T2,2
34,4371191,금불사거리,계절학기,평일,08,15.98,T3,07,9.97,T2,-1
34,4371191,금불사거리,계절학기,평일,09,16.01,T3,07,9.97,T2,-2
34,4371191,금불사거리,계절학기,평일,10,15.14,T3,11,11.62,T2,1
34,4371191,금불사거리,계절학기,평일,12,16.4,T3,11,11.62,T2,-1
34,4371191,금불사거리,계절학기,평일,13,19.35,T3,11,11.62,T2,-2
34,4371191,금불사거리,계절학기,평일,16,15.03,T3,18,11.71,T2,2
34,4371191,금불사거리,계절학기,평일,17,15.72,T3,19,8.04,T1,2
34,4371191,금불사거리,계절학기,토요일,11,16.34,T3,09,7.89,T1,-2
34,4371191,금불사거리,계절학기,토요일,12,15.64,T3,10,12.11,T2,-2
34,4371191,금불사거리,계절학기,토요일,14,18.77,T3,16,11.0,T2,2
34,4371191,금불사거리,계절학기,토요일,15,16.1,T3,16,11.0,T2,1
34,4371191,금불사거리,계절학기,일요일·공휴일,15,13.39,T3,16,10.0,T2,1
34,4371191,금불사거리,방학,평일,08,16.29,T3,06,6.3,T1,-2
34,4371191,금불사거리,방학,평일,09,16.46,T3,07,9.82,T2,-2
34,4371191,금불사거리,방학,평일,13,19.96,T3,15,11.96,T2,2
34,4371191,금불사거리,방학,평일,14,16.02,T3,15,11.96,T2,1
34,4371191,금불사거리,방학,평일,17,14.08,T3,19,8.71,T1,2
34,4371191,금불사거리,방학,토요일,09,13.5,T3,08,8.44,T1,-1
34,4371191,금불사거리,방학,토요일,11,22.12,T3,13,10.66,T2,2
34,4371191,금불사거리,방학,토요일,12,14.17,T3,13,10.66,T2,1
34,4371191,금불사거리,방학,토요일,14,14.96,T3,15,10.08,T2,1
34,4371191,금불사거리,방학,일요일·공휴일,12,14.48,T3,10,9.7,T2,-2
34,4371191,금불사거리,방학,일요일·공휴일,13,14.86,T3,15,10.66,T2,2
34,4371191,금불사거리,방학,일요일·공휴일,14,16.17,T3,16,8.15,T1,2
34,4371201,단계삼익아파트,학기,평일,15,13.6,T3,14,10.72,T2,-1
34,4371201,단계삼익아파트,학기,평일,16,16.74,T3,14,10.72,T2,-2
34,4371201,단계삼익아파트,학기,평일,17,15.84,T3,19,10.24,T2,2
34,4371201,단계삼익아파트,학기,평일,18,17.72,T3,20,7.96,T1,2
34,4371201,단계삼익아파트,학기,토요일,10,14.26,T3,08,11.5,T2,-2
34,4371201,단계삼익아파트,학기,토요일,11,14.35,T3,13,11.76,T2,2
34,4371201,단계삼익아파트,학기,토요일,12,13.22,T3,13,11.76,T2,1
34,4371201,단계삼익아파트,학기,토요일,14,13.63,T3,16,11.06,T2,2
34,4371201,단계삼익아파트,학기,토요일,18,13.64,T3,20,6.98,T1,2
34,4371201,단계삼익아파트,학기,일요일·공휴일,16,18.13,T3,14,10.54,T2,-2
34,4371201,단계삼익아파트,학기,일요일·공휴일,18,15.29,T3,17,10.98,T2,-1
34,4371201,단계삼익아파트,시험,평일,10,14.1,T3,09,9.88,T2,-1
34,4371201,단계삼익아파트,시험,평일,11,16.35,T3,09,9.88,T2,-2
34,4371201,단계삼익아파트,시험,평일,12,15.01,T3,14,12.22,T2,2
34,4371201,단계삼익아파트,시험,평일,15,16.28,T3,14,12.22,T2,-1
34,4371201,단계삼익아파트,시험,평일,16,16.0,T3,14,12.22,T2,-2
34,4371201,단계삼익아파트,시험,평일,17,14.14,T3,19,11.71,T2,2
34,4371201,단계삼익아파트,시험,평일,18,17.86,T3,20,7.5,T1,2
34,4371201,단계삼익아파트,시험,일요일·공휴일,12,15.15,T3,11,13.18,T2,-1
34,4371201,단계삼익아파트,시험,일요일·공휴일,13,14.56,T3,11,13.18,T2,-2
34,4371201,단계삼익아파트,계절학기,평일,12,14.02,T3,10,10.36,T2,-2
34,4371201,단계삼익아파트,계절학기,평일,13,13.81,T3,14,11.81,T2,1
34,4371201,단계삼익아파트,계절학기,평일,15,16.57,T3,14,11.81,T2,-1
34,4371201,단계삼익아파트,계절학기,평일,16,18.85,T3,14,11.81,T2,-2
34,4371201,단계삼익아파트,계절학기,평일,17,19.74,T3,19,7.49,T1,2
34,4371201,단계삼익아파트,계절학기,평일,18,13.6,T3,20,7.48,T1,2
34,4371201,단계삼익아파트,계절학기,토요일,11,16.06,T3,12,12.71,T2,1
34,4371201,단계삼익아파트,계절학기,토요일,15,19.46,T3,16,10.86,T2,1
34,4371201,단계삼익아파트,계절학기,토요일,17,17.28,T3,19,7.59,T1,2
34,4371201,단계삼익아파트,계절학기,일요일·공휴일,15,16.18,T3,14,8.29,T1,-1
34,4371201,단계삼익아파트,방학,평일,08,13.4,T3,09,8.84,T1,1
34,4371201,단계삼익아파트,방학,평일,12,16.75,T3,10,10.18,T2,-2
34,4371201,단계삼익아파트,방학,평일,15,16.87,T3,13,11.02,T2,-2
34,4371201,단계삼익아파트,방학,평일,16,15.3,T3,14,12.27,T2,-2
34,4371201,단계삼익아파트,방학,평일,17,15.75,T3,19,9.31,T2,2
34,4371201,단계삼익아파트,방학,평일,18,13.62,T3,20,8.93,T1,2
34,4371201,단계삼익아파트,방학,토요일,10,13.24,T3,08,8.28,T1,-2
34,4371201,단계삼익아파트,방학,토요일,11,15.76,T3,13,12.87,T2,2
34,4371201,단계삼익아파트,방학,토요일,12,14.71,T3,14,12.01,T2,2
34,4371201,단계삼익아파트,방학,토요일,15,16.81,T3,17,11.48,T2,2
34,4371741,e편한세상아파트,학기,평일,08,18.5,T3,06,7.85,T1,-2
34,4371741,e편한세상아파트,학기,평일,09,20.8,T3,07,12.48,T2,-2
34,4371741,e편한세상아파트,학기,평일,16,21.39,T3,18,12.63,T2,2
34,4371741,e편한세상아파트,학기,평일,17,14.61,T3,19,7.01,T1,2
34,4371741,e편한세상아파트,학기,토요일,09,16.7,T3,07,11.37,T2,-2
34,4371741,e편한세상아파트,학기,토요일,10,16.89,T3,08,13.15,T2,-2
34,4371741,e편한세상아파트,학기,토요일,13,14.33,T3,15,11.37,T2,2
34,4371741,e편한세상아파트,학기,토요일,14,15.12,T3,15,11.37,T2,1
34,4371741,e편한세상아파트,학기,토요일,16,13.36,T3,18,7.76,T1,2
34,4371741,e편한세상아파트,학기,일요일·공휴일,13,14.22,T3,11,8.79,T1,-2
34,4371741,e편한세상아파트,시험,평일,07,13.35,T3,06,12.65,T2,-1
34,4371741,e편한세상아파트,시험,평일,08,17.29,T3,06,12.65,T2,-2
34,4371741,e편한세상아파트,시험,평일,17,17.06,T3,19,10.21,T2,2
34,4371741,e편한세상아파트,시험,평일,18,13.97,T3,20,7.42,T1,2
34,4371741,e편한세상아파트,시험,토요일,13,13.54,T3,15,12.69,T2,2
34,4371741,e편한세상아파트,시험,토요일,14,13.23,T3,15,12.69,T2,1
34,4371741,e편한세상아파트,시험,일요일·공휴일,11,14.68,T3,10,11.84,T2,-1
34,4371741,e편한세상아파트,시험,일요일·공휴일,14,13.35,T3,16,10.73,T2,2
34,4371741,e편한세상아파트,시험,일요일·공휴일,15,13.26,T3,16,10.73,T2,1
34,4371741,e편한세상아파트,계절학기,평일,08,15.18,T3,06,9.98,T2,-2
34,4371741,e편한세상아파트,계절학기,평일,09,19.17,T3,11,12.07,T2,2
34,4371741,e편한세상아파트,계절학기,평일,10,13.34,T3,11,12.07,T2,1
34,4371741,e편한세상아파트,계절학기,평일,12,17.08,T3,11,12.07,T2,-1
34,4371741,e편한세상아파트,계절학기,평일,13,19.6,T3,11,12.07,T2,-2
34,4371741,e편한세상아파트,계절학기,평일,16,16.22,T3,18,10.6,T2,2
34,4371741,e편한세상아파트,계절학기,평일,17,15.87,T3,19,9.21,T2,2
34,4371741,e편한세상아파트,계절학기,토요일,11,16.91,T3,09,8.22,T1,-2
34,4371741,e편한세상아파트,계절학기,토요일,12,14.71,T3,10,13.11,T2,-2
34,4371741,e편한세상아파트,계절학기,토요일,14,19.48,T3,16,11.29,T2,2
34,4371741,e편한세상아파트,계절학기,토요일,15,16.78,T3,16,11.29,T2,1
34,4371741,e편한세상아파트,계절학기,토요일,17,13.28,T3,19,4.92,T1,2
34,4371741,e편한세상아파트,계절학기,일요일·공휴일,12,13.24,T3,10,8.2,T1,-2
34,4371741,e편한세상아파트,계절학기,일요일·공휴일,15,14.35,T3,13,9.23,T2,-2
34,4371741,e편한세상아파트,방학,평일,08,18.42,T3,06,8.82,T1,-2
34,4371741,e편한세상아파트,방학,평일,09,17.63,T3,07,12.98,T2,-2
34,4371741,e편한세상아파트,방학,평일,13,20.99,T3,15,12.57,T2,2
34,4371741,e편한세상아파트,방학,평일,14,17.5,T3,16,12.34,T2,2
34,4371741,e편한세상아파트,방학,평일,17,14.0,T3,19,8.06,T1,2
34,4371741,e편한세상아파트,방학,토요일,09,14.4,T3,07,8.78,T1,-2
34,4371741,e편한세상아파트,방학,토요일,11,22.94,T3,13,11.26,T2,2
34,4371741,e편한세상아파트,방학,토요일,12,14.47,T3,13,11.26,T2,1
34,4371741,e편한세상아파트,방학,토요일,14,17.37,T3,15,10.47,T2,1
34,4371741,e편한세상아파트,방학,일요일·공휴일,11,14.9,T3,10,10.76,T2,-1
34,4371741,e편한세상아파트,방학,일요일·공휴일,12,14.62,T3,10,10.76,T2,-2
34,4371741,e편한세상아파트,방학,일요일·공휴일,13,15.68,T3,15,12.21,T2,2
34,4371741,e편한세상아파트,방학,일요일·공휴일,14,16.86,T3,16,7.92,T1,2
34,4371781,KBS방송국,학기,평일,07,13.62,T3,06,6.5,T1,-1
34,4371781,KBS방송국,학기,평일,08,14.92,T3,06,6.5,T1,-2
34,4371781,KBS방송국,학기,평일,17,26.23,T3,19,12.6,T2,2
34,4371781,KBS방송국,학기,평일,18,21.18,T3,20,12.37,T2,2
34,4371781,KBS방송국,학기,평일,21,19.32,T3,20,12.37,T2,-1
34,4371781,KBS방송국,학기,토요일,08,13.5,T3,07,5.62,T1,-1
34,4371781,KBS방송국,학기,토요일,09,16.65,T3,07,5.62,T1,-2
34,4371781,KBS방송국,학기,토요일,18,13.86,T3,20,11.28,T2,2
34,4371781,KBS방송국,학기,일요일·공휴일,12,15.79,T3,10,8.57,T1,-2
34,4371781,KBS방송국,학기,일요일·공휴일,13,19.57,T3,11,13.02,T2,-2
34,4371781,KBS방송국,시험,평일,08,16.58,T3,07,9.38,T2,-1
34,4371781,KBS방송국,시험,평일,09,14.34,T3,07,9.38,T2,-2
34,4371781,KBS방송국,시험,평일,18,19.75,T3,20,7.75,T1,2
34,4371781,KBS방송국,시험,평일,19,13.25,T3,20,7.75,T1,1
34,4371781,KBS방송국,시험,평일,21,16.01,T3,20,7.75,T1,-1
34,4371781,KBS방송국,시험,토요일,11,18.69,T3,09,12.78,T2,-2
34,4371781,KBS방송국,시험,토요일,16,14.03,T3,18,13.01,T2,2
34,4371781,KBS방송국,시험,일요일·공휴일,09,18.1,T3,10,11.59,T2,1
34,4371781,KBS방송국,시험,일요일·공휴일,11,16.34,T3,10,11.59,T2,-1
34,4371781,KBS방송국,시험,일요일·공휴일,12,16.65,T3,14,11.51,T2,2
34,4371781,KBS방송국,시험,일요일·공휴일,13,14.56,T3,14,11.51,T2,1
34,4371781,KBS방송국,시험,일요일·공휴일,15,15.42,T3,14,11.51,T2,-1
34,4371781,KBS방송국,시험,일요일·공휴일,18,14.91,T3,20,12.15,T2,2
34,4371781,KBS방송국,계절학기,평일,08,15.81,T3,07,11.66,T2,-1
34,4371781,KBS방송국,계절학기,평일,09,14.29,T3,07,11.66,T2,-2
34,4371781,KBS방송국,계절학기,평일,17,25.29,T3,19,7.49,T1,2
34,4371781,KBS방송국,계절학기,평일,18,18.03,T3,19,7.49,T1,1
34,4371781,KBS방송국,계절학기,토요일,11,15.14,T3,09,6.72,T1,-2
34,4371781,KBS방송국,계절학기,토요일,14,21.31,T3,12,13.0,T2,-2
34,4371781,KBS방송국,계절학기,토요일,16,13.67,T3,18,11.96,T2,2
34,4371781,KBS방송국,계절학기,토요일,17,15.78,T3,18,11.96,T2,1
34,4371781,KBS방송국,계절학기,일요일·공휴일,15,16.26,T3,14,8.75,T1,-1
34,4371781,KBS방송국,계절학기,일요일·공휴일,16,13.29,T3,18,7.53,T1,2
34,4371781,KBS방송국,방학,평일,08,15.27,T3,06,6.77,T1,-2
34,4371781,KBS방송국,방학,평일,09,17.84,T3,10,12.96,T2,1
34,4371781,KBS방송국,방학,평일,11,18.34,T3,10,12.96,T2,-1
34,4371781,KBS방송국,방학,평일,12,23.02,T3,10,12.96,T2,-2
34,4371781,KBS방송국,방학,평일,17,23.69,T3,19,9.25,T2,2
34,4371781,KBS방송국,방학,평일,18,23.95,T3,19,9.25,T2,1
34,4371781,KBS방송국,방학,토요일,11,18.18,T3,09,10.51,T2,-2
34,4371781,KBS방송국,방학,토요일,12,18.22,T3,10,12.56,T2,-2
34,4371781,KBS방송국,방학,토요일,16,15.32,T3,18,13.02,T2,2
34,4371781,KBS방송국,방학,토요일,17,14.3,T3,18,13.02,T2,1
34,4371781,KBS방송국,방학,일요일·공휴일,12,14.16,T3,10,9.76,T2,-2
34,4371781,KBS방송국,방학,일요일·공휴일,13,17.4,T3,11,11.99,T2,-2
34,4371781,KBS방송국,방학,일요일·공휴일,15,16.78,T3,17,12.52,T2,2
34,4371781,KBS방송국,방학,일요일·공휴일,16,15.81,T3,17,12.52,T2,1
34,4371781,KBS방송국,방학,일요일·공휴일,18,16.29,T3,20,7.68,T1,2
34,4371871,금불사거리,학기,평일,11,13.28,T3,09,6.28,T1,-2
34,4371871,금불사거리,학기,평일,15,15.94,T3,14,10.15,T2,-1
34,4371871,금불사거리,학기,평일,16,17.83,T3,14,10.15,T2,-2
34,4371871,금불사거리,학기,평일,17,16.4,T3,19,10.46,T2,2
34,4371871,금불사거리,학기,평일,18,19.28,T3,20,8.25,T1,2
34,4371871,금불사거리,학기,토요일,11,15.6,T3,10,12.35,T2,-1
34,4371871,금불사거리,학기,토요일,12,15.76,T3,10,12.35,T2,-2
34,4371871,금불사거리,학기,토요일,13,14.4,T3,15,13.06,T2,2
34,4371871,금불사거리,학기,토요일,14,14.09,T3,16,9.56,T2,2
34,4371871,금불사거리,학기,일요일·공휴일,15,15.39,T3,13,9.16,T2,-2
34,4371871,금불사거리,학기,일요일·공휴일,16,15.21,T3,17,9.76,T2,1
34,4371871,금불사거리,학기,일요일·공휴일,18,13.62,T3,17,9.76,T2,-1
34,4371871,금불사거리,학기,일요일·공휴일,20,13.36,T3,21,11.79,T2,1
34,4371871,금불사거리,시험,평일,11,15.68,T3,09,9.66,T2,-2
34,4371871,금불사거리,시험,평일,12,15.43,T3,10,12.98,T2,-2
34,4371871,금불사거리,시험,평일,14,14.5,T3,13,13.15,T2,-1
34,4371871,금불사거리,시험,평일,15,16.71,T3,13,13.15,T2,-2
34,4371871,금불사거리,시험,평일,17,15.94,T3,19,11.71,T2,2
34,4371871,금불사거리,시험,평일,18,19.78,T3,20,9.06,T2,2
34,4371871,금불사거리,시험,토요일,16,14.61,T3,18,12.68,T2,2
34,4371871,금불사거리,시험,일요일·공휴일,17,16.81,T3,18,12.41,T2,1
34,4371871,금불사거리,시험,일요일·공휴일,19,16.72,T3,20,9.15,T2,1
34,4371871,금불사거리,계절학기,평일,12,16.68,T3,14,10.6,T2,2
34,4371871,금불사거리,계절학기,평일,13,13.46,T3,14,10.6,T2,1
34,4371871,금불사거리,계절학기,평일,15,16.19,T3,14,10.6,T2,-1
34,4371871,금불사거리,계절학기,평일,16,18.95,T3,14,10.6,T2,-2
34,4371871,금불사거리,계절학기,평일,17,19.15,T3,19,7.99,T1,2
34,4371871,금불사거리,계절학기,평일,18,13.43,T3,20,7.63,T1,2
34,4371871,금불사거리,계절학기,토요일,14,15.34,T3,16,10.67,T2,2
34,4371871,금불사거리,계절학기,토요일,15,20.62,T3,16,10.67,T2,1
34,4371871,금불사거리,계절학기,일요일·공휴일,15,13.59,T3,17,8.83,T1,2
34,4371871,금불사거리,방학,평일,12,18.63,T3,13,11.84,T2,1
34,4371871,금불사거리,방학,평일,15,15.6,T3,13,11.84,T2,-2
34,4371871,금불사거리,방학,평일,16,18.94,T3,14,12.26,T2,-2
34,4371871,금불사거리,방학,평일,17,18.58,T3,19,8.91,T1,2
34,4371871,금불사거리,방학,토요일,11,16.39,T3,09,10.29,T2,-2
34,4371871,금불사거리,방학,토요일,12,13.33,T3,13,12.56,T2,1
34,4371871,금불사거리,방학,토요일,14,13.35,T3,16,10.03,T2,2
34,4371871,금불사거리,방학,일요일·공휴일,16,13.75,T3,17,10.36,T2,1
34,4371971,단계현진아파트,학기,평일,08,16.31,T3,06,8.23,T1,-2
34,4371971,단계현진아파트,학기,평일,09,18.63,T3,07,10.28,T2,-2
34,4371971,단계현진아파트,학기,평일,10,14.35,T3,11,12.23,T2,1
34,4371971,단계현진아파트,학기,평일,12,16.05,T3,11,12.23,T2,-1
34,4371971,단계현진아파트,학기,평일,13,16.98,T3,11,12.23,T2,-2
34,4371971,단계현진아파트,학기,평일,16,18.59,T3,18,12.23,T2,2
34,4371971,단계현진아파트,학기,평일,17,13.84,T3,19,8.44,T1,2
34,4371971,단계현진아파트,학기,토요일,09,15.71,T3,07,8.29,T1,-2
34,4371971,단계현진아파트,학기,토요일,10,15.98,T3,08,12.38,T2,-2
34,4371971,단계현진아파트,학기,토요일,13,15.66,T3,15,11.53,T2,2
34,4371971,단계현진아파트,학기,토요일,14,16.0,T3,15,11.53,T2,1
34,4371971,단계현진아파트,학기,토요일,16,13.92,T3,18,9.74,T2,2
34,4371971,단계현진아파트,학기,일요일·공휴일,15,13.28,T3,17,9.3,T2,2
34,4371971,단계현진아파트,시험,평일,08,16.7,T3,07,11.72,T2,-1
34,4371971,단계현진아파트,시험,평일,09,18.54,T3,07,11.72,T2,-2
34,4371971,단계현진아파트,시험,평일,17,15.68,T3,19,9.14,T2,2
34,4371971,단계현진아파트,시험,평일,18,15.71,T3,20,6.25,T1,2
34,4371971,단계현진아파트,시험,토요일,12,15.05,T3,14,12.9,T2,2
34,4371971,단계현진아파트,시험,토요일,13,13.54,T3,14,12.9,T2,1
34,4371971,단계현진아파트,시험,토요일,15,13.19,T3,14,12.9,T2,-1
34,4371971,단계현진아파트,시험,일요일·공휴일,12,14.82,T3,10,10.59,T2,-2
34,4371971,단계현진아파트,계절학기,평일,09,16.38,T3,08,12.14,T2,-1
34,4371971,단계현진아파트,계절학기,평일,10,15.53,T3,08,12.14,T2,-2
34,4371971,단계현진아파트,계절학기,평일,16,18.05,T3,18,12.92,T2,2
34,4371971,단계현진아파트,계절학기,평일,17,15.33,T3,19,7.91,T1,2
34,4371971,단계현진아파트,계절학기,토요일,11,14.56,T3,10,11.55,T2,-1
34,4371971,단계현진아파트,계절학기,토요일,12,15.42,T3,10,11.55,T2,-2
34,4371971,단계현진아파트,계절학기,일요일·공휴일,12,13.31,T3,10,8.87,T1,-2
34,4371971,단계현진아파트,방학,평일,08,14.18,T3,07,10.66,T2,-1
34,4371971,단계현진아파트,방학,평일,09,14.21,T3,07,10.66,T2,-2
34,4371971,단계현진아파트,방학,평일,13,15.82,T3,15,12.64,T2,2
34,4371971,단계현진아파트,방학,평일,14,16.23,T3,15,12.64,T2,1
34,4371971,단계현진아파트,방학,토요일,11,22.92,T3,10,10.3,T2,-1
34,4371971,단계현진아파트,방학,토요일,12,14.81,T3,10,10.3,T2,-2
34,4371971,단계현진아파트,방학,토요일,14,14.23,T3,15,11.53,T2,1
34,4371971,단계현진아파트,방학,일요일·공휴일,09,13.91,T3,07,6.72,T1,-2
34,4371971,단계현진아파트,방학,일요일·공휴일,11,13.91,T3,10,10.48,T2,-1
34,4371971,단계현진아파트,방학,일요일·공휴일,12,13.84,T3,10,10.48,T2,-2
34,4371971,단계현진아파트,방학,일요일·공휴일,14,13.37,T3,16,10.55,T2,2
34,4371981,옛합동청사,학기,평일,07,15.3,T3,06,9.5,T2,-1
34,4371981,옛합동청사,학기,평일,08,24.82,T3,06,9.5,T2,-2
34,4371981,옛합동청사,학기,평일,18,15.11,T3,20,9.55,T2,2
34,4371981,옛합동청사,학기,평일,19,13.69,T3,20,9.55,T2,1
34,4371981,옛합동청사,학기,평일,21,15.47,T3,20,9.55,T2,-1
34,4371981,옛합동청사,학기,토요일,08,17.33,T3,06,6.8,T1,-2
34,4371981,옛합동청사,학기,토요일,09,18.68,T3,07,9.07,T2,-2
34,4371981,옛합동청사,학기,토요일,14,17.0,T3,16,11.64,T2,2
34,4371981,옛합동청사,학기,토요일,15,20.87,T3,16,11.64,T2,1
34,4371981,옛합동청사,학기,일요일·공휴일,12,15.35,T3,10,9.79,T2,-2
34,4371981,옛합동청사,학기,일요일·공휴일,17,15.38,T3,19,11.68,T2,2
34,4371981,옛합동청사,학기,일요일·공휴일,18,23.0,T3,19,11.68,T2,1
34,4371981,옛합동청사,학기,일요일·공휴일,21,20.58,T3,19,11.68,T2,-2
34,4371981,옛합동청사,시험,평일,07,14.19,T3,06,12.03,T2,-1
34,4371981,옛합동청사,시험,평일,08,17.77,T3,06,12.03,T2,-2
34,4371981,옛합동청사,시험,평일,17,17.24,T3,19,11.06,T2,2
34,4371981,옛합동청사,시험,평일,18,17.89,T3,19,11.06,T2,1
34,4371981,옛합동청사,시험,토요일,10,16.66,T3,08,11.88,T2,-2
34,4371981,옛합동청사,계절학기,평일,17,16.94,T3,19,8.43,T1,2
34,4371981,옛합동청사,계절학기,평일,18,18.05,T3,19,8.43,T1,1
34,4371981,옛합동청사,계절학기,일요일·공휴일,15,16.18,T3,17,10.81,T2,2
34,4371981,옛합동청사,방학,평일,08,20.21,T3,06,7.56,T1,-2
34,4371981,옛합동청사,방학,평일,17,14.16,T3,19,7.84,T1,2
34,4371981,옛합동청사,방학,평일,18,17.4,T3,19,7.84,T1,1
34,4371981,옛합동청사,방학,토요일,11,20.55,T3,10,12.85,T2,-1
34,4371981,옛합동청사,방학,토요일,12,17.1,T3,10,12.85,T2,-2
34,4371981,옛합동청사,방학,일요일·공휴일,13,13.53,T3,11,10.82,T2,-2
34,4371981,옛합동청사,방학,일요일·공휴일,14,13.62,T3,16,11.21,T2,2
34,4371981,옛합동청사,방학,일요일·공휴일,15,18.7,T3,16,11.21,T2,1
34,4371981,옛합동청사,방학,일요일·공휴일,17,13.38,T3,19,9.59,T2,2
34,4371981,옛합동청사,방학,일요일·공휴일,18,17.24,T3,19,9.59,T2,1
34,4372311,구곡현대아파트,학기,평일,17,41.77,T3,19,8.21,T1,2
34,4372311,구곡현대아파트,학기,평일,18,27.63,T3,19,8.21,T1,1
34,4372311,구곡현대아파트,학기,평일,21,15.79,T3,19,8.21,T1,-2
34,4372311,구곡현대아파트,학기,토요일,08,14.92,T3,06,9.2,T2,-2
34,4372311,구곡현대아파트,학기,토요일,09,22.14,T3,07,10.84,T2,-2
34,4372311,구곡현대아파트,학기,토요일,16,17.31,T3,18,10.93,T2,2
34,4372311,구곡현대아파트,학기,토요일,17,16.49,T3,19,9.07,T2,2
34,4372311,구곡현대아파트,학기,일요일·공휴일,09,14.03,T3,08,7.89,T1,-1
34,4372311,구곡현대아파트,학기,일요일·공휴일,11,14.67,T3,10,11.3,T2,-1
34,4372311,구곡현대아파트,학기,일요일·공휴일,12,17.45,T3,10,11.3,T2,-2
34,4372311,구곡현대아파트,학기,일요일·공휴일,15,17.14,T3,17,9.67,T2,2
34,4372311,구곡현대아파트,학기,일요일·공휴일,16,14.72,T3,17,9.67,T2,1
34,4372311,구곡현대아파트,학기,일요일·공휴일,18,13.82,T3,19,8.87,T1,1
34,4372311,구곡현대아파트,시험,평일,17,17.57,T3,19,9.49,T2,2
34,4372311,구곡현대아파트,시험,평일,18,25.58,T3,20,8.0,T1,2
34,4372311,구곡현대아파트,시험,토요일,16,16.11,T3,17,11.26,T2,1
34,4372311,구곡현대아파트,계절학기,평일,07,13.75,T3,06,13.12,T2,-1
34,4372311,구곡현대아파트,계절학기,평일,08,18.85,T3,06,13.12,T2,-2
34,4372311,구곡현대아파트,계절학기,평일,16,28.5,T3,18,12.34,T2,2
34,4372311,구곡현대아파트,계절학기,평일,17,19.42,T3,19,7.99,T1,2
34,4372311,구곡현대아파트,계절학기,토요일,11,19.06,T3,09,7.89,T1,-2
34,4372311,구곡현대아파트,계절학기,토요일,13,16.42,T3,12,12.71,T2,-1
34,4372311,구곡현대아파트,계절학기,토요일,14,26.13,T3,12,12.71,T2,-2
34,4372311,구곡현대아파트,계절학기,토요일,17,14.78,T3,19,5.72,T1,2
34,4372311,구곡현대아파트,계절학기,일요일·공휴일,12,15.69,T3,14,9.32,T2,2
34,4372311,구곡현대아파트,방학,평일,07,16.98,T3,06,12.6,T2,-1
34,4372311,구곡현대아파트,방학,평일,08,24.27,T3,06,12.6,T2,-2
34,4372311,구곡현대아파트,방학,평일,17,16.86,T3,19,8.13,T1,2
34,4372311,구곡현대아파트,방학,평일,18,16.55,T3,20,5.77,T1,2
34,4372311,구곡현대아파트,방학,토요일,09,15.38,T3,07,8.35,T1,-2
34,4372311,구곡현대아파트,방학,토요일,10,13.7,T3,08,10.28,T2,-2
34,4372311,구곡현대아파트,방학,토요일,11,19.85,T3,13,12.3,T2,2
34,4372311,구곡현대아파트,방학,토요일,12,17.17,T3,13,12.3,T2,1
34,4372311,구곡현대아파트,방학,토요일,14,16.9,T3,15,11.1,T2,1
34,4372311,구곡현대아파트,방학,토요일,17,14.63,T3,19,7.47,T1,2
34,4372311,구곡현대아파트,방학,토요일,18,14.07,T3,20,6.53,T1,2
34,4372311,구곡현대아파트,방학,일요일·공휴일,09,13.45,T3,07,7.17,T1,-2
34,4372311,구곡현대아파트,방학,일요일·공휴일,10,13.93,T3,08,10.28,T2,-2
34,4372311,구곡현대아파트,방학,일요일·공휴일,11,16.66,T3,13,11.69,T2,2
34,4372311,구곡현대아파트,방학,일요일·공휴일,12,16.55,T3,13,11.69,T2,1
34,4372311,구곡현대아파트,방학,일요일·공휴일,14,17.25,T3,13,11.69,T2,-1
34,4372311,구곡현대아파트,방학,일요일·공휴일,16,13.92,T3,17,10.59,T2,1
34,4372661,단계사거리,학기,토요일,10,13.97,T3,08,9.0,T1,-2
34,4372661,단계사거리,학기,토요일,11,14.72,T3,09,11.16,T2,-2
34,4372661,단계사거리,학기,일요일·공휴일,16,15.31,T3,15,10.2,T2,-1
34,4372661,단계사거리,학기,일요일·공휴일,18,18.22,T3,19,8.93,T1,1
34,4372661,단계사거리,시험,평일,10,15.14,T3,08,10.4,T2,-2
34,4372661,단계사거리,시험,평일,11,15.74,T3,09,10.92,T2,-2
34,4372661,단계사거리,시험,평일,12,15.67,T3,14,11.7,T2,2
34,4372661,단계사거리,시험,평일,13,13.94,T3,14,11.7,T2,1
34,4372661,단계사거리,시험,평일,15,17.99,T3,14,11.7,T2,-1
34,4372661,단계사거리,시험,평일,17,13.68,T3,19,10.71,T2,2
34,4372661,단계사거리,시험,평일,18,16.21,T3,20,7.75,T1,2
34,4372661,단계사거리,시험,토요일,10,13.66,T3,09,11.61,T2,-1
34,4372661,단계사거리,시험,토요일,15,13.86,T3,17,9.76,T2,2
34,4372661,단계사거리,시험,토요일,16,13.44,T3,17,9.76,T2,1
34,4372661,단계사거리,시험,일요일·공휴일,12,15.65,T3,14,9.85,T2,2
34,4372661,단계사거리,시험,일요일·공휴일,13,13.39,T3,14,9.85,T2,1
34,4372661,단계사거리,시험,일요일·공휴일,17,15.31,T3,15,12.09,T2,-2
34,4372661,단계사거리,계절학기,평일,12,13.33,T3,11,8.56,T1,-1
34,4372661,단계사거리,계절학기,평일,16,16.16,T3,14,9.83,T2,-2
34,4372661,단계사거리,계절학기,평일,17,14.19,T3,19,5.7,T1,2
34,4372661,단계사거리,계절학기,토요일,11,14.89,T3,09,6.72,T1,-2
34,4372661,단계사거리,계절학기,토요일,14,17.81,T3,16,10.33,T2,2
34,4372661,단계사거리,계절학기,토요일,15,15.74,T3,16,10.33,T2,1
34,4372661,단계사거리,방학,토요일,11,14.29,T3,09,9.63,T2,-2
34,4372671,우산철교.폴리텍대학,학기,토요일,10,14.1,T3,08,9.3,T2,-2
34,4372671,우산철교.폴리텍대학,학기,토요일,11,14.54,T3,09,9.51,T2,-2
34,4372671,우산철교.폴리텍대학,학기,토요일,12,13.35,T3,14,10.04,T2,2
34,4372671,우산철교.폴리텍대학,시험,평일,10,16.31,T3,08,9.51,T2,-2
34,4372671,우산철교.폴리텍대학,시험,평일,11,14.78,T3,09,11.57,T2,-2
34,4372671,우산철교.폴리텍대학,시험,평일,15,14.18,T3,17,11.99,T2,2
34,4372671,우산철교.폴리텍대학,시험,평일,16,17.66,T3,17,11.99,T2,1
34,4372671,우산철교.폴리텍대학,시험,평일,18,15.59,T3,19,9.71,T2,1
34,4372671,우산철교.폴리텍대학,시험,토요일,15,13.19,T3,14,12.23,T2,-1
34,4372671,우산철교.폴리텍대학,시험,일요일·공휴일,17,14.64,T3,18,12.07,T2,1
34,4372671,우산철교.폴리텍대학,계절학기,평일,16,15.5,T3,14,10.12,T2,-2
34,4372671,우산철교.폴리텍대학,계절학기,토요일,11,14.56,T3,12,11.14,T2,1
34,4372671,우산철교.폴리텍대학,계절학기,토요일,14,16.98,T3,12,11.14,T2,-2
34,4372671,우산철교.폴리텍대학,계절학기,토요일,15,18.28,T3,17,12.45,T2,2
34,4372671,우산철교.폴리텍대학,계절학기,일요일·공휴일,15,13.35,T3,17,6.98,T1,2
34,4372671,우산철교.폴리텍대학,방학,토요일,11,15.62,T3,13,10.01,T2,2
34,4372681,삼한주유소,학기,토요일,10,15.26,T3,08,7.64,T1,-2
34,4372681,삼한주유소,학기,토요일,11,15.04,T3,09,9.23,T2,-2
34,4372681,삼한주유소,시험,평일,08,13.27,T3,09,10.68,T2,1
34,4372681,삼한주유소,시험,평일,11,16.41,T3,09,10.68,T2,-2
34,4372681,삼한주유소,시험,평일,15,13.5,T3,14,12.85,T2,-1
34,4372681,삼한주유소,시험,평일,16,17.33,T3,14,12.85,T2,-2
34,4372681,삼한주유소,시험,평일,17,14.49,T3,19,10.66,T2,2
34,4372681,삼한주유소,시험,평일,18,15.21,T3,20,7.42,T1,2
34,4372681,삼한주유소,시험,일요일·공휴일,09,14.27,T3,11,12.84,T2,2
34,4372681,삼한주유소,계절학기,평일,16,14.15,T3,14,8.99,T1,-2
34,4372681,삼한주유소,계절학기,토요일,14,15.41,T3,16,9.17,T2,2
34,4372681,삼한주유소,계절학기,토요일,15,19.12,T3,16,9.17,T2,1
34,4372681,삼한주유소,계절학기,토요일,17,13.82,T3,19,6.76,T1,2
34,4372681,삼한주유소,방학,토요일,10,13.49,T3,08,8.42,T1,-2
34,4372681,삼한주유소,방학,토요일,11,14.55,T3,13,10.51,T2,2
34,4372691,현대자동차.상공회의소,학기,토요일,11,14.49,T3,12,11.43,T2,1
34,4372691,현대자동차.상공회의소,학기,일요일·공휴일,18,13.67,T3,20,7.73,T1,2
34,4372691,현대자동차.상공회의소,시험,평일,10,15.64,T3,08,12.1,T2,-2
34,4372691,현대자동차.상공회의소,시험,평일,12,15.67,T3,14,12.14,T2,2
34,4372691,현대자동차.상공회의소,시험,평일,13,13.22,T3,14,12.14,T2,1
34,4372691,현대자동차.상공회의소,시험,평일,15,15.14,T3,14,12.14,T2,-1
34,4372691,현대자동차.상공회의소,시험,평일,16,17.66,T3,14,12.14,T2,-2
34,4372691,현대자동차.상공회의소,시험,평일,17,14.24,T3,19,8.14,T1,2
34,4372691,현대자동차.상공회의소,시험,평일,18,17.28,T3,20,6.25,T1,2
34,4372691,현대자동차.상공회의소,계절학기,평일,16,13.25,T3,15,9.59,T2,-1
34,4372691,현대자동차.상공회의소,계절학기,토요일,15,19.45,T3,16,9.43,T2,1
34,4372691,현대자동차.상공회의소,계절학기,토요일,17,15.45,T3,19,4.22,T1,2
34,4372691,현대자동차.상공회의소,방학,평일,12,14.19,T3,11,8.65,T1,-1
34,4372701,우리병원,학기,평일,13,14.49,T3,11,8.99,T1,-2
34,4372701,우리병원,학기,평일,16,17.19,T3,14,9.43,T2,-2
34,4372701,우리병원,학기,토요일,11,16.74,T3,13,11.45,T2,2
34,4372701,우리병원,학기,토요일,12,14.22,T3,13,11.45,T2,1
34,4372701,우리병원,학기,토요일,16,14.74,T3,17,12.14,T2,1
34,4372701,우리병원,계절학기,평일,13,13.3,T3,11,10.5,T2,-2
34,4372701,우리병원,계절학기,평일,17,13.8,T3,19,7.13,T1,2
34,4372701,우리병원,방학,평일,08,13.67,T3,07,5.81,T1,-1
34,4372701,우리병원,방학,평일,09,13.43,T3,07,5.81,T1,-2
34,4372701,우리병원,방학,평일,16,13.22,T3,17,8.69,T1,1
34,4372711,북원교,학기,평일,16,15.7,T3,14,5.42,T1,-2
34,4372711,북원교,학기,평일,18,16.9,T3,19,6.21,T1,1
34,4372711,북원교,학기,토요일,11,13.35,T3,13,10.96,T2,2
34,4372711,북원교,학기,토요일,12,13.88,T3,14,10.57,T2,2
34,4372711,북원교,학기,일요일·공휴일,16,13.31,T3,17,9.67,T2,1
34,4372711,북원교,시험,평일,10,15.64,T3,09,11.9,T2,-1
34,4372711,북원교,시험,평일,11,15.06,T3,09,11.9,T2,-2
34,4372711,북원교,계절학기,평일,13,13.68,T3,11,11.09,T2,-2
34,4372711,북원교,계절학기,평일,15,14.84,T3,17,11.21,T2,2
34,4372711,북원교,계절학기,평일,16,16.14,T3,17,11.21,T2,1
34,4372711,북원교,방학,평일,16,14.43,T3,14,8.92,T1,-2
34,4372721,태장삼거리,시험,평일,10,15.14,T3,09,8.71,T1,-1
34,4372721,태장삼거리,시험,평일,15,13.56,T3,14,9.33,T2,-1
34,4372721,태장삼거리,시험,평일,16,15.14,T3,14,9.33,T2,-2
34,4372721,태장삼거리,시험,토요일,11,15.35,T3,09,10.11,T2,-2
34,4372721,태장삼거리,시험,토요일,20,13.6,T3,19,7.17,T1,-1
34,4372721,태장삼거리,계절학기,토요일,11,14.23,T3,12,10.71,T2,1
34,4372721,태장삼거리,계절학기,토요일,14,17.65,T3,16,7.86,T1,2
34,4372721,태장삼거리,계절학기,토요일,15,18.78,T3,16,7.86,T1,1
34,4372731,태장2동,시험,평일,11,13.42,T3,09,9.05,T2,-2
34,4372731,태장2동,시험,평일,12,15.34,T3,10,11.35,T2,-2
34,4372731,태장2동,시험,평일,16,14.57,T3,17,11.68,T2,1
34,4372731,태장2동,시험,평일,18,16.78,T3,20,5.48,T1,2
34,4372731,태장2동,계절학기,평일,16,13.93,T3,17,7.26,T1,1
34,4372741,북원중학교,시험,평일,11,14.06,T3,09,9.43,T2,-2
34,4372741,북원중학교,시험,평일,16,17.33,T3,17,10.18,T2,1
34,4372741,북원중학교,시험,평일,18,16.45,T3,20,6.07,T1,2
34,4372741,북원중학교,계절학기,토요일,11,13.39,T3,12,12.16,T2,1
34,4372741,북원중학교,계절학기,토요일,14,16.48,T3,16,9.14,T2,2
34,4372741,북원중학교,계절학기,토요일,15,17.95,T3,16,9.14,T2,1
34,4372741,북원중학교,방학,토요일,11,14.22,T3,13,6.79,T1,2
34,4372751,우성아파트,학기,평일,18,15.4,T3,20,4.26,T1,2
34,4372751,우성아파트,시험,평일,11,14.57,T3,09,10.2,T2,-2
34,4372751,우성아파트,시험,평일,12,15.67,T3,13,12.07,T2,1
34,4372751,우성아파트,시험,평일,16,17.0,T3,15,11.22,T2,-1
34,4372751,우성아파트,시험,평일,18,14.39,T3,19,9.16,T2,1
34,4372751,우성아파트,계절학기,평일,16,16.91,T3,14,9.24,T2,-2
34,4372751,우성아파트,계절학기,토요일,14,16.48,T3,12,11.0,T2,-2
34,4372761,장양초등학교,학기,평일,12,15.0,T3,11,7.78,T1,-1
34,4372761,장양초등학교,학기,평일,15,14.2,T3,13,11.8,T2,-2
34,4372761,장양초등학교,학기,평일,17,14.83,T3,19,7.95,T1,2
34,4372761,장양초등학교,학기,평일,18,15.06,T3,20,6.69,T1,2
34,4372761,장양초등학교,시험,토요일,10,13.99,T3,12,12.38,T2,2
34,4372761,장양초등학교,시험,토요일,11,14.19,T3,12,12.38,T2,1
34,4372761,장양초등학교,방학,평일,13,14.37,T3,12,5.53,T1,-1
34,4372761,장양초등학교,방학,토요일,11,14.55,T3,13,8.44,T1,2
34,4372771,태장농공단지,학기,토요일,10,13.63,T3,08,10.17,T2,-2
34,4372771,태장농공단지,시험,평일,10,14.47,T3,09,9.92,T2,-1
34,4372771,태장농공단지,시험,평일,11,14.41,T3,09,9.92,T2,-2
34,4372771,태장농공단지,시험,평일,17,13.57,T3,19,7.56,T1,2
34,4372771,태장농공단지,시험,평일,18,16.12,T3,20,4.69,T1,2
34,4372771,태장농공단지,계절학기,평일,15,13.65,T3,13,9.01,T1,-2
34,4372771,태장농공단지,계절학기,평일,16,16.91,T3,18,9.3,T2,2
34,4372771,태장농공단지,계절학기,평일,17,14.77,T3,19,6.32,T1,2
34,4372771,태장농공단지,계절학기,토요일,15,16.12,T3,16,9.5,T2,1
34,4372781,KGC인삼공사원주공장,시험,평일,12,15.01,T3,14,11.57,T2,2
34,4372781,KGC인삼공사원주공장,시험,평일,13,13.25,T3,14,11.57,T2,1
34,4372781,KGC인삼공사원주공장,시험,평일,15,13.85,T3,14,11.57,T2,-1
34,4372781,KGC인삼공사원주공장,시험,일요일·공휴일,09,13.6,T3,08,8.87,T1,-1
34,4372791,영진아파트,학기,평일,16,17.25,T3,14,4.31,T1,-2
34,4372791,영진아파트,시험,평일,12,15.01,T3,14,11.57,T2,2
34,4372791,영진아파트,시험,평일,15,13.85,T3,14,11.57,T2,-1
34,4372791,영진아파트,시험,평일,18,13.82,T3,20,5.36,T1,2
34,4372791,영진아파트,계절학기,평일,16,16.91,T3,18,7.82,T1,2
34,4372791,영진아파트,계절학기,토요일,14,16.81,T3,12,10.33,T2,-2
34,4372791,영진아파트,방학,토요일,11,14.22,T3,12,12.11,T2,1
34,4372801,부안동,학기,평일,12,16.5,T3,13,7.4,T1,1
34,4372801,부안동,학기,평일,16,15.34,T3,14,13.14,T2,-2
34,4372801,부안동,학기,평일,17,16.96,T3,19,7.62,T1,2
34,4372801,부안동,계절학기,평일,12,14.44,T3,14,11.66,T2,2
34,4372801,부안동,계절학기,평일,13,13.34,T3,14,11.66,T2,1
34,4372801,부안동,계절학기,토요일,14,16.48,T3,16,8.83,T1,2
34,4372801,부안동,방학,평일,16,14.13,T3,17,11.99,T2,1
34,4372811,원대,학기,평일,10,14.39,T3,09,7.22,T1,-1
34,4372811,원대,학기,평일,12,14.14,T3,14,9.86,T2,2
34,4372811,원대,학기,평일,16,13.19,T3,14,9.86,T2,-2
34,4372811,원대,학기,평일,17,16.96,T3,19,7.62,T1,2
34,4372811,원대,계절학기,평일,13,13.34,T3,14,11.66,T2,1
34,4372811,원대,방학,평일,16,14.13,T3,15,10.43,T2,-1
34,4372901,원대,학기,평일,09,13.57,T3,08,8.02,T1,-1
34,4372901,원대,학기,평일,16,17.54,T3,14,7.74,T1,-2
34,4372901,원대,학기,토요일,11,14.07,T3,13,10.8,T2,2
34,4372901,원대,학기,일요일·공휴일,16,13.53,T3,18,11.0,T2,2
34,4372901,원대,시험,평일,10,14.81,T3,08,12.1,T2,-2
34,4372911,소초농협앞,학기,평일,09,13.24,T3,08,6.45,T1,-1
34,4372911,소초농협앞,학기,평일,12,17.16,T3,13,9.54,T2,1
34,4372911,소초농협앞,학기,평일,15,16.57,T3,13,9.54,T2,-2
34,4372911,소초농협앞,학기,평일,16,20.13,T3,14,10.61,T2,-2
34,4372911,소초농협앞,학기,평일,18,15.4,T3,19,7.95,T1,1
34,4372921,영진아파트,학기,평일,17,17.3,T3,19,5.43,T1,2
34,4372921,영진아파트,학기,일요일·공휴일,15,13.33,T3,17,8.19,T1,2
34,4372921,영진아파트,시험,평일,10,13.69,T3,09,10.49,T2,-1
34,4372921,영진아파트,시험,평일,12,15.34,T3,11,11.43,T2,-1
34,4372921,영진아파트,시험,토요일,11,14.69,T3,13,11.7,T2,2
34,4372921,영진아파트,시험,일요일·공휴일,09,13.93,T3,07,5.47,T1,-2
34,4372921,영진아파트,시험,일요일·공휴일,12,13.32,T3,10,10.09,T2,-2
34,4372921,영진아파트,계절학기,평일,16,13.68,T3,18,10.63,T2,2
34,4372931,KGC인삼공사원주공장,학기,평일,12,13.37,T3,11,8.65,T1,-1
34,4372931,KGC인삼공사원주공장,학기,평일,17,17.63,T3,19,7.1,T1,2
34,4372931,KGC인삼공사원주공장,학기,토요일,10,14.3,T3,09,11.16,T2,-1
34,4372931,KGC인삼공사원주공장,학기,토요일,11,14.41,T3,09,11.16,T2,-2
34,4372931,KGC인삼공사원주공장,시험,평일,14,13.83,T3,13,11.65,T2,-1
34,4372931,KGC인삼공사원주공장,시험,평일,15,16.49,T3,13,11.65,T2,-2
34,4372941,한국도로공사,학기,토요일,10,13.97,T3,08,9.67,T2,-2
34,4372941,한국도로공사,시험,평일,10,14.81,T3,08,8.74,T1,-2
34,4372941,한국도로공사,시험,평일,12,13.43,T3,13,10.41,T2,1
34,4372941,한국도로공사,시험,평일,15,16.49,T3,13,10.41,T2,-2
34,4372941,한국도로공사,시험,평일,16,17.33,T3,18,12.25,T2,2
34,4372941,한국도로공사,시험,평일,17,13.9,T3,18,12.25,T2,1
34,4372941,한국도로공사,시험,토요일,11,15.35,T3,09,10.45,T2,-2
34,4372941,한국도로공사,시험,토요일,12,13.55,T3,13,12.04,T2,1
34,4372941,한국도로공사,시험,일요일·공휴일,09,14.77,T3,10,10.59,T2,1
34,4372941,한국도로공사,계절학기,평일,12,15.11,T3,10,9.33,T2,-2
34,4372941,한국도로공사,계절학기,평일,16,15.07,T3,18,8.42,T1,2
34,4372941,한국도로공사,계절학기,토요일,11,14.23,T3,12,10.66,T2,1
34,4372941,한국도로공사,계절학기,토요일,14,14.98,T3,16,9.43,T2,2
34,4372941,한국도로공사,계절학기,토요일,15,16.45,T3,16,9.43,T2,1
34,4372961,우성아파트,학기,토요일,10,13.26,T3,09,9.41,T2,-1
34,4372961,우성아파트,시험,평일,10,14.81,T3,08,10.09,T2,-2
34,4372961,우성아파트,시험,평일,12,15.67,T3,11,11.68,T2,-1
34,4372961,우성아파트,시험,평일,13,13.59,T3,11,11.68,T2,-2
34,4372961,우성아파트,시험,평일,15,16.83,T3,14,12.56,T2,-1
34,4372961,우성아파트,시험,평일,18,15.39,T3,20,5.65,T1,2
34,4372961,우성아파트,계절학기,평일,12,13.24,T3,11,8.5,T1,-1
34,4372961,우성아파트,계절학기,평일,17,15.1,T3,15,9.55,T2,-2
34,4372961,우성아파트,계절학기,토요일,11,13.73,T3,13,10.79,T2,2
34,4372971,북원중학교,시험,평일,11,14.91,T3,09,11.2,T2,-2
34,4372971,북원중학교,시험,평일,12,16.17,T3,10,11.6,T2,-2
34,4372971,북원중학교,시험,평일,15,17.33,T3,13,12.65,T2,-2
34,4372971,북원중학교,시험,평일,16,13.75,T3,14,12.87,T2,-2
34,4372971,북원중학교,시험,평일,17,13.9,T3,18,13.09,T2,1
34,4372971,북원중학교,시험,일요일·공휴일,09,15.1,T3,08,9.21,T2,-1
34,4372971,북원중학교,계절학기,평일,16,14.56,T3,15,9.36,T2,-1
34,4372971,북원중학교,계절학기,토요일,11,13.39,T3,13,12.59,T2,2
34,4372971,북원중학교,방학,토요일,11,14.19,T3,13,8.88,T1,2
34,4372981,태장2동,시험,평일,11,16.41,T3,13,10.0,T2,2
34,4372981,태장2동,시험,평일,12,13.32,T3,13,10.0,T2,1
34,4372981,태장2동,시험,평일,14,13.25,T3,13,10.0,T2,-1
34,4372981,태장2동,시험,평일,15,14.42,T3,13,10.0,T2,-2
34,4372981,태장2동,시험,평일,16,13.75,T3,17,12.2,T2,1
34,4372981,태장2동,시험,토요일,10,14.41,T3,08,12.21,T2,-2
34,4372981,태장2동,시험,토요일,11,16.02,T3,13,12.54,T2,2
34,4372981,태장2동,시험,토요일,12,14.21,T3,13,12.54,T2,1
34,4372981,태장2동,시험,토요일,14,13.23,T3,13,12.54,T2,-1
34,4372981,태장2동,시험,일요일·공휴일,09,15.43,T3,07,5.81,T1,-2
34,4372981,태장2동,계절학기,평일,16,18.41,T3,14,7.96,T1,-2
34,4372981,태장2동,계절학기,토요일,11,14.56,T3,09,7.56,T1,-2
34,4372981,태장2동,계절학기,토요일,14,17.98,T3,12,9.42,T2,-2
34,4372981,태장2동,계절학기,토요일,17,13.28,T3,16,11.5,T2,-1
34,4372981,태장2동,방학,토요일,11,13.76,T3,13,7.56,T1,2
34,4372991,한일주유소,시험,평일,11,14.91,T3,09,11.77,T2,-2
34,4372991,한일주유소,시험,평일,12,13.89,T3,13,11.89,T2,1
34,4372991,한일주유소,시험,평일,14,13.5,T3,13,11.89,T2,-1
34,4372991,한일주유소,시험,평일,15,15.71,T3,17,11.82,T2,2
34,4372991,한일주유소,시험,평일,18,16.09,T3,20,5.93,T1,2
34,4372991,한일주유소,시험,토요일,10,15.16,T3,09,10.78,T2,-1
34,4372991,한일주유소,시험,토요일,11,16.35,T3,09,10.78,T2,-2
34,4372991,한일주유소,시험,토요일,12,14.21,T3,13,12.54,T2,1
34,4372991,한일주유소,시험,일요일·공휴일,09,16.27,T3,07,6.64,T1,-2
34,4372991,한일주유소,시험,일요일·공휴일,12,13.65,T3,13,11.56,T2,1
34,4372991,한일주유소,계절학기,토요일,11,16.06,T3,12,10.92,T2,1
34,4372991,한일주유소,계절학기,토요일,13,13.76,T3,12,10.92,T2,-1
34,4372991,한일주유소,계절학기,토요일,14,17.65,T3,12,10.92,T2,-2
34,4373001,북원교,학기,평일,09,13.57,T3,07,9.23,T2,-2
34,4373001,북원교,학기,평일,10,14.76,T3,11,11.54,T2,1
34,4373001,북원교,학기,평일,12,13.23,T3,11,11.54,T2,-1
34,4373001,북원교,학기,평일,15,15.8,T3,13,12.22,T2,-2
34,4373001,북원교,학기,평일,16,16.42,T3,18,9.84,T2,2
34,4373001,북원교,학기,평일,17,14.72,T3,19,6.59,T1,2
34,4373001,북원교,학기,토요일,09,14.19,T3,08,12.0,T2,-1
34,4373001,북원교,학기,일요일·공휴일,14,15.22,T3,13,12.29,T2,-1
34,4373001,북원교,시험,평일,10,15.97,T3,08,12.94,T2,-2
34,4373001,북원교,시험,평일,18,17.95,T3,19,8.85,T1,1
34,4373001,북원교,계절학기,평일,10,13.38,T3,11,11.5,T2,1
34,4373001,북원교,계절학기,평일,15,13.36,T3,14,12.32,T2,-1
34,4373001,북원교,계절학기,평일,16,15.43,T3,14,12.32,T2,-2
34,4373001,북원교,계절학기,평일,17,15.52,T3,19,5.99,T1,2
34,4373001,북원교,계절학기,평일,18,13.82,T3,19,5.99,T1,1
34,4373001,북원교,계절학기,토요일,14,17.98,T3,16,10.0,T2,2
34,4373001,북원교,방학,평일,09,13.43,T3,07,9.22,T2,-2
34,4373001,북원교,방학,평일,12,17.36,T3,14,10.36,T2,2
34,4373001,북원교,방학,평일,13,13.25,T3,14,10.36,T2,1
34,4373001,북원교,방학,토요일,12,13.61,T3,13,11.01,T2,1
34,4373001,북원교,방학,일요일·공휴일,13,13.75,T3,12,10.61,T2,-1
34,4373021,현대자동차.상공회의소,학기,토요일,11,13.37,T3,12,10.45,T2,1
34,4373021,현대자동차.상공회의소,시험,평일,10,14.04,T3,09,11.2,T2,-1
34,4373021,현대자동차.상공회의소,시험,평일,12,15.43,T3,13,13.19,T2,1
34,4373021,현대자동차.상공회의소,시험,평일,14,15.0,T3,13,13.19,T2,-1
34,4373021,현대자동차.상공회의소,시험,평일,15,15.42,T3,13,13.19,T2,-2
34,4373021,현대자동차.상공회의소,시험,평일,17,14.74,T3,19,8.87,T1,2
34,4373021,현대자동차.상공회의소,시험,평일,18,16.19,T3,20,6.36,T1,2
34,4373021,현대자동차.상공회의소,시험,일요일·공휴일,12,14.15,T3,10,10.5,T2,-2
34,4373021,현대자동차.상공회의소,계절학기,평일,16,17.58,T3,14,10.99,T2,-2
34,4373021,현대자동차.상공회의소,계절학기,토요일,14,18.31,T3,16,11.0,T2,2
34,4373021,현대자동차.상공회의소,방학,토요일,11,13.26,T3,10,9.09,T2,-1
34,4373031,강원정비기술학원,학기,평일,17,13.27,T3,19,7.42,T1,2
34,4373031,강원정비기술학원,학기,토요일,10,13.95,T3,12,10.06,T2,2
34,4373031,강원정비기술학원,학기,토요일,11,14.82,T3,12,10.06,T2,1
34,4373031,강원정비기술학원,시험,평일,10,16.83,T3,08,11.95,T2,-2
34,4373031,강원정비기술학원,시험,평일,12,13.67,T3,11,12.34,T2,-1
34,4373031,강원정비기술학원,시험,평일,13,15.34,T3,11,12.34,T2,-2
34,4373031,강원정비기술학원,시험,평일,17,14.68,T3,19,9.37,T2,2
34,4373031,강원정비기술학원,시험,평일,18,14.02,T3,20,6.25,T1,2
34,4373031,강원정비기술학원,시험,토요일,10,15.33,T3,09,11.95,T2,-1
34,4373031,강원정비기술학원,시험,토요일,11,17.19,T3,09,11.95,T2,-2
34,4373031,강원정비기술학원,시험,일요일·공휴일,09,16.27,T3,10,10.92,T2,1
34,4373031,강원정비기술학원,시험,일요일·공휴일,12,13.65,T3,10,10.92,T2,-2
34,4373031,강원정비기술학원,계절학기,평일,14,15.54,T3,13,12.58,T2,-1
34,4373031,강원정비기술학원,계절학기,평일,15,14.03,T3,13,12.58,T2,-2
34,4373031,강원정비기술학원,계절학기,평일,17,14.55,T3,19,7.63,T1,2
34,4373031,강원정비기술학원,계절학기,토요일,11,13.73,T3,10,11.22,T2,-1
34,4373031,강원정비기술학원,계절학기,토요일,13,15.08,T3,12,12.14,T2,-1
34,4373031,강원정비기술학원,계절학기,토요일,14,18.31,T3,16,10.33,T2,2
34,4373031,강원정비기술학원,계절학기,토요일,17,13.28,T3,19,4.92,T1,2
34,4373031,강원정비기술학원,방학,토요일,11,14.92,T3,13,9.36,T2,2
34,4373031,강원정비기술학원,방학,토요일,14,13.96,T3,13,9.36,T2,-1
34,4373031,강원정비기술학원,방학,일요일·공휴일,13,14.3,T3,11,9.84,T2,-2
34,4373041,우산철교.폴리텍대학,학기,평일,14,13.73,T3,16,11.73,T2,2
34,4373041,우산철교.폴리텍대학,학기,평일,17,15.96,T3,19,7.26,T1,2
34,4373041,우산철교.폴리텍대학,학기,토요일,10,14.73,T3,09,12.01,T2,-1
34,4373041,우산철교.폴리텍대학,학기,토요일,11,17.14,T3,09,12.01,T2,-2
34,4373041,우산철교.폴리텍대학,학기,토요일,13,13.46,T3,15,11.09,T2,2
34,4373041,우산철교.폴리텍대학,학기,일요일·공휴일,13,14.02,T3,11,8.58,T1,-2
34,4373041,우산철교.폴리텍대학,학기,일요일·공휴일,14,13.28,T3,12,10.73,T2,-2
34,4373041,우산철교.폴리텍대학,시험,평일,10,16.31,T3,08,10.96,T2,-2
34,4373041,우산철교.폴리텍대학,시험,평일,17,13.94,T3,19,9.85,T2,2
34,4373041,우산철교.폴리텍대학,시험,평일,18,16.84,T3,20,7.42,T1,2
34,4373041,우산철교.폴리텍대학,계절학기,평일,13,13.81,T3,11,9.77,T2,-2
34,4373041,우산철교.폴리텍대학,계절학기,평일,14,13.89,T3,12,11.9,T2,-2
34,4373041,우산철교.폴리텍대학,계절학기,평일,16,13.39,T3,18,10.37,T2,2
34,4373041,우산철교.폴리텍대학,계절학기,평일,17,14.29,T3,19,8.16,T1,2
34,4373041,우산철교.폴리텍대학,계절학기,토요일,11,16.39,T3,10,10.72,T2,-1
34,4373041,우산철교.폴리텍대학,계절학기,토요일,14,18.65,T3,12,11.83,T2,-2
34,4373041,우산철교.폴리텍대학,계절학기,토요일,15,15.1,T3,17,12.78,T2,2
34,4373041,우산철교.폴리텍대학,방학,평일,14,14.61,T3,15,10.5,T2,1
34,4373041,우산철교.폴리텍대학,방학,토요일,11,17.05,T3,13,10.17,T2,2
34,4373041,우산철교.폴리텍대학,방학,일요일·공휴일,09,13.3,T3,07,5.22,T1,-2
34,4373041,우산철교.폴리텍대학,방학,일요일·공휴일,13,14.09,T3,12,10.1,T2,-1
34,4373051,단계사거리,학기,평일,09,14.35,T3,07,8.28,T1,-2
34,4373051,단계사거리,학기,평일,15,14.63,T3,16,11.99,T2,1
34,4373051,단계사거리,학기,평일,17,14.91,T3,19,6.7,T1,2
34,4373051,단계사거리,학기,토요일,09,13.81,T3,07,6.37,T1,-2
34,4373051,단계사거리,학기,토요일,11,17.78,T3,13,11.86,T2,2
34,4373051,단계사거리,학기,토요일,14,14.11,T3,16,11.75,T2,2
34,4373051,단계사거리,시험,평일,10,15.97,T3,09,10.71,T2,-1
34,4373051,단계사거리,시험,평일,11,15.63,T3,09,10.71,T2,-2
34,4373051,단계사거리,시험,평일,17,14.77,T3,19,9.49,T2,2
34,4373051,단계사거리,계절학기,평일,08,13.34,T3,07,10.38,T2,-1
34,4373051,단계사거리,계절학기,평일,12,13.42,T3,11,11.42,T2,-1
34,4373051,단계사거리,계절학기,평일,13,13.51,T3,11,11.42,T2,-2
34,4373051,단계사거리,계절학기,평일,15,15.08,T3,14,11.63,T2,-1
34,4373051,단계사거리,계절학기,평일,16,15.31,T3,18,11.33,T2,2
34,4373051,단계사거리,계절학기,평일,17,13.46,T3,19,7.7,T1,2
34,4373051,단계사거리,계절학기,토요일,14,18.31,T3,16,10.33,T2,2
34,4373051,단계사거리,방학,평일,12,15.66,T3,10,11.15,T2,-2
34,4373051,단계사거리,방학,평일,14,15.23,T3,15,11.11,T2,1
34,4373051,단계사거리,방학,토요일,11,14.89,T3,09,10.51,T2,-2
34,4373051,단계사거리,방학,토요일,12,13.94,T3,10,10.66,T2,-2
34,4373111,장양리차고지,학기,평일,09,13.57,T3,08,7.48,T1,-1
34,4373111,장양리차고지,학기,평일,15,14.49,T3,13,7.88,T1,-2
34,4373111,장양리차고지,학기,평일,16,13.34,T3,18,8.49,T1,2
34,4373111,장양리차고지,학기,평일,17,15.11,T3,18,8.49,T1,1
34,4373111,장양리차고지,시험,평일,12,14.86,T3,13,11.65,T2,1
34,4373111,장양리차고지,계절학기,평일,12,14.78,T3,11,9.79,T2,-1
34,4373111,장양리차고지,계절학기,평일,14,14.32,T3,13,12.01,T2,-1
34,4373111,장양리차고지,계절학기,평일,17,15.1,T3,18,12.07,T2,1
34,4373111,장양리차고지,방학,평일,16,14.46,T3,18,8.27,T1,2
34,4373651,장양리차고지,학기,평일,09,13.24,T3,07,3.58,T1,-2
34,4373651,장양리차고지,학기,평일,10,14.39,T3,11,7.73,T1,1
34,4373651,장양리차고지,학기,평일,16,13.19,T3,15,8.12,T1,-1
34,4373651,장양리차고지,학기,토요일,11,13.74,T3,13,11.6,T2,2
34,4373651,장양리차고지,방학,평일,16,14.13,T3,15,7.65,T1,-1
34,4373981,도영쇼핑,학기,평일,08,15.23,T3,06,7.35,T1,-2
34,4373981,도영쇼핑,학기,평일,09,19.93,T3,07,8.13,T1,-2
34,4373981,도영쇼핑,학기,평일,17,20.13,T3,19,12.44,T2,2
34,4373981,도영쇼핑,학기,평일,18,21.01,T3,19,12.44,T2,1
34,4373981,도영쇼핑,학기,평일,20,14.29,T3,19,12.44,T2,-1
34,4373981,도영쇼핑,학기,평일,21,14.74,T3,19,12.44,T2,-2
34,4373981,도영쇼핑,학기,토요일,10,15.12,T3,08,9.03,T1,-2
34,4373981,도영쇼핑,학기,토요일,11,15.35,T3,09,11.01,T2,-2
34,4373981,도영쇼핑,학기,토요일,16,13.66,T3,18,11.09,T2,2
34,4373981,도영쇼핑,학기,토요일,17,15.49,T3,19,10.35,T2,2
34,4373981,도영쇼핑,학기,일요일·공휴일,13,14.42,T3,11,9.43,T2,-2
34,4373981,도영쇼핑,학기,일요일·공휴일,14,13.39,T3,12,10.4,T2,-2
34,4373981,도영쇼핑,학기,일요일·공휴일,18,20.58,T3,20,12.66,T2,2
34,4373981,도영쇼핑,학기,일요일·공휴일,19,19.04,T3,20,12.66,T2,1
34,4373981,도영쇼핑,학기,일요일·공휴일,21,19.61,T3,20,12.66,T2,-1
34,4373981,도영쇼핑,시험,평일,08,13.39,T3,07,10.4,T2,-1
34,4373981,도영쇼핑,시험,평일,09,14.05,T3,07,10.4,T2,-2
34,4373981,도영쇼핑,시험,평일,17,15.77,T3,19,11.6,T2,2
34,4373981,도영쇼핑,시험,평일,18,17.86,T3,20,11.15,T2,2
34,4373981,도영쇼핑,시험,토요일,12,15.71,T3,14,12.9,T2,2
34,4373981,도영쇼핑,시험,토요일,13,15.29,T3,15,12.69,T2,2
34,4373981,도영쇼핑,시험,토요일,16,13.28,T3,18,12.01,T2,2
34,4373981,도영쇼핑,시험,일요일·공휴일,09,16.6,T3,08,11.04,T2,-1
34,4373981,도영쇼핑,시험,일요일·공휴일,11,14.68,T3,10,11.59,T2,-1
34,4373981,도영쇼핑,시험,일요일·공휴일,12,14.48,T3,14,10.85,T2,2
34,4373981,도영쇼핑,시험,일요일·공휴일,13,14.06,T3,14,10.85,T2,1
34,4373981,도영쇼핑,시험,일요일·공휴일,15,13.84,T3,16,9.73,T2,1
34,4373981,도영쇼핑,시험,일요일·공휴일,17,14.31,T3,16,9.73,T2,-1
34,4373981,도영쇼핑,시험,일요일·공휴일,18,14.24,T3,16,9.73,T2,-2
34,4373981,도영쇼핑,계절학기,평일,08,14.77,T3,06,7.21,T1,-2
34,4373981,도영쇼핑,계절학기,평일,12,19.78,T3,10,12.1,T2,-2
34,4373981,도영쇼핑,계절학기,평일,13,16.97,T3,11,12.35,T2,-2
34,4373981,도영쇼핑,계절학기,평일,15,16.24,T3,14,13.0,T2,-1
34,4373981,도영쇼핑,계절학기,평일,16,20.54,T3,14,13.0,T2,-2
34,4373981,도영쇼핑,계절학기,평일,17,21.62,T3,19,8.04,T1,2
34,4373981,도영쇼핑,계절학기,평일,18,18.83,T3,19,8.04,T1,1
34,4373981,도영쇼핑,계절학기,토요일,11,13.62,T3,12,11.71,T2,1
34,4373981,도영쇼핑,계절학기,토요일,13,15.08,T3,12,11.71,T2,-1
34,4373981,도영쇼핑,계절학기,토요일,14,18.27,T3,16,11.14,T2,2
34,4373981,도영쇼핑,계절학기,토요일,15,16.24,T3,16,11.14,T2,1
34,4373981,도영쇼핑,계절학기,토요일,17,16.39,T3,19,5.76,T1,2
34,4373981,도영쇼핑,계절학기,일요일·공휴일,15,13.66,T3,14,7.88,T1,-1
34,4373981,도영쇼핑,방학,평일,12,15.09,T3,10,12.35,T2,-2
34,4373981,도영쇼핑,방학,평일,13,16.52,T3,11,12.96,T2,-2
34,4373981,도영쇼핑,방학,평일,17,20.13,T3,19,10.13,T2,2
34,4373981,도영쇼핑,방학,평일,18,19.12,T3,20,8.74,T1,2
34,4373981,도영쇼핑,방학,토요일,11,15.94,T3,09,10.78,T2,-2
34,4373981,도영쇼핑,방학,토요일,12,13.92,T3,10,10.99,T2,-2
34,4374311,지하상가사거리,학기,평일,09,14.31,T3,08,11.0,T2,-1
34,4374311,지하상가사거리,학기,평일,10,14.21,T3,08,11.0,T2,-2
34,4374311,지하상가사거리,학기,평일,17,31.56,T3,19,9.67,T2,2
34,4374311,지하상가사거리,학기,평일,18,35.89,T3,19,9.67,T2,1
34,4374311,지하상가사거리,학기,토요일,08,13.33,T3,07,9.22,T2,-1
34,4374311,지하상가사거리,학기,토요일,09,16.02,T3,07,9.22,T2,-2
34,4374311,지하상가사거리,학기,토요일,16,17.05,T3,18,12.11,T2,2
34,4374311,지하상가사거리,학기,토요일,17,18.3,T3,19,11.76,T2,2
34,4374311,지하상가사거리,학기,일요일·공휴일,12,13.45,T3,10,8.76,T1,-2
34,4374311,지하상가사거리,학기,일요일·공휴일,13,14.52,T3,11,9.47,T2,-2
34,4374311,지하상가사거리,학기,일요일·공휴일,18,14.2,T3,20,11.62,T2,2
34,4374311,지하상가사거리,학기,일요일·공휴일,19,13.49,T3,21,9.06,T2,2
34,4374311,지하상가사거리,시험,평일,07,13.79,T3,08,12.46,T2,1
34,4374311,지하상가사거리,시험,평일,09,14.79,T3,08,12.46,T2,-1
34,4374311,지하상가사거리,시험,평일,10,15.18,T3,08,12.46,T2,-2
34,4374311,지하상가사거리,시험,평일,18,31.67,T3,20,7.36,T1,2
34,4374311,지하상가사거리,시험,평일,19,17.42,T3,20,7.36,T1,1
34,4374311,지하상가사거리,시험,토요일,08,13.38,T3,07,8.03,T1,-1
34,4374311,지하상가사거리,시험,토요일,09,13.78,T3,07,8.03,T1,-2
34,4374311,지하상가사거리,시험,토요일,16,17.11,T3,17,12.35,T2,1
34,4374311,지하상가사거리,시험,일요일·공휴일,12,16.48,T3,14,12.6,T2,2
34,4374311,지하상가사거리,시험,일요일·공휴일,13,16.06,T3,14,12.6,T2,1
34,4374311,지하상가사거리,시험,일요일·공휴일,15,18.09,T3,14,12.6,T2,-1
34,4374311,지하상가사거리,계절학기,평일,09,13.56,T3,08,9.85,T2,-1
34,4374311,지하상가사거리,계절학기,평일,10,14.61,T3,08,9.85,T2,-2
34,4374311,지하상가사거리,계절학기,평일,17,28.51,T3,19,8.05,T1,2
34,4374311,지하상가사거리,계절학기,평일,18,26.67,T3,20,6.59,T1,2
34,4374311,지하상가사거리,계절학기,토요일,12,17.0,T3,10,13.04,T2,-2
34,4374311,지하상가사거리,계절학기,토요일,17,16.53,T3,18,12.12,T2,1
34,4374311,지하상가사거리,계절학기,일요일·공휴일,12,13.46,T3,10,8.28,T1,-2
34,4374311,지하상가사거리,계절학기,일요일·공휴일,13,14.85,T3,14,10.72,T2,1
34,4374311,지하상가사거리,계절학기,일요일·공휴일,15,15.85,T3,14,10.72,T2,-1
34,4374311,지하상가사거리,방학,평일,08,13.45,T3,07,7.16,T1,-1
34,4374311,지하상가사거리,방학,평일,09,15.43,T3,07,7.16,T1,-2
34,4374311,지하상가사거리,방학,평일,17,23.94,T3,19,10.55,T2,2
34,4374311,지하상가사거리,방학,평일,18,18.87,T3,20,9.11,T2,2
34,4374311,지하상가사거리,방학,토요일,11,16.93,T3,10,11.99,T2,-1
34,4374311,지하상가사거리,방학,토요일,12,19.97,T3,10,11.99,T2,-2
34,4374311,지하상가사거리,방학,토요일,16,16.02,T3,18,12.87,T2,2
34,4374311,지하상가사거리,방학,토요일,17,15.85,T3,19,9.02,T1,2
34,4374311,지하상가사거리,방학,일요일·공휴일,12,15.39,T3,11,10.82,T2,-1
34,4374311,지하상가사거리,방학,일요일·공휴일,13,17.37,T3,11,10.82,T2,-2
34,4374311,지하상가사거리,방학,일요일·공휴일,17,16.18,T3,19,8.72,T1,2
34,4374311,지하상가사거리,방학,일요일·공휴일,18,17.29,T3,20,8.64,T1,2
34,4374441,도영쇼핑,학기,평일,17,30.95,T3,19,6.25,T1,2
34,4374441,도영쇼핑,학기,평일,18,19.59,T3,19,6.25,T1,1
34,4374441,도영쇼핑,학기,토요일,07,13.3,T3,06,11.75,T2,-1
34,4374441,도영쇼핑,학기,토요일,08,16.5,T3,06,11.75,T2,-2
34,4374441,도영쇼핑,학기,토요일,16,17.38,T3,18,10.22,T2,2
34,4374441,도영쇼핑,학기,토요일,17,17.14,T3,19,8.9,T1,2
34,4374441,도영쇼핑,학기,일요일·공휴일,09,14.64,T3,08,7.94,T1,-1
34,4374441,도영쇼핑,학기,일요일·공휴일,10,13.85,T3,08,7.94,T1,-2
34,4374441,도영쇼핑,학기,일요일·공휴일,11,14.8,T3,13,12.49,T2,2
34,4374441,도영쇼핑,학기,일요일·공휴일,12,15.74,T3,13,12.49,T2,1
34,4374441,도영쇼핑,학기,일요일·공휴일,14,16.72,T3,13,12.49,T2,-1
34,4374441,도영쇼핑,학기,일요일·공휴일,15,15.12,T3,13,12.49,T2,-2
34,4374441,도영쇼핑,학기,일요일·공휴일,16,17.29,T3,18,13.12,T2,2
34,4374441,도영쇼핑,학기,일요일·공휴일,17,13.7,T3,19,9.67,T2,2
34,4374441,도영쇼핑,시험,평일,17,17.24,T3,19,9.37,T2,2
34,4374441,도영쇼핑,시험,평일,18,21.37,T3,20,5.44,T1,2
34,4374441,도영쇼핑,시험,토요일,08,14.04,T3,07,8.03,T1,-1
34,4374441,도영쇼핑,시험,토요일,10,19.16,T3,09,13.11,T2,-1
34,4374441,도영쇼핑,시험,토요일,18,13.68,T3,19,8.67,T1,1
34,4374441,도영쇼핑,시험,일요일·공휴일,09,18.43,T3,07,6.64,T1,-2
34,4374441,도영쇼핑,시험,일요일·공휴일,10,14.92,T3,08,9.21,T2,-2
34,4374441,도영쇼핑,시험,일요일·공휴일,12,17.82,T3,14,13.01,T2,2
34,4374441,도영쇼핑,시험,일요일·공휴일,13,16.39,T3,14,13.01,T2,1
34,4374441,도영쇼핑,계절학기,평일,17,19.16,T3,19,7.08,T1,2
34,4374441,도영쇼핑,계절학기,평일,18,13.44,T3,19,7.08,T1,1
34,4374441,도영쇼핑,계절학기,토요일,10,15.04,T3,09,8.56,T1,-1
34,4374441,도영쇼핑,계절학기,토요일,11,21.05,T3,09,8.56,T1,-2
34,4374441,도영쇼핑,계절학기,토요일,13,16.58,T3,12,12.33,T2,-1
34,4374441,도영쇼핑,계절학기,토요일,14,23.13,T3,16,10.07,T2,2
34,4374441,도영쇼핑,계절학기,토요일,15,21.81,T3,16,10.07,T2,1
34,4374441,도영쇼핑,계절학기,토요일,17,14.89,T3,19,6.09,T1,2
34,4374441,도영쇼핑,계절학기,일요일·공휴일,11,13.4,T3,10,10.59,T2,-1
34,4374441,도영쇼핑,계절학기,일요일·공휴일,12,16.21,T3,14,8.89,T1,2
34,4374441,도영쇼핑,계절학기,일요일·공휴일,15,14.02,T3,14,8.89,T1,-1
34,4374441,도영쇼핑,방학,평일,16,30.73,T3,18,12.87,T2,2
34,4374441,도영쇼핑,방학,평일,17,15.0,T3,19,7.82,T1,2
34,4374441,도영쇼핑,방학,토요일,09,14.55,T3,07,10.58,T2,-2
34,4374441,도영쇼핑,방학,토요일,10,18.84,T3,08,11.5,T2,-2
34,4374441,도영쇼핑,방학,토요일,11,23.94,T3,13,13.06,T2,2
34,4374441,도영쇼핑,방학,토요일,12,17.37,T3,13,13.06,T2,1
34,4374441,도영쇼핑,방학,토요일,14,16.36,T3,15,11.57,T2,1
34,4374441,도영쇼핑,방학,토요일,16,14.11,T3,15,11.57,T2,-1
34,4374441,도영쇼핑,방학,토요일,17,14.53,T3,19,6.58,T1,2
34,4374441,도영쇼핑,방학,토요일,18,14.17,T3,19,6.58,T1,1
34,4374441,도영쇼핑,방학,일요일·공휴일,09,15.02,T3,07,6.52,T1,-2
34,4374441,도영쇼핑,방학,일요일·공휴일,10,14.17,T3,08,7.91,T1,-2
34,4374441,도영쇼핑,방학,일요일·공휴일,13,14.92,T3,15,12.36,T2,2
34,4374441,도영쇼핑,방학,일요일·공휴일,14,13.55,T3,15,12.36,T2,1
34,4374661,롯데아파트,학기,평일,08,13.82,T3,09,6.79,T1,1
34,4374661,롯데아파트,학기,평일,16,14.9,T3,14,8.61,T1,-2
34,4374661,롯데아파트,학기,평일,18,14.81,T3,20,6.9,T1,2
34,4374661,롯데아파트,학기,토요일,11,16.8,T3,09,9.61,T2,-2
34,4374661,롯데아파트,학기,토요일,12,13.66,T3,13,11.62,T2,1
34,4374661,롯데아파트,학기,일요일·공휴일,16,17.35,T3,14,8.53,T1,-2
34,4374661,롯데아파트,학기,일요일·공휴일,18,14.6,T3,20,10.43,T2,2
34,4374661,롯데아파트,시험,평일,10,14.47,T3,09,10.8,T2,-1
34,4374661,롯데아파트,시험,평일,11,14.63,T3,09,10.8,T2,-2
34,4374661,롯데아파트,시험,평일,12,15.43,T3,13,12.81,T2,1
34,4374661,롯데아파트,시험,평일,14,14.0,T3,13,12.81,T2,-1
34,4374661,롯데아파트,시험,평일,15,16.18,T3,13,12.81,T2,-2
34,4374661,롯데아파트,시험,평일,16,18.16,T3,17,12.99,T2,1
34,4374661,롯데아파트,시험,평일,18,17.46,T3,20,6.82,T1,2
34,4374661,롯데아파트,시험,토요일,16,13.78,T3,18,12.18,T2,2
34,4374661,롯데아파트,시험,일요일·공휴일,09,14.27,T3,08,9.21,T2,-1
34,4374661,롯데아파트,시험,일요일·공휴일,19,15.47,T3,18,12.74,T2,-1
34,4374661,롯데아파트,계절학기,평일,13,14.76,T3,14,10.46,T2,1
34,4374661,롯데아파트,계절학기,평일,15,13.74,T3,14,10.46,T2,-1
34,4374661,롯데아파트,계절학기,평일,16,17.65,T3,14,10.46,T2,-2
34,4374661,롯데아파트,계절학기,평일,17,14.95,T3,19,7.87,T1,2
34,4374661,롯데아파트,계절학기,토요일,14,17.98,T3,16,9.5,T2,2
34,4374661,롯데아파트,계절학기,토요일,15,17.74,T3,16,9.5,T2,1
34,4374661,롯데아파트,계절학기,토요일,17,13.62,T3,19,4.92,T1,2
34,4374661,롯데아파트,계절학기,일요일·공휴일,15,15.16,T3,14,7.53,T1,-1
34,4374661,롯데아파트,방학,평일,12,15.43,T3,13,11.2,T2,1
34,4374661,롯데아파트,방학,평일,15,13.98,T3,13,11.2,T2,-2
34,4374661,롯데아파트,방학,평일,16,14.82,T3,14,11.26,T2,-2
34,4374661,롯데아파트,방학,평일,17,13.34,T3,19,7.72,T1,2
34,4374661,롯데아파트,방학,토요일,13,13.34,T3,14,11.58,T2,1
34,4374661,롯데아파트,방학,토요일,15,14.59,T3,17,11.48,T2,2
34,4374671,단계현진아파트,학기,평일,16,14.39,T3,14,8.48,T1,-2
34,4374671,단계현진아파트,학기,평일,17,13.33,T3,19,8.11,T1,2
34,4374671,단계현진아파트,학기,토요일,11,17.29,T3,13,11.56,T2,2
34,4374671,단계현진아파트,학기,토요일,12,13.53,T3,13,11.56,T2,1
34,4374671,단계현진아파트,학기,일요일·공휴일,16,17.9,T3,17,10.52,T2,1
34,4374671,단계현진아파트,학기,일요일·공휴일,18,14.22,T3,19,9.49,T2,1
34,4374671,단계현진아파트,시험,평일,13,13.22,T3,12,13.13,T2,-1
34,4374671,단계현진아파트,시험,평일,14,13.75,T3,12,13.13,T2,-2
34,4374671,단계현진아파트,시험,평일,17,14.77,T3,19,10.85,T2,2
34,4374671,단계현진아파트,시험,평일,18,14.97,T3,20,6.08,T1,2
34,4374671,단계현진아파트,시험,토요일,15,14.53,T3,17,10.93,T2,2
34,4374671,단계현진아파트,시험,일요일·공휴일,12,15.4,T3,10,9.75,T2,-2
34,4374671,단계현진아파트,시험,일요일·공휴일,15,13.26,T3,14,10.35,T2,-1
34,4374671,단계현진아파트,시험,일요일·공휴일,19,14.22,T3,21,10.29,T2,2
34,4374671,단계현진아파트,계절학기,평일,12,13.79,T3,11,9.04,T2,-1
34,4374671,단계현진아파트,계절학기,평일,13,14.26,T3,11,9.04,T2,-2
34,4374671,단계현진아파트,계절학기,평일,15,13.45,T3,14,9.78,T2,-1
34,4374671,단계현진아파트,계절학기,평일,16,17.04,T3,14,9.78,T2,-2
34,4374671,단계현진아파트,계절학기,평일,17,16.62,T3,19,5.62,T1,2
34,4374671,단계현진아파트,계절학기,토요일,11,15.23,T3,10,11.88,T2,-1
34,4374671,단계현진아파트,계절학기,토요일,14,16.7,T3,13,12.59,T2,-1
34,4374671,단계현진아파트,계절학기,토요일,15,18.1,T3,13,12.59,T2,-2
34,4374671,단계현진아파트,계절학기,일요일·공휴일,15,15.51,T3,14,8.71,T1,-1
34,4374671,단계현진아파트,방학,평일,12,13.89,T3,11,8.63,T1,-1
34,4374671,단계현진아파트,방학,평일,15,14.86,T3,14,10.26,T2,-1
34,4374671,단계현진아파트,방학,평일,16,15.09,T3,14,10.26,T2,-2
34,4374671,단계현진아파트,방학,평일,18,13.63,T3,20,7.57,T1,2
34,4374671,단계현진아파트,방학,토요일,15,14.07,T3,17,10.18,T2,2
34,4374751,롯데아파트,학기,평일,08,17.34,T3,06,8.88,T1,-2
34,4374751,롯데아파트,학기,평일,09,17.19,T3,07,9.34,T2,-2
34,4374751,롯데아파트,학기,평일,10,14.49,T3,11,12.82,T2,1
34,4374751,롯데아파트,학기,평일,12,17.98,T3,11,12.82,T2,-1
34,4374751,롯데아파트,학기,평일,13,15.94,T3,11,12.82,T2,-2
34,4374751,롯데아파트,학기,평일,16,23.98,T3,18,12.45,T2,2
34,4374751,롯데아파트,학기,평일,17,16.92,T3,19,7.55,T1,2
34,4374751,롯데아파트,학기,토요일,09,16.1,T3,07,8.7,T1,-2
34,4374751,롯데아파트,학기,토요일,10,13.48,T3,08,12.23,T2,-2
34,4374751,롯데아파트,학기,토요일,13,15.33,T3,15,10.62,T2,2
34,4374751,롯데아파트,학기,토요일,14,16.04,T3,15,10.62,T2,1
34,4374751,롯데아파트,학기,일요일·공휴일,13,13.43,T3,11,8.24,T1,-2
34,4374751,롯데아파트,학기,일요일·공휴일,14,14.48,T3,12,11.75,T2,-2
34,4374751,롯데아파트,학기,일요일·공휴일,15,14.89,T3,17,8.95,T1,2
34,4374751,롯데아파트,학기,일요일·공휴일,16,13.53,T3,17,8.95,T1,1
34,4374751,롯데아파트,시험,평일,08,15.66,T3,07,11.21,T2,-1
34,4374751,롯데아파트,시험,평일,09,17.55,T3,07,11.21,T2,-2
34,4374751,롯데아파트,시험,평일,18,17.78,T3,20,5.92,T1,2
34,4374751,롯데아파트,시험,토요일,10,15.16,T3,08,12.21,T2,-2
34,4374751,롯데아파트,계절학기,평일,08,13.65,T3,07,11.8,T2,-1
34,4374751,롯데아파트,계절학기,평일,09,15.62,T3,07,11.8,T2,-2
34,4374751,롯데아파트,계절학기,평일,10,13.97,T3,11,12.29,T2,1
34,4374751,롯데아파트,계절학기,평일,12,15.55,T3,11,12.29,T2,-1
34,4374751,롯데아파트,계절학기,평일,13,18.17,T3,11,12.29,T2,-2
34,4374751,롯데아파트,계절학기,평일,16,16.32,T3,18,12.49,T2,2
34,4374751,롯데아파트,계절학기,평일,17,17.29,T3,19,5.99,T1,2
34,4374751,롯데아파트,계절학기,토요일,14,19.06,T3,16,10.71,T2,2
34,4374751,롯데아파트,계절학기,일요일·공휴일,12,13.52,T3,10,9.37,T2,-2
34,4374751,롯데아파트,계절학기,일요일·공휴일,15,14.68,T3,14,9.38,T2,-1
34,4374751,롯데아파트,방학,평일,08,14.53,T3,06,7.91,T1,-2
34,4374751,롯데아파트,방학,평일,09,15.23,T3,07,12.44,T2,-2
34,4374751,롯데아파트,방학,평일,13,16.35,T3,15,12.41,T2,2
34,4374751,롯데아파트,방학,평일,14,15.02,T3,15,12.41,T2,1
34,4374751,롯데아파트,방학,평일,16,13.47,T3,18,10.47,T2,2
34,4374751,롯데아파트,방학,평일,17,14.44,T3,19,7.15,T1,2
34,4374751,롯데아파트,방학,토요일,11,22.04,T3,10,10.99,T2,-1
34,4374751,롯데아파트,방학,토요일,12,16.33,T3,10,10.99,T2,-2
34,4374751,롯데아파트,방학,토요일,14,16.09,T3,13,11.88,T2,-1
34,4374751,롯데아파트,방학,토요일,16,13.36,T3,17,11.3,T2,1
34,4374751,롯데아파트,방학,일요일·공휴일,13,15.52,T3,15,11.03,T2,2
34,4374751,롯데아파트,방학,일요일·공휴일,14,16.35,T3,16,10.53,T2,2
34,4375211,청구아파트,학기,평일,08,15.97,T3,07,9.89,T2,-1
34,4375211,청구아파트,학기,평일,09,23.64,T3,07,9.89,T2,-2
34,4375211,청구아파트,학기,토요일,10,15.14,T3,08,7.7,T1,-2
34,4375211,청구아파트,학기,토요일,13,13.29,T3,14,10.92,T2,1
34,4375211,청구아파트,학기,토요일,15,14.13,T3,14,10.92,T2,-1
34,4375211,청구아파트,학기,토요일,17,13.68,T3,18,8.6,T1,1
34,4375211,청구아파트,학기,일요일·공휴일,13,13.21,T3,11,8.14,T1,-2
34,4375211,청구아파트,학기,일요일·공휴일,16,22.01,T3,15,12.89,T2,-1
34,4375211,청구아파트,학기,일요일·공휴일,17,14.79,T3,15,12.89,T2,-2
34,4375211,청구아파트,시험,평일,08,15.7,T3,07,11.05,T2,-1
34,4375211,청구아파트,시험,평일,09,16.14,T3,07,11.05,T2,-2
34,4375211,청구아파트,시험,평일,17,16.77,T3,19,10.85,T2,2
34,4375211,청구아파트,시험,평일,18,16.97,T3,20,10.22,T2,2
34,4375211,청구아파트,시험,평일,21,17.72,T3,20,10.22,T2,-1
34,4375211,청구아파트,시험,토요일,08,13.71,T3,07,6.53,T1,-1
34,4375211,청구아파트,시험,토요일,11,17.69,T3,09,12.78,T2,-2
34,4375211,청구아파트,시험,일요일·공휴일,09,15.77,T3,08,11.04,T2,-1
34,4375211,청구아파트,시험,일요일·공휴일,15,13.59,T3,16,8.9,T1,1
34,4375211,청구아파트,시험,일요일·공휴일,17,13.48,T3,16,8.9,T1,-1
34,4375211,청구아파트,시험,일요일·공휴일,19,15.22,T3,18,13.07,T2,-1
34,4375211,청구아파트,계절학기,평일,08,15.79,T3,10,11.86,T2,2
34,4375211,청구아파트,계절학기,평일,12,19.73,T3,10,11.86,T2,-2
34,4375211,청구아파트,계절학기,평일,13,16.51,T3,11,12.71,T2,-2
34,4375211,청구아파트,계절학기,평일,17,21.23,T3,19,7.16,T1,2
34,4375211,청구아파트,계절학기,평일,18,14.67,T3,19,7.16,T1,1
34,4375211,청구아파트,계절학기,토요일,14,20.15,T3,16,10.33,T2,2
34,4375211,청구아파트,계절학기,토요일,17,16.39,T3,19,6.09,T1,2
34,4375211,청구아파트,방학,평일,10,13.68,T3,08,11.47,T2,-2
34,4375211,청구아파트,방학,평일,12,14.45,T3,11,12.59,T2,-1
34,4375211,청구아파트,방학,평일,13,13.76,T3,11,12.59,T2,-2
34,4375211,청구아파트,방학,평일,17,17.25,T3,19,8.07,T1,2
34,4375211,청구아파트,방학,평일,18,16.33,T3,20,7.46,T1,2
34,4375211,청구아파트,방학,토요일,11,14.7,T3,09,9.67,T2,-2
34,4375221,동보노빌리티입구,학기,평일,08,15.44,T3,07,7.1,T1,-1
34,4375221,동보노빌리티입구,학기,평일,09,25.68,T3,07,7.1,T1,-2
34,4375221,동보노빌리티입구,학기,평일,17,20.21,T3,19,12.29,T2,2
34,4375221,동보노빌리티입구,학기,평일,18,17.01,T3,19,12.29,T2,1
34,4375221,동보노빌리티입구,학기,평일,20,13.91,T3,19,12.29,T2,-1
34,4375221,동보노빌리티입구,학기,평일,21,16.13,T3,19,12.29,T2,-2
34,4375221,동보노빌리티입구,학기,토요일,09,14.44,T3,07,6.84,T1,-2
34,4375221,동보노빌리티입구,학기,토요일,10,16.1,T3,08,7.55,T1,-2
34,4375221,동보노빌리티입구,학기,토요일,12,13.57,T3,11,12.66,T2,-1
34,4375221,동보노빌리티입구,학기,토요일,14,13.9,T3,16,11.56,T2,2
34,4375221,동보노빌리티입구,학기,토요일,17,14.42,T3,19,8.81,T1,2
34,4375221,동보노빌리티입구,학기,일요일·공휴일,13,14.79,T3,11,9.76,T2,-2
34,4375221,동보노빌리티입구,학기,일요일·공휴일,15,15.0,T3,14,11.04,T2,-1
34,4375221,동보노빌리티입구,학기,일요일·공휴일,16,17.57,T3,14,11.04,T2,-2
34,4375221,동보노빌리티입구,학기,일요일·공휴일,18,14.55,T3,20,12.66,T2,2
34,4375221,동보노빌리티입구,학기,일요일·공휴일,19,18.77,T3,20,12.66,T2,1
34,4375221,동보노빌리티입구,학기,일요일·공휴일,21,18.04,T3,20,12.66,T2,-1
34,4375221,동보노빌리티입구,시험,평일,08,16.27,T3,07,11.31,T2,-1
34,4375221,동보노빌리티입구,시험,평일,09,15.05,T3,07,11.31,T2,-2
34,4375221,동보노빌리티입구,시험,평일,17,15.99,T3,19,13.11,T2,2
34,4375221,동보노빌리티입구,시험,평일,18,16.67,T3,20,10.22,T2,2
34,4375221,동보노빌리티입구,시험,평일,21,15.12,T3,20,10.22,T2,-1
34,4375221,동보노빌리티입구,시험,토요일,13,15.04,T3,15,11.69,T2,2
34,4375221,동보노빌리티입구,시험,일요일·공휴일,09,16.6,T3,10,11.59,T2,1
34,4375221,동보노빌리티입구,계절학기,평일,08,15.75,T3,10,12.37,T2,2
34,4375221,동보노빌리티입구,계절학기,평일,09,13.76,T3,10,12.37,T2,1
34,4375221,동보노빌리티입구,계절학기,평일,12,18.54,T3,10,12.37,T2,-2
34,4375221,동보노빌리티입구,계절학기,평일,13,16.92,T3,11,12.77,T2,-2
34,4375221,동보노빌리티입구,계절학기,평일,14,14.41,T3,15,12.91,T2,1
34,4375221,동보노빌리티입구,계절학기,평일,16,21.37,T3,15,12.91,T2,-1
34,4375221,동보노빌리티입구,계절학기,평일,17,21.3,T3,19,8.14,T1,2
34,4375221,동보노빌리티입구,계절학기,평일,18,13.34,T3,19,8.14,T1,1
34,4375221,동보노빌리티입구,계절학기,토요일,11,13.91,T3,10,10.38,T2,-1
34,4375221,동보노빌리티입구,계절학기,토요일,13,14.59,T3,12,11.0,T2,-1
34,4375221,동보노빌리티입구,계절학기,토요일,15,16.45,T3,16,10.33,T2,1
34,4375221,동보노빌리티입구,계절학기,토요일,17,15.53,T3,19,5.76,T1,2
34,4375221,동보노빌리티입구,방학,평일,10,14.3,T3,08,11.35,T2,-2
34,4375221,동보노빌리티입구,방학,평일,13,15.85,T3,12,12.15,T2,-1
34,4375221,동보노빌리티입구,방학,평일,14,13.89,T3,12,12.15,T2,-2
34,4375221,동보노빌리티입구,방학,평일,17,17.53,T3,19,8.53,T1,2
34,4375221,동보노빌리티입구,방학,평일,18,15.1,T3,20,6.78,T1,2
34,4375221,동보노빌리티입구,방학,토요일,12,15.78,T3,13,10.56,T2,1
34,4375221,동보노빌리티입구,방학,일요일·공휴일,16,13.28,T3,18,10.94,T2,2
34,4375231,오페라웨딩홀,학기,평일,08,16.94,T3,07,8.87,T1,-1
34,4375231,오페라웨딩홀,학기,평일,09,25.8,T3,07,8.87,T1,-2
34,4375231,오페라웨딩홀,학기,토요일,11,14.64,T3,13,11.96,T2,2
34,4375231,오페라웨딩홀,학기,토요일,12,14.91,T3,13,11.96,T2,1
34,4375231,오페라웨딩홀,학기,토요일,17,13.64,T3,19,9.69,T2,2
34,4375231,오페라웨딩홀,학기,일요일·공휴일,13,14.81,T3,11,8.19,T1,-2
34,4375231,오페라웨딩홀,학기,일요일·공휴일,14,17.19,T3,12,10.4,T2,-2
34,4375231,오페라웨딩홀,학기,일요일·공휴일,18,19.83,T3,20,10.51,T2,2
34,4375231,오페라웨딩홀,학기,일요일·공휴일,19,25.64,T3,20,10.51,T2,1
34,4375231,오페라웨딩홀,학기,일요일·공휴일,21,16.59,T3,20,10.51,T2,-1
34,4375231,오페라웨딩홀,시험,평일,08,15.23,T3,07,11.25,T2,-1
34,4375231,오페라웨딩홀,시험,평일,09,15.93,T3,07,11.25,T2,-2
34,4375231,오페라웨딩홀,시험,평일,17,17.05,T3,19,11.87,T2,2
34,4375231,오페라웨딩홀,시험,토요일,13,14.7,T3,15,12.03,T2,2
34,4375231,오페라웨딩홀,시험,일요일·공휴일,12,14.48,T3,10,12.09,T2,-2
34,4375231,오페라웨딩홀,계절학기,평일,08,16.75,T3,07,8.85,T1,-1
34,4375231,오페라웨딩홀,계절학기,평일,12,18.52,T3,11,10.55,T2,-1
34,4375231,오페라웨딩홀,계절학기,평일,13,17.15,T3,11,10.55,T2,-2
34,4375231,오페라웨딩홀,계절학기,평일,17,16.8,T3,19,8.7,T1,2
34,4375231,오페라웨딩홀,계절학기,평일,18,15.19,T3,19,8.7,T1,1
34,4375231,오페라웨딩홀,계절학기,일요일·공휴일,15,14.02,T3,14,7.88,T1,-1
34,4375231,오페라웨딩홀,방학,평일,13,14.47,T3,11,11.52,T2,-2
34,4375231,오페라웨딩홀,방학,평일,15,14.87,T3,14,12.85,T2,-1
34,4375231,오페라웨딩홀,방학,평일,16,17.63,T3,14,12.85,T2,-2
34,4375231,오페라웨딩홀,방학,평일,17,17.66,T3,19,8.0,T1,2
34,4375231,오페라웨딩홀,방학,평일,18,14.83,T3,20,7.77,T1,2
34,4375231,오페라웨딩홀,방학,토요일,11,14.55,T3,09,9.63,T2,-2
34,4375231,오페라웨딩홀,방학,토요일,13,14.68,T3,12,11.95,T2,-1
34,4375231,오페라웨딩홀,방학,토요일,16,13.36,T3,18,11.22,T2,2
34,4375231,오페라웨딩홀,방학,일요일·공휴일,17,14.67,T3,19,8.06,T1,2
34,4375241,남송,학기,평일,09,23.26,T3,07,7.03,T1,-2
34,4375241,남송,학기,평일,10,19.95,T3,08,13.01,T2,-2
34,4375241,남송,학기,평일,17,19.68,T3,19,12.52,T2,2
34,4375241,남송,학기,평일,18,18.06,T3,20,11.69,T2,2
34,4375241,남송,학기,평일,21,14.83,T3,20,11.69,T2,-1
34,4375241,남송,학기,토요일,10,17.63,T3,08,12.33,T2,-2
34,4375241,남송,학기,토요일,12,13.79,T3,14,12.57,T2,2
34,4375241,남송,학기,토요일,17,14.35,T3,18,11.15,T2,1
34,4375241,남송,학기,일요일·공휴일,15,16.29,T3,13,12.37,T2,-2
34,4375241,남송,시험,평일,09,14.8,T3,07,11.25,T2,-2
34,4375241,남송,시험,평일,10,16.55,T3,08,12.95,T2,-2
34,4375241,남송,계절학기,평일,08,15.34,T3,07,9.63,T2,-1
34,4375241,남송,계절학기,평일,12,15.81,T3,11,11.09,T2,-1
34,4375241,남송,계절학기,평일,13,15.51,T3,11,11.09,T2,-2
34,4375241,남송,계절학기,평일,16,21.11,T3,14,12.99,T2,-2
34,4375241,남송,계절학기,평일,18,15.07,T3,20,5.89,T1,2
34,4375241,남송,계절학기,토요일,14,17.27,T3,16,10.67,T2,2
34,4375241,남송,계절학기,토요일,15,17.62,T3,16,10.67,T2,1
34,4375241,남송,방학,평일,10,16.93,T3,08,10.38,T2,-2
34,4375241,남송,방학,평일,11,14.81,T3,09,12.86,T2,-2
34,4375241,남송,방학,토요일,13,13.63,T3,15,12.1,T2,2
34,4375241,남송,방학,토요일,14,13.93,T3,15,12.1,T2,1
34,4375241,남송,방학,일요일·공휴일,14,13.46,T3,13,8.62,T1,-1
34,4375261,아랫거리,학기,평일,08,15.04,T3,07,8.54,T1,-1
34,4375261,아랫거리,학기,평일,09,24.89,T3,07,8.54,T1,-2
34,4375261,아랫거리,학기,평일,17,17.68,T3,19,12.75,T2,2
34,4375261,아랫거리,학기,평일,18,18.06,T3,20,11.41,T2,2
34,4375261,아랫거리,학기,토요일,11,14.91,T3,09,12.16,T2,-2
34,4375261,아랫거리,학기,토요일,13,13.39,T3,15,12.97,T2,2
34,4375261,아랫거리,학기,토요일,14,16.0,T3,15,12.97,T2,1
34,4375261,아랫거리,학기,일요일·공휴일,16,15.31,T3,17,12.78,T2,1
34,4375261,아랫거리,학기,일요일·공휴일,18,17.37,T3,17,12.78,T2,-1
34,4375261,아랫거리,시험,평일,17,14.49,T3,19,11.42,T2,2
34,4375261,아랫거리,계절학기,평일,12,19.71,T3,14,12.32,T2,2
34,4375261,아랫거리,계절학기,평일,16,16.78,T3,14,12.32,T2,-2
34,4375261,아랫거리,계절학기,평일,17,16.6,T3,19,7.49,T1,2
34,4375261,아랫거리,계절학기,평일,18,14.74,T3,19,7.49,T1,1
34,4375261,아랫거리,방학,평일,10,15.76,T3,09,13.09,T2,-1
34,4375261,아랫거리,방학,평일,11,16.11,T3,09,13.09,T2,-2
34,4375261,아랫거리,방학,평일,12,19.22,T3,14,12.17,T2,2
34,4375261,아랫거리,방학,평일,13,17.37,T3,14,12.17,T2,1
34,4375261,아랫거리,방학,평일,16,16.97,T3,14,12.17,T2,-2
34,4375261,아랫거리,방학,평일,17,17.62,T3,19,6.0,T1,2
34,4375261,아랫거리,방학,일요일·공휴일,17,13.81,T3,16,10.9,T2,-1
34,4375271,거장아파트,학기,평일,08,17.21,T3,07,8.44,T1,-1
34,4375271,거장아파트,학기,평일,09,24.71,T3,07,8.44,T1,-2
34,4375271,거장아파트,학기,평일,17,18.11,T3,19,12.61,T2,2
34,4375271,거장아파트,학기,평일,18,16.53,T3,19,12.61,T2,1
34,4375271,거장아파트,학기,평일,21,14.49,T3,19,12.61,T2,-2
34,4375271,거장아파트,학기,토요일,08,16.25,T3,07,5.57,T1,-1
34,4375271,거장아파트,학기,토요일,17,13.45,T3,19,8.22,T1,2
34,4375271,거장아파트,학기,일요일·공휴일,15,13.62,T3,14,10.87,T2,-1
34,4375271,거장아파트,학기,일요일·공휴일,16,21.14,T3,14,10.87,T2,-2
34,4375271,거장아파트,학기,일요일·공휴일,18,17.03,T3,20,13.07,T2,2
34,4375271,거장아파트,학기,일요일·공휴일,19,24.04,T3,20,13.07,T2,1
34,4375271,거장아파트,학기,일요일·공휴일,21,19.5,T3,20,13.07,T2,-1
34,4375271,거장아파트,시험,평일,08,15.59,T3,07,10.72,T2,-1
34,4375271,거장아파트,시험,평일,09,16.44,T3,07,10.72,T2,-2
34,4375271,거장아파트,시험,평일,12,17.06,T3,14,11.61,T2,2
34,4375271,거장아파트,시험,평일,13,15.13,T3,14,11.61,T2,1
34,4375271,거장아파트,시험,평일,15,16.71,T3,14,11.61,T2,-1
34,4375271,거장아파트,시험,평일,16,23.87,T3,14,11.61,T2,-2
34,4375271,거장아파트,시험,평일,17,15.82,T3,19,10.35,T2,2
34,4375271,거장아파트,시험,평일,18,17.28,T3,20,8.85,T1,2
34,4375271,거장아파트,시험,평일,21,14.46,T3,20,8.85,T1,-1
34,4375271,거장아파트,시험,토요일,10,15.49,T3,09,11.95,T2,-1
34,4375271,거장아파트,시험,토요일,11,16.35,T3,09,11.95,T2,-2
34,4375271,거장아파트,시험,토요일,14,15.4,T3,15,11.19,T2,1
34,4375271,거장아파트,시험,일요일·공휴일,12,13.65,T3,10,11.25,T2,-2
34,4375271,거장아파트,계절학기,평일,08,16.3,T3,07,7.32,T1,-1
34,4375271,거장아파트,계절학기,평일,12,15.1,T3,11,11.08,T2,-1
34,4375271,거장아파트,계절학기,평일,13,15.08,T3,11,11.08,T2,-2
34,4375271,거장아파트,계절학기,평일,16,16.9,T3,18,12.03,T2,2
34,4375271,거장아파트,계절학기,평일,17,19.21,T3,19,7.24,T1,2
34,4375271,거장아파트,계절학기,토요일,11,13.48,T3,12,11.14,T2,1
34,4375271,거장아파트,계절학기,토요일,13,13.42,T3,12,11.14,T2,-1
34,4375271,거장아파트,계절학기,토요일,14,18.31,T3,16,10.0,T2,2
34,4375271,거장아파트,계절학기,토요일,15,16.78,T3,16,10.0,T2,1
34,4375271,거장아파트,계절학기,토요일,17,13.28,T3,16,10.0,T2,-1
34,4375271,거장아파트,방학,평일,08,13.4,T3,07,6.95,T1,-1
34,4375271,거장아파트,방학,평일,13,14.74,T3,11,11.14,T2,-2
34,4375271,거장아파트,방학,평일,15,14.92,T3,14,11.82,T2,-1
34,4375271,거장아파트,방학,평일,16,13.32,T3,14,11.82,T2,-2
34,4375271,거장아파트,방학,평일,17,16.19,T3,19,6.98,T1,2
34,4375281,서곡삼거리,학기,평일,09,22.5,T3,07,9.86,T2,-2
34,4375281,서곡삼거리,학기,평일,17,18.48,T3,19,10.98,T2,2
34,4375281,서곡삼거리,학기,평일,18,15.42,T3,20,8.35,T1,2
34,4375281,서곡삼거리,학기,토요일,11,15.49,T3,13,11.8,T2,2
34,4375281,서곡삼거리,학기,토요일,15,13.3,T3,16,10.68,T2,1
34,4375281,서곡삼거리,학기,일요일·공휴일,15,15.67,T3,13,12.47,T2,-2
34,4375281,서곡삼거리,학기,일요일·공휴일,18,18.0,T3,19,12.4,T2,1
34,4375281,서곡삼거리,시험,평일,21,13.52,T3,19,9.85,T2,-2
34,4375281,서곡삼거리,계절학기,평일,08,13.34,T3,10,11.88,T2,2
34,4375281,서곡삼거리,계절학기,평일,12,15.95,T3,10,11.88,T2,-2
34,4375281,서곡삼거리,계절학기,평일,13,13.72,T3,11,11.92,T2,-2
34,4375281,서곡삼거리,계절학기,평일,16,19.08,T3,14,11.99,T2,-2
34,4375281,서곡삼거리,방학,평일,09,15.08,T3,07,10.42,T2,-2
34,4375281,서곡삼거리,방학,평일,12,17.59,T3,11,12.79,T2,-1
34,4375281,서곡삼거리,방학,평일,13,15.54,T3,11,12.79,T2,-2
34,4375281,서곡삼거리,방학,평일,16,14.47,T3,18,12.57,T2,2
34,4375281,서곡삼거리,방학,평일,17,17.16,T3,19,7.15,T1,2
34,4375281,서곡삼거리,방학,토요일,11,14.22,T3,13,12.51,T2,2
34,4375291,국립강릉원주대학교,학기,평일,08,16.62,T3,07,7.25,T1,-1
34,4375291,국립강릉원주대학교,학기,평일,09,21.53,T3,07,7.25,T1,-2
34,4375291,국립강릉원주대학교,학기,평일,10,19.33,T3,11,12.11,T2,1
34,4375291,국립강릉원주대학교,학기,평일,12,17.59,T3,11,12.11,T2,-1
34,4375291,국립강릉원주대학교,학기,평일,13,16.59,T3,11,12.11,T2,-2
34,4375291,국립강릉원주대학교,학기,평일,17,18.47,T3,19,10.7,T2,2
34,4375291,국립강릉원주대학교,학기,평일,18,16.76,T3,19,10.7,T2,1
34,4375291,국립강릉원주대학교,학기,평일,20,13.92,T3,22,5.25,T1,2
34,4375291,국립강릉원주대학교,학기,토요일,14,14.43,T3,16,8.7,T1,2
34,4375291,국립강릉원주대학교,학기,토요일,15,13.97,T3,16,8.7,T1,1
34,4375291,국립강릉원주대학교,학기,토요일,17,13.97,T3,19,7.64,T1,2
34,4375291,국립강릉원주대학교,학기,일요일·공휴일,13,14.03,T3,11,7.46,T1,-2
34,4375291,국립강릉원주대학교,학기,일요일·공휴일,16,19.51,T3,14,12.56,T2,-2
34,4375291,국립강릉원주대학교,학기,일요일·공휴일,17,13.57,T3,15,13.13,T2,-2
34,4375291,국립강릉원주대학교,학기,일요일·공휴일,18,16.45,T3,20,8.57,T1,2
34,4375291,국립강릉원주대학교,학기,일요일·공휴일,19,20.92,T3,20,8.57,T1,1
34,4375291,국립강릉원주대학교,학기,일요일·공휴일,21,13.24,T3,22,6.5,T1,1
34,4375291,국립강릉원주대학교,시험,평일,09,15.14,T3,07,9.64,T2,-2
34,4375291,국립강릉원주대학교,시험,평일,10,14.76,T3,08,12.85,T2,-2
34,4375291,국립강릉원주대학교,시험,평일,12,17.23,T3,14,13.05,T2,2
34,4375291,국립강릉원주대학교,시험,평일,13,15.17,T3,14,13.05,T2,1
34,4375291,국립강릉원주대학교,시험,평일,15,14.25,T3,14,13.05,T2,-1
34,4375291,국립강릉원주대학교,시험,평일,16,19.71,T3,14,13.05,T2,-2
34,4375291,국립강릉원주대학교,시험,평일,17,14.74,T3,19,10.99,T2,2
34,4375291,국립강릉원주대학교,시험,일요일·공휴일,19,14.55,T3,21,10.29,T2,2
34,4375291,국립강릉원주대학교,계절학기,평일,08,15.12,T3,07,9.97,T2,-1
34,4375291,국립강릉원주대학교,계절학기,평일,12,16.14,T3,14,11.36,T2,2
34,4375291,국립강릉원주대학교,계절학기,평일,15,13.32,T3,14,11.36,T2,-1
34,4375291,국립강릉원주대학교,계절학기,평일,16,16.04,T3,14,11.36,T2,-2
34,4375291,국립강릉원주대학교,계절학기,토요일,11,15.73,T3,09,6.05,T1,-2
34,4375291,국립강릉원주대학교,계절학기,토요일,17,15.78,T3,18,10.29,T2,1
34,4375291,국립강릉원주대학교,방학,평일,15,14.86,T3,14,11.87,T2,-1
34,4375291,국립강릉원주대학교,방학,평일,17,13.49,T3,19,7.15,T1,2
34,4375291,국립강릉원주대학교,방학,토요일,12,14.78,T3,13,11.01,T2,1
34,4375291,국립강릉원주대학교,방학,일요일·공휴일,16,13.46,T3,15,10.15,T2,-1
34,4375291,국립강릉원주대학교,방학,일요일·공휴일,17,14.44,T3,15,10.15,T2,-2
34,4375291,국립강릉원주대학교,방학,일요일·공휴일,18,14.69,T3,19,11.65,T2,1
34,4375301,육민관중.고등학교,학기,평일,09,15.41,T3,07,3.02,T1,-2
34,4375301,육민관중.고등학교,학기,평일,10,19.85,T3,11,11.38,T2,1
34,4375301,육민관중.고등학교,학기,평일,13,14.96,T3,11,11.38,T2,-2
34,4375301,육민관중.고등학교,학기,평일,15,14.98,T3,14,11.61,T2,-1
34,4375301,육민관중.고등학교,학기,평일,16,17.7,T3,14,11.61,T2,-2
34,4375301,육민관중.고등학교,학기,평일,17,19.18,T3,19,9.78,T2,2
34,4375301,육민관중.고등학교,학기,평일,18,16.55,T3,19,9.78,T2,1
34,4375301,육민관중.고등학교,학기,토요일,10,13.85,T3,11,9.4,T2,1
34,4375301,육민관중.고등학교,학기,토요일,13,13.96,T3,11,9.4,T2,-2
34,4375301,육민관중.고등학교,학기,일요일·공휴일,15,16.33,T3,14,9.92,T2,-1
34,4375301,육민관중.고등학교,학기,일요일·공휴일,16,16.82,T3,14,9.92,T2,-2
34,4375301,육민관중.고등학교,시험,평일,08,14.2,T3,07,8.4,T1,-1
34,4375301,육민관중.고등학교,시험,평일,10,17.23,T3,09,12.89,T2,-1
34,4375301,육민관중.고등학교,시험,평일,11,15.66,T3,09,12.89,T2,-2
34,4375301,육민관중.고등학교,시험,평일,12,14.45,T3,14,12.39,T2,2
34,4375301,육민관중.고등학교,시험,평일,15,15.85,T3,14,12.39,T2,-1
34,4375301,육민관중.고등학교,시험,평일,16,22.14,T3,14,12.39,T2,-2
34,4375301,육민관중.고등학교,시험,평일,17,16.24,T3,19,8.56,T1,2
34,4375301,육민관중.고등학교,시험,토요일,11,15.69,T3,09,11.61,T2,-2
34,4375301,육민관중.고등학교,시험,일요일·공휴일,12,13.32,T3,10,10.59,T2,-2
34,4375301,육민관중.고등학교,시험,일요일·공휴일,19,14.22,T3,18,12.41,T2,-1
34,4375301,육민관중.고등학교,계절학기,평일,08,15.52,T3,07,5.32,T1,-1
34,4375301,육민관중.고등학교,계절학기,평일,12,15.26,T3,11,10.84,T2,-1
34,4375301,육민관중.고등학교,계절학기,평일,13,14.71,T3,11,10.84,T2,-2
34,4375301,육민관중.고등학교,계절학기,평일,16,14.54,T3,15,12.7,T2,-1
34,4375301,육민관중.고등학교,계절학기,평일,17,19.07,T3,19,6.82,T1,2
34,4375301,육민관중.고등학교,계절학기,평일,18,13.9,T3,20,6.72,T1,2
34,4375301,육민관중.고등학교,계절학기,토요일,11,15.23,T3,09,6.72,T1,-2
34,4375301,육민관중.고등학교,계절학기,토요일,14,17.65,T3,16,9.5,T2,2
34,4375301,육민관중.고등학교,계절학기,토요일,15,17.62,T3,16,9.5,T2,1
34,4375301,육민관중.고등학교,계절학기,토요일,17,13.62,T3,16,9.5,T2,-1
34,4375301,육민관중.고등학교,방학,평일,15,13.29,T3,13,11.75,T2,-2
34,4375301,육민관중.고등학교,방학,평일,17,17.45,T3,19,8.11,T1,2
34,4375301,육민관중.고등학교,방학,평일,18,13.34,T3,19,8.11,T1,1
34,4375351,흥업사거리,학기,평일,17,28.2,T3,19,8.14,T1,2
34,4375351,흥업사거리,학기,평일,18,17.06,T3,19,8.14,T1,1
34,4375351,흥업사거리,학기,평일,21,16.12,T3,19,8.14,T1,-2
34,4375351,흥업사거리,학기,토요일,08,14.25,T3,07,9.36,T2,-1
34,4375351,흥업사거리,학기,토요일,09,14.55,T3,07,9.36,T2,-2
34,4375351,흥업사거리,학기,토요일,10,17.99,T3,12,12.75,T2,2
34,4375351,흥업사거리,학기,토요일,11,18.85,T3,12,12.75,T2,1
34,4375351,흥업사거리,학기,토요일,13,15.39,T3,15,12.25,T2,2
34,4375351,흥업사거리,학기,토요일,14,14.0,T3,16,11.75,T2,2
34,4375351,흥업사거리,학기,일요일·공휴일,14,13.59,T3,12,11.6,T2,-2
34,4375351,흥업사거리,학기,일요일·공휴일,15,15.22,T3,17,8.14,T1,2
34,4375351,흥업사거리,학기,일요일·공휴일,16,13.92,T3,17,8.14,T1,1
34,4375351,흥업사거리,시험,평일,17,19.74,T3,19,8.75,T1,2
34,4375351,흥업사거리,시험,평일,18,23.67,T3,20,6.69,T1,2
34,4375351,흥업사거리,시험,토요일,10,17.66,T3,09,11.28,T2,-1
34,4375351,흥업사거리,시험,토요일,11,16.35,T3,09,11.28,T2,-2
34,4375351,흥업사거리,시험,토요일,12,14.88,T3,14,12.9,T2,2
34,4375351,흥업사거리,시험,토요일,13,13.54,T3,15,12.03,T2,2
34,4375351,흥업사거리,시험,토요일,16,13.78,T3,17,10.68,T2,1
34,4375351,흥업사거리,시험,일요일·공휴일,09,15.77,T3,10,12.75,T2,1
34,4375351,흥업사거리,시험,일요일·공휴일,11,14.68,T3,10,12.75,T2,-1
34,4375351,흥업사거리,시험,일요일·공휴일,12,16.9,T3,14,10.01,T2,2
34,4375351,흥업사거리,시험,일요일·공휴일,13,13.64,T3,14,10.01,T2,1
34,4375351,흥업사거리,시험,일요일·공휴일,15,14.42,T3,14,10.01,T2,-1
34,4375351,흥업사거리,계절학기,평일,06,13.35,T3,07,13.14,T2,1
34,4375351,흥업사거리,계절학기,평일,08,15.12,T3,07,13.14,T2,-1
34,4375351,흥업사거리,계절학기,평일,09,17.36,T3,07,13.14,T2,-2
34,4375351,흥업사거리,계절학기,평일,16,21.5,T3,18,11.68,T2,2
34,4375351,흥업사거리,계절학기,평일,17,18.37,T3,19,5.16,T1,2
34,4375351,흥업사거리,계절학기,토요일,11,17.48,T3,09,8.33,T1,-2
34,4375351,흥업사거리,계절학기,토요일,14,17.98,T3,16,9.75,T2,2
34,4375351,흥업사거리,계절학기,토요일,15,19.81,T3,16,9.75,T2,1
34,4375351,흥업사거리,계절학기,토요일,17,14.53,T3,19,5.09,T1,2
34,4375351,흥업사거리,계절학기,일요일·공휴일,12,15.77,T3,14,6.78,T1,2
34,4375351,흥업사거리,방학,평일,07,13.76,T3,06,11.59,T2,-1
34,4375351,흥업사거리,방학,평일,08,18.21,T3,06,11.59,T2,-2
34,4375351,흥업사거리,방학,평일,12,16.08,T3,14,12.32,T2,2
34,4375351,흥업사거리,방학,평일,13,15.68,T3,14,12.32,T2,1
34,4375351,흥업사거리,방학,평일,15,15.57,T3,17,12.26,T2,2
34,4375351,흥업사거리,방학,평일,16,18.39,T3,18,11.64,T2,2
34,4375351,흥업사거리,방학,토요일,11,17.93,T3,13,11.71,T2,2
34,4375351,흥업사거리,방학,일요일·공휴일,12,13.42,T3,13,11.72,T2,1
34,4375601,흥업사거리,학기,평일,10,14.76,T3,11,7.16,T1,1
34,4375601,흥업사거리,학기,평일,17,13.72,T3,19,7.24,T1,2
34,4375601,흥업사거리,학기,평일,18,17.03,T3,19,7.24,T1,1
34,4375601,흥업사거리,학기,일요일·공휴일,16,14.43,T3,14,8.19,T1,-2
34,4375601,흥업사거리,학기,일요일·공휴일,19,17.7,T3,17,12.31,T2,-2
34,4375601,흥업사거리,학기,일요일·공휴일,20,13.43,T3,22,7.14,T1,2
34,4375601,흥업사거리,학기,일요일·공휴일,21,15.23,T3,22,7.14,T1,1
34,4375601,흥업사거리,시험,평일,10,16.1,T3,09,10.99,T2,-1
34,4375601,흥업사거리,시험,평일,16,18.44,T3,14,11.03,T2,-2
34,4375601,흥업사거리,시험,토요일,11,15.44,T3,09,11.03,T2,-2
34,4375601,흥업사거리,시험,토요일,13,14.04,T3,15,10.53,T2,2
34,4375601,흥업사거리,시험,토요일,14,13.4,T3,15,10.53,T2,1
34,4375601,흥업사거리,시험,일요일·공휴일,09,14.68,T3,08,9.21,T2,-1
34,4375601,흥업사거리,시험,일요일·공휴일,11,13.76,T3,10,9.42,T2,-1
34,4375601,흥업사거리,시험,일요일·공휴일,17,13.98,T3,16,9.73,T2,-1
34,4375601,흥업사거리,시험,일요일·공휴일,19,14.22,T3,20,10.32,T2,1
34,4375601,흥업사거리,시험,일요일·공휴일,21,13.29,T3,20,10.32,T2,-1
34,4375601,흥업사거리,계절학기,평일,08,13.41,T3,09,7.56,T1,1
34,4375601,흥업사거리,계절학기,평일,17,15.65,T3,19,6.26,T1,2
34,4375601,흥업사거리,계절학기,토요일,14,16.7,T3,16,8.64,T1,2
34,4375601,흥업사거리,계절학기,토요일,15,16.78,T3,16,8.64,T1,1
34,4375601,흥업사거리,계절학기,토요일,17,13.53,T3,19,4.92,T1,2
34,4375621,국립강릉원주대학교,학기,평일,17,42.5,T3,19,9.96,T2,2
34,4375621,국립강릉원주대학교,학기,평일,18,21.46,T3,19,9.96,T2,1
34,4375621,국립강릉원주대학교,학기,평일,20,13.43,T3,19,9.96,T2,-1
34,4375621,국립강릉원주대학교,학기,평일,21,19.73,T3,19,9.96,T2,-2
34,4375621,국립강릉원주대학교,학기,토요일,08,13.5,T3,07,7.93,T1,-1
34,4375621,국립강릉원주대학교,학기,토요일,09,14.12,T3,07,7.93,T1,-2
34,4375621,국립강릉원주대학교,학기,토요일,14,15.3,T3,16,12.06,T2,2
34,4375621,국립강릉원주대학교,학기,토요일,15,13.85,T3,16,12.06,T2,1
34,4375621,국립강릉원주대학교,학기,일요일·공휴일,13,14.1,T3,12,9.6,T2,-1
34,4375621,국립강릉원주대학교,학기,일요일·공휴일,15,15.33,T3,17,9.71,T2,2
34,4375621,국립강릉원주대학교,학기,일요일·공휴일,16,15.02,T3,17,9.71,T2,1
34,4375621,국립강릉원주대학교,학기,일요일·공휴일,21,13.26,T3,19,6.86,T1,-2
34,4375621,국립강릉원주대학교,시험,평일,08,16.23,T3,07,13.07,T2,-1
34,4375621,국립강릉원주대학교,시험,평일,09,14.92,T3,07,13.07,T2,-2
34,4375621,국립강릉원주대학교,시험,평일,17,22.38,T3,19,10.42,T2,2
34,4375621,국립강릉원주대학교,시험,평일,18,26.46,T3,20,7.85,T1,2
34,4375621,국립강릉원주대학교,시험,토요일,12,16.88,T3,13,12.87,T2,1
34,4375621,국립강릉원주대학교,계절학기,평일,08,17.86,T3,07,12.44,T2,-1
34,4375621,국립강릉원주대학교,계절학기,평일,09,14.65,T3,07,12.44,T2,-2
34,4375621,국립강릉원주대학교,계절학기,평일,17,20.06,T3,19,6.82,T1,2
34,4375621,국립강릉원주대학교,계절학기,평일,18,13.95,T3,19,6.82,T1,1
34,4375621,국립강릉원주대학교,방학,평일,15,18.78,T3,17,13.11,T2,2
34,4375621,국립강릉원주대학교,방학,평일,16,20.36,T3,17,13.11,T2,1
34,4375621,국립강릉원주대학교,방학,평일,18,16.23,T3,19,7.6,T1,1
34,4375621,국립강릉원주대학교,방학,토요일,14,13.45,T3,15,11.53,T2,1
34,4375621,국립강릉원주대학교,방학,일요일·공휴일,12,17.9,T3,13,10.65,T2,1
34,4375621,국립강릉원주대학교,방학,일요일·공휴일,14,14.54,T3,13,10.65,T2,-1
34,4375631,국립강릉원주대학교,학기,평일,17,41.71,T3,19,11.36,T2,2
34,4375631,국립강릉원주대학교,학기,평일,18,23.54,T3,19,11.36,T2,1
34,4375631,국립강릉원주대학교,학기,평일,20,14.85,T3,19,11.36,T2,-1
34,4375631,국립강릉원주대학교,학기,평일,21,14.01,T3,19,11.36,T2,-2
34,4375631,국립강릉원주대학교,학기,토요일,08,14.89,T3,07,10.1,T2,-1
34,4375631,국립강릉원주대학교,학기,토요일,09,15.02,T3,07,10.1,T2,-2
34,4375631,국립강릉원주대학교,학기,토요일,13,14.6,T3,15,12.48,T2,2
34,4375631,국립강릉원주대학교,학기,토요일,14,14.43,T3,15,12.48,T2,1
34,4375631,국립강릉원주대학교,학기,토요일,16,14.19,T3,18,11.77,T2,2
34,4375631,국립강릉원주대학교,학기,토요일,17,13.83,T3,19,7.73,T1,2
34,4375631,국립강릉원주대학교,학기,일요일·공휴일,12,13.6,T3,11,8.52,T1,-1
34,4375631,국립강릉원주대학교,학기,일요일·공휴일,13,15.07,T3,11,8.52,T1,-2
34,4375631,국립강릉원주대학교,학기,일요일·공휴일,15,15.29,T3,17,11.28,T2,2
34,4375631,국립강릉원주대학교,학기,일요일·공휴일,16,17.22,T3,17,11.28,T2,1
34,4375631,국립강릉원주대학교,학기,일요일·공휴일,21,13.59,T3,19,10.05,T2,-2
34,4375631,국립강릉원주대학교,시험,평일,08,16.62,T3,09,12.24,T2,1
34,4375631,국립강릉원주대학교,시험,평일,10,16.64,T3,09,12.24,T2,-1
34,4375631,국립강릉원주대학교,시험,평일,11,22.55,T3,09,12.24,T2,-2
34,4375631,국립강릉원주대학교,시험,평일,18,27.71,T3,20,7.42,T1,2
34,4375631,국립강릉원주대학교,계절학기,평일,06,13.98,T3,07,9.97,T2,1
34,4375631,국립강릉원주대학교,계절학기,평일,08,16.17,T3,07,9.97,T2,-1
34,4375631,국립강릉원주대학교,계절학기,평일,09,14.52,T3,07,9.97,T2,-2
34,4375631,국립강릉원주대학교,계절학기,평일,17,17.95,T3,19,6.42,T1,2
34,4375631,국립강릉원주대학교,계절학기,평일,18,16.24,T3,19,6.42,T1,1
34,4375631,국립강릉원주대학교,방학,평일,06,14.42,T3,07,11.79,T2,1
34,4375631,국립강릉원주대학교,방학,평일,08,19.29,T3,07,11.79,T2,-1
34,4375631,국립강릉원주대학교,방학,평일,09,16.57,T3,07,11.79,T2,-2
34,4375631,국립강릉원주대학교,방학,평일,17,14.09,T3,19,7.5,T1,2
34,4375631,국립강릉원주대학교,방학,평일,18,15.28,T3,19,7.5,T1,1
34,4375631,국립강릉원주대학교,방학,일요일·공휴일,12,13.87,T3,11,11.49,T2,-1
34,4375651,거장아파트,학기,평일,17,40.74,T3,19,8.98,T1,2
34,4375651,거장아파트,학기,평일,18,21.21,T3,19,8.98,T1,1
34,4375651,거장아파트,학기,평일,20,13.44,T3,19,8.98,T1,-1
34,4375651,거장아파트,학기,평일,21,16.54,T3,19,8.98,T1,-2
34,4375651,거장아파트,학기,토요일,08,15.44,T3,06,9.33,T2,-2
34,4375651,거장아파트,학기,토요일,09,16.09,T3,07,10.32,T2,-2
34,4375651,거장아파트,학기,토요일,15,14.28,T3,17,12.73,T2,2
34,4375651,거장아파트,학기,토요일,16,14.21,T3,18,11.05,T2,2
34,4375651,거장아파트,학기,일요일·공휴일,12,14.39,T3,10,10.23,T2,-2
34,4375651,거장아파트,학기,일요일·공휴일,13,17.56,T3,11,11.47,T2,-2
34,4375651,거장아파트,학기,일요일·공휴일,15,15.88,T3,17,10.06,T2,2
34,4375651,거장아파트,학기,일요일·공휴일,16,17.6,T3,17,10.06,T2,1
34,4375651,거장아파트,시험,평일,18,27.46,T3,20,6.79,T1,2
34,4375651,거장아파트,시험,토요일,10,18.16,T3,09,11.95,T2,-1
34,4375651,거장아파트,시험,토요일,11,16.85,T3,09,11.95,T2,-2
34,4375651,거장아파트,시험,토요일,13,14.04,T3,15,11.69,T2,2
34,4375651,거장아파트,시험,일요일·공휴일,09,16.27,T3,08,11.54,T2,-1
34,4375651,거장아파트,계절학기,평일,06,15.79,T3,07,11.98,T2,1
34,4375651,거장아파트,계절학기,평일,08,16.02,T3,07,11.98,T2,-1
34,4375651,거장아파트,계절학기,평일,09,20.01,T3,07,11.98,T2,-2
34,4375651,거장아파트,계절학기,평일,17,17.33,T3,19,5.59,T1,2
34,4375651,거장아파트,계절학기,평일,18,15.58,T3,19,5.59,T1,1
34,4375651,거장아파트,계절학기,토요일,11,19.05,T3,09,9.05,T2,-2
34,4375651,거장아파트,계절학기,토요일,13,15.22,T3,12,13.0,T2,-1
34,4375651,거장아파트,계절학기,토요일,14,29.13,T3,16,12.5,T2,2
34,4375651,거장아파트,계절학기,토요일,15,21.39,T3,16,12.5,T2,1
34,4375651,거장아파트,계절학기,일요일·공휴일,12,15.09,T3,14,8.75,T1,2
34,4375651,거장아파트,방학,평일,07,15.07,T3,06,10.45,T2,-1
34,4375651,거장아파트,방학,평일,08,21.12,T3,06,10.45,T2,-2
34,4375651,거장아파트,방학,평일,17,13.81,T3,19,6.13,T1,2
34,4375651,거장아파트,방학,평일,18,15.49,T3,19,6.13,T1,1
34,4375651,거장아파트,방학,토요일,10,14.24,T3,08,9.07,T2,-2
34,4375651,거장아파트,방학,토요일,11,18.42,T3,13,11.19,T2,2
34,4375651,거장아파트,방학,토요일,14,15.29,T3,13,11.19,T2,-1
34,4375651,거장아파트,방학,일요일·공휴일,10,14.88,T3,08,9.22,T2,-2
34,4375651,거장아파트,방학,일요일·공휴일,12,15.7,T3,13,12.11,T2,1
34,4375651,거장아파트,방학,일요일·공휴일,14,14.27,T3,13,12.11,T2,-1
34,4375661,아랫거리,학기,평일,17,34.91,T3,19,7.95,T1,2
34,4375661,아랫거리,학기,평일,18,18.91,T3,19,7.95,T1,1
34,4375661,아랫거리,학기,평일,20,14.24,T3,19,7.95,T1,-1
34,4375661,아랫거리,학기,평일,21,15.01,T3,19,7.95,T1,-2
34,4375661,아랫거리,학기,토요일,08,13.71,T3,06,9.85,T2,-2
34,4375661,아랫거리,학기,토요일,09,17.41,T3,07,11.55,T2,-2
34,4375661,아랫거리,학기,토요일,17,14.3,T3,19,8.81,T1,2
34,4375661,아랫거리,학기,일요일·공휴일,12,13.3,T3,10,10.9,T2,-2
34,4375661,아랫거리,학기,일요일·공휴일,15,19.0,T3,17,11.28,T2,2
34,4375661,아랫거리,학기,일요일·공휴일,16,17.02,T3,17,11.28,T2,1
34,4375661,아랫거리,계절학기,평일,08,14.79,T3,07,11.1,T2,-1
34,4375661,아랫거리,계절학기,평일,09,20.01,T3,07,11.1,T2,-2
34,4375661,아랫거리,계절학기,평일,12,20.24,T3,14,13.16,T2,2
34,4375661,아랫거리,계절학기,평일,15,20.61,T3,14,13.16,T2,-1
34,4375661,아랫거리,계절학기,평일,16,21.61,T3,18,12.9,T2,2
34,4375661,아랫거리,방학,평일,07,15.12,T3,06,11.05,T2,-1
34,4375661,아랫거리,방학,평일,08,19.1,T3,06,11.05,T2,-2
34,4375661,아랫거리,방학,평일,17,14.42,T3,19,7.0,T1,2
34,4375661,아랫거리,방학,평일,18,14.07,T3,19,7.0,T1,1
34,4375661,아랫거리,방학,일요일·공휴일,13,13.37,T3,11,11.15,T2,-2
34,4375681,남송,학기,평일,17,34.13,T3,19,8.75,T1,2
34,4375681,남송,학기,평일,18,26.84,T3,19,8.75,T1,1
34,4375681,남송,학기,평일,21,16.81,T3,19,8.75,T1,-2
34,4375681,남송,학기,토요일,10,18.38,T3,08,12.33,T2,-2
34,4375681,남송,학기,토요일,17,14.64,T3,19,9.41,T2,2
34,4375681,남송,학기,일요일·공휴일,12,14.72,T3,11,9.46,T2,-1
34,4375681,남송,학기,일요일·공휴일,15,17.0,T3,14,11.06,T2,-1
34,4375681,남송,학기,일요일·공휴일,16,14.53,T3,14,11.06,T2,-2
34,4375681,남송,계절학기,평일,08,15.53,T3,07,10.22,T2,-1
34,4375681,남송,계절학기,평일,09,15.51,T3,07,10.22,T2,-2
34,4375681,남송,계절학기,평일,16,25.31,T3,18,12.2,T2,2
34,4375681,남송,계절학기,평일,17,18.1,T3,19,5.42,T1,2
34,4375681,남송,계절학기,토요일,11,17.56,T3,09,7.56,T1,-2
34,4375681,남송,계절학기,토요일,14,29.81,T3,12,11.0,T2,-2
34,4375681,남송,계절학기,일요일·공휴일,15,14.35,T3,17,8.47,T1,2
34,4375681,남송,방학,평일,17,13.88,T3,19,6.85,T1,2
34,4375681,남송,방학,평일,18,15.49,T3,19,6.85,T1,1
34,4375681,남송,방학,토요일,12,15.58,T3,13,11.68,T2,1
34,4375681,남송,방학,토요일,17,13.47,T3,19,7.61,T1,2
34,4375681,남송,방학,일요일·공휴일,12,20.4,T3,13,11.54,T2,1
34,4375681,남송,방학,일요일·공휴일,14,15.66,T3,16,10.88,T2,2
34,4375691,오페라웨딩홀,학기,평일,17,37.07,T3,19,9.22,T2,2
34,4375691,오페라웨딩홀,학기,평일,18,26.75,T3,19,9.22,T2,1
34,4375691,오페라웨딩홀,학기,평일,21,17.59,T3,19,9.22,T2,-2
34,4375691,오페라웨딩홀,학기,토요일,08,14.55,T3,06,7.25,T1,-2
34,4375691,오페라웨딩홀,학기,토요일,09,17.83,T3,07,9.7,T2,-2
34,4375691,오페라웨딩홀,학기,토요일,16,17.26,T3,18,9.23,T2,2
34,4375691,오페라웨딩홀,학기,토요일,17,17.19,T3,18,9.23,T2,1
34,4375691,오페라웨딩홀,학기,일요일·공휴일,12,13.8,T3,10,8.76,T1,-2
34,4375691,오페라웨딩홀,학기,일요일·공휴일,13,13.81,T3,11,9.85,T2,-2
34,4375691,오페라웨딩홀,학기,일요일·공휴일,15,17.0,T3,17,9.77,T2,2
34,4375691,오페라웨딩홀,학기,일요일·공휴일,16,13.88,T3,17,9.77,T2,1
34,4375691,오페라웨딩홀,학기,일요일·공휴일,18,13.73,T3,20,8.22,T1,2
34,4375691,오페라웨딩홀,시험,평일,18,28.1,T3,20,7.0,T1,2
34,4375691,오페라웨딩홀,시험,토요일,18,14.51,T3,17,11.93,T2,-1
34,4375691,오페라웨딩홀,시험,일요일·공휴일,09,15.77,T3,10,13.09,T2,1
34,4375691,오페라웨딩홀,계절학기,평일,06,13.53,T3,07,10.31,T2,1
34,4375691,오페라웨딩홀,계절학기,평일,08,15.94,T3,07,10.31,T2,-1
34,4375691,오페라웨딩홀,계절학기,평일,09,18.65,T3,07,10.31,T2,-2
34,4375691,오페라웨딩홀,계절학기,평일,17,17.59,T3,19,7.15,T1,2
34,4375691,오페라웨딩홀,계절학기,평일,18,14.03,T3,20,7.06,T1,2
34,4375691,오페라웨딩홀,계절학기,토요일,14,29.48,T3,16,12.17,T2,2
34,4375691,오페라웨딩홀,계절학기,토요일,15,20.62,T3,16,12.17,T2,1
34,4375691,오페라웨딩홀,계절학기,토요일,17,15.78,T3,18,10.67,T2,1
34,4375691,오페라웨딩홀,계절학기,일요일·공휴일,12,15.52,T3,10,7.04,T1,-2
34,4375691,오페라웨딩홀,계절학기,일요일·공휴일,15,13.52,T3,17,9.31,T2,2
34,4375691,오페라웨딩홀,방학,평일,07,15.6,T3,06,12.4,T2,-1
34,4375691,오페라웨딩홀,방학,평일,08,16.33,T3,06,12.4,T2,-2
34,4375691,오페라웨딩홀,방학,평일,15,17.5,T3,17,11.33,T2,2
34,4375691,오페라웨딩홀,방학,평일,16,19.43,T3,17,11.33,T2,1
34,4375691,오페라웨딩홀,방학,평일,18,17.37,T3,20,6.59,T1,2
34,4375691,오페라웨딩홀,방학,토요일,10,14.99,T3,08,9.09,T2,-2
34,4375691,오페라웨딩홀,방학,토요일,11,18.33,T3,09,12.51,T2,-2
34,4375691,오페라웨딩홀,방학,토요일,13,13.21,T3,15,11.28,T2,2
34,4375691,오페라웨딩홀,방학,토요일,14,13.52,T3,15,11.28,T2,1
34,4375691,오페라웨딩홀,방학,토요일,17,13.65,T3,19,6.54,T1,2
34,4375691,오페라웨딩홀,방학,토요일,18,13.62,T3,20,6.19,T1,2
34,4375691,오페라웨딩홀,방학,일요일·공휴일,11,14.66,T3,09,7.76,T1,-2
34,4375691,오페라웨딩홀,방학,일요일·공휴일,12,17.35,T3,13,11.7,T2,1
34,4375691,오페라웨딩홀,방학,일요일·공휴일,14,14.58,T3,13,11.7,T2,-1
34,4375691,오페라웨딩홀,방학,일요일·공휴일,18,13.88,T3,20,6.57,T1,2
34,4375701,청구아파트,학기,평일,17,36.99,T3,19,7.79,T1,2
34,4375701,청구아파트,학기,평일,18,27.75,T3,19,7.79,T1,1
34,4375701,청구아파트,학기,평일,21,14.64,T3,19,7.79,T1,-2
34,4375701,청구아파트,학기,토요일,08,15.06,T3,06,8.11,T1,-2
34,4375701,청구아파트,학기,토요일,09,18.74,T3,07,12.43,T2,-2
34,4375701,청구아파트,학기,토요일,16,15.56,T3,18,11.14,T2,2
34,4375701,청구아파트,학기,토요일,17,18.42,T3,19,9.1,T2,2
34,4375701,청구아파트,학기,일요일·공휴일,11,13.21,T3,10,11.59,T2,-1
34,4375701,청구아파트,학기,일요일·공휴일,12,14.36,T3,10,11.59,T2,-2
34,4375701,청구아파트,학기,일요일·공휴일,14,15.76,T3,13,12.99,T2,-1
34,4375701,청구아파트,학기,일요일·공휴일,15,17.93,T3,17,12.89,T2,2
34,4375701,청구아파트,학기,일요일·공휴일,16,16.61,T3,18,10.93,T2,2
34,4375701,청구아파트,시험,평일,17,21.93,T3,19,10.24,T2,2
34,4375701,청구아파트,시험,평일,18,22.72,T3,20,5.65,T1,2
34,4375701,청구아파트,시험,토요일,08,13.21,T3,06,11.44,T2,-2
34,4375701,청구아파트,시험,토요일,11,17.19,T3,13,12.54,T2,2
34,4375701,청구아파트,시험,토요일,12,16.05,T3,13,12.54,T2,1
34,4375701,청구아파트,시험,토요일,14,15.65,T3,15,12.03,T2,1
34,4375701,청구아파트,시험,토요일,16,13.94,T3,15,12.03,T2,-1
34,4375701,청구아파트,시험,토요일,18,14.01,T3,17,12.43,T2,-1
34,4375701,청구아파트,시험,일요일·공휴일,09,16.43,T3,07,6.31,T1,-2
34,4375701,청구아파트,시험,일요일·공휴일,12,17.23,T3,14,10.85,T2,2
34,4375701,청구아파트,시험,일요일·공휴일,13,14.89,T3,14,10.85,T2,1
34,4375701,청구아파트,시험,일요일·공휴일,15,14.42,T3,16,10.82,T2,1
34,4375701,청구아파트,계절학기,평일,06,15.35,T3,07,12.52,T2,1
34,4375701,청구아파트,계절학기,평일,08,17.69,T3,07,12.52,T2,-1
34,4375701,청구아파트,계절학기,평일,09,21.91,T3,07,12.52,T2,-2
34,4375701,청구아파트,계절학기,평일,17,18.77,T3,19,6.68,T1,2
34,4375701,청구아파트,계절학기,평일,18,13.99,T3,19,6.68,T1,1
34,4375701,청구아파트,계절학기,토요일,10,14.04,T3,08,9.76,T2,-2
34,4375701,청구아파트,계절학기,토요일,11,21.05,T3,12,12.64,T2,1
34,4375701,청구아파트,계절학기,토요일,13,15.26,T3,12,12.64,T2,-1
34,4375701,청구아파트,계절학기,토요일,14,26.55,T3,16,11.0,T2,2
34,4375701,청구아파트,계절학기,토요일,15,23.24,T3,16,11.0,T2,1
34,4375701,청구아파트,계절학기,토요일,17,15.1,T3,19,4.92,T1,2
34,4375701,청구아파트,계절학기,일요일·공휴일,12,15.44,T3,10,8.6,T1,-2
34,4375701,청구아파트,방학,평일,17,15.07,T3,19,7.19,T1,2
34,4375701,청구아파트,방학,평일,18,14.78,T3,20,5.12,T1,2
34,4375701,청구아파트,방학,토요일,09,14.01,T3,07,9.09,T2,-2
34,4375701,청구아파트,방학,토요일,10,14.88,T3,08,10.32,T2,-2
34,4375701,청구아파트,방학,토요일,13,14.61,T3,15,12.97,T2,2
34,4375701,청구아파트,방학,토요일,14,15.33,T3,16,12.74,T2,2
34,4375701,청구아파트,방학,토요일,17,14.73,T3,19,7.11,T1,2
34,4375701,청구아파트,방학,일요일·공휴일,10,14.53,T3,08,8.89,T1,-2
34,4375701,청구아파트,방학,일요일·공휴일,11,13.99,T3,09,10.77,T2,-2
34,4375701,청구아파트,방학,일요일·공휴일,12,16.17,T3,13,12.98,T2,1
34,4375701,청구아파트,방학,일요일·공휴일,14,16.38,T3,15,10.82,T2,1
34,4376451,꿈드림새마을금고,학기,평일,13,13.61,T3,11,9.46,T2,-2
34,4376451,꿈드림새마을금고,학기,평일,14,15.45,T3,12,12.78,T2,-2
34,4376451,꿈드림새마을금고,학기,평일,16,15.3,T3,18,11.29,T2,2
34,4376451,꿈드림새마을금고,학기,평일,17,15.36,T3,19,6.52,T1,2
34,4376451,꿈드림새마을금고,학기,토요일,09,14.01,T3,07,7.08,T1,-2
34,4376451,꿈드림새마을금고,학기,토요일,10,13.94,T3,08,10.63,T2,-2
34,4376451,꿈드림새마을금고,학기,토요일,11,16.12,T3,13,10.34,T2,2
34,4376451,꿈드림새마을금고,학기,토요일,12,14.21,T3,13,10.34,T2,1
34,4376451,꿈드림새마을금고,학기,토요일,14,15.54,T3,13,10.34,T2,-1
34,4376451,꿈드림새마을금고,학기,토요일,16,14.06,T3,17,10.1,T2,1
34,4376451,꿈드림새마을금고,학기,일요일·공휴일,18,14.39,T3,19,9.63,T2,1
34,4376451,꿈드림새마을금고,시험,평일,10,17.12,T3,09,12.14,T2,-1
34,4376451,꿈드림새마을금고,시험,평일,12,15.06,T3,11,13.1,T2,-1
34,4376451,꿈드림새마을금고,시험,평일,13,14.17,T3,11,13.1,T2,-2
34,4376451,꿈드림새마을금고,시험,평일,17,15.43,T3,19,8.71,T1,2
34,4376451,꿈드림새마을금고,시험,평일,18,16.84,T3,19,8.71,T1,1
34,4376451,꿈드림새마을금고,시험,일요일·공휴일,09,16.6,T3,08,10.04,T2,-1
34,4376451,꿈드림새마을금고,시험,일요일·공휴일,11,14.01,T3,10,11.25,T2,-1
34,4376451,꿈드림새마을금고,시험,일요일·공휴일,12,14.15,T3,10,11.25,T2,-2
34,4376451,꿈드림새마을금고,계절학기,평일,12,13.23,T3,11,11.39,T2,-1
34,4376451,꿈드림새마을금고,계절학기,평일,14,15.39,T3,15,11.24,T2,1
34,4376451,꿈드림새마을금고,계절학기,평일,16,15.04,T3,15,11.24,T2,-1
34,4376451,꿈드림새마을금고,계절학기,평일,17,15.56,T3,19,7.74,T1,2
34,4376451,꿈드림새마을금고,계절학기,토요일,12,13.66,T3,10,11.47,T2,-2
34,4376451,꿈드림새마을금고,계절학기,토요일,17,13.95,T3,19,5.26,T1,2
34,4376451,꿈드림새마을금고,방학,평일,13,13.49,T3,15,11.26,T2,2
34,4376451,꿈드림새마을금고,방학,토요일,11,16.33,T3,10,10.82,T2,-1
34,4376451,꿈드림새마을금고,방학,토요일,12,14.52,T3,10,10.82,T2,-2
34,4376451,꿈드림새마을금고,방학,토요일,14,14.51,T3,13,11.01,T2,-1
34,4376451,꿈드림새마을금고,방학,일요일·공휴일,13,14.36,T3,11,10.13,T2,-2
34,4376461,단계은행아파트,학기,평일,08,13.62,T3,06,6.1,T1,-2
34,4376461,단계은행아파트,학기,평일,12,14.26,T3,11,10.44,T2,-1
34,4376461,단계은행아파트,학기,평일,13,15.62,T3,11,10.44,T2,-2
34,4376461,단계은행아파트,학기,평일,16,17.31,T3,18,11.87,T2,2
34,4376461,단계은행아파트,학기,평일,17,16.43,T3,19,6.8,T1,2
34,4376461,단계은행아파트,학기,토요일,09,13.72,T3,07,7.54,T1,-2
34,4376461,단계은행아파트,학기,토요일,10,15.62,T3,08,11.08,T2,-2
34,4376461,단계은행아파트,학기,토요일,11,19.03,T3,13,10.79,T2,2
34,4376461,단계은행아파트,학기,토요일,12,14.75,T3,13,10.79,T2,1
34,4376461,단계은행아파트,학기,토요일,14,15.0,T3,13,10.79,T2,-1
34,4376461,단계은행아파트,학기,일요일·공휴일,13,13.62,T3,11,8.82,T1,-2
34,4376461,단계은행아파트,학기,일요일·공휴일,14,14.85,T3,15,9.92,T2,1
34,4376461,단계은행아파트,시험,평일,08,14.74,T3,06,11.02,T2,-2
34,4376461,단계은행아파트,시험,평일,09,19.99,T3,07,11.39,T2,-2
34,4376461,단계은행아파트,시험,평일,17,15.68,T3,19,10.66,T2,2
34,4376461,단계은행아파트,시험,평일,18,14.69,T3,20,7.36,T1,2
34,4376461,단계은행아파트,시험,토요일,10,14.83,T3,09,12.78,T2,-1
34,4376461,단계은행아파트,시험,토요일,13,13.2,T3,15,11.78,T2,2
34,4376461,단계은행아파트,시험,일요일·공휴일,09,16.93,T3,08,10.37,T2,-1
34,4376461,단계은행아파트,시험,일요일·공휴일,11,14.34,T3,10,11.09,T2,-1
34,4376461,단계은행아파트,시험,일요일·공휴일,12,14.82,T3,10,11.09,T2,-2
34,4376461,단계은행아파트,계절학기,평일,10,13.32,T3,09,12.24,T2,-1
34,4376461,단계은행아파트,계절학기,평일,12,13.71,T3,11,13.04,T2,-1
34,4376461,단계은행아파트,계절학기,평일,13,15.1,T3,11,13.04,T2,-2
34,4376461,단계은행아파트,계절학기,평일,16,17.5,T3,18,13.11,T2,2
34,4376461,단계은행아파트,계절학기,평일,17,15.05,T3,19,9.44,T2,2
34,4376461,단계은행아파트,계절학기,토요일,11,15.34,T3,10,11.47,T2,-1
34,4376461,단계은행아파트,계절학기,토요일,13,16.79,T3,12,12.42,T2,-1
34,4376461,단계은행아파트,방학,평일,10,13.26,T3,08,10.6,T2,-2
34,4376461,단계은행아파트,방학,평일,11,13.99,T3,09,13.08,T2,-2
34,4376461,단계은행아파트,방학,평일,12,15.78,T3,14,13.08,T2,2
34,4376461,단계은행아파트,방학,평일,13,14.32,T3,15,12.17,T2,2
34,4376461,단계은행아파트,방학,토요일,11,18.83,T3,10,9.89,T2,-1
34,4376461,단계은행아파트,방학,토요일,12,14.12,T3,10,9.89,T2,-2
34,4376461,단계은행아파트,방학,일요일·공휴일,09,13.85,T3,07,5.47,T1,-2
34,4376461,단계은행아파트,방학,일요일·공휴일,13,13.41,T3,12,11.01,T2,-1
34,4376491,보촌,학기,평일,08,15.07,T3,07,4.61,T1,-1
34,4376491,보촌,학기,평일,10,15.54,T3,11,7.26,T1,1
34,4376491,보촌,학기,평일,16,13.94,T3,14,8.75,T1,-2
34,4376491,보촌,학기,평일,17,13.2,T3,19,7.84,T1,2
34,4376491,보촌,학기,평일,18,14.03,T3,19,7.84,T1,1
34,4376491,보촌,학기,일요일·공휴일,16,13.94,T3,15,10.62,T2,-1
34,4376491,보촌,학기,일요일·공휴일,17,13.21,T3,15,10.62,T2,-2
34,4376491,보촌,학기,일요일·공휴일,18,14.77,T3,20,10.19,T2,2
34,4376491,보촌,학기,일요일·공휴일,19,15.79,T3,20,10.19,T2,1
34,4376491,보촌,학기,일요일·공휴일,21,19.07,T3,22,5.67,T1,1
34,4376491,보촌,시험,평일,08,14.02,T3,07,9.75,T2,-1
34,4376491,보촌,시험,평일,10,15.76,T3,09,10.74,T2,-1
34,4376491,보촌,시험,평일,14,13.57,T3,13,12.44,T2,-1
34,4376491,보촌,시험,평일,15,17.66,T3,17,10.84,T2,2
34,4376491,보촌,시험,평일,16,17.78,T3,17,10.84,T2,1
34,4376491,보촌,시험,토요일,12,13.21,T3,14,12.4,T2,2
34,4376491,보촌,시험,토요일,13,13.2,T3,15,10.86,T2,2
34,4376491,보촌,시험,일요일·공휴일,12,14.23,T3,14,10.01,T2,2
34,4376491,보촌,시험,일요일·공휴일,19,13.88,T3,20,9.49,T2,1
34,4376491,보촌,계절학기,평일,08,14.27,T3,07,7.48,T1,-1
34,4376491,보촌,계절학기,평일,16,16.37,T3,14,8.53,T1,-2
34,4376491,보촌,계절학기,평일,17,15.79,T3,19,5.65,T1,2
34,4376491,보촌,계절학기,토요일,11,13.2,T3,13,12.51,T2,2
34,4376491,보촌,계절학기,토요일,14,14.41,T3,16,9.14,T2,2
34,4376501,두산위브정문,학기,평일,08,15.66,T3,07,9.55,T2,-1
34,4376501,두산위브정문,학기,평일,09,13.32,T3,11,8.9,T1,2
34,4376501,두산위브정문,학기,평일,16,13.85,T3,14,8.25,T1,-2
34,4376501,두산위브정문,학기,평일,18,17.41,T3,20,6.61,T1,2
34,4376501,두산위브정문,학기,일요일·공휴일,18,13.89,T3,20,9.79,T2,2
34,4376501,두산위브정문,학기,일요일·공휴일,19,18.24,T3,20,9.79,T2,1
34,4376501,두산위브정문,시험,평일,15,17.33,T3,17,12.68,T2,2
34,4376501,두산위브정문,시험,평일,16,19.57,T3,17,12.68,T2,1
34,4376501,두산위브정문,시험,토요일,11,15.35,T3,09,10.78,T2,-2
34,4376501,두산위브정문,시험,일요일·공휴일,12,14.48,T3,10,10.09,T2,-2
34,4376501,두산위브정문,시험,일요일·공휴일,19,13.38,T3,18,11.24,T2,-1
34,4376501,두산위브정문,계절학기,평일,13,14.3,T3,14,6.88,T1,1
34,4376501,두산위브정문,계절학기,평일,17,13.88,T3,19,6.64,T1,2
34,4376501,두산위브정문,계절학기,토요일,14,18.31,T3,16,8.83,T1,2
34,4376501,두산위브정문,계절학기,토요일,15,16.12,T3,16,8.83,T1,1
34,4376501,두산위브정문,방학,평일,08,13.57,T3,10,9.93,T2,2
34,4376501,두산위브정문,방학,토요일,11,15.39,T3,13,8.72,T1,2
34,4376521,벌밤골,학기,평일,08,14.54,T3,07,9.55,T2,-1
34,4376521,벌밤골,학기,평일,10,15.59,T3,11,8.29,T1,1
34,4376521,벌밤골,학기,평일,15,14.95,T3,14,8.96,T1,-1
34,4376521,벌밤골,학기,평일,16,15.8,T3,14,8.96,T1,-2
34,4376521,벌밤골,학기,토요일,10,14.1,T3,08,10.17,T2,-2
34,4376521,벌밤골,학기,일요일·공휴일,15,13.33,T3,14,9.48,T2,-1
34,4376521,벌밤골,학기,일요일·공휴일,16,16.77,T3,14,9.48,T2,-2
34,4376521,벌밤골,학기,일요일·공휴일,18,13.21,T3,17,11.24,T2,-1
34,4376521,벌밤골,시험,평일,17,13.57,T3,19,8.49,T1,2
34,4376521,벌밤골,계절학기,평일,08,15.22,T3,07,8.11,T1,-1
34,4376521,벌밤골,계절학기,평일,13,14.01,T3,11,8.06,T1,-2
34,4376521,벌밤골,계절학기,평일,17,17.77,T3,19,5.85,T1,2
34,4376521,벌밤골,계절학기,토요일,14,17.65,T3,16,9.5,T2,2
34,4376521,벌밤골,방학,평일,08,14.67,T3,07,6.69,T1,-1
34,4376521,벌밤골,방학,토요일,12,13.28,T3,13,7.38,T1,1
34,4376531,무수막마을,학기,평일,09,13.4,T3,07,3.85,T1,-2
34,4376531,무수막마을,학기,평일,12,14.86,T3,11,8.34,T1,-1
34,4376531,무수막마을,학기,평일,16,16.7,T3,14,9.27,T2,-2
34,4376531,무수막마을,학기,평일,18,15.03,T3,19,5.68,T1,1
34,4376531,무수막마을,학기,토요일,11,14.07,T3,12,10.16,T2,1
34,4376531,무수막마을,학기,일요일·공휴일,16,14.19,T3,17,11.24,T2,1
34,4376531,무수막마을,학기,일요일·공휴일,19,16.92,T3,17,11.24,T2,-2
34,4376531,무수막마을,시험,평일,11,14.99,T3,09,10.88,T2,-2
34,4376531,무수막마을,시험,평일,12,16.34,T3,14,12.85,T2,2
34,4376531,무수막마을,시험,평일,13,14.65,T3,14,12.85,T2,1
34,4376531,무수막마을,시험,평일,16,18.16,T3,14,12.85,T2,-2
34,4376531,무수막마을,시험,토요일,10,13.99,T3,12,12.71,T2,2
34,4376531,무수막마을,시험,토요일,11,14.52,T3,13,12.04,T2,2
34,4376531,무수막마을,계절학기,평일,12,15.61,T3,14,9.24,T2,2
34,4376531,무수막마을,계절학기,평일,15,13.32,T3,14,9.24,T2,-1
34,4376531,무수막마을,계절학기,평일,16,15.07,T3,14,9.24,T2,-2
34,4376531,무수막마을,계절학기,평일,17,17.44,T3,19,5.85,T1,2
34,4376541,세동마을,학기,평일,08,14.42,T3,07,2.83,T1,-1
34,4376541,세동마을,학기,평일,09,13.37,T3,07,2.83,T1,-2
34,4376541,세동마을,학기,평일,10,16.87,T3,11,5.6,T1,1
34,4376541,세동마을,학기,일요일·공휴일,21,15.63,T3,22,5.14,T1,1
34,4376541,세동마을,시험,평일,10,17.14,T3,11,10.66,T2,1
34,4376541,세동마을,시험,평일,12,14.25,T3,11,10.66,T2,-1
34,4376541,세동마을,시험,평일,15,13.75,T3,14,11.25,T2,-1
34,4376541,세동마을,시험,평일,16,17.37,T3,14,11.25,T2,-2
34,4376541,세동마을,시험,평일,18,13.96,T3,20,5.08,T1,2
34,4376541,세동마을,시험,토요일,10,13.66,T3,09,10.45,T2,-1
34,4376541,세동마을,시험,일요일·공휴일,12,13.32,T3,13,11.56,T2,1
34,4376541,세동마을,계절학기,토요일,14,14.98,T3,16,7.57,T1,2
34,4376541,세동마을,계절학기,토요일,15,16.78,T3,16,7.57,T1,1
34,4376561,연세대스포츠센터,시험,평일,08,13.52,T3,07,8.19,T1,-1
34,4376561,연세대스포츠센터,시험,평일,10,14.23,T3,09,10.18,T2,-1
34,4376561,연세대스포츠센터,시험,평일,15,14.28,T3,17,9.27,T2,2
34,4376561,연세대스포츠센터,시험,평일,16,15.87,T3,17,9.27,T2,1
34,4376561,연세대스포츠센터,시험,평일,18,14.39,T3,20,4.69,T1,2
34,4376561,연세대스포츠센터,시험,토요일,11,14.35,T3,09,10.11,T2,-2
34,4376561,연세대스포츠센터,시험,일요일·공휴일,09,13.6,T3,10,9.75,T2,1
34,4376561,연세대스포츠센터,계절학기,토요일,14,16.48,T3,12,10.33,T2,-2
34,4376561,연세대스포츠센터,계절학기,토요일,15,16.45,T3,13,10.79,T2,-2
34,4376581,연세대복지타운,학기,평일,11,13.37,T3,09,6.51,T1,-2
34,4376581,연세대복지타운,학기,평일,12,17.28,T3,13,10.37,T2,1
34,4376581,연세대복지타운,학기,평일,15,13.46,T3,13,10.37,T2,-2
34,4376581,연세대복지타운,학기,평일,16,28.2,T3,14,11.87,T2,-2
34,4376581,연세대복지타운,학기,평일,17,24.58,T3,19,10.59,T2,2
34,4376581,연세대복지타운,시험,평일,10,14.93,T3,08,10.08,T2,-2
34,4376581,연세대복지타운,시험,평일,12,16.55,T3,13,11.65,T2,1
34,4376581,연세대복지타운,시험,평일,14,14.4,T3,13,11.65,T2,-1
34,4376581,연세대복지타운,시험,평일,15,20.14,T3,13,11.65,T2,-2
34,4376581,연세대복지타운,시험,평일,17,18.54,T3,19,9.31,T2,2
34,4376581,연세대복지타운,시험,평일,18,22.34,T3,20,6.59,T1,2
34,4376581,연세대복지타운,시험,일요일·공휴일,12,14.15,T3,10,9.75,T2,-2
34,4376581,연세대복지타운,계절학기,평일,12,14.82,T3,10,8.39,T1,-2
34,4376581,연세대복지타운,계절학기,평일,16,17.24,T3,14,9.36,T2,-2
34,4376581,연세대복지타운,계절학기,평일,17,13.97,T3,19,4.36,T1,2
34,4376581,연세대복지타운,계절학기,토요일,11,14.23,T3,09,7.06,T1,-2
34,4376581,연세대복지타운,계절학기,토요일,15,16.53,T3,16,9.5,T2,1
34,4376581,연세대복지타운,계절학기,일요일·공휴일,12,16.59,T3,10,6.32,T1,-2
34,4376581,연세대복지타운,방학,평일,09,13.43,T3,10,5.48,T1,1
34,4376581,연세대복지타운,방학,토요일,11,13.48,T3,10,9.99,T2,-1
34,4376591,연세대학교,학기,평일,10,15.89,T3,08,6.74,T1,-2
34,4376591,연세대학교,학기,평일,11,13.39,T3,09,8.25,T1,-2
34,4376591,연세대학교,학기,평일,12,18.68,T3,13,12.96,T2,1
34,4376591,연세대학교,학기,평일,14,13.41,T3,13,12.96,T2,-1
34,4376591,연세대학교,학기,평일,15,16.31,T3,13,12.96,T2,-2
34,4376591,연세대학교,학기,평일,17,26.42,T3,19,10.54,T2,2
34,4376591,연세대학교,학기,평일,18,13.51,T3,19,10.54,T2,1
34,4376591,연세대학교,학기,토요일,10,13.26,T3,08,9.88,T2,-2
34,4376591,연세대학교,학기,토요일,11,16.21,T3,13,11.51,T2,2
34,4376591,연세대학교,학기,토요일,12,16.04,T3,14,9.82,T2,2
34,4376591,연세대학교,시험,평일,10,16.64,T3,08,12.44,T2,-2
34,4376591,연세대학교,시험,평일,11,15.78,T3,13,12.67,T2,2
34,4376591,연세대학교,시험,평일,12,21.01,T3,13,12.67,T2,1
34,4376591,연세대학교,시험,평일,14,18.75,T3,13,12.67,T2,-1
34,4376591,연세대학교,시험,평일,15,18.33,T3,13,12.67,T2,-2
34,4376591,연세대학교,시험,평일,17,20.84,T3,19,9.74,T2,2
34,4376591,연세대학교,시험,평일,18,20.77,T3,20,6.59,T1,2
34,4376591,연세대학교,시험,토요일,11,14.52,T3,12,12.8,T2,1
34,4376591,연세대학교,시험,일요일·공휴일,09,13.93,T3,08,9.21,T2,-1
34,4376591,연세대학교,계절학기,평일,12,14.95,T3,11,7.95,T1,-1
34,4376591,연세대학교,계절학기,평일,16,20.04,T3,18,10.68,T2,2
34,4376591,연세대학교,계절학기,평일,17,15.52,T3,19,4.36,T1,2
34,4376591,연세대학교,계절학기,토요일,14,16.81,T3,16,10.67,T2,2
34,4376591,연세대학교,계절학기,토요일,15,18.78,T3,16,10.67,T2,1
34,4376591,연세대학교,방학,토요일,11,14.89,T3,10,9.27,T2,-1
34,4376601,세동,학기,평일,11,14.93,T3,09,9.2,T2,-2
34,4376601,세동,학기,평일,12,18.19,T3,10,11.92,T2,-2
34,4376601,세동,학기,평일,14,14.14,T3,13,11.99,T2,-1
34,4376601,세동,학기,평일,15,15.09,T3,13,11.99,T2,-2
34,4376601,세동,학기,평일,17,28.19,T3,19,9.75,T2,2
34,4376601,세동,학기,평일,18,15.2,T3,19,9.75,T2,1
34,4376601,세동,시험,평일,11,13.83,T3,09,11.77,T2,-2
34,4376601,세동,시험,평일,12,17.89,T3,10,12.68,T2,-2
34,4376601,세동,시험,평일,17,20.18,T3,19,9.16,T2,2
34,4376601,세동,시험,평일,18,26.53,T3,20,5.92,T1,2
34,4376601,세동,시험,토요일,11,15.69,T3,09,10.45,T2,-2
34,4376601,세동,시험,토요일,12,13.88,T3,13,12.29,T2,1
34,4376601,세동,시험,일요일·공휴일,09,15.1,T3,08,10.37,T2,-1
34,4376601,세동,시험,일요일·공휴일,11,13.68,T3,10,10.59,T2,-1
34,4376601,세동,시험,일요일·공휴일,12,18.48,T3,10,10.59,T2,-2
34,4376601,세동,시험,일요일·공휴일,15,13.26,T3,16,9.73,T2,1
34,4376601,세동,계절학기,평일,16,17.75,T3,14,10.12,T2,-2
34,4376601,세동,계절학기,평일,17,14.24,T3,19,5.14,T1,2
34,4376601,세동,계절학기,토요일,11,13.77,T3,09,7.89,T1,-2
34,4376601,세동,계절학기,토요일,15,18.28,T3,16,10.0,T2,1
34,4376601,세동,계절학기,토요일,17,13.32,T3,16,10.0,T2,-1
34,4376601,세동,계절학기,일요일·공휴일,12,14.27,T3,14,7.03,T1,2
34,4376611,무수막마을,학기,평일,10,14.77,T3,08,9.86,T2,-2
34,4376611,무수막마을,학기,평일,11,13.89,T3,09,11.16,T2,-2
34,4376611,무수막마을,학기,평일,12,19.45,T3,13,13.16,T2,1
34,4376611,무수막마을,학기,평일,14,15.79,T3,13,13.16,T2,-1
34,4376611,무수막마을,학기,평일,15,21.3,T3,13,13.16,T2,-2
34,4376611,무수막마을,학기,평일,17,25.16,T3,19,8.89,T1,2
34,4376611,무수막마을,학기,평일,18,15.64,T3,19,8.89,T1,1
34,4376611,무수막마을,학기,평일,20,14.14,T3,19,8.89,T1,-1
34,4376611,무수막마을,학기,토요일,09,13.52,T3,07,7.37,T1,-2
34,4376611,무수막마을,학기,토요일,10,13.83,T3,11,12.31,T2,1
34,4376611,무수막마을,계절학기,평일,10,13.79,T3,08,9.97,T2,-2
34,4376611,무수막마을,계절학기,평일,15,14.82,T3,13,11.91,T2,-2
34,4376611,무수막마을,계절학기,평일,16,20.58,T3,14,12.56,T2,-2
34,4376611,무수막마을,계절학기,토요일,17,13.62,T3,16,11.83,T2,-1
34,4376611,무수막마을,방학,평일,09,13.43,T3,07,7.25,T1,-2
34,4376611,무수막마을,방학,평일,15,14.91,T3,13,10.34,T2,-2
34,4376611,무수막마을,방학,평일,16,14.65,T3,17,12.42,T2,1
34,4376611,무수막마을,방학,평일,18,13.23,T3,19,6.72,T1,1
34,4376621,벌밤골,학기,평일,10,14.97,T3,08,10.39,T2,-2
34,4376621,벌밤골,학기,평일,11,15.81,T3,09,12.85,T2,-2
34,4376621,벌밤골,학기,평일,18,20.34,T3,20,9.83,T2,2
34,4376621,벌밤골,학기,토요일,10,14.26,T3,12,11.16,T2,2
34,4376621,벌밤골,학기,토요일,11,15.91,T3,12,11.16,T2,1
34,4376621,벌밤골,학기,토요일,13,15.2,T3,12,11.16,T2,-1
34,4376621,벌밤골,학기,토요일,14,13.5,T3,16,9.92,T2,2
34,4376621,벌밤골,학기,토요일,15,13.3,T3,16,9.92,T2,1
34,4376621,벌밤골,학기,일요일·공휴일,15,13.33,T3,14,11.76,T2,-1
34,4376621,벌밤골,학기,일요일·공휴일,16,15.13,T3,14,11.76,T2,-2
34,4376621,벌밤골,시험,평일,11,15.38,T3,09,12.74,T2,-2
34,4376621,벌밤골,시험,평일,17,18.4,T3,19,8.83,T1,2
34,4376621,벌밤골,계절학기,평일,12,13.77,T3,11,10.39,T2,-1
34,4376621,벌밤골,계절학기,평일,13,13.58,T3,11,10.39,T2,-2
34,4376621,벌밤골,계절학기,토요일,13,14.09,T3,12,10.66,T2,-1
34,4376621,벌밤골,방학,평일,13,15.02,T3,11,7.69,T1,-2
34,4376621,벌밤골,방학,평일,15,14.35,T3,14,11.22,T2,-1
34,4376621,벌밤골,방학,평일,16,13.39,T3,14,11.22,T2,-2
34,4376631,두산위브아파트,학기,평일,10,14.38,T3,09,11.39,T2,-1
34,4376631,두산위브아파트,학기,평일,11,16.09,T3,09,11.39,T2,-2
34,4376631,두산위브아파트,학기,평일,17,30.23,T3,19,8.3,T1,2
34,4376631,두산위브아파트,학기,평일,18,18.55,T3,19,8.3,T1,1
34,4376631,두산위브아파트,학기,토요일,11,14.38,T3,09,10.32,T2,-2
34,4376631,두산위브아파트,학기,토요일,12,13.33,T3,10,12.58,T2,-2
34,4376631,두산위브아파트,학기,토요일,13,13.22,T3,15,11.98,T2,2
34,4376631,두산위브아파트,학기,토요일,14,13.25,T3,16,9.72,T2,2
34,4376631,두산위브아파트,학기,일요일·공휴일,15,14.88,T3,17,11.67,T2,2
34,4376631,두산위브아파트,학기,일요일·공휴일,16,13.55,T3,17,11.67,T2,1
34,4376631,두산위브아파트,시험,평일,10,14.98,T3,08,11.63,T2,-2
34,4376631,두산위브아파트,시험,평일,11,17.43,T3,09,12.77,T2,-2
34,4376631,두산위브아파트,시험,평일,17,16.24,T3,19,10.62,T2,2
34,4376631,두산위브아파트,시험,일요일·공휴일,12,14.82,T3,10,10.09,T2,-2
34,4376631,두산위브아파트,계절학기,평일,10,14.33,T3,08,9.94,T2,-2
34,4376631,두산위브아파트,계절학기,평일,12,14.86,T3,11,11.9,T2,-1
34,4376631,두산위브아파트,계절학기,평일,13,14.15,T3,11,11.9,T2,-2
34,4376631,두산위브아파트,계절학기,평일,16,18.16,T3,18,11.35,T2,2
34,4376631,두산위브아파트,계절학기,평일,17,17.6,T3,19,5.65,T1,2
34,4376631,두산위브아파트,계절학기,토요일,11,16.39,T3,09,7.33,T1,-2
34,4376631,두산위브아파트,계절학기,토요일,13,14.17,T3,12,9.71,T2,-1
34,4376631,두산위브아파트,계절학기,토요일,14,16.48,T3,12,9.71,T2,-2
34,4376631,두산위브아파트,계절학기,토요일,15,18.96,T3,16,10.67,T2,1
34,4376631,두산위브아파트,계절학기,토요일,17,15.12,T3,16,10.67,T2,-1
34,4376631,두산위브아파트,계절학기,일요일·공휴일,12,17.19,T3,13,10.47,T2,1
34,4376631,두산위브아파트,방학,평일,16,14.97,T3,14,9.94,T2,-2
34,4376641,흥업지구대,학기,평일,07,16.51,T3,09,12.13,T2,2
34,4376641,흥업지구대,학기,평일,08,14.73,T3,09,12.13,T2,1
34,4376641,흥업지구대,학기,평일,10,16.12,T3,09,12.13,T2,-1
34,4376641,흥업지구대,학기,평일,11,15.62,T3,09,12.13,T2,-2
34,4376641,흥업지구대,학기,평일,17,28.28,T3,19,9.34,T2,2
34,4376641,흥업지구대,학기,평일,18,15.02,T3,19,9.34,T2,1
34,4376641,흥업지구대,학기,평일,21,13.88,T3,19,9.34,T2,-2
34,4376641,흥업지구대,학기,토요일,08,13.43,T3,06,7.22,T1,-2
34,4376641,흥업지구대,학기,토요일,10,13.57,T3,12,11.43,T2,2
34,4376641,흥업지구대,학기,토요일,11,17.1,T3,12,11.43,T2,1
34,4376641,흥업지구대,학기,토요일,13,14.01,T3,12,11.43,T2,-1
34,4376641,흥업지구대,학기,토요일,15,13.62,T3,16,9.8,T2,1
34,4376641,흥업지구대,학기,일요일·공휴일,15,15.08,T3,14,9.53,T2,-1
34,4376641,흥업지구대,학기,일요일·공휴일,16,13.24,T3,14,9.53,T2,-2
34,4376641,흥업지구대,시험,평일,06,13.42,T3,07,12.15,T2,1
34,4376641,흥업지구대,시험,평일,10,15.35,T3,09,12.06,T2,-1
34,4376641,흥업지구대,시험,평일,11,16.49,T3,09,12.06,T2,-2
34,4376641,흥업지구대,시험,평일,17,19.43,T3,19,10.33,T2,2
34,4376641,흥업지구대,시험,평일,18,18.28,T3,20,5.93,T1,2
34,4376641,흥업지구대,시험,토요일,10,16.33,T3,08,11.54,T2,-2
34,4376641,흥업지구대,시험,토요일,12,15.38,T3,13,12.79,T2,1
34,4376641,흥업지구대,시험,일요일·공휴일,09,15.43,T3,08,11.54,T2,-1
34,4376641,흥업지구대,시험,일요일·공휴일,11,14.68,T3,10,11.59,T2,-1
34,4376641,흥업지구대,시험,일요일·공휴일,12,16.82,T3,10,11.59,T2,-2
34,4376641,흥업지구대,시험,일요일·공휴일,15,13.92,T3,13,13.06,T2,-2
34,4376641,흥업지구대,계절학기,평일,09,14.14,T3,11,10.72,T2,2
34,4376641,흥업지구대,계절학기,평일,10,15.1,T3,11,10.72,T2,1
34,4376641,흥업지구대,계절학기,평일,12,15.29,T3,11,10.72,T2,-1
34,4376641,흥업지구대,계절학기,평일,13,14.54,T3,11,10.72,T2,-2
34,4376641,흥업지구대,계절학기,평일,16,20.22,T3,18,12.93,T2,2
34,4376641,흥업지구대,계절학기,평일,17,17.89,T3,19,4.59,T1,2
34,4376641,흥업지구대,계절학기,토요일,11,16.2,T3,09,8.56,T1,-2
34,4376641,흥업지구대,계절학기,토요일,14,16.81,T3,12,10.42,T2,-2
34,4376641,흥업지구대,계절학기,토요일,15,19.78,T3,16,11.0,T2,1
34,4376641,흥업지구대,계절학기,일요일·공휴일,12,14.19,T3,10,7.32,T1,-2
34,4376641,흥업지구대,방학,평일,08,13.24,T3,06,7.69,T1,-2
34,4376641,흥업지구대,방학,평일,16,16.78,T3,18,8.84,T1,2
34,4376641,흥업지구대,방학,토요일,11,14.53,T3,13,9.81,T2,2
34,4376691,단계은행아파트,학기,평일,16,13.39,T3,14,7.81,T1,-2
34,4376691,단계은행아파트,학기,토요일,11,15.29,T3,09,8.9,T1,-2
34,4376691,단계은행아파트,학기,일요일·공휴일,15,14.0,T3,14,7.49,T1,-1
34,4376691,단계은행아파트,학기,일요일·공휴일,16,16.22,T3,14,7.49,T1,-2
34,4376691,단계은행아파트,학기,일요일·공휴일,18,17.44,T3,17,8.63,T1,-1
34,4376691,단계은행아파트,학기,일요일·공휴일,21,14.09,T3,20,9.05,T2,-1
34,4376691,단계은행아파트,시험,평일,08,13.23,T3,07,9.39,T2,-1
34,4376691,단계은행아파트,시험,평일,11,15.41,T3,13,11.8,T2,2
34,4376691,단계은행아파트,시험,평일,15,14.37,T3,13,11.8,T2,-2
34,4376691,단계은행아파트,시험,평일,16,14.62,T3,14,12.11,T2,-2
34,4376691,단계은행아파트,시험,평일,17,13.74,T3,19,9.49,T2,2
34,4376691,단계은행아파트,시험,평일,18,15.96,T3,20,5.85,T1,2
34,4376691,단계은행아파트,시험,토요일,10,13.99,T3,12,12.38,T2,2
34,4376691,단계은행아파트,시험,토요일,16,14.28,T3,14,12.9,T2,-2
34,4376691,단계은행아파트,시험,토요일,20,15.1,T3,19,7.83,T1,-1
34,4376691,단계은행아파트,시험,일요일·공휴일,17,15.81,T3,15,12.67,T2,-2
34,4376691,단계은행아파트,계절학기,평일,16,14.9,T3,14,7.78,T1,-2
34,4376691,단계은행아파트,계절학기,토요일,14,17.55,T3,16,10.67,T2,2
34,4376691,단계은행아파트,계절학기,토요일,15,17.67,T3,16,10.67,T2,1
34,4376691,단계은행아파트,계절학기,토요일,17,16.62,T3,19,5.76,T1,2
34,4376691,단계은행아파트,방학,토요일,11,16.9,T3,12,10.19,T2,1
34,4376701,꿈드림새마을금고,학기,토요일,10,14.54,T3,12,10.63,T2,2
34,4376701,꿈드림새마을금고,학기,토요일,11,16.43,T3,12,10.63,T2,1
34,4376701,꿈드림새마을금고,학기,일요일·공휴일,16,16.46,T3,17,10.96,T2,1
34,4376701,꿈드림새마을금고,시험,평일,11,16.07,T3,09,8.77,T1,-2
34,4376701,꿈드림새마을금고,시험,평일,12,15.67,T3,14,12.14,T2,2
34,4376701,꿈드림새마을금고,시험,평일,13,14.42,T3,14,12.14,T2,1
34,4376701,꿈드림새마을금고,시험,평일,16,17.33,T3,14,12.14,T2,-2
34,4376701,꿈드림새마을금고,시험,평일,18,16.1,T3,20,7.17,T1,2
34,4376701,꿈드림새마을금고,시험,토요일,16,13.78,T3,17,10.43,T2,1
34,4376701,꿈드림새마을금고,시험,일요일·공휴일,13,13.39,T3,14,10.01,T2,1
34,4376701,꿈드림새마을금고,계절학기,평일,16,18.75,T3,14,10.24,T2,-2
34,4376701,꿈드림새마을금고,계절학기,평일,17,14.51,T3,19,5.88,T1,2
34,4376701,꿈드림새마을금고,방학,토요일,11,13.7,T3,13,10.51,T2,2
34,4376701,꿈드림새마을금고,방학,토요일,12,14.28,T3,13,10.51,T2,1
34,4376711,우리병원,학기,평일,16,14.68,T3,18,8.78,T1,2
34,4376711,우리병원,학기,평일,17,13.65,T3,19,5.9,T1,2
34,4376711,우리병원,학기,토요일,10,15.54,T3,08,11.2,T2,-2
34,4376711,우리병원,학기,토요일,11,14.92,T3,12,11.36,T2,1
34,4376711,우리병원,학기,토요일,15,13.3,T3,17,9.85,T2,2
34,4376711,우리병원,시험,평일,10,16.64,T3,08,12.23,T2,-2
34,4376711,우리병원,시험,평일,17,15.07,T3,19,9.12,T2,2
34,4376711,우리병원,시험,평일,18,17.62,T3,19,9.12,T2,1
34,4376711,우리병원,시험,토요일,10,14.33,T3,08,11.88,T2,-2
34,4376711,우리병원,시험,토요일,12,14.71,T3,13,12.87,T2,1
34,4376711,우리병원,계절학기,평일,09,14.52,T3,08,9.72,T2,-1
34,4376711,우리병원,계절학기,평일,12,14.66,T3,10,10.91,T2,-2
34,4376711,우리병원,계절학기,평일,13,15.18,T3,11,11.79,T2,-2
34,4376711,우리병원,계절학기,평일,15,13.99,T3,14,12.99,T2,-1
34,4376711,우리병원,계절학기,평일,16,17.64,T3,18,12.43,T2,2
34,4376711,우리병원,계절학기,평일,17,14.95,T3,19,5.49,T1,2
34,4376711,우리병원,방학,평일,09,13.93,T3,08,8.42,T1,-1
34,4376711,우리병원,방학,평일,15,13.22,T3,16,9.62,T2,1
34,4376711,우리병원,방학,일요일·공휴일,13,13.37,T3,12,10.25,T2,-1
34,4376831,서곡삼거리,학기,평일,06,19.66,T3,07,13.04,T2,1
34,4376831,서곡삼거리,학기,평일,08,17.94,T3,07,13.04,T2,-1
34,4376831,서곡삼거리,학기,평일,09,16.65,T3,07,13.04,T2,-2
34,4376831,서곡삼거리,학기,평일,17,35.68,T3,19,9.39,T2,2
34,4376831,서곡삼거리,학기,평일,18,23.04,T3,19,9.39,T2,1
34,4376831,서곡삼거리,학기,평일,21,15.12,T3,19,9.39,T2,-2
34,4376831,서곡삼거리,학기,토요일,09,16.3,T3,08,13.17,T2,-1
34,4376831,서곡삼거리,학기,토요일,10,18.54,T3,08,13.17,T2,-2
34,4376831,서곡삼거리,학기,토요일,14,15.38,T3,16,13.18,T2,2
34,4376831,서곡삼거리,학기,토요일,15,13.63,T3,17,12.83,T2,2
34,4376831,서곡삼거리,학기,일요일·공휴일,13,15.22,T3,11,11.11,T2,-2
34,4376831,서곡삼거리,학기,일요일·공휴일,16,15.95,T3,14,12.56,T2,-2
34,4376831,서곡삼거리,학기,일요일·공휴일,18,14.33,T3,19,9.27,T2,1
34,4376831,서곡삼거리,시험,평일,08,14.44,T3,09,12.74,T2,1
34,4376831,서곡삼거리,시험,평일,10,17.55,T3,09,12.74,T2,-1
34,4376831,서곡삼거리,계절학기,평일,17,16.94,T3,19,6.42,T1,2
34,4376831,서곡삼거리,계절학기,토요일,13,14.92,T3,12,11.0,T2,-1
34,4376831,서곡삼거리,방학,평일,08,16.43,T3,07,10.19,T2,-1
34,4376831,서곡삼거리,방학,평일,09,17.96,T3,07,10.19,T2,-2
34,4376831,서곡삼거리,방학,평일,17,13.49,T3,19,6.75,T1,2
34,4376831,서곡삼거리,방학,토요일,12,15.81,T3,13,11.35,T2,1
34,4376831,서곡삼거리,방학,일요일·공휴일,12,13.4,T3,13,12.2,T2,1
34,4376831,서곡삼거리,방학,일요일·공휴일,16,13.47,T3,15,11.39,T2,-1
34,4377401,변판서골,학기,평일,17,19.4,T3,19,8.96,T1,2
34,4377401,변판서골,학기,평일,18,19.56,T3,19,8.96,T1,1
34,4377401,변판서골,학기,일요일·공휴일,13,15.62,T3,12,10.63,T2,-1
34,4377401,변판서골,학기,일요일·공휴일,15,14.5,T3,17,11.61,T2,2
34,4377401,변판서골,학기,일요일·공휴일,16,23.31,T3,17,11.61,T2,1
34,4377401,변판서골,계절학기,평일,18,13.92,T3,19,6.32,T1,1
34,4377401,변판서골,방학,평일,12,15.19,T3,13,12.89,T2,1
34,4377401,변판서골,방학,평일,14,17.67,T3,13,12.89,T2,-1
34,4377401,변판서골,방학,일요일·공휴일,14,14.54,T3,12,11.54,T2,-2
34,4377881,변판서골,학기,평일,17,27.54,T3,19,12.52,T2,2
34,4377881,변판서골,학기,평일,18,22.55,T3,20,12.17,T2,2
34,4377881,변판서골,학기,평일,21,15.02,T3,20,12.17,T2,-1
34,4377881,변판서골,학기,토요일,14,17.57,T3,15,12.13,T2,1
34,4377881,변판서골,학기,토요일,17,13.97,T3,15,12.13,T2,-2
34,4377881,변판서골,학기,일요일·공휴일,12,14.48,T3,10,10.33,T2,-2
34,4377881,변판서골,학기,일요일·공휴일,15,19.43,T3,17,12.45,T2,2
34,4377881,변판서골,학기,일요일·공휴일,16,15.02,T3,17,12.45,T2,1
34,4377881,변판서골,방학,일요일·공휴일,12,13.4,T3,10,11.79,T2,-2
34,4377881,변판서골,방학,일요일·공휴일,13,13.7,T3,15,12.05,T2,2
34,4379181,연세대(시내방면),학기,평일,16,21.87,T3,18,7.14,T1,2
34,4379181,연세대(시내방면),학기,평일,17,16.85,T3,18,7.14,T1,1
34,4379181,연세대(시내방면),시험,평일,12,13.88,T3,13,10.75,T2,1
34,4379181,연세대(시내방면),시험,평일,14,18.22,T3,13,10.75,T2,-1
34,4379181,연세대(시내방면),시험,평일,15,15.89,T3,13,10.75,T2,-2
34,4379181,연세대(시내방면),시험,평일,16,16.15,T3,18,11.57,T2,2
34,4379181,연세대(시내방면),시험,평일,17,15.74,T3,19,6.77,T1,2
34,4379181,연세대(시내방면),계절학기,평일,16,14.41,T3,14,7.76,T1,-2
34,4379181,연세대(시내방면),계절학기,토요일,11,13.23,T3,13,12.26,T2,2
34,4379181,연세대(시내방면),계절학기,토요일,14,33.15,T3,13,12.26,T2,-1
34,4379181,연세대(시내방면),계절학기,토요일,15,14.89,T3,13,12.26,T2,-2
34,4379181,연세대(시내방면),계절학기,일요일·공휴일,12,17.52,T3,13,8.64,T1,1
34,4379181,연세대(시내방면),방학,일요일·공휴일,12,14.47,T3,13,7.58,T1,1
34,4379191,연세대정문,학기,평일,10,15.79,T3,11,10.2,T2,1
34,4379191,연세대정문,학기,평일,12,14.66,T3,13,10.14,T2,1
34,4379191,연세대정문,학기,평일,16,15.19,T3,14,11.17,T2,-2
34,4379191,연세대정문,학기,평일,17,16.38,T3,19,4.8,T1,2
34,4379191,연세대정문,학기,평일,18,14.71,T3,19,4.8,T1,1
34,4379191,연세대정문,학기,일요일·공휴일,16,15.4,T3,17,10.45,T2,1
34,4379191,연세대정문,계절학기,평일,12,15.11,T3,11,7.84,T1,-1
34,4379191,연세대정문,계절학기,평일,13,14.01,T3,11,7.84,T1,-2
34,4379191,연세대정문,계절학기,평일,16,15.5,T3,18,10.63,T2,2
34,4381911,단구은행아파트,학기,평일,17,32.93,T3,19,6.77,T1,2
34,4381911,단구은행아파트,학기,평일,18,23.4,T3,19,6.77,T1,1
34,4381911,단구은행아파트,학기,토요일,08,15.9,T3,06,9.74,T2,-2
34,4381911,단구은행아파트,학기,토요일,09,19.39,T3,07,10.96,T2,-2
34,4381911,단구은행아파트,학기,토요일,16,13.21,T3,18,9.19,T2,2
34,4381911,단구은행아파트,학기,토요일,17,14.44,T3,19,9.12,T2,2
34,4381911,단구은행아파트,학기,일요일·공휴일,11,13.81,T3,10,8.76,T1,-1
34,4381911,단구은행아파트,학기,일요일·공휴일,12,13.75,T3,10,8.76,T1,-2
34,4381911,단구은행아파트,학기,일요일·공휴일,15,16.5,T3,14,10.76,T2,-1
34,4381911,단구은행아파트,학기,일요일·공휴일,17,14.41,T3,19,10.13,T2,2
34,4381911,단구은행아파트,시험,평일,08,20.01,T3,09,13.07,T2,1
34,4381911,단구은행아파트,시험,평일,10,20.43,T3,09,13.07,T2,-1
34,4381911,단구은행아파트,시험,평일,11,19.21,T3,09,13.07,T2,-2
34,4381911,단구은행아파트,시험,평일,18,25.71,T3,20,6.65,T1,2
34,4381911,단구은행아파트,시험,토요일,16,16.11,T3,15,12.03,T2,-1
34,4381911,단구은행아파트,시험,일요일·공휴일,12,15.98,T3,14,11.18,T2,2
34,4381911,단구은행아파트,계절학기,평일,06,16.99,T3,07,12.13,T2,1
34,4381911,단구은행아파트,계절학기,평일,08,16.25,T3,07,12.13,T2,-1
34,4381911,단구은행아파트,계절학기,평일,09,18.59,T3,07,12.13,T2,-2
34,4381911,단구은행아파트,계절학기,평일,17,18.68,T3,19,7.42,T1,2
34,4381911,단구은행아파트,계절학기,평일,18,14.2,T3,20,7.06,T1,2
34,4381911,단구은행아파트,계절학기,토요일,10,13.72,T3,09,9.05,T2,-1
34,4381911,단구은행아파트,계절학기,토요일,11,19.06,T3,09,9.05,T2,-2
34,4381911,단구은행아파트,계절학기,토요일,14,23.98,T3,12,12.16,T2,-2
34,4381911,단구은행아파트,계절학기,일요일·공휴일,12,14.86,T3,10,7.87,T1,-2
34,4381911,단구은행아파트,방학,평일,17,14.84,T3,19,6.75,T1,2
34,4381911,단구은행아파트,방학,평일,18,14.34,T3,20,6.52,T1,2
34,4381911,단구은행아파트,방학,토요일,09,13.67,T3,07,7.69,T1,-2
34,4381911,단구은행아파트,방학,토요일,10,14.99,T3,08,9.08,T2,-2
34,4381911,단구은행아파트,방학,토요일,11,19.17,T3,13,12.51,T2,2
34,4381911,단구은행아파트,방학,토요일,12,16.4,T3,13,12.51,T2,1
34,4381911,단구은행아파트,방학,토요일,14,14.16,T3,13,12.51,T2,-1
34,4381911,단구은행아파트,방학,일요일·공휴일,10,13.48,T3,08,7.75,T1,-2
34,4381911,단구은행아파트,방학,일요일·공휴일,12,14.84,T3,11,12.72,T2,-1
34,4381911,단구은행아파트,방학,일요일·공휴일,13,13.22,T3,15,11.33,T2,2
34,4381911,단구은행아파트,방학,일요일·공휴일,14,17.36,T3,16,9.53,T2,2
34,4381921,단구은행아파트,학기,평일,08,16.78,T3,07,12.81,T2,-1
34,4381921,단구은행아파트,학기,평일,09,20.72,T3,07,12.81,T2,-2
34,4381921,단구은행아파트,학기,평일,17,22.55,T3,19,12.22,T2,2
34,4381921,단구은행아파트,학기,평일,18,17.03,T3,20,11.99,T2,2
34,4381921,단구은행아파트,학기,토요일,09,13.85,T3,07,8.26,T1,-2
34,4381921,단구은행아파트,학기,토요일,10,15.47,T3,08,10.17,T2,-2
34,4381921,단구은행아파트,학기,토요일,16,14.15,T3,18,11.6,T2,2
34,4381921,단구은행아파트,학기,토요일,17,13.97,T3,19,8.55,T1,2
34,4381921,단구은행아파트,학기,일요일·공휴일,12,13.26,T3,11,8.31,T1,-1
34,4381921,단구은행아파트,학기,일요일·공휴일,16,17.46,T3,14,11.76,T2,-2
34,4381921,단구은행아파트,학기,일요일·공휴일,17,13.67,T3,15,13.14,T2,-2
34,4381921,단구은행아파트,학기,일요일·공휴일,18,14.83,T3,20,10.76,T2,2
34,4381921,단구은행아파트,학기,일요일·공휴일,19,14.9,T3,20,10.76,T2,1
34,4381921,단구은행아파트,학기,일요일·공휴일,21,15.2,T3,20,10.76,T2,-1
34,4381921,단구은행아파트,시험,평일,17,15.68,T3,19,9.49,T2,2
34,4381921,단구은행아파트,시험,평일,18,20.12,T3,19,9.49,T2,1
34,4381921,단구은행아파트,계절학기,평일,08,14.41,T3,07,9.13,T2,-1
34,4381921,단구은행아파트,계절학기,평일,10,13.76,T3,09,11.14,T2,-1
34,4381921,단구은행아파트,계절학기,평일,11,14.5,T3,09,11.14,T2,-2
34,4381921,단구은행아파트,계절학기,평일,12,17.24,T3,14,12.39,T2,2
34,4381921,단구은행아파트,계절학기,평일,13,19.13,T3,14,12.39,T2,1
34,4381921,단구은행아파트,계절학기,평일,15,16.89,T3,14,12.39,T2,-1
34,4381921,단구은행아파트,계절학기,평일,16,18.07,T3,14,12.39,T2,-2
34,4381921,단구은행아파트,계절학기,평일,18,15.99,T3,20,7.59,T1,2
34,4381921,단구은행아파트,계절학기,토요일,17,15.78,T3,18,10.62,T2,1
34,4381921,단구은행아파트,방학,평일,12,16.96,T3,11,12.64,T2,-1
34,4381921,단구은행아파트,방학,평일,13,18.48,T3,11,12.64,T2,-2
34,4381921,단구은행아파트,방학,평일,17,16.18,T3,19,9.22,T2,2
34,4381921,단구은행아파트,방학,평일,18,19.59,T3,20,7.63,T1,2
34,4381921,단구은행아파트,방학,토요일,11,17.05,T3,13,11.07,T2,2
34,4381921,단구은행아파트,방학,일요일·공휴일,15,13.67,T3,16,8.98,T1,1
34,4387531,장양삼거리,학기,평일,18,15.4,T3,20,7.81,T1,2
34,4388811,연세대(귀래방면),학기,토요일,10,13.63,T3,08,10.17,T2,-2
34,4388811,연세대(귀래방면),시험,평일,17,13.57,T3,19,7.56,T1,2
34,4388811,연세대(귀래방면),시험,평일,18,13.82,T3,20,5.92,T1,2
34,4388811,연세대(귀래방면),시험,토요일,11,14.19,T3,12,12.05,T2,1
34,4388811,연세대(귀래방면),계절학기,토요일,11,13.23,T3,09,6.39,T1,-2
34,4388811,연세대(귀래방면),계절학기,토요일,14,16.48,T3,16,8.83,T1,2
34,4388811,연세대(귀래방면),계절학기,토요일,15,16.12,T3,16,8.83,T1,1
34,4388811,연세대(귀래방면),방학,토요일,11,14.22,T3,12,9.08,T2,1
34,4389451,원주역(하차전용),방학,평일,08,16.17,T3,07,10.09,T2,-1
34-1,4370231,대림아파트,학기,평일,07,13.71,T3,06,8.77,T1,-1
34-1,4370231,대림아파트,학기,평일,08,15.26,T3,06,8.77,T1,-2
34-1,4370231,대림아파트,학기,평일,17,25.83,T3,19,12.16,T2,2
34-1,4370231,대림아파트,학기,평일,18,19.8,T3,20,9.02,T1,2
34-1,4370231,대림아파트,학기,토요일,15,14.63,T3,17,11.28,T2,2
34-1,4370231,대림아파트,학기,토요일,16,15.97,T3,17,11.28,T2,1
34-1,4370231,대림아파트,학기,토요일,18,17.27,T3,19,7.63,T1,1
34-1,4370231,대림아파트,학기,일요일·공휴일,10,13.27,T3,08,8.73,T1,-2
34-1,4370231,대림아파트,학기,일요일·공휴일,13,17.18,T3,11,11.29,T2,-2
34-1,4370231,대림아파트,학기,일요일·공휴일,14,15.4,T3,12,11.74,T2,-2
34-1,4370231,대림아파트,학기,일요일·공휴일,17,13.86,T3,19,12.18,T2,2
34-1,4370231,대림아파트,학기,일요일·공휴일,18,16.99,T3,19,12.18,T2,1
34-1,4370231,대림아파트,시험,평일,08,16.73,T3,07,10.24,T2,-1
34-1,4370231,대림아파트,시험,평일,09,16.12,T3,07,10.24,T2,-2
34-1,4370231,대림아파트,시험,평일,17,20.12,T3,19,9.03,T1,2
34-1,4370231,대림아파트,시험,평일,18,16.35,T3,19,9.03,T1,1
34-1,4370231,대림아파트,시험,토요일,09,16.35,T3,07,6.11,T1,-2
34-1,4370231,대림아파트,시험,토요일,11,18.79,T3,10,12.83,T2,-1
34-1,4370231,대림아파트,시험,토요일,12,16.56,T3,10,12.83,T2,-2
34-1,4370231,대림아파트,시험,토요일,14,18.96,T3,16,11.02,T2,2
34-1,4370231,대림아파트,시험,토요일,20,15.0,T3,21,7.73,T1,1
34-1,4370231,대림아파트,시험,일요일·공휴일,12,22.2,T3,10,9.81,T2,-2
34-1,4370231,대림아파트,계절학기,평일,08,17.26,T3,07,9.58,T2,-1
34-1,4370231,대림아파트,계절학기,평일,09,18.45,T3,07,9.58,T2,-2
34-1,4370231,대림아파트,계절학기,평일,17,16.68,T3,19,8.48,T1,2
34-1,4370231,대림아파트,계절학기,평일,18,18.42,T3,19,8.48,T1,1
34-1,4370231,대림아파트,계절학기,토요일,10,16.69,T3,08,9.75,T2,-2
34-1,4370231,대림아파트,계절학기,토요일,11,20.66,T3,12,11.81,T2,1
34-1,4370231,대림아파트,계절학기,토요일,13,14.96,T3,12,11.81,T2,-1
34-1,4370231,대림아파트,계절학기,토요일,15,17.73,T3,14,12.07,T2,-1
34-1,4370231,대림아파트,계절학기,일요일·공휴일,12,14.58,T3,10,9.4,T2,-2
34-1,4370231,대림아파트,방학,평일,08,20.67,T3,07,8.15,T1,-1
34-1,4370231,대림아파트,방학,평일,09,20.55,T3,07,8.15,T1,-2
34-1,4370231,대림아파트,방학,평일,13,24.46,T3,15,13.14,T2,2
34-1,4370231,대림아파트,방학,평일,14,19.69,T3,15,13.14,T2,1
34-1,4370231,대림아파트,방학,평일,16,19.71,T3,15,13.14,T2,-1
34-1,4370231,대림아파트,방학,평일,17,15.73,T3,19,8.71,T1,2
34-1,4370231,대림아파트,방학,평일,18,17.28,T3,19,8.71,T1,1
34-1,4370231,대림아파트,방학,토요일,09,13.29,T3,08,12.73,T2,-1
34-1,4370231,대림아파트,방학,토요일,10,13.47,T3,08,12.73,T2,-2
34-1,4370231,대림아파트,방학,토요일,15,13.8,T3,17,11.02,T2,2
34-1,4370231,대림아파트,방학,토요일,16,13.88,T3,17,11.02,T2,1
34-1,4370231,대림아파트,방학,토요일,18,13.35,T3,20,8.67,T1,2
34-1,4370231,대림아파트,방학,일요일·공휴일,10,13.75,T3,08,9.14,T2,-2
34-1,4370231,대림아파트,방학,일요일·공휴일,11,16.27,T3,09,9.5,T2,-2
34-1,4370231,대림아파트,방학,일요일·공휴일,13,14.88,T3,12,12.21,T2,-1
34-1,4370231,대림아파트,방학,일요일·공휴일,14,14.56,T3,12,12.21,T2,-2
34-1,4370231,대림아파트,방학,일요일·공휴일,15,13.85,T3,17,10.04,T2,2
34-1,4370231,대림아파트,방학,일요일·공휴일,16,13.6,T3,17,10.04,T2,1
34-1,4370241,원주의료원,학기,평일,08,21.09,T3,07,10.21,T2,-1
34-1,4370241,원주의료원,학기,평일,09,19.57,T3,07,10.21,T2,-2
34-1,4370241,원주의료원,학기,평일,18,28.79,T3,20,10.85,T2,2
34-1,4370241,원주의료원,학기,평일,19,14.9,T3,20,10.85,T2,1
34-1,4370241,원주의료원,학기,토요일,08,14.66,T3,07,5.51,T1,-1
34-1,4370241,원주의료원,학기,토요일,10,17.9,T3,09,12.42,T2,-1
34-1,4370241,원주의료원,학기,토요일,11,15.96,T3,09,12.42,T2,-2
34-1,4370241,원주의료원,학기,토요일,18,14.08,T3,20,11.1,T2,2
34-1,4370241,원주의료원,학기,토요일,19,14.09,T3,20,11.1,T2,1
34-1,4370241,원주의료원,학기,토요일,21,13.89,T3,20,11.1,T2,-1
34-1,4370241,원주의료원,학기,일요일·공휴일,10,16.01,T3,11,10.7,T2,1
34-1,4370241,원주의료원,학기,일요일·공휴일,12,13.88,T3,11,10.7,T2,-1
34-1,4370241,원주의료원,학기,일요일·공휴일,13,14.5,T3,11,10.7,T2,-2
34-1,4370241,원주의료원,시험,평일,08,18.71,T3,06,9.78,T2,-2
34-1,4370241,원주의료원,시험,평일,09,15.39,T3,07,10.18,T2,-2
34-1,4370241,원주의료원,시험,평일,17,21.21,T3,19,11.81,T2,2
34-1,4370241,원주의료원,시험,평일,18,22.18,T3,20,11.17,T2,2
34-1,4370241,원주의료원,시험,토요일,06,14.85,T3,07,8.27,T1,1
34-1,4370241,원주의료원,시험,토요일,15,14.9,T3,17,12.8,T2,2
34-1,4370241,원주의료원,시험,토요일,18,13.35,T3,19,8.55,T1,1
34-1,4370241,원주의료원,시험,토요일,20,21.0,T3,19,8.55,T1,-1
34-1,4370241,원주의료원,시험,일요일·공휴일,08,13.6,T3,07,3.53,T1,-1
34-1,4370241,원주의료원,시험,일요일·공휴일,11,13.71,T3,10,12.81,T2,-1
34-1,4370241,원주의료원,시험,일요일·공휴일,18,14.14,T3,19,12.86,T2,1
34-1,4370241,원주의료원,시험,일요일·공휴일,20,21.29,T3,19,12.86,T2,-1
34-1,4370241,원주의료원,계절학기,평일,08,15.34,T3,06,7.7,T1,-2
34-1,4370241,원주의료원,계절학기,평일,10,14.4,T3,09,10.2,T2,-1
34-1,4370241,원주의료원,계절학기,평일,11,14.8,T3,09,10.2,T2,-2
34-1,4370241,원주의료원,계절학기,평일,17,21.37,T3,19,8.77,T1,2
34-1,4370241,원주의료원,계절학기,평일,18,17.01,T3,20,7.8,T1,2
34-1,4370241,원주의료원,계절학기,토요일,10,15.13,T3,08,6.79,T1,-2
34-1,4370241,원주의료원,계절학기,토요일,11,16.88,T3,09,11.25,T2,-2
34-1,4370241,원주의료원,계절학기,토요일,12,14.07,T3,14,12.78,T2,2
34-1,4370241,원주의료원,계절학기,토요일,13,14.37,T3,15,11.73,T2,2
34-1,4370241,원주의료원,계절학기,토요일,18,13.47,T3,19,8.3,T1,1
34-1,4370241,원주의료원,계절학기,일요일·공휴일,12,14.65,T3,10,6.72,T1,-2
34-1,4370241,원주의료원,계절학기,일요일·공휴일,13,13.28,T3,14,11.48,T2,1
34-1,4370241,원주의료원,방학,평일,08,17.72,T3,07,8.64,T1,-1
34-1,4370241,원주의료원,방학,평일,10,17.31,T3,09,11.49,T2,-1
34-1,4370241,원주의료원,방학,평일,11,18.85,T3,09,11.49,T2,-2
34-1,4370241,원주의료원,방학,평일,17,26.37,T3,19,12.33,T2,2
34-1,4370241,원주의료원,방학,평일,18,16.73,T3,20,9.98,T2,2
34-1,4370241,원주의료원,방학,토요일,10,15.27,T3,09,8.97,T1,-1
34-1,4370241,원주의료원,방학,토요일,11,18.35,T3,09,8.97,T1,-2
34-1,4370241,원주의료원,방학,토요일,16,19.16,T3,18,13.17,T2,2
34-1,4370241,원주의료원,방학,토요일,17,15.24,T3,19,10.43,T2,2
34-1,4370241,원주의료원,방학,일요일·공휴일,10,14.52,T3,09,9.88,T2,-1
34-1,4370241,원주의료원,방학,일요일·공휴일,12,15.71,T3,11,10.04,T2,-1
34-1,4370241,원주의료원,방학,일요일·공휴일,13,15.13,T3,11,10.04,T2,-2
34-1,4370241,원주의료원,방학,일요일·공휴일,17,17.21,T3,19,9.28,T2,2
34-1,4370241,원주의료원,방학,일요일·공휴일,18,15.11,T3,19,9.28,T2,1
34-1,4370251,젊음의광장사거리,학기,평일,17,25.31,T3,19,13.07,T2,2
34-1,4370251,젊음의광장사거리,학기,평일,18,18.34,T3,20,8.56,T1,2
34-1,4370251,젊음의광장사거리,학기,토요일,08,21.67,T3,07,5.93,T1,-1
34-1,4370251,젊음의광장사거리,학기,토요일,09,22.12,T3,07,5.93,T1,-2
34-1,4370251,젊음의광장사거리,학기,토요일,17,14.55,T3,19,9.96,T2,2
34-1,4370251,젊음의광장사거리,학기,토요일,18,17.35,T3,20,8.72,T1,2
34-1,4370251,젊음의광장사거리,학기,일요일·공휴일,09,13.89,T3,08,10.71,T2,-1
34-1,4370251,젊음의광장사거리,학기,일요일·공휴일,10,15.01,T3,08,10.71,T2,-2
34-1,4370251,젊음의광장사거리,시험,평일,17,19.19,T3,19,11.5,T2,2
34-1,4370251,젊음의광장사거리,시험,평일,18,18.59,T3,20,8.15,T1,2
34-1,4370251,젊음의광장사거리,시험,일요일·공휴일,17,14.3,T3,19,11.53,T2,2
34-1,4370251,젊음의광장사거리,시험,일요일·공휴일,21,18.56,T3,19,11.53,T2,-2
34-1,4370251,젊음의광장사거리,계절학기,평일,17,16.3,T3,19,10.21,T2,2
34-1,4370251,젊음의광장사거리,계절학기,평일,18,17.76,T3,20,6.97,T1,2
34-1,4370251,젊음의광장사거리,계절학기,토요일,11,21.05,T3,12,10.69,T2,1
34-1,4370251,젊음의광장사거리,계절학기,토요일,13,18.46,T3,12,10.69,T2,-1
34-1,4370251,젊음의광장사거리,계절학기,토요일,18,13.38,T3,19,7.37,T1,1
34-1,4370251,젊음의광장사거리,계절학기,일요일·공휴일,11,16.04,T3,10,8.55,T1,-1
34-1,4370251,젊음의광장사거리,계절학기,일요일·공휴일,12,15.59,T3,10,8.55,T1,-2
34-1,4370251,젊음의광장사거리,계절학기,일요일·공휴일,13,16.61,T3,15,10.26,T2,2
34-1,4370251,젊음의광장사거리,방학,평일,08,28.52,T3,07,9.02,T1,-1
34-1,4370251,젊음의광장사거리,방학,평일,09,26.64,T3,07,9.02,T1,-2
34-1,4370251,젊음의광장사거리,방학,평일,17,13.52,T3,19,8.94,T1,2
34-1,4370251,젊음의광장사거리,방학,평일,18,18.82,T3,20,8.56,T1,2
34-1,4370251,젊음의광장사거리,방학,토요일,08,13.65,T3,09,11.9,T2,1
34-1,4370251,젊음의광장사거리,방학,토요일,10,14.9,T3,09,11.9,T2,-1
34-1,4370251,젊음의광장사거리,방학,토요일,11,20.82,T3,09,11.9,T2,-2
34-1,4370251,젊음의광장사거리,방학,토요일,15,16.77,T3,17,8.95,T1,2
34-1,4370251,젊음의광장사거리,방학,토요일,16,16.69,T3,17,8.95,T1,1
34-1,4370251,젊음의광장사거리,방학,일요일·공휴일,08,15.64,T3,07,4.89,T1,-1
34-1,4370251,젊음의광장사거리,방학,일요일·공휴일,10,13.78,T3,09,12.36,T2,-1
34-1,4370251,젊음의광장사거리,방학,일요일·공휴일,11,19.71,T3,09,12.36,T2,-2
34-1,4370251,젊음의광장사거리,방학,일요일·공휴일,15,18.23,T3,17,11.49,T2,2
34-1,4370251,젊음의광장사거리,방학,일요일·공휴일,16,16.62,T3,18,11.05,T2,2
34-1,4370261,개운현대아파트,학기,평일,17,25.93,T3,19,12.77,T2,2
34-1,4370261,개운현대아파트,학기,평일,18,20.72,T3,20,8.74,T1,2
34-1,4370261,개운현대아파트,학기,토요일,08,20.56,T3,07,5.82,T1,-1
34-1,4370261,개운현대아파트,학기,토요일,09,23.26,T3,07,5.82,T1,-2
34-1,4370261,개운현대아파트,학기,토요일,15,18.48,T3,17,12.3,T2,2
34-1,4370261,개운현대아파트,학기,토요일,16,20.84,T3,17,12.3,T2,1
34-1,4370261,개운현대아파트,학기,토요일,18,14.86,T3,20,8.23,T1,2
34-1,4370261,개운현대아파트,학기,일요일·공휴일,09,15.62,T3,07,6.35,T1,-2
34-1,4370261,개운현대아파트,학기,일요일·공휴일,10,16.4,T3,08,12.18,T2,-2
34-1,4370261,개운현대아파트,학기,일요일·공휴일,17,13.33,T3,19,12.14,T2,2
34-1,4370261,개운현대아파트,학기,일요일·공휴일,18,16.33,T3,19,12.14,T2,1
34-1,4370261,개운현대아파트,학기,일요일·공휴일,21,17.84,T3,19,12.14,T2,-2
34-1,4370261,개운현대아파트,시험,평일,08,22.66,T3,07,11.81,T2,-1
34-1,4370261,개운현대아파트,시험,평일,09,17.97,T3,07,11.81,T2,-2
34-1,4370261,개운현대아파트,시험,평일,17,19.77,T3,19,12.36,T2,2
34-1,4370261,개운현대아파트,시험,평일,18,18.41,T3,20,9.26,T2,2
34-1,4370261,개운현대아파트,시험,토요일,09,18.85,T3,08,11.25,T2,-1
34-1,4370261,개운현대아파트,시험,토요일,10,16.16,T3,08,11.25,T2,-2
34-1,4370261,개운현대아파트,시험,토요일,14,19.46,T3,16,11.68,T2,2
34-1,4370261,개운현대아파트,시험,토요일,18,13.6,T3,16,11.68,T2,-2
34-1,4370261,개운현대아파트,시험,토요일,20,16.5,T3,21,10.06,T2,1
34-1,4370261,개운현대아파트,시험,일요일·공휴일,08,14.1,T3,10,11.64,T2,2
34-1,4370261,개운현대아파트,시험,일요일·공휴일,11,17.04,T3,10,11.64,T2,-1
34-1,4370261,개운현대아파트,시험,일요일·공휴일,12,24.37,T3,10,11.64,T2,-2
34-1,4370261,개운현대아파트,시험,일요일·공휴일,17,14.8,T3,19,11.2,T2,2
34-1,4370261,개운현대아파트,시험,일요일·공휴일,18,13.64,T3,19,11.2,T2,1
34-1,4370261,개운현대아파트,시험,일요일·공휴일,20,18.29,T3,19,11.2,T2,-1
34-1,4370261,개운현대아파트,계절학기,평일,08,26.53,T3,07,11.36,T2,-1
34-1,4370261,개운현대아파트,계절학기,평일,09,23.53,T3,07,11.36,T2,-2
34-1,4370261,개운현대아파트,계절학기,평일,17,17.73,T3,19,10.43,T2,2
34-1,4370261,개운현대아파트,계절학기,평일,18,16.66,T3,20,7.76,T1,2
34-1,4370261,개운현대아파트,계절학기,토요일,09,13.21,T3,08,11.58,T2,-1
34-1,4370261,개운현대아파트,계절학기,토요일,10,16.11,T3,08,11.58,T2,-2
34-1,4370261,개운현대아파트,계절학기,토요일,11,22.38,T3,12,13.03,T2,1
34-1,4370261,개운현대아파트,계절학기,토요일,13,17.46,T3,12,13.03,T2,-1
34-1,4370261,개운현대아파트,계절학기,토요일,15,18.1,T3,17,11.8,T2,2
34-1,4370261,개운현대아파트,계절학기,토요일,16,16.46,T3,17,11.8,T2,1
34-1,4370261,개운현대아파트,계절학기,일요일·공휴일,11,15.61,T3,09,8.59,T1,-2
34-1,4370261,개운현대아파트,계절학기,일요일·공휴일,13,16.12,T3,12,10.94,T2,-1
34-1,4370261,개운현대아파트,계절학기,일요일·공휴일,15,14.37,T3,17,7.95,T1,2
34-1,4370261,개운현대아파트,방학,평일,08,34.08,T3,07,8.77,T1,-1
34-1,4370261,개운현대아파트,방학,평일,09,24.08,T3,07,8.77,T1,-2
34-1,4370261,개운현대아파트,방학,평일,17,15.64,T3,19,7.84,T1,2
34-1,4370261,개운현대아파트,방학,평일,18,18.03,T3,19,7.84,T1,1
34-1,4370261,개운현대아파트,방학,토요일,09,15.76,T3,07,5.91,T1,-2
34-1,4370261,개운현대아파트,방학,토요일,10,15.8,T3,08,11.33,T2,-2
34-1,4370261,개운현대아파트,방학,토요일,15,20.6,T3,17,11.24,T2,2
34-1,4370261,개운현대아파트,방학,토요일,16,15.43,T3,17,11.24,T2,1
34-1,4370261,개운현대아파트,방학,일요일·공휴일,09,14.39,T3,07,3.29,T1,-2
34-1,4370261,개운현대아파트,방학,일요일·공휴일,10,18.52,T3,08,13.16,T2,-2
34-1,4370261,개운현대아파트,방학,일요일·공휴일,15,20.71,T3,17,8.92,T1,2
34-1,4370261,개운현대아파트,방학,일요일·공휴일,16,17.25,T3,17,8.92,T1,1
34-1,4370271,대성현대아파트,학기,평일,08,26.33,T3,07,12.89,T2,-1
34-1,4370271,대성현대아파트,학기,평일,09,28.53,T3,07,12.89,T2,-2
34-1,4370271,대성현대아파트,학기,평일,17,24.74,T3,19,12.57,T2,2
34-1,4370271,대성현대아파트,학기,평일,18,19.2,T3,20,8.71,T1,2
34-1,4370271,대성현대아파트,학기,토요일,08,22.53,T3,07,4.87,T1,-1
34-1,4370271,대성현대아파트,학기,토요일,09,22.97,T3,07,4.87,T1,-2
34-1,4370271,대성현대아파트,학기,토요일,17,13.99,T3,19,10.2,T2,2
34-1,4370271,대성현대아파트,학기,토요일,18,17.56,T3,20,9.78,T2,2
34-1,4370271,대성현대아파트,학기,일요일·공휴일,08,13.75,T3,07,4.64,T1,-1
34-1,4370271,대성현대아파트,학기,일요일·공휴일,09,15.03,T3,07,4.64,T1,-2
34-1,4370271,대성현대아파트,학기,일요일·공휴일,18,13.76,T3,20,11.18,T2,2
34-1,4370271,대성현대아파트,학기,일요일·공휴일,19,13.61,T3,20,11.18,T2,1
34-1,4370271,대성현대아파트,학기,일요일·공휴일,21,17.19,T3,20,11.18,T2,-1
34-1,4370271,대성현대아파트,시험,평일,08,22.57,T3,07,12.05,T2,-1
34-1,4370271,대성현대아파트,시험,평일,09,18.19,T3,07,12.05,T2,-2
34-1,4370271,대성현대아파트,시험,평일,18,18.31,T3,20,8.71,T1,2
34-1,4370271,대성현대아파트,시험,평일,19,13.83,T3,21,7.92,T1,2
34-1,4370271,대성현대아파트,시험,토요일,14,18.63,T3,16,11.77,T2,2
34-1,4370271,대성현대아파트,시험,토요일,15,13.48,T3,16,11.77,T2,1
34-1,4370271,대성현대아파트,시험,토요일,20,17.67,T3,18,12.93,T2,-2
34-1,4370271,대성현대아파트,계절학기,평일,08,25.47,T3,07,11.41,T2,-1
34-1,4370271,대성현대아파트,계절학기,평일,09,22.45,T3,07,11.41,T2,-2
34-1,4370271,대성현대아파트,계절학기,평일,17,17.93,T3,19,9.47,T2,2
34-1,4370271,대성현대아파트,계절학기,평일,18,14.97,T3,20,7.3,T1,2
34-1,4370271,대성현대아파트,계절학기,토요일,09,15.89,T3,07,3.06,T1,-2
34-1,4370271,대성현대아파트,계절학기,토요일,15,19.37,T3,17,11.47,T2,2
34-1,4370271,대성현대아파트,계절학기,토요일,16,18.27,T3,17,11.47,T2,1
34-1,4370271,대성현대아파트,계절학기,일요일·공휴일,11,16.66,T3,09,7.68,T1,-2
34-1,4370271,대성현대아파트,계절학기,일요일·공휴일,12,14.42,T3,10,9.05,T2,-2
34-1,4370271,대성현대아파트,계절학기,일요일·공휴일,15,13.51,T3,17,8.28,T1,2
34-1,4370271,대성현대아파트,방학,평일,08,32.18,T3,07,9.81,T2,-1
34-1,4370271,대성현대아파트,방학,평일,09,25.49,T3,07,9.81,T2,-2
34-1,4370271,대성현대아파트,방학,평일,17,16.92,T3,19,8.37,T1,2
34-1,4370271,대성현대아파트,방학,평일,18,20.57,T3,20,7.37,T1,2
34-1,4370271,대성현대아파트,방학,토요일,08,17.55,T3,07,5.07,T1,-1
34-1,4370271,대성현대아파트,방학,토요일,09,14.98,T3,07,5.07,T1,-2
34-1,4370271,대성현대아파트,방학,토요일,15,19.55,T3,17,10.52,T2,2
34-1,4370271,대성현대아파트,방학,토요일,16,17.08,T3,17,10.52,T2,1
34-1,4370271,대성현대아파트,방학,일요일·공휴일,09,13.91,T3,07,4.05,T1,-2
34-1,4370271,대성현대아파트,방학,일요일·공휴일,10,16.64,T3,08,12.8,T2,-2
34-1,4370271,대성현대아파트,방학,일요일·공휴일,15,17.12,T3,17,10.71,T2,2
34-1,4370271,대성현대아파트,방학,일요일·공휴일,16,15.42,T3,17,10.71,T2,1
34-1,4370281,남원로남부시장,학기,평일,08,23.64,T3,07,11.93,T2,-1
34-1,4370281,남원로남부시장,학기,평일,09,26.25,T3,07,11.93,T2,-2
34-1,4370281,남원로남부시장,학기,평일,17,22.76,T3,19,12.15,T2,2
34-1,4370281,남원로남부시장,학기,평일,18,17.89,T3,20,8.36,T1,2
34-1,4370281,남원로남부시장,학기,토요일,08,20.78,T3,07,5.62,T1,-1
34-1,4370281,남원로남부시장,학기,토요일,09,20.94,T3,07,5.62,T1,-2
34-1,4370281,남원로남부시장,학기,토요일,17,15.33,T3,19,8.69,T1,2
34-1,4370281,남원로남부시장,학기,토요일,18,15.12,T3,20,7.25,T1,2
34-1,4370281,남원로남부시장,학기,일요일·공휴일,09,14.61,T3,07,5.31,T1,-2
34-1,4370281,남원로남부시장,학기,일요일·공휴일,10,18.63,T3,08,10.85,T2,-2
34-1,4370281,남원로남부시장,학기,일요일·공휴일,17,14.27,T3,19,10.32,T2,2
34-1,4370281,남원로남부시장,학기,일요일·공휴일,18,15.31,T3,19,10.32,T2,1
34-1,4370281,남원로남부시장,시험,평일,08,20.91,T3,07,10.35,T2,-1
34-1,4370281,남원로남부시장,시험,평일,09,16.55,T3,07,10.35,T2,-2
34-1,4370281,남원로남부시장,시험,평일,17,19.21,T3,19,10.09,T2,2
34-1,4370281,남원로남부시장,시험,평일,18,15.78,T3,20,9.12,T2,2
34-1,4370281,남원로남부시장,시험,토요일,13,16.94,T3,15,12.48,T2,2
34-1,4370281,남원로남부시장,시험,토요일,14,18.96,T3,16,11.38,T2,2
34-1,4370281,남원로남부시장,시험,토요일,20,13.83,T3,19,8.55,T1,-1
34-1,4370281,남원로남부시장,시험,일요일·공휴일,11,15.62,T3,10,11.22,T2,-1
34-1,4370281,남원로남부시장,시험,일요일·공휴일,12,21.28,T3,10,11.22,T2,-2
34-1,4370281,남원로남부시장,시험,일요일·공휴일,17,14.71,T3,19,11.53,T2,2
34-1,4370281,남원로남부시장,시험,일요일·공휴일,18,13.47,T3,19,11.53,T2,1
34-1,4370281,남원로남부시장,시험,일요일·공휴일,20,17.21,T3,19,11.53,T2,-1
34-1,4370281,남원로남부시장,시험,일요일·공휴일,21,18.56,T3,19,11.53,T2,-2
34-1,4370281,남원로남부시장,계절학기,평일,08,26.14,T3,07,12.61,T2,-1
34-1,4370281,남원로남부시장,계절학기,평일,09,20.93,T3,07,12.61,T2,-2
34-1,4370281,남원로남부시장,계절학기,평일,17,14.89,T3,19,10.12,T2,2
34-1,4370281,남원로남부시장,계절학기,평일,18,14.67,T3,20,8.17,T1,2
34-1,4370281,남원로남부시장,계절학기,토요일,10,15.97,T3,08,11.25,T2,-2
34-1,4370281,남원로남부시장,계절학기,토요일,11,22.54,T3,09,12.34,T2,-2
34-1,4370281,남원로남부시장,계절학기,토요일,15,20.15,T3,17,11.22,T2,2
34-1,4370281,남원로남부시장,계절학기,토요일,16,18.56,T3,17,11.22,T2,1
34-1,4370281,남원로남부시장,계절학기,일요일·공휴일,11,16.53,T3,09,8.01,T1,-2
34-1,4370281,남원로남부시장,계절학기,일요일·공휴일,13,16.45,T3,15,11.87,T2,2
34-1,4370281,남원로남부시장,방학,평일,08,30.76,T3,07,9.09,T2,-1
34-1,4370281,남원로남부시장,방학,평일,09,22.97,T3,07,9.09,T2,-2
34-1,4370281,남원로남부시장,방학,평일,17,14.88,T3,19,8.97,T1,2
34-1,4370281,남원로남부시장,방학,평일,18,18.08,T3,20,7.73,T1,2
34-1,4370281,남원로남부시장,방학,토요일,08,14.3,T3,07,5.91,T1,-1
34-1,4370281,남원로남부시장,방학,토요일,09,14.75,T3,07,5.91,T1,-2
34-1,4370281,남원로남부시장,방학,토요일,15,19.58,T3,17,11.67,T2,2
34-1,4370281,남원로남부시장,방학,토요일,16,16.58,T3,17,11.67,T2,1
34-1,4370281,남원로남부시장,방학,토요일,18,13.69,T3,20,6.65,T1,2
34-1,4370281,남원로남부시장,방학,일요일·공휴일,10,16.31,T3,08,11.98,T2,-2
34-1,4370281,남원로남부시장,방학,일요일·공휴일,11,20.26,T3,09,12.39,T2,-2
34-1,4370281,남원로남부시장,방학,일요일·공휴일,15,18.23,T3,17,13.04,T2,2
34-1,4370281,남원로남부시장,방학,일요일·공휴일,16,13.6,T3,18,12.8,T2,2
34-1,4370371,풍물시장,학기,평일,08,22.34,T3,07,9.59,T2,-1
34-1,4370371,풍물시장,학기,평일,09,18.12,T3,07,9.59,T2,-2
34-1,4370371,풍물시장,학기,평일,17,23.02,T3,19,12.01,T2,2
34-1,4370371,풍물시장,학기,평일,18,16.29,T3,20,8.67,T1,2
34-1,4370371,풍물시장,학기,토요일,08,15.9,T3,07,5.43,T1,-1
34-1,4370371,풍물시장,학기,토요일,09,16.84,T3,07,5.43,T1,-2
34-1,4370371,풍물시장,학기,토요일,17,13.46,T3,19,9.97,T2,2
34-1,4370371,풍물시장,학기,토요일,18,16.09,T3,20,8.23,T1,2
34-1,4370371,풍물시장,학기,일요일·공휴일,10,16.51,T3,08,8.11,T1,-2
34-1,4370371,풍물시장,학기,일요일·공휴일,11,16.23,T3,09,11.42,T2,-2
34-1,4370371,풍물시장,학기,일요일·공휴일,13,17.11,T3,12,13.08,T2,-1
34-1,4370371,풍물시장,학기,일요일·공휴일,14,18.03,T3,12,13.08,T2,-2
34-1,4370371,풍물시장,학기,일요일·공휴일,17,16.96,T3,19,11.55,T2,2
34-1,4370371,풍물시장,학기,일요일·공휴일,18,15.99,T3,19,11.55,T2,1
34-1,4370371,풍물시장,시험,평일,08,17.68,T3,07,9.14,T2,-1
34-1,4370371,풍물시장,시험,평일,09,15.95,T3,07,9.14,T2,-2
34-1,4370371,풍물시장,시험,평일,17,18.45,T3,19,10.98,T2,2
34-1,4370371,풍물시장,시험,평일,18,14.87,T3,20,9.13,T2,2
34-1,4370371,풍물시장,시험,토요일,09,18.13,T3,08,10.42,T2,-1
34-1,4370371,풍물시장,시험,토요일,10,15.33,T3,08,10.42,T2,-2
34-1,4370371,풍물시장,시험,토요일,13,15.86,T3,15,12.65,T2,2
34-1,4370371,풍물시장,시험,토요일,14,17.38,T3,16,10.6,T2,2
34-1,4370371,풍물시장,시험,토요일,20,17.67,T3,19,8.88,T1,-1
34-1,4370371,풍물시장,시험,일요일·공휴일,08,13.43,T3,09,10.46,T2,1
34-1,4370371,풍물시장,시험,일요일·공휴일,11,13.71,T3,09,10.46,T2,-2
34-1,4370371,풍물시장,시험,일요일·공휴일,12,18.48,T3,10,11.31,T2,-2
34-1,4370371,풍물시장,시험,일요일·공휴일,16,17.25,T3,18,13.06,T2,2
34-1,4370371,풍물시장,시험,일요일·공휴일,17,13.8,T3,19,11.2,T2,2
34-1,4370371,풍물시장,시험,일요일·공휴일,20,16.79,T3,19,11.2,T2,-1
34-1,4370371,풍물시장,시험,일요일·공휴일,21,18.56,T3,19,11.2,T2,-2
34-1,4370371,풍물시장,계절학기,평일,08,19.2,T3,07,11.51,T2,-1
34-1,4370371,풍물시장,계절학기,평일,09,14.2,T3,07,11.51,T2,-2
34-1,4370371,풍물시장,계절학기,평일,17,18.27,T3,19,8.94,T1,2
34-1,4370371,풍물시장,계절학기,평일,18,15.29,T3,20,7.56,T1,2
34-1,4370371,풍물시장,계절학기,토요일,10,16.4,T3,08,8.25,T1,-2
34-1,4370371,풍물시장,계절학기,토요일,11,22.04,T3,09,11.99,T2,-2
34-1,4370371,풍물시장,계절학기,토요일,15,17.87,T3,17,12.26,T2,2
34-1,4370371,풍물시장,계절학기,토요일,16,17.7,T3,18,11.66,T2,2
34-1,4370371,풍물시장,방학,평일,08,25.1,T3,07,8.4,T1,-1
34-1,4370371,풍물시장,방학,평일,09,17.18,T3,07,8.4,T1,-2
34-1,4370371,풍물시장,방학,평일,17,15.27,T3,19,9.52,T2,2
34-1,4370371,풍물시장,방학,평일,18,18.54,T3,20,8.92,T1,2
34-1,4370371,풍물시장,방학,토요일,08,13.32,T3,07,6.23,T1,-1
34-1,4370371,풍물시장,방학,토요일,09,13.53,T3,07,6.23,T1,-2
34-1,4370371,풍물시장,방학,토요일,15,16.49,T3,17,11.91,T2,2
34-1,4370371,풍물시장,방학,토요일,16,16.06,T3,17,11.91,T2,1
34-1,4370371,풍물시장,방학,일요일·공휴일,10,15.09,T3,08,10.76,T2,-2
34-1,4370371,풍물시장,방학,일요일·공휴일,11,17.84,T3,09,10.77,T2,-2
34-1,4370371,풍물시장,방학,일요일·공휴일,16,14.59,T3,18,11.17,T2,2
34-1,4370371,풍물시장,방학,일요일·공휴일,17,14.53,T3,19,10.92,T2,2
34-1,4370381,평원로중앙시장,학기,평일,08,16.93,T3,07,8.05,T1,-1
34-1,4370381,평원로중앙시장,학기,평일,11,17.01,T3,09,11.38,T2,-2
34-1,4370381,평원로중앙시장,학기,평일,12,16.48,T3,10,11.41,T2,-2
34-1,4370381,평원로중앙시장,학기,평일,17,21.63,T3,19,10.6,T2,2
34-1,4370381,평원로중앙시장,학기,평일,18,15.75,T3,20,8.66,T1,2
34-1,4370381,평원로중앙시장,학기,토요일,08,13.71,T3,07,4.56,T1,-1
34-1,4370381,평원로중앙시장,학기,토요일,09,14.12,T3,07,4.56,T1,-2
34-1,4370381,평원로중앙시장,학기,토요일,17,16.46,T3,19,9.48,T2,2
34-1,4370381,평원로중앙시장,학기,토요일,18,16.1,T3,20,7.31,T1,2
34-1,4370381,평원로중앙시장,학기,일요일·공휴일,13,15.54,T3,12,11.24,T2,-1
34-1,4370381,평원로중앙시장,학기,일요일·공휴일,14,15.41,T3,12,11.24,T2,-2
34-1,4370381,평원로중앙시장,학기,일요일·공휴일,15,17.61,T3,16,13.16,T2,1
34-1,4370381,평원로중앙시장,학기,일요일·공휴일,17,15.9,T3,19,11.75,T2,2
34-1,4370381,평원로중앙시장,학기,일요일·공휴일,18,15.51,T3,20,11.13,T2,2
34-1,4370381,평원로중앙시장,시험,평일,08,16.51,T3,07,7.54,T1,-1
34-1,4370381,평원로중앙시장,시험,평일,10,13.61,T3,09,11.85,T2,-1
34-1,4370381,평원로중앙시장,시험,평일,11,15.84,T3,09,11.85,T2,-2
34-1,4370381,평원로중앙시장,시험,평일,17,17.66,T3,19,9.9,T2,2
34-1,4370381,평원로중앙시장,시험,평일,18,14.64,T3,20,7.73,T1,2
34-1,4370381,평원로중앙시장,시험,토요일,09,17.02,T3,08,9.42,T2,-1
34-1,4370381,평원로중앙시장,시험,토요일,11,16.93,T3,10,13.08,T2,-1
34-1,4370381,평원로중앙시장,시험,토요일,12,16.31,T3,10,13.08,T2,-2
34-1,4370381,평원로중앙시장,시험,토요일,13,16.19,T3,15,13.06,T2,2
34-1,4370381,평원로중앙시장,시험,토요일,14,18.3,T3,16,10.43,T2,2
34-1,4370381,평원로중앙시장,시험,토요일,17,14.3,T3,19,8.88,T1,2
34-1,4370381,평원로중앙시장,시험,토요일,20,15.17,T3,19,8.88,T1,-1
34-1,4370381,평원로중앙시장,시험,일요일·공휴일,11,14.12,T3,09,9.8,T2,-2
34-1,4370381,평원로중앙시장,시험,일요일·공휴일,12,19.7,T3,10,11.03,T2,-2
34-1,4370381,평원로중앙시장,시험,일요일·공휴일,13,17.49,T3,15,12.79,T2,2
34-1,4370381,평원로중앙시장,시험,일요일·공휴일,14,15.36,T3,15,12.79,T2,1
34-1,4370381,평원로중앙시장,시험,일요일·공휴일,16,16.75,T3,15,12.79,T2,-1
34-1,4370381,평원로중앙시장,시험,일요일·공휴일,17,14.71,T3,19,11.53,T2,2
34-1,4370381,평원로중앙시장,시험,일요일·공휴일,18,13.56,T3,19,11.53,T2,1
34-1,4370381,평원로중앙시장,시험,일요일·공휴일,20,16.24,T3,19,11.53,T2,-1
34-1,4370381,평원로중앙시장,시험,일요일·공휴일,21,18.22,T3,19,11.53,T2,-2
34-1,4370381,평원로중앙시장,계절학기,평일,08,15.03,T3,10,10.75,T2,2
34-1,4370381,평원로중앙시장,계절학기,평일,11,18.0,T3,10,10.75,T2,-1
34-1,4370381,평원로중앙시장,계절학기,평일,12,15.08,T3,10,10.75,T2,-2
34-1,4370381,평원로중앙시장,계절학기,평일,17,16.34,T3,19,7.72,T1,2
34-1,4370381,평원로중앙시장,계절학기,평일,18,13.39,T3,20,7.47,T1,2
34-1,4370381,평원로중앙시장,계절학기,토요일,11,19.33,T3,12,10.95,T2,1
34-1,4370381,평원로중앙시장,계절학기,토요일,13,14.74,T3,12,10.95,T2,-1
34-1,4370381,평원로중앙시장,계절학기,토요일,14,13.68,T3,12,10.95,T2,-2
34-1,4370381,평원로중앙시장,계절학기,토요일,15,15.94,T3,17,11.8,T2,2
34-1,4370381,평원로중앙시장,계절학기,토요일,16,16.13,T3,17,11.8,T2,1
34-1,4370381,평원로중앙시장,방학,평일,08,17.6,T3,07,8.54,T1,-1
34-1,4370381,평원로중앙시장,방학,평일,11,16.21,T3,09,10.27,T2,-2
34-1,4370381,평원로중앙시장,방학,평일,12,16.55,T3,10,12.84,T2,-2
34-1,4370381,평원로중앙시장,방학,평일,17,16.99,T3,19,9.87,T2,2
34-1,4370381,평원로중앙시장,방학,평일,18,19.2,T3,20,8.64,T1,2
34-1,4370381,평원로중앙시장,방학,토요일,11,15.5,T3,09,11.04,T2,-2
34-1,4370381,평원로중앙시장,방학,토요일,12,14.74,T3,10,11.44,T2,-2
34-1,4370381,평원로중앙시장,방학,토요일,15,15.08,T3,17,12.02,T2,2
34-1,4370381,평원로중앙시장,방학,토요일,16,15.58,T3,17,12.02,T2,1
34-1,4370381,평원로중앙시장,방학,토요일,18,14.31,T3,20,7.17,T1,2
34-1,4370381,평원로중앙시장,방학,일요일·공휴일,13,14.79,T3,12,10.72,T2,-1
34-1,4370381,평원로중앙시장,방학,일요일·공휴일,14,15.02,T3,12,10.72,T2,-2
34-1,4370381,평원로중앙시장,방학,일요일·공휴일,15,15.63,T3,16,12.88,T2,1
34-1,4370381,평원로중앙시장,방학,일요일·공휴일,17,13.58,T3,19,10.24,T2,2
34-1,4370401,YWCA,학기,평일,08,17.78,T3,07,8.7,T1,-1
34-1,4370401,YWCA,학기,평일,11,20.83,T3,09,11.52,T2,-2
34-1,4370401,YWCA,학기,평일,12,19.56,T3,10,12.56,T2,-2
34-1,4370401,YWCA,학기,평일,17,26.26,T3,19,12.53,T2,2
34-1,4370401,YWCA,학기,평일,18,22.43,T3,20,9.16,T2,2
34-1,4370401,YWCA,학기,토요일,08,16.89,T3,07,5.09,T1,-1
34-1,4370401,YWCA,학기,토요일,09,15.68,T3,07,5.09,T1,-2
34-1,4370401,YWCA,학기,토요일,17,17.9,T3,19,11.51,T2,2
34-1,4370401,YWCA,학기,토요일,18,19.5,T3,20,9.66,T2,2
34-1,4370401,YWCA,학기,일요일·공휴일,12,13.23,T3,10,11.71,T2,-2
34-1,4370401,YWCA,학기,일요일·공휴일,13,17.31,T3,11,12.09,T2,-2
34-1,4370401,YWCA,학기,일요일·공휴일,17,17.69,T3,19,12.11,T2,2
34-1,4370401,YWCA,학기,일요일·공휴일,18,17.09,T3,20,11.75,T2,2
34-1,4370401,YWCA,시험,평일,08,17.51,T3,07,7.35,T1,-1
34-1,4370401,YWCA,시험,평일,10,14.78,T3,09,10.65,T2,-1
34-1,4370401,YWCA,시험,평일,11,17.11,T3,09,10.65,T2,-2
34-1,4370401,YWCA,시험,평일,17,23.18,T3,19,10.72,T2,2
34-1,4370401,YWCA,시험,평일,18,15.13,T3,20,8.91,T1,2
34-1,4370401,YWCA,시험,토요일,09,16.69,T3,08,10.42,T2,-1
34-1,4370401,YWCA,시험,토요일,10,15.0,T3,08,10.42,T2,-2
34-1,4370401,YWCA,시험,토요일,14,20.46,T3,16,10.93,T2,2
34-1,4370401,YWCA,시험,토요일,17,14.71,T3,19,8.55,T1,2
34-1,4370401,YWCA,시험,토요일,18,13.26,T3,19,8.55,T1,1
34-1,4370401,YWCA,시험,토요일,20,14.83,T3,19,8.55,T1,-1
34-1,4370401,YWCA,시험,일요일·공휴일,12,19.95,T3,10,11.64,T2,-2
34-1,4370401,YWCA,시험,일요일·공휴일,17,14.3,T3,19,11.36,T2,2
34-1,4370401,YWCA,시험,일요일·공휴일,18,13.97,T3,19,11.36,T2,1
34-1,4370401,YWCA,시험,일요일·공휴일,20,16.52,T3,19,11.36,T2,-1
34-1,4370401,YWCA,계절학기,평일,11,18.2,T3,10,11.55,T2,-1
34-1,4370401,YWCA,계절학기,평일,12,16.59,T3,10,11.55,T2,-2
34-1,4370401,YWCA,계절학기,평일,17,22.67,T3,19,10.11,T2,2
34-1,4370401,YWCA,계절학기,평일,18,18.63,T3,20,7.07,T1,2
34-1,4370401,YWCA,계절학기,토요일,10,14.54,T3,08,8.36,T1,-2
34-1,4370401,YWCA,계절학기,토요일,11,17.33,T3,09,10.32,T2,-2
34-1,4370401,YWCA,계절학기,토요일,13,18.1,T3,12,11.95,T2,-1
34-1,4370401,YWCA,계절학기,토요일,14,21.24,T3,12,11.95,T2,-2
34-1,4370401,YWCA,계절학기,토요일,15,21.58,T3,17,9.83,T2,2
34-1,4370401,YWCA,계절학기,토요일,16,16.27,T3,17,9.83,T2,1
34-1,4370401,YWCA,계절학기,토요일,18,13.75,T3,20,6.78,T1,2
34-1,4370401,YWCA,계절학기,일요일·공휴일,15,14.01,T3,14,11.47,T2,-1
34-1,4370401,YWCA,계절학기,일요일·공휴일,16,14.63,T3,18,8.54,T1,2
34-1,4370401,YWCA,방학,평일,08,15.56,T3,07,6.55,T1,-1
34-1,4370401,YWCA,방학,평일,10,14.32,T3,09,10.0,T2,-1
34-1,4370401,YWCA,방학,평일,11,16.85,T3,09,10.0,T2,-2
34-1,4370401,YWCA,방학,평일,17,22.41,T3,19,10.13,T2,2
34-1,4370401,YWCA,방학,평일,18,28.6,T3,20,10.08,T2,2
34-1,4370401,YWCA,방학,토요일,11,13.67,T3,10,11.88,T2,-1
34-1,4370401,YWCA,방학,토요일,12,16.01,T3,10,11.88,T2,-2
34-1,4370401,YWCA,방학,토요일,16,16.24,T3,18,12.88,T2,2
34-1,4370401,YWCA,방학,토요일,17,13.58,T3,18,12.88,T2,1
34-1,4370401,YWCA,방학,일요일·공휴일,11,13.54,T3,09,9.89,T2,-2
34-1,4370401,YWCA,방학,일요일·공휴일,13,15.59,T3,12,12.41,T2,-1
34-1,4370401,YWCA,방학,일요일·공휴일,14,18.24,T3,12,12.41,T2,-2
34-1,4370401,YWCA,방학,일요일·공휴일,17,18.81,T3,19,10.82,T2,2
34-1,4370401,YWCA,방학,일요일·공휴일,18,16.08,T3,20,8.28,T1,2
34-1,4370411,학성중학교정문,학기,평일,07,15.27,T3,06,8.76,T1,-1
34-1,4370411,학성중학교정문,학기,평일,08,20.92,T3,06,8.76,T1,-2
34-1,4370411,학성중학교정문,학기,평일,17,17.02,T3,19,12.93,T2,2
34-1,4370411,학성중학교정문,학기,평일,18,18.89,T3,20,9.89,T2,2
34-1,4370411,학성중학교정문,학기,토요일,08,16.14,T3,06,6.04,T1,-2
34-1,4370411,학성중학교정문,학기,토요일,09,19.09,T3,07,7.71,T1,-2
34-1,4370411,학성중학교정문,학기,일요일·공휴일,08,14.61,T3,06,4.56,T1,-2
34-1,4370411,학성중학교정문,학기,일요일·공휴일,10,16.3,T3,09,10.54,T2,-1
34-1,4370411,학성중학교정문,학기,일요일·공휴일,11,13.31,T3,09,10.54,T2,-2
34-1,4370411,학성중학교정문,시험,평일,08,23.91,T3,06,7.61,T1,-2
34-1,4370411,학성중학교정문,시험,평일,09,18.15,T3,07,9.93,T2,-2
34-1,4370411,학성중학교정문,시험,평일,18,19.66,T3,20,10.01,T2,2
34-1,4370411,학성중학교정문,시험,토요일,09,17.02,T3,10,12.83,T2,1
34-1,4370411,학성중학교정문,시험,토요일,11,19.71,T3,10,12.83,T2,-1
34-1,4370411,학성중학교정문,시험,토요일,12,19.06,T3,10,12.83,T2,-2
34-1,4370411,학성중학교정문,시험,토요일,15,14.15,T3,17,12.05,T2,2
34-1,4370411,학성중학교정문,시험,토요일,20,15.0,T3,21,9.56,T2,1
34-1,4370411,학성중학교정문,계절학기,평일,07,14.13,T3,06,6.43,T1,-1
34-1,4370411,학성중학교정문,계절학기,평일,08,20.27,T3,06,6.43,T1,-2
34-1,4370411,학성중학교정문,계절학기,평일,16,15.05,T3,18,11.09,T2,2
34-1,4370411,학성중학교정문,계절학기,평일,17,16.9,T3,18,11.09,T2,1
34-1,4370411,학성중학교정문,계절학기,토요일,09,14.61,T3,07,4.21,T1,-2
34-1,4370411,학성중학교정문,계절학기,토요일,10,22.47,T3,08,7.42,T1,-2
34-1,4370411,학성중학교정문,계절학기,토요일,15,14.93,T3,16,11.7,T2,1
34-1,4370411,학성중학교정문,계절학기,토요일,18,16.18,T3,19,7.52,T1,1
34-1,4370411,학성중학교정문,계절학기,일요일·공휴일,12,14.94,T3,10,9.29,T2,-2
34-1,4370411,학성중학교정문,계절학기,일요일·공휴일,13,13.28,T3,11,10.32,T2,-2
34-1,4370411,학성중학교정문,방학,평일,08,23.67,T3,06,7.88,T1,-2
34-1,4370411,학성중학교정문,방학,평일,09,19.8,T3,07,11.01,T2,-2
34-1,4370411,학성중학교정문,방학,평일,17,13.92,T3,19,10.72,T2,2
34-1,4370411,학성중학교정문,방학,평일,18,14.21,T3,20,8.62,T1,2
34-1,4370411,학성중학교정문,방학,토요일,09,15.63,T3,07,8.85,T1,-2
34-1,4370411,학성중학교정문,방학,토요일,10,16.21,T3,08,12.16,T2,-2
34-1,4370411,학성중학교정문,방학,토요일,17,14.79,T3,19,8.05,T1,2
34-1,4370411,학성중학교정문,방학,토요일,18,13.35,T3,19,8.05,T1,1
34-1,4370411,학성중학교정문,방학,일요일·공휴일,10,15.77,T3,08,9.07,T2,-2
34-1,4370411,학성중학교정문,방학,일요일·공휴일,11,15.32,T3,09,12.83,T2,-2
34-1,4370411,학성중학교정문,방학,일요일·공휴일,18,15.19,T3,20,12.58,T2,2
34-1,4370411,학성중학교정문,방학,일요일·공휴일,19,14.71,T3,20,12.58,T2,1
34-1,4370411,학성중학교정문,방학,일요일·공휴일,21,15.16,T3,20,12.58,T2,-1
34-1,4370421,서원주유소,학기,평일,07,14.47,T3,06,8.41,T1,-1
34-1,4370421,서원주유소,학기,평일,08,22.66,T3,06,8.41,T1,-2
34-1,4370421,서원주유소,학기,평일,17,17.21,T3,19,12.19,T2,2
34-1,4370421,서원주유소,학기,평일,18,16.42,T3,20,10.36,T2,2
34-1,4370421,서원주유소,학기,토요일,08,14.38,T3,07,6.21,T1,-1
34-1,4370421,서원주유소,학기,토요일,09,15.71,T3,07,6.21,T1,-2
34-1,4370421,서원주유소,학기,토요일,17,13.32,T3,19,12.31,T2,2
34-1,4370421,서원주유소,학기,토요일,18,16.51,T3,19,12.31,T2,1
34-1,4370421,서원주유소,학기,일요일·공휴일,10,17.02,T3,09,10.58,T2,-1
34-1,4370421,서원주유소,학기,일요일·공휴일,11,13.23,T3,09,10.58,T2,-2
34-1,4370421,서원주유소,시험,평일,08,21.76,T3,07,9.24,T2,-1
34-1,4370421,서원주유소,시험,평일,09,18.36,T3,07,9.24,T2,-2
34-1,4370421,서원주유소,시험,평일,18,14.16,T3,20,11.87,T2,2
34-1,4370421,서원주유소,시험,토요일,14,20.13,T3,16,11.77,T2,2
34-1,4370421,서원주유소,계절학기,평일,08,18.07,T3,06,6.3,T1,-2
34-1,4370421,서원주유소,계절학기,평일,09,18.98,T3,07,10.71,T2,-2
34-1,4370421,서원주유소,계절학기,평일,16,15.66,T3,18,13.11,T2,2
34-1,4370421,서원주유소,계절학기,평일,17,18.18,T3,19,7.41,T1,2
34-1,4370421,서원주유소,계절학기,토요일,10,20.83,T3,08,10.36,T2,-2
34-1,4370421,서원주유소,계절학기,토요일,11,18.38,T3,12,13.03,T2,1
34-1,4370421,서원주유소,계절학기,토요일,14,13.57,T3,16,12.13,T2,2
34-1,4370421,서원주유소,계절학기,토요일,18,13.21,T3,16,12.13,T2,-2
34-1,4370421,서원주유소,계절학기,일요일·공휴일,12,14.09,T3,11,12.71,T2,-1
34-1,4370421,서원주유소,방학,평일,08,22.26,T3,06,6.88,T1,-2
34-1,4370421,서원주유소,방학,평일,09,21.69,T3,07,10.78,T2,-2
34-1,4370421,서원주유소,방학,평일,17,16.9,T3,19,8.9,T1,2
34-1,4370421,서원주유소,방학,평일,18,14.68,T3,19,8.9,T1,1
34-1,4370421,서원주유소,방학,토요일,09,14.66,T3,07,7.48,T1,-2
34-1,4370421,서원주유소,방학,토요일,11,19.5,T3,10,12.36,T2,-1
34-1,4370421,서원주유소,방학,토요일,15,15.99,T3,17,11.81,T2,2
34-1,4370421,서원주유소,방학,토요일,16,14.99,T3,17,11.81,T2,1
34-1,4370421,서원주유소,방학,토요일,18,13.32,T3,19,8.99,T1,1
34-1,4370421,서원주유소,방학,일요일·공휴일,11,15.81,T3,09,10.0,T2,-2
34-1,4370421,서원주유소,방학,일요일·공휴일,12,14.56,T3,10,11.75,T2,-2
34-1,4370421,서원주유소,방학,일요일·공휴일,18,13.65,T3,20,11.74,T2,2
34-1,4370431,옛합동청사,학기,평일,08,20.04,T3,07,8.31,T1,-1
34-1,4370431,옛합동청사,학기,평일,11,19.51,T3,09,9.71,T2,-2
34-1,4370431,옛합동청사,학기,평일,12,16.13,T3,10,11.17,T2,-2
34-1,4370431,옛합동청사,학기,평일,17,27.3,T3,19,11.93,T2,2
34-1,4370431,옛합동청사,학기,평일,18,21.85,T3,20,10.17,T2,2
34-1,4370431,옛합동청사,학기,토요일,08,15.57,T3,07,5.6,T1,-1
34-1,4370431,옛합동청사,학기,토요일,10,15.68,T3,09,12.69,T2,-1
34-1,4370431,옛합동청사,학기,토요일,11,16.28,T3,09,12.69,T2,-2
34-1,4370431,옛합동청사,학기,토요일,15,19.62,T3,17,12.37,T2,2
34-1,4370431,옛합동청사,학기,토요일,16,15.65,T3,17,12.37,T2,1
34-1,4370431,옛합동청사,학기,토요일,18,17.38,T3,20,8.84,T1,2
34-1,4370431,옛합동청사,학기,일요일·공휴일,13,16.82,T3,11,7.76,T1,-2
34-1,4370431,옛합동청사,학기,일요일·공휴일,14,19.24,T3,12,11.79,T2,-2
34-1,4370431,옛합동청사,학기,일요일·공휴일,17,16.91,T3,19,12.37,T2,2
34-1,4370431,옛합동청사,학기,일요일·공휴일,18,15.17,T3,20,11.46,T2,2
34-1,4370431,옛합동청사,학기,일요일·공휴일,21,14.96,T3,20,11.46,T2,-1
34-1,4370431,옛합동청사,시험,평일,08,18.68,T3,07,8.24,T1,-1
34-1,4370431,옛합동청사,시험,평일,10,14.63,T3,11,12.64,T2,1
34-1,4370431,옛합동청사,시험,평일,12,16.15,T3,11,12.64,T2,-1
34-1,4370431,옛합동청사,시험,평일,13,21.82,T3,11,12.64,T2,-2
34-1,4370431,옛합동청사,시험,평일,17,22.77,T3,19,10.62,T2,2
34-1,4370431,옛합동청사,시험,평일,18,16.37,T3,20,9.34,T2,2
34-1,4370431,옛합동청사,시험,토요일,14,19.8,T3,16,10.93,T2,2
34-1,4370431,옛합동청사,시험,토요일,15,14.81,T3,16,10.93,T2,1
34-1,4370431,옛합동청사,시험,일요일·공휴일,13,17.82,T3,11,13.04,T2,-2
34-1,4370431,옛합동청사,계절학기,평일,08,14.71,T3,07,9.58,T2,-1
34-1,4370431,옛합동청사,계절학기,평일,11,15.56,T3,10,11.98,T2,-1
34-1,4370431,옛합동청사,계절학기,평일,12,18.78,T3,10,11.98,T2,-2
34-1,4370431,옛합동청사,계절학기,평일,17,19.29,T3,19,7.34,T1,2
34-1,4370431,옛합동청사,계절학기,평일,18,19.51,T3,20,6.92,T1,2
34-1,4370431,옛합동청사,계절학기,토요일,10,13.97,T3,12,12.19,T2,2
34-1,4370431,옛합동청사,계절학기,토요일,13,17.87,T3,12,12.19,T2,-1
34-1,4370431,옛합동청사,계절학기,토요일,14,15.57,T3,12,12.19,T2,-2
34-1,4370431,옛합동청사,계절학기,토요일,15,16.68,T3,17,10.97,T2,2
34-1,4370431,옛합동청사,계절학기,토요일,16,15.98,T3,17,10.97,T2,1
34-1,4370431,옛합동청사,계절학기,일요일·공휴일,13,14.53,T3,15,9.6,T2,2
34-1,4370431,옛합동청사,방학,평일,08,15.05,T3,07,8.45,T1,-1
34-1,4370431,옛합동청사,방학,평일,09,13.39,T3,07,8.45,T1,-2
34-1,4370431,옛합동청사,방학,평일,17,20.49,T3,19,8.14,T1,2
34-1,4370431,옛합동청사,방학,평일,18,28.64,T3,19,8.14,T1,1
34-1,4370431,옛합동청사,방학,토요일,11,14.55,T3,10,11.2,T2,-1
34-1,4370431,옛합동청사,방학,토요일,12,15.81,T3,10,11.2,T2,-2
34-1,4370431,옛합동청사,방학,토요일,15,15.55,T3,17,10.52,T2,2
34-1,4370431,옛합동청사,방학,토요일,16,16.42,T3,17,10.52,T2,1
34-1,4370431,옛합동청사,방학,토요일,19,14.49,T3,21,6.24,T1,2
34-1,4370431,옛합동청사,방학,일요일·공휴일,13,14.61,T3,12,9.3,T2,-1
34-1,4370431,옛합동청사,방학,일요일·공휴일,14,14.78,T3,12,9.3,T2,-2
34-1,4370431,옛합동청사,방학,일요일·공휴일,18,13.92,T3,20,7.52,T1,2
34-1,4370431,옛합동청사,방학,일요일·공휴일,19,14.53,T3,20,7.52,T1,1
34-1,4370441,시외.고속버스터미널,학기,평일,08,15.99,T3,10,6.25,T1,2
34-1,4370441,시외.고속버스터미널,학기,평일,12,13.7,T3,10,6.25,T1,-2
34-1,4370441,시외.고속버스터미널,학기,평일,15,17.31,T3,13,12.28,T2,-2
34-1,4370441,시외.고속버스터미널,학기,평일,16,17.99,T3,14,12.76,T2,-2
34-1,4370441,시외.고속버스터미널,학기,평일,17,16.26,T3,19,8.97,T1,2
34-1,4370441,시외.고속버스터미널,학기,평일,18,15.48,T3,20,8.47,T1,2
34-1,4370441,시외.고속버스터미널,학기,토요일,11,13.28,T3,10,10.3,T2,-1
34-1,4370441,시외.고속버스터미널,학기,토요일,13,14.3,T3,15,12.15,T2,2
34-1,4370441,시외.고속버스터미널,학기,토요일,14,14.16,T3,15,12.15,T2,1
34-1,4370441,시외.고속버스터미널,학기,일요일·공휴일,15,13.89,T3,13,10.09,T2,-2
34-1,4370441,시외.고속버스터미널,학기,일요일·공휴일,16,13.34,T3,14,12.39,T2,-2
34-1,4370441,시외.고속버스터미널,학기,일요일·공휴일,17,14.22,T3,19,11.62,T2,2
34-1,4370441,시외.고속버스터미널,학기,일요일·공휴일,18,14.09,T3,19,11.62,T2,1
34-1,4370441,시외.고속버스터미널,시험,평일,08,16.61,T3,07,7.16,T1,-1
34-1,4370441,시외.고속버스터미널,시험,평일,11,13.4,T3,09,10.1,T2,-2
34-1,4370441,시외.고속버스터미널,시험,평일,12,13.23,T3,10,10.22,T2,-2
34-1,4370441,시외.고속버스터미널,시험,평일,17,14.35,T3,19,9.72,T2,2
34-1,4370441,시외.고속버스터미널,시험,평일,18,18.03,T3,20,9.36,T2,2
34-1,4370441,시외.고속버스터미널,시험,토요일,09,16.44,T3,07,6.44,T1,-2
34-1,4370441,시외.고속버스터미널,시험,토요일,11,16.04,T3,10,12.66,T2,-1
34-1,4370441,시외.고속버스터미널,시험,토요일,12,15.23,T3,10,12.66,T2,-2
34-1,4370441,시외.고속버스터미널,시험,토요일,13,14.11,T3,15,11.48,T2,2
34-1,4370441,시외.고속버스터미널,시험,토요일,14,17.38,T3,16,9.68,T2,2
34-1,4370441,시외.고속버스터미널,시험,토요일,20,14.58,T3,19,8.71,T1,-1
34-1,4370441,시외.고속버스터미널,시험,일요일·공휴일,11,15.04,T3,09,9.13,T2,-2
34-1,4370441,시외.고속버스터미널,시험,일요일·공휴일,12,17.37,T3,10,11.14,T2,-2
34-1,4370441,시외.고속버스터미널,시험,일요일·공휴일,17,15.13,T3,19,11.78,T2,2
34-1,4370441,시외.고속버스터미널,시험,일요일·공휴일,18,13.56,T3,19,11.78,T2,1
34-1,4370441,시외.고속버스터미널,시험,일요일·공휴일,20,18.63,T3,19,11.78,T2,-1
34-1,4370441,시외.고속버스터미널,시험,일요일·공휴일,21,17.22,T3,19,11.78,T2,-2
34-1,4370441,시외.고속버스터미널,계절학기,평일,12,14.22,T3,10,8.73,T1,-2
34-1,4370441,시외.고속버스터미널,계절학기,평일,13,15.96,T3,11,13.17,T2,-2
34-1,4370441,시외.고속버스터미널,계절학기,평일,17,14.84,T3,19,7.84,T1,2
34-1,4370441,시외.고속버스터미널,계절학기,평일,18,14.84,T3,20,7.81,T1,2
34-1,4370441,시외.고속버스터미널,계절학기,토요일,11,16.4,T3,09,10.96,T2,-2
34-1,4370441,시외.고속버스터미널,계절학기,토요일,13,13.22,T3,12,11.07,T2,-1
34-1,4370441,시외.고속버스터미널,계절학기,토요일,15,14.3,T3,17,9.12,T2,2
34-1,4370441,시외.고속버스터미널,계절학기,토요일,16,14.46,T3,17,9.12,T2,1
34-1,4370441,시외.고속버스터미널,방학,평일,12,13.54,T3,10,9.45,T2,-2
34-1,4370441,시외.고속버스터미널,방학,평일,13,14.68,T3,11,11.52,T2,-2
34-1,4370441,시외.고속버스터미널,방학,평일,17,14.28,T3,19,9.77,T2,2
34-1,4370441,시외.고속버스터미널,방학,평일,18,20.53,T3,20,8.73,T1,2
34-1,4370441,시외.고속버스터미널,방학,토요일,14,14.63,T3,12,12.28,T2,-2
34-1,4370441,시외.고속버스터미널,방학,토요일,15,14.67,T3,17,9.88,T2,2
34-1,4370441,시외.고속버스터미널,방학,토요일,16,13.84,T3,17,9.88,T2,1
34-1,4370441,시외.고속버스터미널,방학,일요일·공휴일,15,14.17,T3,13,9.3,T2,-2
34-1,4370661,시외.고속버스터미널,학기,평일,07,13.19,T3,06,6.78,T1,-1
34-1,4370661,시외.고속버스터미널,학기,평일,08,19.81,T3,06,6.78,T1,-2
34-1,4370661,시외.고속버스터미널,학기,평일,17,15.36,T3,19,11.14,T2,2
34-1,4370661,시외.고속버스터미널,학기,평일,18,15.22,T3,20,10.75,T2,2
34-1,4370661,시외.고속버스터미널,학기,토요일,08,14.58,T3,06,4.9,T1,-2
34-1,4370661,시외.고속버스터미널,학기,토요일,09,16.99,T3,07,6.04,T1,-2
34-1,4370661,시외.고속버스터미널,학기,토요일,16,17.41,T3,18,12.37,T2,2
34-1,4370661,시외.고속버스터미널,학기,토요일,17,13.64,T3,19,11.59,T2,2
34-1,4370661,시외.고속버스터미널,학기,토요일,20,13.76,T3,19,11.59,T2,-1
34-1,4370661,시외.고속버스터미널,학기,토요일,21,16.24,T3,19,11.59,T2,-2
34-1,4370661,시외.고속버스터미널,학기,일요일·공휴일,10,14.42,T3,09,10.33,T2,-1
34-1,4370661,시외.고속버스터미널,학기,일요일·공휴일,12,15.27,T3,11,12.32,T2,-1
34-1,4370661,시외.고속버스터미널,학기,일요일·공휴일,13,14.89,T3,11,12.32,T2,-2
34-1,4370661,시외.고속버스터미널,시험,평일,08,20.66,T3,06,6.18,T1,-2
34-1,4370661,시외.고속버스터미널,시험,평일,09,16.4,T3,07,10.14,T2,-2
34-1,4370661,시외.고속버스터미널,시험,평일,17,15.81,T3,19,10.1,T2,2
34-1,4370661,시외.고속버스터미널,시험,평일,18,14.63,T3,19,10.1,T2,1
34-1,4370661,시외.고속버스터미널,시험,토요일,09,16.69,T3,07,8.02,T1,-2
34-1,4370661,시외.고속버스터미널,시험,토요일,11,19.71,T3,10,12.58,T2,-1
34-1,4370661,시외.고속버스터미널,시험,토요일,12,17.81,T3,10,12.58,T2,-2
34-1,4370661,시외.고속버스터미널,시험,토요일,14,19.96,T3,16,11.43,T2,2
34-1,4370661,시외.고속버스터미널,시험,토요일,15,13.26,T3,16,11.43,T2,1
34-1,4370661,시외.고속버스터미널,시험,토요일,20,16.17,T3,21,10.06,T2,1
34-1,4370661,시외.고속버스터미널,시험,일요일·공휴일,10,13.81,T3,09,10.46,T2,-1
34-1,4370661,시외.고속버스터미널,시험,일요일·공휴일,11,13.87,T3,09,10.46,T2,-2
34-1,4370661,시외.고속버스터미널,시험,일요일·공휴일,17,14.38,T3,19,12.86,T2,2
34-1,4370661,시외.고속버스터미널,시험,일요일·공휴일,18,13.36,T3,19,12.86,T2,1
34-1,4370661,시외.고속버스터미널,시험,일요일·공휴일,20,21.96,T3,19,12.86,T2,-1
34-1,4370661,시외.고속버스터미널,시험,일요일·공휴일,21,21.56,T3,19,12.86,T2,-2
34-1,4370661,시외.고속버스터미널,계절학기,평일,08,16.41,T3,06,5.89,T1,-2
34-1,4370661,시외.고속버스터미널,계절학기,평일,09,16.61,T3,07,11.0,T2,-2
34-1,4370661,시외.고속버스터미널,계절학기,평일,16,13.78,T3,18,13.06,T2,2
34-1,4370661,시외.고속버스터미널,계절학기,평일,17,17.19,T3,19,8.96,T1,2
34-1,4370661,시외.고속버스터미널,계절학기,토요일,10,17.19,T3,08,8.43,T1,-2
34-1,4370661,시외.고속버스터미널,계절학기,토요일,11,20.23,T3,09,13.11,T2,-2
34-1,4370661,시외.고속버스터미널,계절학기,토요일,14,14.49,T3,16,12.13,T2,2
34-1,4370661,시외.고속버스터미널,계절학기,토요일,15,13.82,T3,17,10.83,T2,2
34-1,4370661,시외.고속버스터미널,계절학기,일요일·공휴일,12,15.01,T3,10,8.1,T1,-2
34-1,4370661,시외.고속버스터미널,계절학기,일요일·공휴일,13,14.46,T3,15,9.91,T2,2
34-1,4370661,시외.고속버스터미널,방학,평일,08,20.72,T3,06,5.09,T1,-2
34-1,4370661,시외.고속버스터미널,방학,평일,09,18.22,T3,07,9.93,T2,-2
34-1,4370661,시외.고속버스터미널,방학,평일,16,16.21,T3,18,12.91,T2,2
34-1,4370661,시외.고속버스터미널,방학,평일,17,14.01,T3,19,9.55,T2,2
34-1,4370661,시외.고속버스터미널,방학,토요일,09,13.71,T3,07,6.79,T1,-2
34-1,4370661,시외.고속버스터미널,방학,토요일,10,15.88,T3,08,9.5,T2,-2
34-1,4370661,시외.고속버스터미널,방학,토요일,15,14.22,T3,17,10.52,T2,2
34-1,4370661,시외.고속버스터미널,방학,토요일,16,13.95,T3,17,10.52,T2,1
34-1,4370661,시외.고속버스터미널,방학,토요일,18,13.53,T3,19,8.83,T1,1
34-1,4370661,시외.고속버스터미널,방학,일요일·공휴일,12,13.42,T3,11,12.63,T2,-1
34-1,4370661,시외.고속버스터미널,방학,일요일·공휴일,13,15.83,T3,11,12.63,T2,-2
34-1,4370661,시외.고속버스터미널,방학,일요일·공휴일,15,15.45,T3,17,12.58,T2,2
34-1,4370661,시외.고속버스터미널,방학,일요일·공휴일,16,19.67,T3,18,12.08,T2,2
34-1,4370661,시외.고속버스터미널,방학,일요일·공휴일,21,16.37,T3,19,12.49,T2,-2
34-1,4370671,서원주유소,학기,평일,08,20.99,T3,07,9.26,T2,-1
34-1,4370671,서원주유소,학기,평일,09,14.89,T3,07,9.26,T2,-2
34-1,4370671,서원주유소,학기,평일,17,24.3,T3,19,10.06,T2,2
34-1,4370671,서원주유소,학기,평일,18,24.77,T3,20,8.44,T1,2
34-1,4370671,서원주유소,학기,토요일,08,16.05,T3,07,5.37,T1,-1
34-1,4370671,서원주유소,학기,토요일,09,14.06,T3,07,5.37,T1,-2
34-1,4370671,서원주유소,학기,토요일,15,16.33,T3,17,13.13,T2,2
34-1,4370671,서원주유소,학기,토요일,16,13.51,T3,17,13.13,T2,1
34-1,4370671,서원주유소,학기,토요일,18,16.45,T3,20,7.86,T1,2
34-1,4370671,서원주유소,학기,일요일·공휴일,13,16.29,T3,12,12.41,T2,-1
34-1,4370671,서원주유소,학기,일요일·공휴일,14,16.85,T3,12,12.41,T2,-2
34-1,4370671,서원주유소,학기,일요일·공휴일,16,18.23,T3,18,12.43,T2,2
34-1,4370671,서원주유소,학기,일요일·공휴일,17,16.18,T3,18,12.43,T2,1
34-1,4370671,서원주유소,학기,일요일·공휴일,19,17.93,T3,20,11.48,T2,1
34-1,4370671,서원주유소,학기,일요일·공휴일,21,17.46,T3,20,11.48,T2,-1
34-1,4370671,서원주유소,시험,평일,08,18.02,T3,07,9.41,T2,-1
34-1,4370671,서원주유소,시험,평일,09,13.59,T3,07,9.41,T2,-2
34-1,4370671,서원주유소,시험,토요일,09,16.85,T3,10,11.66,T2,1
34-1,4370671,서원주유소,계절학기,평일,08,15.16,T3,07,11.01,T2,-1
34-1,4370671,서원주유소,계절학기,평일,11,16.14,T3,09,11.71,T2,-2
34-1,4370671,서원주유소,계절학기,평일,12,20.11,T3,10,11.98,T2,-2
34-1,4370671,서원주유소,계절학기,평일,18,21.96,T3,20,7.73,T1,2
34-1,4370671,서원주유소,계절학기,토요일,10,13.63,T3,08,8.58,T1,-2
34-1,4370671,서원주유소,계절학기,토요일,11,20.88,T3,12,12.69,T2,1
34-1,4370671,서원주유소,계절학기,토요일,13,15.54,T3,12,12.69,T2,-1
34-1,4370671,서원주유소,계절학기,토요일,15,21.15,T3,17,9.97,T2,2
34-1,4370671,서원주유소,계절학기,토요일,16,14.27,T3,17,9.97,T2,1
34-1,4370671,서원주유소,방학,평일,08,15.13,T3,07,9.65,T2,-1
34-1,4370671,서원주유소,방학,평일,09,14.34,T3,07,9.65,T2,-2
34-1,4370671,서원주유소,방학,평일,17,18.67,T3,19,9.74,T2,2
34-1,4370671,서원주유소,방학,평일,18,29.52,T3,19,9.74,T2,1
34-1,4370671,서원주유소,방학,토요일,11,13.92,T3,09,10.04,T2,-2
34-1,4370671,서원주유소,방학,토요일,12,17.37,T3,10,10.86,T2,-2
34-1,4370671,서원주유소,방학,토요일,15,16.8,T3,17,11.95,T2,2
34-1,4370671,서원주유소,방학,토요일,16,16.99,T3,17,11.95,T2,1
34-1,4370671,서원주유소,방학,토요일,18,14.59,T3,20,7.06,T1,2
34-1,4370671,서원주유소,방학,일요일·공휴일,11,14.5,T3,09,9.99,T2,-2
34-1,4370671,서원주유소,방학,일요일·공휴일,12,13.73,T3,10,11.04,T2,-2
34-1,4370671,서원주유소,방학,일요일·공휴일,14,16.26,T3,13,11.76,T2,-1
34-1,4370671,서원주유소,방학,일요일·공휴일,15,22.08,T3,13,11.76,T2,-2
34-1,4370671,서원주유소,방학,일요일·공휴일,17,17.6,T3,19,10.91,T2,2
34-1,4370671,서원주유소,방학,일요일·공휴일,18,13.25,T3,20,6.8,T1,2
34-1,4370681,국제아파트,학기,평일,17,19.35,T3,19,10.16,T2,2
34-1,4370681,국제아파트,학기,평일,18,16.38,T3,19,10.16,T2,1
34-1,4370681,국제아파트,학기,토요일,09,13.23,T3,07,4.77,T1,-2
34-1,4370681,국제아파트,학기,토요일,16,14.59,T3,18,10.3,T2,2
34-1,4370681,국제아파트,시험,평일,17,16.59,T3,19,10.08,T2,2
34-1,4370681,국제아파트,계절학기,평일,09,15.11,T3,07,9.01,T1,-2
34-1,4370681,국제아파트,계절학기,평일,16,16.99,T3,18,12.95,T2,2
34-1,4370681,국제아파트,계절학기,평일,17,15.82,T3,18,12.95,T2,1
34-1,4370681,국제아파트,계절학기,토요일,15,13.35,T3,16,12.65,T2,1
34-1,4370681,국제아파트,계절학기,일요일·공휴일,12,13.76,T3,14,12.31,T2,2
34-1,4370681,국제아파트,방학,평일,09,16.39,T3,07,7.2,T1,-2
34-1,4370681,국제아파트,방학,평일,16,19.42,T3,18,12.63,T2,2
34-1,4370681,국제아파트,방학,평일,17,15.82,T3,19,11.37,T2,2
34-1,4370681,국제아파트,방학,일요일·공휴일,14,14.9,T3,12,12.51,T2,-2
34-1,4370681,국제아파트,방학,일요일·공휴일,15,15.37,T3,17,11.57,T2,2
34-1,4370691,학성중학교정문,학기,평일,08,20.56,T3,07,8.91,T1,-1
34-1,4370691,학성중학교정문,학기,평일,11,19.4,T3,09,12.1,T2,-2
34-1,4370691,학성중학교정문,학기,평일,12,22.12,T3,10,12.31,T2,-2
34-1,4370691,학성중학교정문,학기,평일,18,21.91,T3,20,9.58,T2,2
34-1,4370691,학성중학교정문,학기,평일,19,13.3,T3,21,6.98,T1,2
34-1,4370691,학성중학교정문,학기,토요일,08,14.6,T3,07,5.51,T1,-1
34-1,4370691,학성중학교정문,학기,토요일,09,15.78,T3,07,5.51,T1,-2
34-1,4370691,학성중학교정문,학기,토요일,17,22.58,T3,19,9.1,T2,2
34-1,4370691,학성중학교정문,학기,토요일,18,19.29,T3,20,8.65,T1,2
34-1,4370691,학성중학교정문,학기,일요일·공휴일,12,13.42,T3,11,11.62,T2,-1
34-1,4370691,학성중학교정문,학기,일요일·공휴일,13,14.04,T3,11,11.62,T2,-2
34-1,4370691,학성중학교정문,학기,일요일·공휴일,18,15.33,T3,20,11.05,T2,2
34-1,4370691,학성중학교정문,학기,일요일·공휴일,19,13.43,T3,20,11.05,T2,1
34-1,4370691,학성중학교정문,시험,평일,10,14.23,T3,09,12.69,T2,-1
34-1,4370691,학성중학교정문,시험,평일,11,18.66,T3,09,12.69,T2,-2
34-1,4370691,학성중학교정문,시험,평일,17,23.21,T3,19,11.05,T2,2
34-1,4370691,학성중학교정문,시험,평일,18,20.0,T3,20,8.9,T1,2
34-1,4370691,학성중학교정문,시험,토요일,09,17.85,T3,08,10.92,T2,-1
34-1,4370691,학성중학교정문,시험,토요일,10,14.05,T3,08,10.92,T2,-2
34-1,4370691,학성중학교정문,시험,일요일·공휴일,12,19.95,T3,10,11.64,T2,-2
34-1,4370691,학성중학교정문,시험,일요일·공휴일,17,14.3,T3,19,11.86,T2,2
34-1,4370691,학성중학교정문,시험,일요일·공휴일,20,17.13,T3,19,11.86,T2,-1
34-1,4370691,학성중학교정문,시험,일요일·공휴일,21,16.72,T3,19,11.86,T2,-2
34-1,4370691,학성중학교정문,계절학기,평일,08,15.67,T3,07,10.31,T2,-1
34-1,4370691,학성중학교정문,계절학기,평일,11,18.13,T3,10,12.39,T2,-1
34-1,4370691,학성중학교정문,계절학기,평일,12,17.17,T3,10,12.39,T2,-2
34-1,4370691,학성중학교정문,계절학기,평일,17,24.12,T3,19,10.37,T2,2
34-1,4370691,학성중학교정문,계절학기,평일,18,16.51,T3,20,7.91,T1,2
34-1,4370691,학성중학교정문,계절학기,토요일,10,13.83,T3,12,10.94,T2,2
34-1,4370691,학성중학교정문,계절학기,토요일,11,20.76,T3,12,10.94,T2,1
34-1,4370691,학성중학교정문,계절학기,토요일,13,15.79,T3,12,10.94,T2,-1
34-1,4370691,학성중학교정문,계절학기,토요일,14,16.82,T3,12,10.94,T2,-2
34-1,4370691,학성중학교정문,계절학기,토요일,15,21.87,T3,17,11.4,T2,2
34-1,4370691,학성중학교정문,계절학기,토요일,16,20.27,T3,17,11.4,T2,1
34-1,4370691,학성중학교정문,계절학기,일요일·공휴일,15,14.26,T3,17,9.84,T2,2
34-1,4370691,학성중학교정문,방학,평일,08,17.25,T3,07,8.9,T1,-1
34-1,4370691,학성중학교정문,방학,평일,10,14.8,T3,09,13.0,T2,-1
34-1,4370691,학성중학교정문,방학,평일,11,17.82,T3,09,13.0,T2,-2
34-1,4370691,학성중학교정문,방학,평일,17,22.74,T3,19,11.13,T2,2
34-1,4370691,학성중학교정문,방학,평일,18,28.51,T3,20,9.85,T2,2
34-1,4370691,학성중학교정문,방학,토요일,11,16.28,T3,09,11.31,T2,-2
34-1,4370691,학성중학교정문,방학,토요일,12,18.81,T3,10,12.93,T2,-2
34-1,4370691,학성중학교정문,방학,토요일,15,15.99,T3,17,11.84,T2,2
34-1,4370691,학성중학교정문,방학,토요일,16,17.66,T3,17,11.84,T2,1
34-1,4370691,학성중학교정문,방학,토요일,18,16.39,T3,20,7.74,T1,2
34-1,4370691,학성중학교정문,방학,일요일·공휴일,11,15.12,T3,09,9.07,T2,-2
34-1,4370691,학성중학교정문,방학,일요일·공휴일,13,15.61,T3,12,12.84,T2,-1
34-1,4370691,학성중학교정문,방학,일요일·공휴일,14,20.44,T3,12,12.84,T2,-2
34-1,4370691,학성중학교정문,방학,일요일·공휴일,15,21.72,T3,16,13.07,T2,1
34-1,4370691,학성중학교정문,방학,일요일·공휴일,17,14.62,T3,19,12.28,T2,2
34-1,4370691,학성중학교정문,방학,일요일·공휴일,18,13.7,T3,20,8.1,T1,2
34-1,4370701,YWCA,학기,평일,08,20.1,T3,06,9.01,T1,-2
34-1,4370701,YWCA,학기,평일,09,23.6,T3,07,12.74,T2,-2
34-1,4370701,YWCA,학기,평일,17,17.05,T3,19,12.11,T2,2
34-1,4370701,YWCA,학기,평일,18,15.94,T3,20,9.51,T2,2
34-1,4370701,YWCA,학기,토요일,08,16.95,T3,06,7.04,T1,-2
34-1,4370701,YWCA,학기,토요일,09,19.11,T3,07,7.82,T1,-2
34-1,4370701,YWCA,학기,토요일,16,17.5,T3,18,12.84,T2,2
34-1,4370701,YWCA,학기,토요일,17,13.99,T3,19,12.63,T2,2
34-1,4370701,YWCA,학기,일요일·공휴일,10,16.72,T3,09,11.07,T2,-1
34-1,4370701,YWCA,학기,일요일·공휴일,12,17.21,T3,11,12.45,T2,-1
34-1,4370701,YWCA,학기,일요일·공휴일,13,16.27,T3,11,12.45,T2,-2
34-1,4370701,YWCA,시험,평일,08,22.26,T3,06,8.08,T1,-2
34-1,4370701,YWCA,시험,평일,09,16.91,T3,07,9.69,T2,-2
34-1,4370701,YWCA,시험,평일,17,18.3,T3,19,10.39,T2,2
34-1,4370701,YWCA,시험,평일,18,19.78,T3,20,9.93,T2,2
34-1,4370701,YWCA,시험,토요일,06,14.52,T3,07,6.44,T1,1
34-1,4370701,YWCA,시험,토요일,09,17.35,T3,07,6.44,T1,-2
34-1,4370701,YWCA,시험,토요일,11,19.71,T3,10,12.33,T2,-1
34-1,4370701,YWCA,시험,토요일,12,15.73,T3,10,12.33,T2,-2
34-1,4370701,YWCA,시험,토요일,14,20.46,T3,16,12.1,T2,2
34-1,4370701,YWCA,시험,토요일,15,13.56,T3,16,12.1,T2,1
34-1,4370701,YWCA,시험,토요일,20,17.67,T3,19,9.8,T2,-1
34-1,4370701,YWCA,시험,일요일·공휴일,08,13.85,T3,09,10.21,T2,1
34-1,4370701,YWCA,시험,일요일·공휴일,10,14.97,T3,09,10.21,T2,-1
34-1,4370701,YWCA,시험,일요일·공휴일,11,14.54,T3,09,10.21,T2,-2
34-1,4370701,YWCA,계절학기,평일,08,17.19,T3,07,12.54,T2,-1
34-1,4370701,YWCA,계절학기,평일,09,19.35,T3,07,12.54,T2,-2
34-1,4370701,YWCA,계절학기,평일,16,15.69,T3,18,12.81,T2,2
34-1,4370701,YWCA,계절학기,평일,17,19.45,T3,19,9.2,T2,2
34-1,4370701,YWCA,계절학기,토요일,09,14.04,T3,07,4.41,T1,-2
34-1,4370701,YWCA,계절학기,토요일,10,22.13,T3,08,11.22,T2,-2
34-1,4370701,YWCA,계절학기,토요일,11,18.9,T3,13,11.89,T2,2
34-1,4370701,YWCA,계절학기,토요일,12,13.36,T3,13,11.89,T2,1
34-1,4370701,YWCA,계절학기,토요일,14,15.49,T3,16,11.81,T2,2
34-1,4370701,YWCA,계절학기,토요일,15,13.35,T3,17,11.4,T2,2
34-1,4370701,YWCA,계절학기,일요일·공휴일,12,13.36,T3,10,8.04,T1,-2
34-1,4370701,YWCA,방학,평일,08,21.73,T3,06,5.62,T1,-2
34-1,4370701,YWCA,방학,평일,09,20.15,T3,07,8.89,T1,-2
34-1,4370701,YWCA,방학,평일,17,14.01,T3,19,9.9,T2,2
34-1,4370701,YWCA,방학,평일,18,14.76,T3,20,8.46,T1,2
34-1,4370701,YWCA,방학,토요일,10,16.77,T3,08,10.22,T2,-2
34-1,4370701,YWCA,방학,토요일,11,19.06,T3,09,12.7,T2,-2
34-1,4370701,YWCA,방학,토요일,17,14.92,T3,19,9.49,T2,2
34-1,4370701,YWCA,방학,토요일,18,13.55,T3,19,9.49,T2,1
34-1,4370701,YWCA,방학,일요일·공휴일,10,15.89,T3,09,8.8,T1,-1
34-1,4370701,YWCA,방학,일요일·공휴일,11,13.85,T3,09,8.8,T1,-2
34-1,4370701,YWCA,방학,일요일·공휴일,18,14.68,T3,20,11.5,T2,2
34-1,4370701,YWCA,방학,일요일·공휴일,19,13.91,T3,20,11.5,T2,1
34-1,4370711,지하상가,학기,평일,08,18.75,T3,06,8.82,T1,-2
34-1,4370711,지하상가,학기,평일,09,20.41,T3,07,11.94,T2,-2
34-1,4370711,지하상가,학기,평일,17,17.52,T3,19,11.73,T2,2
34-1,4370711,지하상가,학기,평일,18,17.76,T3,20,8.21,T1,2
34-1,4370711,지하상가,학기,토요일,08,15.95,T3,07,5.71,T1,-1
34-1,4370711,지하상가,학기,토요일,09,18.35,T3,07,5.71,T1,-2
34-1,4370711,지하상가,학기,토요일,17,14.11,T3,19,11.29,T2,2
34-1,4370711,지하상가,학기,토요일,18,13.38,T3,20,11.0,T2,2
34-1,4370711,지하상가,학기,일요일·공휴일,10,13.35,T3,08,10.29,T2,-2
34-1,4370711,지하상가,학기,일요일·공휴일,11,13.22,T3,09,10.55,T2,-2
34-1,4370711,지하상가,시험,평일,08,20.68,T3,07,8.35,T1,-1
34-1,4370711,지하상가,시험,평일,09,16.05,T3,07,8.35,T1,-2
34-1,4370711,지하상가,시험,평일,17,17.35,T3,19,9.42,T2,2
34-1,4370711,지하상가,시험,평일,18,18.53,T3,19,9.42,T2,1
34-1,4370711,지하상가,시험,토요일,09,16.69,T3,07,8.27,T1,-2
34-1,4370711,지하상가,시험,토요일,13,14.78,T3,15,13.06,T2,2
34-1,4370711,지하상가,시험,토요일,14,19.8,T3,16,11.77,T2,2
34-1,4370711,지하상가,시험,일요일·공휴일,11,13.37,T3,10,11.64,T2,-1
34-1,4370711,지하상가,계절학기,평일,08,13.78,T3,06,7.57,T1,-2
34-1,4370711,지하상가,계절학기,평일,09,17.84,T3,07,9.01,T1,-2
34-1,4370711,지하상가,계절학기,평일,17,14.48,T3,19,13.02,T2,2
34-1,4370711,지하상가,계절학기,평일,18,13.8,T3,20,7.01,T1,2
34-1,4370711,지하상가,계절학기,토요일,10,14.3,T3,08,7.92,T1,-2
34-1,4370711,지하상가,계절학기,토요일,11,22.71,T3,09,11.04,T2,-2
34-1,4370711,지하상가,계절학기,토요일,13,15.1,T3,12,11.45,T2,-1
34-1,4370711,지하상가,계절학기,토요일,14,13.28,T3,12,11.45,T2,-2
34-1,4370711,지하상가,계절학기,토요일,18,14.04,T3,19,7.19,T1,1
34-1,4370711,지하상가,계절학기,일요일·공휴일,12,13.84,T3,10,7.55,T1,-2
34-1,4370711,지하상가,계절학기,일요일·공휴일,13,15.24,T3,15,10.26,T2,2
34-1,4370711,지하상가,방학,평일,08,20.16,T3,07,7.85,T1,-1
34-1,4370711,지하상가,방학,평일,09,18.21,T3,07,7.85,T1,-2
34-1,4370711,지하상가,방학,평일,17,15.96,T3,19,8.82,T1,2
34-1,4370711,지하상가,방학,평일,18,13.24,T3,20,7.94,T1,2
34-1,4370711,지하상가,방학,토요일,10,13.47,T3,08,11.43,T2,-2
34-1,4370711,지하상가,방학,토요일,11,16.5,T3,09,13.04,T2,-2
34-1,4370711,지하상가,방학,토요일,15,14.49,T3,17,12.1,T2,2
34-1,4370711,지하상가,방학,토요일,16,15.27,T3,17,12.1,T2,1
34-1,4370711,지하상가,방학,토요일,18,15.43,T3,19,8.37,T1,1
34-1,4370711,지하상가,방학,일요일·공휴일,10,15.15,T3,09,8.21,T1,-1
34-1,4370711,지하상가,방학,일요일·공휴일,12,14.38,T3,11,12.93,T2,-1
34-1,4370711,지하상가,방학,일요일·공휴일,13,14.91,T3,11,12.93,T2,-2
34-1,4370711,지하상가,방학,일요일·공휴일,16,17.32,T3,18,13.05,T2,2
34-1,4370711,지하상가,방학,일요일·공휴일,17,15.55,T3,18,13.05,T2,1
34-1,4370711,지하상가,방학,일요일·공휴일,19,14.91,T3,20,8.27,T1,1
34-1,4370721,원일로중앙시장,학기,평일,08,20.33,T3,06,9.21,T2,-2
34-1,4370721,원일로중앙시장,학기,평일,09,19.05,T3,07,10.59,T2,-2
34-1,4370721,원일로중앙시장,학기,평일,17,24.1,T3,19,10.81,T2,2
34-1,4370721,원일로중앙시장,학기,평일,18,19.29,T3,20,10.63,T2,2
34-1,4370721,원일로중앙시장,학기,토요일,08,15.29,T3,07,5.94,T1,-1
34-1,4370721,원일로중앙시장,학기,토요일,09,15.45,T3,07,5.94,T1,-2
34-1,4370721,원일로중앙시장,학기,토요일,17,16.1,T3,19,12.11,T2,2
34-1,4370721,원일로중앙시장,학기,토요일,18,15.42,T3,19,12.11,T2,1
34-1,4370721,원일로중앙시장,학기,토요일,20,14.27,T3,19,12.11,T2,-1
34-1,4370721,원일로중앙시장,학기,토요일,21,15.58,T3,19,12.11,T2,-2
34-1,4370721,원일로중앙시장,학기,일요일·공휴일,08,13.81,T3,06,5.46,T1,-2
34-1,4370721,원일로중앙시장,학기,일요일·공휴일,12,14.57,T3,11,11.52,T2,-1
34-1,4370721,원일로중앙시장,학기,일요일·공휴일,13,13.97,T3,11,11.52,T2,-2
34-1,4370721,원일로중앙시장,시험,평일,08,21.01,T3,06,7.78,T1,-2
34-1,4370721,원일로중앙시장,시험,평일,09,15.57,T3,07,8.99,T1,-2
34-1,4370721,원일로중앙시장,시험,평일,17,20.25,T3,19,10.25,T2,2
34-1,4370721,원일로중앙시장,시험,평일,18,17.13,T3,20,9.92,T2,2
34-1,4370721,원일로중앙시장,시험,토요일,06,14.52,T3,07,7.61,T1,1
34-1,4370721,원일로중앙시장,시험,토요일,09,16.1,T3,07,7.61,T1,-2
34-1,4370721,원일로중앙시장,시험,토요일,11,17.29,T3,10,11.83,T2,-1
34-1,4370721,원일로중앙시장,시험,토요일,12,17.31,T3,10,11.83,T2,-2
34-1,4370721,원일로중앙시장,시험,토요일,13,14.11,T3,15,12.7,T2,2
34-1,4370721,원일로중앙시장,시험,토요일,14,20.71,T3,16,11.43,T2,2
34-1,4370721,원일로중앙시장,시험,토요일,18,13.26,T3,19,9.88,T2,1
34-1,4370721,원일로중앙시장,시험,토요일,20,16.67,T3,19,9.88,T2,-1
34-1,4370721,원일로중앙시장,시험,일요일·공휴일,08,14.43,T3,07,4.37,T1,-1
34-1,4370721,원일로중앙시장,시험,일요일·공휴일,10,13.64,T3,09,10.21,T2,-1
34-1,4370721,원일로중앙시장,시험,일요일·공휴일,11,13.54,T3,09,10.21,T2,-2
34-1,4370721,원일로중앙시장,계절학기,평일,08,18.08,T3,06,7.74,T1,-2
34-1,4370721,원일로중앙시장,계절학기,평일,09,15.82,T3,07,10.76,T2,-2
34-1,4370721,원일로중앙시장,계절학기,평일,17,21.38,T3,19,10.18,T2,2
34-1,4370721,원일로중앙시장,계절학기,평일,18,13.38,T3,20,7.61,T1,2
34-1,4370721,원일로중앙시장,계절학기,토요일,10,16.33,T3,08,7.64,T1,-2
34-1,4370721,원일로중앙시장,계절학기,토요일,11,21.54,T3,13,11.24,T2,2
34-1,4370721,원일로중앙시장,계절학기,토요일,12,14.31,T3,13,11.24,T2,1
34-1,4370721,원일로중앙시장,계절학기,토요일,14,13.21,T3,13,11.24,T2,-1
34-1,4370721,원일로중앙시장,계절학기,토요일,15,13.77,T3,17,10.83,T2,2
34-1,4370721,원일로중앙시장,계절학기,토요일,16,13.34,T3,17,10.83,T2,1
34-1,4370721,원일로중앙시장,계절학기,토요일,18,13.4,T3,20,7.16,T1,2
34-1,4370721,원일로중앙시장,계절학기,일요일·공휴일,12,14.19,T3,10,9.97,T2,-2
34-1,4370721,원일로중앙시장,계절학기,일요일·공휴일,13,13.52,T3,15,9.38,T2,2
34-1,4370721,원일로중앙시장,방학,평일,08,18.35,T3,06,6.76,T1,-2
34-1,4370721,원일로중앙시장,방학,평일,09,16.7,T3,07,8.59,T1,-2
34-1,4370721,원일로중앙시장,방학,평일,17,23.56,T3,19,11.1,T2,2
34-1,4370721,원일로중앙시장,방학,평일,18,17.61,T3,20,7.8,T1,2
34-1,4370721,원일로중앙시장,방학,토요일,10,14.65,T3,08,9.54,T2,-2
34-1,4370721,원일로중앙시장,방학,토요일,11,17.91,T3,09,12.07,T2,-2
34-1,4370721,원일로중앙시장,방학,토요일,17,14.47,T3,19,9.17,T2,2
34-1,4370721,원일로중앙시장,방학,토요일,18,14.28,T3,19,9.17,T2,1
34-1,4370721,원일로중앙시장,방학,일요일·공휴일,13,15.36,T3,11,12.0,T2,-2
34-1,4370721,원일로중앙시장,방학,일요일·공휴일,14,17.61,T3,12,12.86,T2,-2
34-1,4370721,원일로중앙시장,방학,일요일·공휴일,17,17.11,T3,19,13.16,T2,2
34-1,4370721,원일로중앙시장,방학,일요일·공휴일,18,13.84,T3,20,10.46,T2,2
34-1,4370731,강원감영,학기,평일,08,19.7,T3,06,10.07,T2,-2
34-1,4370731,강원감영,학기,평일,09,19.43,T3,07,10.49,T2,-2
34-1,4370731,강원감영,학기,평일,17,26.61,T3,19,12.33,T2,2
34-1,4370731,강원감영,학기,평일,18,21.94,T3,20,12.0,T2,2
34-1,4370731,강원감영,학기,토요일,08,15.36,T3,07,5.8,T1,-1
34-1,4370731,강원감영,학기,토요일,09,15.31,T3,07,5.8,T1,-2
34-1,4370731,강원감영,학기,일요일·공휴일,10,14.08,T3,09,11.04,T2,-1
34-1,4370731,강원감영,학기,일요일·공휴일,11,13.59,T3,09,11.04,T2,-2
34-1,4370731,강원감영,시험,평일,08,17.44,T3,06,8.21,T1,-2
34-1,4370731,강원감영,시험,평일,09,16.04,T3,07,11.92,T2,-2
34-1,4370731,강원감영,시험,평일,17,22.68,T3,19,10.87,T2,2
34-1,4370731,강원감영,시험,평일,18,19.11,T3,19,10.87,T2,1
34-1,4370731,강원감영,시험,평일,20,14.06,T3,19,10.87,T2,-1
34-1,4370731,강원감영,시험,토요일,09,16.27,T3,08,9.42,T2,-1
34-1,4370731,강원감영,시험,토요일,11,17.37,T3,10,12.0,T2,-1
34-1,4370731,강원감영,시험,토요일,14,21.3,T3,16,11.35,T2,2
34-1,4370731,강원감영,시험,토요일,17,15.21,T3,19,10.13,T2,2
34-1,4370731,강원감영,시험,토요일,20,18.67,T3,19,10.13,T2,-1
34-1,4370731,강원감영,시험,일요일·공휴일,10,13.72,T3,09,11.13,T2,-1
34-1,4370731,강원감영,시험,일요일·공휴일,11,14.12,T3,09,11.13,T2,-2
34-1,4370731,강원감영,시험,일요일·공휴일,17,15.8,T3,19,11.86,T2,2
34-1,4370731,강원감영,시험,일요일·공휴일,18,13.36,T3,19,11.86,T2,1
34-1,4370731,강원감영,계절학기,평일,08,17.93,T3,06,7.93,T1,-2
34-1,4370731,강원감영,계절학기,평일,09,15.08,T3,07,11.05,T2,-2
34-1,4370731,강원감영,계절학기,평일,17,21.49,T3,19,10.51,T2,2
34-1,4370731,강원감영,계절학기,평일,18,14.47,T3,20,8.77,T1,2
34-1,4370731,강원감영,계절학기,토요일,10,19.97,T3,08,7.93,T1,-2
34-1,4370731,강원감영,계절학기,토요일,11,18.61,T3,09,12.25,T2,-2
34-1,4370731,강원감영,계절학기,토요일,15,14.54,T3,17,10.89,T2,2
34-1,4370731,강원감영,계절학기,토요일,16,13.56,T3,17,10.89,T2,1
34-1,4370731,강원감영,계절학기,토요일,18,13.47,T3,20,6.59,T1,2
34-1,4370731,강원감영,계절학기,일요일·공휴일,11,13.47,T3,09,9.18,T2,-2
34-1,4370731,강원감영,계절학기,일요일·공휴일,12,14.76,T3,10,9.47,T2,-2
34-1,4370731,강원감영,계절학기,일요일·공휴일,13,13.4,T3,15,10.38,T2,2
34-1,4370731,강원감영,방학,평일,08,19.85,T3,06,7.71,T1,-2
34-1,4370731,강원감영,방학,평일,09,16.44,T3,07,8.19,T1,-2
34-1,4370731,강원감영,방학,평일,18,18.8,T3,20,9.8,T2,2
34-1,4370731,강원감영,방학,평일,19,13.41,T3,20,9.8,T2,1
34-1,4370731,강원감영,방학,토요일,10,15.52,T3,08,9.7,T2,-2
34-1,4370731,강원감영,방학,토요일,11,19.55,T3,09,10.84,T2,-2
34-1,4370731,강원감영,방학,토요일,17,15.27,T3,19,9.99,T2,2
34-1,4370731,강원감영,방학,토요일,18,13.35,T3,19,9.99,T2,1
34-1,4370731,강원감영,방학,일요일·공휴일,11,13.43,T3,09,10.19,T2,-2
34-1,4370731,강원감영,방학,일요일·공휴일,12,13.6,T3,10,12.92,T2,-2
34-1,4370731,강원감영,방학,일요일·공휴일,17,19.44,T3,19,12.88,T2,2
34-1,4370731,강원감영,방학,일요일·공휴일,18,15.76,T3,19,12.88,T2,1
34-1,4370821,남원로남부시장,학기,평일,08,20.82,T3,07,10.77,T2,-1
34-1,4370821,남원로남부시장,학기,평일,09,19.81,T3,07,10.77,T2,-2
34-1,4370821,남원로남부시장,학기,평일,18,26.3,T3,20,12.32,T2,2
34-1,4370821,남원로남부시장,학기,평일,19,14.13,T3,20,12.32,T2,1
34-1,4370821,남원로남부시장,학기,토요일,08,13.99,T3,07,6.91,T1,-1
34-1,4370821,남원로남부시장,학기,토요일,09,14.93,T3,07,6.91,T1,-2
34-1,4370821,남원로남부시장,학기,토요일,18,17.7,T3,20,11.81,T2,2
34-1,4370821,남원로남부시장,학기,토요일,19,14.49,T3,20,11.81,T2,1
34-1,4370821,남원로남부시장,학기,토요일,21,15.34,T3,20,11.81,T2,-1
34-1,4370821,남원로남부시장,학기,일요일·공휴일,10,13.45,T3,11,11.43,T2,1
34-1,4370821,남원로남부시장,학기,일요일·공휴일,12,15.27,T3,11,11.43,T2,-1
34-1,4370821,남원로남부시장,학기,일요일·공휴일,13,16.88,T3,11,11.43,T2,-2
34-1,4370821,남원로남부시장,시험,평일,08,18.66,T3,07,8.49,T1,-1
34-1,4370821,남원로남부시장,시험,평일,09,16.49,T3,07,8.49,T1,-2
34-1,4370821,남원로남부시장,시험,평일,17,22.58,T3,19,10.95,T2,2
34-1,4370821,남원로남부시장,시험,평일,18,21.16,T3,19,10.95,T2,1
34-1,4370821,남원로남부시장,시험,토요일,06,15.19,T3,08,8.58,T1,2
34-1,4370821,남원로남부시장,시험,토요일,09,16.02,T3,08,8.58,T1,-1
34-1,4370821,남원로남부시장,시험,토요일,11,17.29,T3,10,12.16,T2,-1
34-1,4370821,남원로남부시장,시험,토요일,12,18.4,T3,10,12.16,T2,-2
34-1,4370821,남원로남부시장,시험,토요일,14,21.3,T3,16,12.1,T2,2
34-1,4370821,남원로남부시장,시험,토요일,15,13.4,T3,16,12.1,T2,1
34-1,4370821,남원로남부시장,시험,토요일,17,14.13,T3,19,9.71,T2,2
34-1,4370821,남원로남부시장,시험,토요일,18,14.76,T3,19,9.71,T2,1
34-1,4370821,남원로남부시장,시험,토요일,20,19.5,T3,21,9.23,T2,1
34-1,4370821,남원로남부시장,시험,일요일·공휴일,08,13.6,T3,07,4.37,T1,-1
34-1,4370821,남원로남부시장,시험,일요일·공휴일,10,14.81,T3,09,11.38,T2,-1
34-1,4370821,남원로남부시장,시험,일요일·공휴일,11,15.29,T3,09,11.38,T2,-2
34-1,4370821,남원로남부시장,시험,일요일·공휴일,17,15.05,T3,19,12.7,T2,2
34-1,4370821,남원로남부시장,시험,일요일·공휴일,20,21.04,T3,19,12.7,T2,-1
34-1,4370821,남원로남부시장,계절학기,평일,08,18.23,T3,07,9.04,T2,-1
34-1,4370821,남원로남부시장,계절학기,평일,09,13.8,T3,07,9.04,T2,-2
34-1,4370821,남원로남부시장,계절학기,평일,17,24.69,T3,19,9.85,T2,2
34-1,4370821,남원로남부시장,계절학기,평일,18,16.69,T3,20,8.63,T1,2
34-1,4370821,남원로남부시장,계절학기,토요일,10,18.05,T3,08,9.07,T2,-2
34-1,4370821,남원로남부시장,계절학기,토요일,11,22.04,T3,09,9.75,T2,-2
34-1,4370821,남원로남부시장,계절학기,토요일,12,15.6,T3,13,12.6,T2,1
34-1,4370821,남원로남부시장,계절학기,토요일,14,13.92,T3,13,12.6,T2,-1
34-1,4370821,남원로남부시장,계절학기,토요일,15,14.58,T3,17,10.9,T2,2
34-1,4370821,남원로남부시장,계절학기,토요일,16,15.13,T3,17,10.9,T2,1
34-1,4370821,남원로남부시장,계절학기,일요일·공휴일,11,13.61,T3,09,6.82,T1,-2
34-1,4370821,남원로남부시장,계절학기,일요일·공휴일,12,15.19,T3,10,8.91,T1,-2
34-1,4370821,남원로남부시장,계절학기,일요일·공휴일,13,15.15,T3,15,9.8,T2,2
34-1,4370821,남원로남부시장,방학,평일,08,18.25,T3,06,9.01,T1,-2
34-1,4370821,남원로남부시장,방학,평일,10,18.89,T3,09,13.18,T2,-1
34-1,4370821,남원로남부시장,방학,평일,11,21.16,T3,09,13.18,T2,-2
34-1,4370821,남원로남부시장,방학,평일,17,28.51,T3,19,13.18,T2,2
34-1,4370821,남원로남부시장,방학,평일,18,18.84,T3,20,12.23,T2,2
34-1,4370821,남원로남부시장,방학,토요일,10,15.65,T3,09,8.88,T1,-1
34-1,4370821,남원로남부시장,방학,토요일,11,18.14,T3,09,8.88,T1,-2
34-1,4370821,남원로남부시장,방학,토요일,17,14.92,T3,19,10.11,T2,2
34-1,4370821,남원로남부시장,방학,토요일,18,15.46,T3,19,10.11,T2,1
34-1,4370821,남원로남부시장,방학,일요일·공휴일,11,13.81,T3,09,8.59,T1,-2
34-1,4370821,남원로남부시장,방학,일요일·공휴일,12,14.53,T3,10,12.6,T2,-2
34-1,4370821,남원로남부시장,방학,일요일·공휴일,18,17.36,T3,20,11.21,T2,2
34-1,4370821,남원로남부시장,방학,일요일·공휴일,19,13.5,T3,20,11.21,T2,1
34-1,4370821,남원로남부시장,방학,일요일·공휴일,21,15.03,T3,20,11.21,T2,-1
34-1,4370831,대성현대아파트,학기,평일,08,21.58,T3,06,11.19,T2,-2
34-1,4370831,대성현대아파트,학기,평일,09,20.83,T3,07,11.3,T2,-2
34-1,4370831,대성현대아파트,학기,평일,18,26.87,T3,20,10.05,T2,2
34-1,4370831,대성현대아파트,학기,평일,19,15.61,T3,20,10.05,T2,1
34-1,4370831,대성현대아파트,학기,토요일,08,14.68,T3,07,6.05,T1,-1
34-1,4370831,대성현대아파트,학기,토요일,09,13.7,T3,07,6.05,T1,-2
34-1,4370831,대성현대아파트,학기,토요일,17,18.46,T3,19,12.28,T2,2
34-1,4370831,대성현대아파트,학기,토요일,18,17.01,T3,19,12.28,T2,1
34-1,4370831,대성현대아파트,학기,토요일,20,14.88,T3,19,12.28,T2,-1
34-1,4370831,대성현대아파트,학기,토요일,21,13.24,T3,19,12.28,T2,-2
34-1,4370831,대성현대아파트,학기,일요일·공휴일,10,15.64,T3,11,9.91,T2,1
34-1,4370831,대성현대아파트,학기,일요일·공휴일,12,16.46,T3,11,9.91,T2,-1
34-1,4370831,대성현대아파트,학기,일요일·공휴일,13,16.47,T3,11,9.91,T2,-2
34-1,4370831,대성현대아파트,시험,평일,08,19.91,T3,07,8.74,T1,-1
34-1,4370831,대성현대아파트,시험,평일,09,16.67,T3,07,8.74,T1,-2
34-1,4370831,대성현대아파트,시험,평일,17,24.79,T3,19,12.69,T2,2
34-1,4370831,대성현대아파트,시험,평일,18,26.73,T3,19,12.69,T2,1
34-1,4370831,대성현대아파트,시험,토요일,09,16.35,T3,07,6.77,T1,-2
34-1,4370831,대성현대아파트,시험,토요일,11,17.54,T3,10,12.0,T2,-1
34-1,4370831,대성현대아파트,시험,토요일,12,17.56,T3,10,12.0,T2,-2
34-1,4370831,대성현대아파트,시험,토요일,14,21.63,T3,16,10.93,T2,2
34-1,4370831,대성현대아파트,시험,토요일,15,13.81,T3,16,10.93,T2,1
34-1,4370831,대성현대아파트,시험,토요일,17,14.88,T3,19,10.38,T2,2
34-1,4370831,대성현대아파트,시험,토요일,18,13.93,T3,19,10.38,T2,1
34-1,4370831,대성현대아파트,시험,토요일,20,19.17,T3,19,10.38,T2,-1
34-1,4370831,대성현대아파트,시험,일요일·공휴일,17,14.88,T3,19,12.7,T2,2
34-1,4370831,대성현대아파트,시험,일요일·공휴일,18,13.64,T3,19,12.7,T2,1
34-1,4370831,대성현대아파트,시험,일요일·공휴일,20,20.79,T3,19,12.7,T2,-1
34-1,4370831,대성현대아파트,시험,일요일·공휴일,21,20.39,T3,19,12.7,T2,-2
34-1,4370831,대성현대아파트,계절학기,평일,08,16.25,T3,06,7.24,T1,-2
34-1,4370831,대성현대아파트,계절학기,평일,09,14.42,T3,07,8.57,T1,-2
34-1,4370831,대성현대아파트,계절학기,평일,17,24.56,T3,19,9.82,T2,2
34-1,4370831,대성현대아파트,계절학기,평일,18,18.78,T3,20,8.51,T1,2
34-1,4370831,대성현대아파트,계절학기,토요일,10,19.97,T3,08,7.92,T1,-2
34-1,4370831,대성현대아파트,계절학기,토요일,11,27.21,T3,09,12.21,T2,-2
34-1,4370831,대성현대아파트,계절학기,토요일,12,14.86,T3,14,12.74,T2,2
34-1,4370831,대성현대아파트,계절학기,토요일,15,13.3,T3,14,12.74,T2,-1
34-1,4370831,대성현대아파트,계절학기,토요일,16,14.7,T3,18,12.13,T2,2
34-1,4370831,대성현대아파트,계절학기,일요일·공휴일,12,15.72,T3,10,6.72,T1,-2
34-1,4370831,대성현대아파트,계절학기,일요일·공휴일,13,13.81,T3,11,10.47,T2,-2
34-1,4370831,대성현대아파트,방학,평일,08,18.3,T3,06,9.41,T2,-2
34-1,4370831,대성현대아파트,방학,평일,09,14.04,T3,07,10.69,T2,-2
34-1,4370831,대성현대아파트,방학,평일,17,28.19,T3,19,11.6,T2,2
34-1,4370831,대성현대아파트,방학,평일,18,18.05,T3,20,11.36,T2,2
34-1,4370831,대성현대아파트,방학,토요일,10,15.67,T3,09,10.09,T2,-1
34-1,4370831,대성현대아파트,방학,토요일,11,19.0,T3,09,10.09,T2,-2
34-1,4370831,대성현대아파트,방학,토요일,16,20.29,T3,18,12.32,T2,2
34-1,4370831,대성현대아파트,방학,토요일,17,15.72,T3,19,10.3,T2,2
34-1,4370831,대성현대아파트,방학,일요일·공휴일,10,13.36,T3,09,10.07,T2,-1
34-1,4370831,대성현대아파트,방학,일요일·공휴일,12,13.45,T3,11,12.39,T2,-1
34-1,4370831,대성현대아파트,방학,일요일·공휴일,13,15.21,T3,11,12.39,T2,-2
34-1,4370831,대성현대아파트,방학,일요일·공휴일,18,17.58,T3,20,9.95,T2,2
34-1,4370831,대성현대아파트,방학,일요일·공휴일,19,13.39,T3,20,9.95,T2,1
34-1,4370841,향교입구,학기,평일,08,22.47,T3,06,12.07,T2,-2
34-1,4370841,향교입구,학기,평일,09,20.1,T3,07,12.26,T2,-2
34-1,4370841,향교입구,학기,평일,18,27.14,T3,20,11.22,T2,2
34-1,4370841,향교입구,학기,평일,19,14.04,T3,20,11.22,T2,1
34-1,4370841,향교입구,학기,토요일,08,15.45,T3,07,6.51,T1,-1
34-1,4370841,향교입구,학기,토요일,09,14.57,T3,07,6.51,T1,-2
34-1,4370841,향교입구,학기,토요일,17,15.57,T3,19,13.1,T2,2
34-1,4370841,향교입구,학기,토요일,18,14.2,T3,20,12.0,T2,2
34-1,4370841,향교입구,학기,일요일·공휴일,10,14.61,T3,11,10.37,T2,1
34-1,4370841,향교입구,학기,일요일·공휴일,12,17.83,T3,11,10.37,T2,-1
34-1,4370841,향교입구,학기,일요일·공휴일,13,17.42,T3,11,10.37,T2,-2
34-1,4370841,향교입구,시험,평일,08,18.23,T3,06,9.21,T2,-2
34-1,4370841,향교입구,시험,평일,09,17.95,T3,07,9.49,T2,-2
34-1,4370841,향교입구,시험,평일,17,22.21,T3,19,12.07,T2,2
34-1,4370841,향교입구,시험,평일,18,22.63,T3,20,10.51,T2,2
34-1,4370841,향교입구,시험,토요일,06,15.52,T3,08,8.92,T1,2
34-1,4370841,향교입구,시험,토요일,20,19.5,T3,19,8.55,T1,-1
34-1,4370841,향교입구,계절학기,평일,08,16.62,T3,07,7.83,T1,-1
34-1,4370841,향교입구,계절학기,평일,09,13.23,T3,07,7.83,T1,-2
34-1,4370841,향교입구,계절학기,평일,17,21.98,T3,19,10.03,T2,2
34-1,4370841,향교입구,계절학기,평일,18,14.23,T3,20,7.58,T1,2
34-1,4370841,향교입구,계절학기,토요일,11,18.38,T3,09,9.46,T2,-2
34-1,4370841,향교입구,계절학기,토요일,12,14.31,T3,14,12.78,T2,2
34-1,4370841,향교입구,계절학기,토요일,13,13.37,T3,14,12.78,T2,1
34-1,4370841,향교입구,계절학기,토요일,16,13.98,T3,17,10.8,T2,1
34-1,4370841,향교입구,계절학기,일요일·공휴일,12,13.42,T3,10,7.55,T1,-2
34-1,4370841,향교입구,계절학기,일요일·공휴일,13,14.67,T3,11,11.21,T2,-2
34-1,4370841,향교입구,방학,평일,08,21.84,T3,06,11.21,T2,-2
34-1,4370841,향교입구,방학,평일,09,16.54,T3,07,11.46,T2,-2
34-1,4370841,향교입구,방학,평일,17,26.75,T3,19,10.66,T2,2
34-1,4370841,향교입구,방학,평일,18,17.6,T3,20,10.51,T2,2
34-1,4370841,향교입구,방학,토요일,10,15.03,T3,09,10.47,T2,-1
34-1,4370841,향교입구,방학,토요일,11,17.65,T3,09,10.47,T2,-2
34-1,4370841,향교입구,방학,토요일,16,18.29,T3,18,13.17,T2,2
34-1,4370841,향교입구,방학,토요일,17,13.57,T3,19,10.59,T2,2
34-1,4370841,향교입구,방학,일요일·공휴일,12,16.4,T3,11,11.54,T2,-1
34-1,4370841,향교입구,방학,일요일·공휴일,14,19.36,T3,13,11.91,T2,-1
34-1,4370841,향교입구,방학,일요일·공휴일,15,17.46,T3,13,11.91,T2,-2
34-1,4370841,향교입구,방학,일요일·공휴일,17,18.69,T3,19,10.09,T2,2
34-1,4370841,향교입구,방학,일요일·공휴일,18,16.63,T3,19,10.09,T2,1
34-1,4370851,젊음의광장사거리,학기,평일,08,23.04,T3,07,11.75,T2,-1
34-1,4370851,젊음의광장사거리,학기,평일,09,21.56,T3,07,11.75,T2,-2
34-1,4370851,젊음의광장사거리,학기,평일,18,29.45,T3,20,12.19,T2,2
34-1,4370851,젊음의광장사거리,학기,평일,19,16.57,T3,20,12.19,T2,1
34-1,4370851,젊음의광장사거리,학기,토요일,09,13.36,T3,07,5.35,T1,-2
34-1,4370851,젊음의광장사거리,학기,토요일,10,18.16,T3,08,13.13,T2,-2
34-1,4370851,젊음의광장사거리,학기,토요일,18,15.56,T3,20,11.75,T2,2
34-1,4370851,젊음의광장사거리,학기,토요일,19,13.59,T3,20,11.75,T2,1
34-1,4370851,젊음의광장사거리,학기,토요일,21,13.64,T3,20,11.75,T2,-1
34-1,4370851,젊음의광장사거리,학기,일요일·공휴일,10,14.82,T3,09,10.22,T2,-1
34-1,4370851,젊음의광장사거리,학기,일요일·공휴일,12,14.13,T3,11,10.39,T2,-1
34-1,4370851,젊음의광장사거리,학기,일요일·공휴일,13,15.93,T3,11,10.39,T2,-2
34-1,4370851,젊음의광장사거리,시험,평일,17,24.02,T3,19,11.0,T2,2
34-1,4370851,젊음의광장사거리,시험,평일,18,24.6,T3,19,11.0,T2,1
34-1,4370851,젊음의광장사거리,시험,토요일,06,15.19,T3,08,8.58,T1,2
34-1,4370851,젊음의광장사거리,시험,토요일,09,16.02,T3,08,8.58,T1,-1
34-1,4370851,젊음의광장사거리,시험,토요일,11,16.04,T3,10,11.66,T2,-1
34-1,4370851,젊음의광장사거리,시험,토요일,14,21.46,T3,16,12.77,T2,2
34-1,4370851,젊음의광장사거리,시험,토요일,15,16.31,T3,17,11.88,T2,2
34-1,4370851,젊음의광장사거리,시험,일요일·공휴일,10,14.31,T3,09,11.71,T2,-1
34-1,4370851,젊음의광장사거리,시험,일요일·공휴일,11,15.21,T3,09,11.71,T2,-2
34-1,4370851,젊음의광장사거리,시험,일요일·공휴일,17,15.13,T3,19,12.36,T2,2
34-1,4370851,젊음의광장사거리,시험,일요일·공휴일,18,13.31,T3,19,12.36,T2,1
34-1,4370851,젊음의광장사거리,시험,일요일·공휴일,20,21.29,T3,19,12.36,T2,-1
34-1,4370851,젊음의광장사거리,계절학기,평일,08,15.69,T3,06,7.23,T1,-2
34-1,4370851,젊음의광장사거리,계절학기,평일,09,13.4,T3,07,8.11,T1,-2
34-1,4370851,젊음의광장사거리,계절학기,평일,17,21.2,T3,19,9.82,T2,2
34-1,4370851,젊음의광장사거리,계절학기,평일,18,13.53,T3,20,6.13,T1,2
34-1,4370851,젊음의광장사거리,계절학기,토요일,10,17.97,T3,08,8.92,T1,-2
34-1,4370851,젊음의광장사거리,계절학기,토요일,11,17.55,T3,13,11.87,T2,2
34-1,4370851,젊음의광장사거리,계절학기,토요일,12,13.69,T3,14,11.13,T2,2
34-1,4370851,젊음의광장사거리,계절학기,토요일,16,13.27,T3,17,10.64,T2,1
34-1,4370851,젊음의광장사거리,계절학기,일요일·공휴일,12,15.26,T3,10,8.38,T1,-2
34-1,4370851,젊음의광장사거리,계절학기,일요일·공휴일,13,14.53,T3,15,8.76,T1,2
34-1,4370851,젊음의광장사거리,계절학기,일요일·공휴일,17,13.24,T3,15,8.76,T1,-2
34-1,4370851,젊음의광장사거리,방학,평일,08,18.37,T3,06,8.13,T1,-2
34-1,4370851,젊음의광장사거리,방학,평일,10,17.44,T3,09,12.73,T2,-1
34-1,4370851,젊음의광장사거리,방학,평일,11,23.41,T3,09,12.73,T2,-2
34-1,4370851,젊음의광장사거리,방학,평일,17,25.61,T3,19,11.33,T2,2
34-1,4370851,젊음의광장사거리,방학,평일,18,20.48,T3,20,10.84,T2,2
34-1,4370851,젊음의광장사거리,방학,토요일,11,14.88,T3,09,8.4,T1,-2
34-1,4370851,젊음의광장사거리,방학,토요일,12,19.36,T3,10,12.4,T2,-2
34-1,4370851,젊음의광장사거리,방학,토요일,16,17.93,T3,18,13.0,T2,2
34-1,4370851,젊음의광장사거리,방학,토요일,17,13.84,T3,19,8.49,T1,2
34-1,4370851,젊음의광장사거리,방학,일요일·공휴일,12,13.78,T3,11,10.0,T2,-1
34-1,4370851,젊음의광장사거리,방학,일요일·공휴일,13,14.46,T3,11,10.0,T2,-2
34-1,4370851,젊음의광장사거리,방학,일요일·공휴일,17,20.12,T3,19,10.23,T2,2
34-1,4370851,젊음의광장사거리,방학,일요일·공휴일,18,17.68,T3,20,9.27,T2,2
34-1,4370861,원주의료원,학기,평일,17,25.36,T3,19,12.85,T2,2
34-1,4370861,원주의료원,학기,평일,18,17.85,T3,20,9.17,T2,2
34-1,4370861,원주의료원,학기,토요일,08,20.41,T3,07,6.84,T1,-1
34-1,4370861,원주의료원,학기,토요일,09,22.73,T3,07,6.84,T1,-2
34-1,4370861,원주의료원,학기,토요일,17,13.49,T3,19,9.76,T2,2
34-1,4370861,원주의료원,학기,토요일,18,16.62,T3,20,8.25,T1,2
34-1,4370861,원주의료원,학기,일요일·공휴일,08,13.65,T3,07,3.79,T1,-1
34-1,4370861,원주의료원,학기,일요일·공휴일,09,16.19,T3,07,3.79,T1,-2
34-1,4370861,원주의료원,학기,일요일·공휴일,17,14.56,T3,19,12.5,T2,2
34-1,4370861,원주의료원,학기,일요일·공휴일,18,15.52,T3,19,12.5,T2,1
34-1,4370861,원주의료원,학기,일요일·공휴일,21,16.16,T3,19,12.5,T2,-2
34-1,4370861,원주의료원,시험,평일,08,19.16,T3,07,10.24,T2,-1
34-1,4370861,원주의료원,시험,평일,09,18.4,T3,07,10.24,T2,-2
34-1,4370861,원주의료원,시험,평일,17,20.01,T3,19,12.33,T2,2
34-1,4370861,원주의료원,시험,평일,18,16.37,T3,20,10.23,T2,2
34-1,4370861,원주의료원,시험,토요일,09,17.35,T3,08,12.83,T2,-1
34-1,4370861,원주의료원,시험,토요일,10,14.5,T3,08,12.83,T2,-2
34-1,4370861,원주의료원,시험,토요일,14,17.13,T3,16,10.77,T2,2
34-1,4370861,원주의료원,시험,토요일,15,13.48,T3,16,10.77,T2,1
34-1,4370861,원주의료원,시험,토요일,20,15.83,T3,19,8.05,T1,-1
34-1,4370861,원주의료원,시험,일요일·공휴일,11,15.62,T3,10,11.31,T2,-1
34-1,4370861,원주의료원,시험,일요일·공휴일,12,23.2,T3,10,11.31,T2,-2
34-1,4370861,원주의료원,계절학기,평일,17,16.93,T3,19,8.46,T1,2
34-1,4370861,원주의료원,계절학기,평일,18,14.74,T3,20,7.69,T1,2
34-1,4370861,원주의료원,계절학기,토요일,09,14.46,T3,07,3.57,T1,-2
34-1,4370861,원주의료원,계절학기,토요일,10,17.3,T3,08,8.58,T1,-2
34-1,4370861,원주의료원,계절학기,토요일,15,15.85,T3,17,12.97,T2,2
34-1,4370861,원주의료원,계절학기,토요일,16,17.77,T3,18,11.96,T2,2
34-1,4370861,원주의료원,계절학기,일요일·공휴일,11,14.18,T3,09,7.14,T1,-2
34-1,4370861,원주의료원,계절학기,일요일·공휴일,13,14.44,T3,14,12.55,T2,1
34-1,4370861,원주의료원,방학,평일,08,29.01,T3,07,10.47,T2,-1
34-1,4370861,원주의료원,방학,평일,09,26.11,T3,07,10.47,T2,-2
34-1,4370861,원주의료원,방학,평일,17,14.81,T3,19,8.29,T1,2
34-1,4370861,원주의료원,방학,평일,18,19.26,T3,20,8.22,T1,2
34-1,4370861,원주의료원,방학,토요일,08,14.94,T3,07,5.34,T1,-1
34-1,4370861,원주의료원,방학,토요일,09,14.58,T3,07,5.34,T1,-2
34-1,4370861,원주의료원,방학,토요일,15,18.54,T3,17,11.34,T2,2
34-1,4370861,원주의료원,방학,토요일,16,16.67,T3,17,11.34,T2,1
34-1,4370861,원주의료원,방학,일요일·공휴일,08,13.45,T3,07,4.19,T1,-1
34-1,4370861,원주의료원,방학,일요일·공휴일,10,18.83,T3,09,13.18,T2,-1
34-1,4370861,원주의료원,방학,일요일·공휴일,11,18.9,T3,09,13.18,T2,-2
34-1,4370861,원주의료원,방학,일요일·공휴일,15,18.54,T3,17,11.27,T2,2
34-1,4370861,원주의료원,방학,일요일·공휴일,16,16.36,T3,17,11.27,T2,1
34-1,4370871,단구2차아파트,학기,평일,06,16.69,T3,07,12.87,T2,1
34-1,4370871,단구2차아파트,학기,평일,08,28.21,T3,07,12.87,T2,-1
34-1,4370871,단구2차아파트,학기,평일,09,23.34,T3,07,12.87,T2,-2
34-1,4370871,단구2차아파트,학기,토요일,08,19.88,T3,07,5.93,T1,-1
34-1,4370871,단구2차아파트,학기,토요일,10,17.09,T3,09,12.21,T2,-1
34-1,4370871,단구2차아파트,학기,토요일,11,15.69,T3,09,12.21,T2,-2
34-1,4370871,단구2차아파트,학기,토요일,16,19.1,T3,18,12.94,T2,2
34-1,4370871,단구2차아파트,학기,토요일,17,15.57,T3,18,12.94,T2,1
34-1,4370871,단구2차아파트,학기,토요일,20,13.87,T3,18,12.94,T2,-2
34-1,4370871,단구2차아파트,학기,토요일,21,16.21,T3,19,12.96,T2,-2
34-1,4370871,단구2차아파트,학기,일요일·공휴일,08,13.89,T3,07,5.27,T1,-1
34-1,4370871,단구2차아파트,학기,일요일·공휴일,10,15.52,T3,09,11.24,T2,-1
34-1,4370871,단구2차아파트,학기,일요일·공휴일,12,13.99,T3,11,11.49,T2,-1
34-1,4370871,단구2차아파트,학기,일요일·공휴일,13,16.34,T3,11,11.49,T2,-2
34-1,4370871,단구2차아파트,시험,평일,08,24.9,T3,07,11.63,T2,-1
34-1,4370871,단구2차아파트,시험,평일,09,18.25,T3,07,11.63,T2,-2
34-1,4370871,단구2차아파트,시험,평일,17,21.13,T3,19,11.76,T2,2
34-1,4370871,단구2차아파트,시험,평일,18,20.56,T3,19,11.76,T2,1
34-1,4370871,단구2차아파트,시험,토요일,06,16.35,T3,07,7.77,T1,1
34-1,4370871,단구2차아파트,시험,토요일,09,15.6,T3,07,7.77,T1,-2
34-1,4370871,단구2차아파트,시험,토요일,11,15.71,T3,10,11.33,T2,-1
34-1,4370871,단구2차아파트,시험,토요일,12,18.06,T3,10,11.33,T2,-2
34-1,4370871,단구2차아파트,시험,토요일,17,13.71,T3,19,9.38,T2,2
34-1,4370871,단구2차아파트,시험,토요일,20,19.83,T3,19,9.38,T2,-1
34-1,4370871,단구2차아파트,시험,일요일·공휴일,11,14.62,T3,09,11.71,T2,-2
34-1,4370871,단구2차아파트,시험,일요일·공휴일,17,15.05,T3,19,12.61,T2,2
34-1,4370871,단구2차아파트,시험,일요일·공휴일,20,19.79,T3,19,12.61,T2,-1
34-1,4370871,단구2차아파트,시험,일요일·공휴일,21,20.39,T3,19,12.61,T2,-2
34-1,4370871,단구2차아파트,계절학기,평일,08,22.14,T3,07,9.1,T2,-1
34-1,4370871,단구2차아파트,계절학기,평일,10,16.2,T3,09,11.2,T2,-1
34-1,4370871,단구2차아파트,계절학기,평일,11,15.32,T3,09,11.2,T2,-2
34-1,4370871,단구2차아파트,계절학기,평일,17,19.49,T3,19,11.83,T2,2
34-1,4370871,단구2차아파트,계절학기,평일,18,16.77,T3,20,8.05,T1,2
34-1,4370871,단구2차아파트,계절학기,토요일,10,15.8,T3,08,7.42,T1,-2
34-1,4370871,단구2차아파트,계절학기,토요일,11,22.55,T3,09,11.04,T2,-2
34-1,4370871,단구2차아파트,계절학기,토요일,13,14.32,T3,15,12.8,T2,2
34-1,4370871,단구2차아파트,계절학기,토요일,14,13.24,T3,16,12.77,T2,2
34-1,4370871,단구2차아파트,방학,평일,08,22.26,T3,07,10.24,T2,-1
34-1,4370871,단구2차아파트,방학,평일,10,17.8,T3,09,11.98,T2,-1
34-1,4370871,단구2차아파트,방학,평일,11,17.55,T3,09,11.98,T2,-2
34-1,4370871,단구2차아파트,방학,평일,17,27.08,T3,19,11.8,T2,2
34-1,4370871,단구2차아파트,방학,평일,18,16.29,T3,19,11.8,T2,1
34-1,4370871,단구2차아파트,방학,토요일,11,18.09,T3,09,9.23,T2,-2
34-1,4370871,단구2차아파트,방학,토요일,12,18.6,T3,10,12.69,T2,-2
34-1,4370871,단구2차아파트,방학,토요일,15,17.45,T3,17,13.12,T2,2
34-1,4370871,단구2차아파트,방학,토요일,16,18.39,T3,18,12.23,T2,2
34-1,4370871,단구2차아파트,방학,일요일·공휴일,12,13.35,T3,10,12.02,T2,-2
34-1,4370871,단구2차아파트,방학,일요일·공휴일,13,14.39,T3,11,12.1,T2,-2
34-1,4370871,단구2차아파트,방학,일요일·공휴일,18,14.75,T3,20,12.43,T2,2
34-1,4370871,단구2차아파트,방학,일요일·공휴일,19,13.39,T3,21,12.4,T2,2
34-1,4370881,원주시시설관리공단,학기,평일,17,23.78,T3,19,12.27,T2,2
34-1,4370881,원주시시설관리공단,학기,평일,18,26.31,T3,19,12.27,T2,1
34-1,4370881,원주시시설관리공단,학기,토요일,08,20.78,T3,07,6.13,T1,-1
34-1,4370881,원주시시설관리공단,학기,토요일,10,19.02,T3,09,11.85,T2,-1
34-1,4370881,원주시시설관리공단,학기,토요일,11,14.44,T3,09,11.85,T2,-2
34-1,4370881,원주시시설관리공단,학기,토요일,18,14.47,T3,20,11.49,T2,2
34-1,4370881,원주시시설관리공단,학기,토요일,19,13.36,T3,20,11.49,T2,1
34-1,4370881,원주시시설관리공단,학기,토요일,21,14.26,T3,20,11.49,T2,-1
34-1,4370881,원주시시설관리공단,학기,일요일·공휴일,08,14.92,T3,07,5.16,T1,-1
34-1,4370881,원주시시설관리공단,학기,일요일·공휴일,10,15.42,T3,09,9.34,T2,-1
34-1,4370881,원주시시설관리공단,학기,일요일·공휴일,12,13.63,T3,11,11.49,T2,-1
34-1,4370881,원주시시설관리공단,학기,일요일·공휴일,13,15.13,T3,11,11.49,T2,-2
34-1,4370881,원주시시설관리공단,시험,평일,08,25.06,T3,06,9.24,T2,-2
34-1,4370881,원주시시설관리공단,시험,평일,09,17.57,T3,07,9.6,T2,-2
34-1,4370881,원주시시설관리공단,시험,평일,17,17.65,T3,19,9.32,T2,2
34-1,4370881,원주시시설관리공단,시험,평일,18,20.43,T3,19,9.32,T2,1
34-1,4370881,원주시시설관리공단,시험,평일,20,13.41,T3,19,9.32,T2,-1
34-1,4370881,원주시시설관리공단,시험,토요일,06,15.52,T3,07,7.77,T1,1
34-1,4370881,원주시시설관리공단,시험,토요일,12,19.9,T3,10,11.66,T2,-2
34-1,4370881,원주시시설관리공단,시험,토요일,15,14.48,T3,17,11.55,T2,2
34-1,4370881,원주시시설관리공단,시험,토요일,20,19.5,T3,19,8.63,T1,-1
34-1,4370881,원주시시설관리공단,시험,일요일·공휴일,08,15.27,T3,06,3.67,T1,-2
34-1,4370881,원주시시설관리공단,시험,일요일·공휴일,17,16.13,T3,19,13.03,T2,2
34-1,4370881,원주시시설관리공단,시험,일요일·공휴일,18,13.31,T3,19,13.03,T2,1
34-1,4370881,원주시시설관리공단,시험,일요일·공휴일,20,19.29,T3,19,13.03,T2,-1
34-1,4370881,원주시시설관리공단,시험,일요일·공휴일,21,20.39,T3,19,13.03,T2,-2
34-1,4370881,원주시시설관리공단,계절학기,평일,08,20.12,T3,06,6.16,T1,-2
34-1,4370881,원주시시설관리공단,계절학기,평일,11,15.86,T3,10,11.81,T2,-1
34-1,4370881,원주시시설관리공단,계절학기,평일,12,17.39,T3,10,11.81,T2,-2
34-1,4370881,원주시시설관리공단,계절학기,평일,17,17.41,T3,19,9.29,T2,2
34-1,4370881,원주시시설관리공단,계절학기,평일,18,14.79,T3,20,8.29,T1,2
34-1,4370881,원주시시설관리공단,계절학기,토요일,10,15.47,T3,09,9.54,T2,-1
34-1,4370881,원주시시설관리공단,계절학기,토요일,11,17.55,T3,09,9.54,T2,-2
34-1,4370881,원주시시설관리공단,방학,평일,08,22.18,T3,06,8.45,T1,-2
34-1,4370881,원주시시설관리공단,방학,평일,09,13.66,T3,07,10.03,T2,-2
34-1,4370881,원주시시설관리공단,방학,평일,17,24.91,T3,19,10.11,T2,2
34-1,4370881,원주시시설관리공단,방학,평일,18,15.23,T3,19,10.11,T2,1
34-1,4370881,원주시시설관리공단,방학,토요일,10,16.27,T3,09,10.18,T2,-1
34-1,4370881,원주시시설관리공단,방학,토요일,11,17.78,T3,09,10.18,T2,-2
34-1,4370881,원주시시설관리공단,방학,토요일,15,18.58,T3,17,12.97,T2,2
34-1,4370881,원주시시설관리공단,방학,토요일,16,16.71,T3,18,11.39,T2,2
34-1,4370881,원주시시설관리공단,방학,일요일·공휴일,08,15.21,T3,06,5.49,T1,-2
34-1,4370881,원주시시설관리공단,방학,일요일·공휴일,10,13.64,T3,09,8.96,T1,-1
34-1,4370881,원주시시설관리공단,방학,일요일·공휴일,12,14.47,T3,11,9.9,T2,-1
34-1,4370881,원주시시설관리공단,방학,일요일·공휴일,13,13.75,T3,11,9.9,T2,-2
34-1,4370881,원주시시설관리공단,방학,일요일·공휴일,17,15.65,T3,19,12.45,T2,2
34-1,4370881,원주시시설관리공단,방학,일요일·공휴일,18,14.25,T3,20,10.32,T2,2
34-1,4371111,성지병원,학기,평일,08,25.86,T3,07,10.48,T2,-1
34-1,4371111,성지병원,학기,평일,09,25.92,T3,07,10.48,T2,-2
34-1,4371111,성지병원,학기,평일,18,18.38,T3,20,9.6,T2,2
34-1,4371111,성지병원,학기,평일,19,14.07,T3,21,8.0,T1,2
34-1,4371111,성지병원,학기,토요일,17,13.69,T3,19,9.45,T2,2
34-1,4371111,성지병원,학기,토요일,18,18.14,T3,20,9.27,T2,2
34-1,4371111,성지병원,학기,일요일·공휴일,09,13.4,T3,08,9.92,T2,-1
34-1,4371111,성지병원,학기,일요일·공휴일,10,15.81,T3,08,9.92,T2,-2
34-1,4371111,성지병원,학기,일요일·공휴일,11,17.23,T3,12,12.65,T2,1
34-1,4371111,성지병원,학기,일요일·공휴일,13,21.85,T3,12,12.65,T2,-1
34-1,4371111,성지병원,학기,일요일·공휴일,14,20.22,T3,12,12.65,T2,-2
34-1,4371111,성지병원,학기,일요일·공휴일,18,16.42,T3,20,11.63,T2,2
34-1,4371111,성지병원,학기,일요일·공휴일,19,13.32,T3,20,11.63,T2,1
34-1,4371111,성지병원,학기,일요일·공휴일,21,14.23,T3,20,11.63,T2,-1
34-1,4371111,성지병원,시험,평일,08,22.64,T3,07,10.83,T2,-1
34-1,4371111,성지병원,시험,평일,09,16.6,T3,07,10.83,T2,-2
34-1,4371111,성지병원,시험,평일,17,21.52,T3,19,10.52,T2,2
34-1,4371111,성지병원,시험,평일,18,16.6,T3,20,8.63,T1,2
34-1,4371111,성지병원,시험,토요일,09,18.52,T3,08,11.58,T2,-1
34-1,4371111,성지병원,시험,토요일,10,16.16,T3,08,11.58,T2,-2
34-1,4371111,성지병원,시험,일요일·공휴일,08,13.77,T3,09,11.71,T2,1
34-1,4371111,성지병원,시험,일요일·공휴일,11,16.71,T3,09,11.71,T2,-2
34-1,4371111,성지병원,시험,일요일·공휴일,12,21.45,T3,10,12.81,T2,-2
34-1,4371111,성지병원,계절학기,평일,17,17.11,T3,19,9.56,T2,2
34-1,4371111,성지병원,계절학기,평일,18,16.74,T3,20,7.46,T1,2
34-1,4371111,성지병원,계절학기,토요일,10,15.13,T3,08,8.25,T1,-2
34-1,4371111,성지병원,계절학기,토요일,11,21.61,T3,09,12.65,T2,-2
34-1,4371111,성지병원,계절학기,토요일,16,21.56,T3,18,12.38,T2,2
34-1,4371111,성지병원,계절학기,일요일·공휴일,11,13.38,T3,10,8.22,T1,-1
34-1,4371111,성지병원,계절학기,일요일·공휴일,13,17.53,T3,12,12.63,T2,-1
34-1,4371111,성지병원,계절학기,일요일·공휴일,15,13.32,T3,17,8.81,T1,2
34-1,4371111,성지병원,방학,평일,08,29.75,T3,07,8.45,T1,-1
34-1,4371111,성지병원,방학,평일,09,22.6,T3,07,8.45,T1,-2
34-1,4371111,성지병원,방학,평일,17,18.11,T3,19,10.21,T2,2
34-1,4371111,성지병원,방학,평일,18,19.67,T3,20,9.67,T2,2
34-1,4371111,성지병원,방학,토요일,09,15.94,T3,07,4.34,T1,-2
34-1,4371111,성지병원,방학,토요일,10,15.34,T3,08,11.21,T2,-2
34-1,4371111,성지병원,방학,토요일,15,21.72,T3,17,13.09,T2,2
34-1,4371111,성지병원,방학,토요일,16,18.54,T3,17,13.09,T2,1
34-1,4371111,성지병원,방학,토요일,18,13.96,T3,19,7.82,T1,1
34-1,4371111,성지병원,방학,일요일·공휴일,10,15.56,T3,08,11.11,T2,-2
34-1,4371111,성지병원,방학,일요일·공휴일,11,19.69,T3,09,13.0,T2,-2
34-1,4371111,성지병원,방학,일요일·공휴일,16,13.92,T3,18,12.07,T2,2
34-1,4371111,성지병원,방학,일요일·공휴일,17,13.4,T3,19,8.41,T1,2
34-1,4371181,SK텔레콤원주지점,학기,평일,08,13.79,T3,09,6.08,T1,1
34-1,4371181,SK텔레콤원주지점,학기,평일,12,14.48,T3,10,6.73,T1,-2
34-1,4371181,SK텔레콤원주지점,학기,평일,15,17.47,T3,14,12.31,T2,-1
34-1,4371181,SK텔레콤원주지점,학기,평일,16,19.23,T3,14,12.31,T2,-2
34-1,4371181,SK텔레콤원주지점,학기,평일,17,15.54,T3,19,10.89,T2,2
34-1,4371181,SK텔레콤원주지점,학기,평일,18,17.38,T3,20,10.08,T2,2
34-1,4371181,SK텔레콤원주지점,학기,토요일,11,14.88,T3,10,9.95,T2,-1
34-1,4371181,SK텔레콤원주지점,학기,토요일,14,15.29,T3,12,11.01,T2,-2
34-1,4371181,SK텔레콤원주지점,학기,토요일,16,14.27,T3,15,12.24,T2,-1
34-1,4371181,SK텔레콤원주지점,학기,토요일,18,14.11,T3,20,11.09,T2,2
34-1,4371181,SK텔레콤원주지점,학기,일요일·공휴일,18,14.92,T3,16,12.16,T2,-2
34-1,4371181,SK텔레콤원주지점,학기,일요일·공휴일,19,14.46,T3,20,12.74,T2,1
34-1,4371181,SK텔레콤원주지점,학기,일요일·공휴일,21,16.34,T3,20,12.74,T2,-1
34-1,4371181,SK텔레콤원주지점,시험,평일,08,16.23,T3,10,10.4,T2,2
34-1,4371181,SK텔레콤원주지점,시험,평일,11,15.71,T3,10,10.4,T2,-1
34-1,4371181,SK텔레콤원주지점,시험,평일,12,14.61,T3,10,10.4,T2,-2
34-1,4371181,SK텔레콤원주지점,시험,평일,17,16.51,T3,19,10.28,T2,2
34-1,4371181,SK텔레콤원주지점,시험,평일,18,17.48,T3,19,10.28,T2,1
34-1,4371181,SK텔레콤원주지점,시험,토요일,09,18.19,T3,08,8.92,T1,-1
34-1,4371181,SK텔레콤원주지점,시험,토요일,11,15.71,T3,10,12.25,T2,-1
34-1,4371181,SK텔레콤원주지점,시험,토요일,12,13.9,T3,10,12.25,T2,-2
34-1,4371181,SK텔레콤원주지점,시험,토요일,14,16.63,T3,16,10.1,T2,2
34-1,4371181,SK텔레콤원주지점,시험,토요일,20,14.67,T3,19,9.21,T2,-1
34-1,4371181,SK텔레콤원주지점,시험,일요일·공휴일,11,15.21,T3,09,9.05,T2,-2
34-1,4371181,SK텔레콤원주지점,시험,일요일·공휴일,16,14.83,T3,18,12.14,T2,2
34-1,4371181,SK텔레콤원주지점,시험,일요일·공휴일,17,14.8,T3,18,12.14,T2,1
34-1,4371181,SK텔레콤원주지점,시험,일요일·공휴일,20,18.63,T3,18,12.14,T2,-2
34-1,4371181,SK텔레콤원주지점,계절학기,평일,08,13.89,T3,09,7.84,T1,1
34-1,4371181,SK텔레콤원주지점,계절학기,평일,12,15.22,T3,10,9.05,T2,-2
34-1,4371181,SK텔레콤원주지점,계절학기,평일,13,14.72,T3,11,13.02,T2,-2
34-1,4371181,SK텔레콤원주지점,계절학기,평일,17,13.34,T3,19,7.48,T1,2
34-1,4371181,SK텔레콤원주지점,계절학기,평일,18,16.74,T3,19,7.48,T1,1
34-1,4371181,SK텔레콤원주지점,계절학기,토요일,11,16.33,T3,09,9.89,T2,-2
34-1,4371181,SK텔레콤원주지점,계절학기,토요일,13,14.74,T3,12,11.24,T2,-1
34-1,4371181,SK텔레콤원주지점,계절학기,토요일,16,17.84,T3,17,8.12,T1,1
34-1,4371181,SK텔레콤원주지점,방학,평일,13,14.87,T3,11,12.69,T2,-2
34-1,4371181,SK텔레콤원주지점,방학,평일,14,16.23,T3,12,13.19,T2,-2
34-1,4371181,SK텔레콤원주지점,방학,평일,17,14.34,T3,19,11.92,T2,2
34-1,4371181,SK텔레콤원주지점,방학,평일,18,22.66,T3,20,9.73,T2,2
34-1,4371181,SK텔레콤원주지점,방학,토요일,13,13.66,T3,12,10.87,T2,-1
34-1,4371181,SK텔레콤원주지점,방학,토요일,14,15.36,T3,12,10.87,T2,-2
34-1,4371181,SK텔레콤원주지점,방학,토요일,15,14.21,T3,17,10.69,T2,2
34-1,4371181,SK텔레콤원주지점,방학,토요일,16,13.39,T3,17,10.69,T2,1
34-1,4371181,SK텔레콤원주지점,방학,토요일,18,13.25,T3,17,10.69,T2,-1
34-1,4371181,SK텔레콤원주지점,방학,일요일·공휴일,15,14.15,T3,13,9.0,T1,-2
34-1,4371181,SK텔레콤원주지점,방학,일요일·공휴일,17,13.5,T3,19,10.24,T2,2
34-1,4371191,금불사거리,학기,평일,07,16.72,T3,06,9.85,T2,-1
34-1,4371191,금불사거리,학기,평일,08,19.8,T3,06,9.85,T2,-2
34-1,4371191,금불사거리,학기,평일,09,17.95,T3,11,12.67,T2,2
34-1,4371191,금불사거리,학기,평일,10,14.2,T3,11,12.67,T2,1
34-1,4371191,금불사거리,학기,평일,12,17.47,T3,11,12.67,T2,-1
34-1,4371191,금불사거리,학기,평일,13,20.3,T3,11,12.67,T2,-2
34-1,4371191,금불사거리,학기,평일,15,14.64,T3,14,12.91,T2,-1
34-1,4371191,금불사거리,학기,평일,16,15.42,T3,18,12.19,T2,2
34-1,4371191,금불사거리,학기,평일,17,14.09,T3,19,7.12,T1,2
34-1,4371191,금불사거리,학기,토요일,08,14.9,T3,07,5.9,T1,-1
34-1,4371191,금불사거리,학기,토요일,09,14.1,T3,07,5.9,T1,-2
34-1,4371191,금불사거리,학기,토요일,13,13.9,T3,15,13.05,T2,2
34-1,4371191,금불사거리,학기,토요일,14,16.39,T3,16,12.85,T2,2
34-1,4371191,금불사거리,학기,일요일·공휴일,12,16.16,T3,11,10.64,T2,-1
34-1,4371191,금불사거리,학기,일요일·공휴일,14,16.55,T3,16,9.83,T2,2
34-1,4371191,금불사거리,시험,평일,08,24.01,T3,06,7.74,T1,-2
34-1,4371191,금불사거리,시험,평일,09,15.06,T3,07,11.92,T2,-2
34-1,4371191,금불사거리,시험,평일,17,14.41,T3,19,8.83,T1,2
34-1,4371191,금불사거리,시험,평일,18,13.33,T3,20,7.56,T1,2
34-1,4371191,금불사거리,시험,토요일,09,15.19,T3,07,9.11,T2,-2
34-1,4371191,금불사거리,시험,토요일,14,19.21,T3,16,9.93,T2,2
34-1,4371191,금불사거리,시험,토요일,15,14.15,T3,16,9.93,T2,1
34-1,4371191,금불사거리,시험,토요일,18,13.26,T3,19,8.88,T1,1
34-1,4371191,금불사거리,시험,토요일,20,14.67,T3,19,8.88,T1,-1
34-1,4371191,금불사거리,시험,일요일·공휴일,11,14.87,T3,09,10.55,T2,-2
34-1,4371191,금불사거리,시험,일요일·공휴일,15,14.41,T3,17,12.8,T2,2
34-1,4371191,금불사거리,시험,일요일·공휴일,16,15.17,T3,18,10.97,T2,2
34-1,4371191,금불사거리,시험,일요일·공휴일,20,16.63,T3,19,10.03,T2,-1
34-1,4371191,금불사거리,계절학기,평일,08,14.5,T3,06,6.18,T1,-2
34-1,4371191,금불사거리,계절학기,평일,09,15.45,T3,07,12.21,T2,-2
34-1,4371191,금불사거리,계절학기,평일,14,15.02,T3,16,12.87,T2,2
34-1,4371191,금불사거리,계절학기,평일,15,16.77,T3,16,12.87,T2,1
34-1,4371191,금불사거리,계절학기,평일,17,14.27,T3,19,7.23,T1,2
34-1,4371191,금불사거리,계절학기,토요일,10,17.11,T3,09,12.39,T2,-1
34-1,4371191,금불사거리,계절학기,토요일,11,17.33,T3,09,12.39,T2,-2
34-1,4371191,금불사거리,계절학기,토요일,12,15.1,T3,13,12.74,T2,1
34-1,4371191,금불사거리,계절학기,토요일,14,14.49,T3,16,10.7,T2,2
34-1,4371191,금불사거리,계절학기,토요일,15,15.11,T3,16,10.7,T2,1
34-1,4371191,금불사거리,방학,평일,08,19.8,T3,06,8.02,T1,-2
34-1,4371191,금불사거리,방학,평일,09,16.38,T3,07,12.01,T2,-2
34-1,4371191,금불사거리,방학,평일,13,19.62,T3,15,11.97,T2,2
34-1,4371191,금불사거리,방학,평일,14,20.05,T3,15,11.97,T2,1
34-1,4371191,금불사거리,방학,평일,16,13.99,T3,17,10.51,T2,1
34-1,4371191,금불사거리,방학,토요일,11,16.63,T3,10,11.15,T2,-1
34-1,4371191,금불사거리,방학,토요일,12,16.79,T3,10,11.15,T2,-2
34-1,4371191,금불사거리,방학,토요일,15,15.45,T3,17,8.67,T1,2
34-1,4371191,금불사거리,방학,토요일,16,13.45,T3,17,8.67,T1,1
34-1,4371191,금불사거리,방학,일요일·공휴일,12,13.47,T3,11,12.27,T2,-1
34-1,4371191,금불사거리,방학,일요일·공휴일,14,14.65,T3,16,10.05,T2,2
34-1,4371201,단계삼익아파트,학기,평일,15,15.52,T3,14,11.21,T2,-1
34-1,4371201,단계삼익아파트,학기,평일,16,18.17,T3,14,11.21,T2,-2
34-1,4371201,단계삼익아파트,학기,평일,18,15.77,T3,20,9.75,T2,2
34-1,4371201,단계삼익아파트,학기,토요일,11,15.02,T3,09,9.03,T1,-2
34-1,4371201,단계삼익아파트,학기,토요일,12,14.11,T3,10,13.19,T2,-2
34-1,4371201,단계삼익아파트,학기,토요일,13,13.63,T3,15,11.72,T2,2
34-1,4371201,단계삼익아파트,학기,토요일,14,14.51,T3,16,11.12,T2,2
34-1,4371201,단계삼익아파트,학기,일요일·공휴일,14,13.24,T3,12,7.81,T1,-2
34-1,4371201,단계삼익아파트,학기,일요일·공휴일,18,13.99,T3,19,12.59,T2,1
34-1,4371201,단계삼익아파트,학기,일요일·공휴일,20,16.58,T3,19,12.59,T2,-1
34-1,4371201,단계삼익아파트,학기,일요일·공휴일,21,17.34,T3,19,12.59,T2,-2
34-1,4371201,단계삼익아파트,시험,평일,08,15.14,T3,07,8.74,T1,-1
34-1,4371201,단계삼익아파트,시험,평일,11,13.35,T3,09,10.19,T2,-2
34-1,4371201,단계삼익아파트,시험,평일,12,13.93,T3,10,12.0,T2,-2
34-1,4371201,단계삼익아파트,시험,평일,17,15.74,T3,19,9.5,T2,2
34-1,4371201,단계삼익아파트,시험,평일,18,15.43,T3,19,9.5,T2,1
34-1,4371201,단계삼익아파트,시험,토요일,09,18.85,T3,10,10.83,T2,1
34-1,4371201,단계삼익아파트,시험,토요일,12,14.73,T3,10,10.83,T2,-2
34-1,4371201,단계삼익아파트,시험,토요일,20,14.67,T3,21,9.23,T2,1
34-1,4371201,단계삼익아파트,시험,일요일·공휴일,11,15.54,T3,09,9.55,T2,-2
34-1,4371201,단계삼익아파트,시험,일요일·공휴일,17,14.3,T3,19,10.36,T2,2
34-1,4371201,단계삼익아파트,시험,일요일·공휴일,18,14.31,T3,19,10.36,T2,1
34-1,4371201,단계삼익아파트,시험,일요일·공휴일,20,15.96,T3,19,10.36,T2,-1
34-1,4371201,단계삼익아파트,시험,일요일·공휴일,21,18.89,T3,19,10.36,T2,-2
34-1,4371201,단계삼익아파트,계절학기,평일,13,15.53,T3,11,10.2,T2,-2
34-1,4371201,단계삼익아파트,계절학기,평일,15,15.53,T3,14,12.59,T2,-1
34-1,4371201,단계삼익아파트,계절학기,평일,16,13.62,T3,14,12.59,T2,-2
34-1,4371201,단계삼익아파트,계절학기,평일,17,13.9,T3,19,11.43,T2,2
34-1,4371201,단계삼익아파트,계절학기,평일,18,16.55,T3,20,6.93,T1,2
34-1,4371201,단계삼익아파트,계절학기,토요일,11,17.55,T3,12,12.36,T2,1
34-1,4371201,단계삼익아파트,계절학기,토요일,13,13.89,T3,12,12.36,T2,-1
34-1,4371201,단계삼익아파트,계절학기,토요일,14,13.24,T3,12,12.36,T2,-2
34-1,4371201,단계삼익아파트,계절학기,토요일,18,15.04,T3,20,7.36,T1,2
34-1,4371201,단계삼익아파트,방학,평일,12,13.64,T3,10,9.21,T2,-2
34-1,4371201,단계삼익아파트,방학,평일,13,14.24,T3,11,10.86,T2,-2
34-1,4371201,단계삼익아파트,방학,평일,15,18.31,T3,17,12.37,T2,2
34-1,4371201,단계삼익아파트,방학,평일,16,17.07,T3,17,12.37,T2,1
34-1,4371201,단계삼익아파트,방학,평일,18,17.24,T3,20,9.65,T2,2
34-1,4371201,단계삼익아파트,방학,토요일,14,16.68,T3,12,11.83,T2,-2
34-1,4371201,단계삼익아파트,방학,토요일,15,14.21,T3,17,9.71,T2,2
34-1,4371201,단계삼익아파트,방학,토요일,16,14.55,T3,17,9.71,T2,1
34-1,4371201,단계삼익아파트,방학,일요일·공휴일,15,15.18,T3,13,9.41,T2,-2
34-1,4371201,단계삼익아파트,방학,일요일·공휴일,17,13.83,T3,19,9.28,T2,2
34-1,4371201,단계삼익아파트,방학,일요일·공휴일,21,13.77,T3,19,9.28,T2,-2
34-1,4371741,e편한세상아파트,학기,평일,07,14.83,T3,06,10.24,T2,-1
34-1,4371741,e편한세상아파트,학기,평일,08,20.45,T3,06,10.24,T2,-2
34-1,4371741,e편한세상아파트,학기,평일,17,14.75,T3,19,7.12,T1,2
34-1,4371741,e편한세상아파트,학기,평일,18,13.5,T3,20,6.36,T1,2
34-1,4371741,e편한세상아파트,학기,토요일,08,16.49,T3,07,7.24,T1,-1
34-1,4371741,e편한세상아파트,학기,토요일,09,16.15,T3,07,7.24,T1,-2
34-1,4371741,e편한세상아파트,학기,토요일,13,15.23,T3,15,12.71,T2,2
34-1,4371741,e편한세상아파트,학기,토요일,14,15.66,T3,16,12.68,T2,2
34-1,4371741,e편한세상아파트,학기,일요일·공휴일,12,16.33,T3,11,10.43,T2,-1
34-1,4371741,e편한세상아파트,학기,일요일·공휴일,14,19.0,T3,16,11.26,T2,2
34-1,4371741,e편한세상아파트,시험,평일,08,21.21,T3,06,8.56,T1,-2
34-1,4371741,e편한세상아파트,시험,평일,09,15.6,T3,07,11.63,T2,-2
34-1,4371741,e편한세상아파트,시험,평일,17,15.01,T3,19,9.75,T2,2
34-1,4371741,e편한세상아파트,시험,평일,18,13.53,T3,20,8.26,T1,2
34-1,4371741,e편한세상아파트,시험,토요일,06,13.94,T3,08,10.33,T2,2
34-1,4371741,e편한세상아파트,시험,토요일,09,15.6,T3,08,10.33,T2,-1
34-1,4371741,e편한세상아파트,시험,토요일,14,19.38,T3,16,9.43,T2,2
34-1,4371741,e편한세상아파트,시험,토요일,15,13.23,T3,16,9.43,T2,1
34-1,4371741,e편한세상아파트,시험,토요일,20,13.83,T3,19,8.88,T1,-1
34-1,4371741,e편한세상아파트,시험,일요일·공휴일,12,19.87,T3,10,13.14,T2,-2
34-1,4371741,e편한세상아파트,시험,일요일·공휴일,16,15.25,T3,18,10.64,T2,2
34-1,4371741,e편한세상아파트,시험,일요일·공휴일,20,15.63,T3,19,10.03,T2,-1
34-1,4371741,e편한세상아파트,시험,일요일·공휴일,21,15.56,T3,19,10.03,T2,-2
34-1,4371741,e편한세상아파트,계절학기,평일,08,16.15,T3,06,7.54,T1,-2
34-1,4371741,e편한세상아파트,계절학기,평일,09,16.62,T3,07,10.39,T2,-2
34-1,4371741,e편한세상아파트,계절학기,평일,16,13.87,T3,18,13.11,T2,2
34-1,4371741,e편한세상아파트,계절학기,평일,17,14.34,T3,19,6.35,T1,2
34-1,4371741,e편한세상아파트,계절학기,토요일,09,14.71,T3,07,5.07,T1,-2
34-1,4371741,e편한세상아파트,계절학기,토요일,10,13.3,T3,08,8.0,T1,-2
34-1,4371741,e편한세상아파트,계절학기,토요일,15,15.85,T3,17,11.8,T2,2
34-1,4371741,e편한세상아파트,계절학기,일요일·공휴일,11,14.91,T3,09,6.94,T1,-2
34-1,4371741,e편한세상아파트,계절학기,일요일·공휴일,12,14.59,T3,10,7.61,T1,-2
34-1,4371741,e편한세상아파트,계절학기,일요일·공휴일,13,13.38,T3,14,10.05,T2,1
34-1,4371741,e편한세상아파트,방학,평일,08,20.58,T3,06,8.57,T1,-2
34-1,4371741,e편한세상아파트,방학,평일,09,16.74,T3,07,11.87,T2,-2
34-1,4371741,e편한세상아파트,방학,평일,13,17.66,T3,15,13.06,T2,2
34-1,4371741,e편한세상아파트,방학,평일,14,19.85,T3,16,11.1,T2,2
34-1,4371741,e편한세상아파트,방학,토요일,11,14.55,T3,10,12.97,T2,-1
34-1,4371741,e편한세상아파트,방학,토요일,12,17.96,T3,10,12.97,T2,-2
34-1,4371741,e편한세상아파트,방학,토요일,15,15.43,T3,17,10.34,T2,2
34-1,4371741,e편한세상아파트,방학,토요일,16,14.64,T3,17,10.34,T2,1
34-1,4371741,e편한세상아파트,방학,일요일·공휴일,14,15.08,T3,13,10.39,T2,-1
34-1,4371781,KBS방송국,학기,평일,08,20.27,T3,07,10.2,T2,-1
34-1,4371781,KBS방송국,학기,평일,09,19.07,T3,07,10.2,T2,-2
34-1,4371781,KBS방송국,학기,평일,18,25.42,T3,20,11.66,T2,2
34-1,4371781,KBS방송국,학기,평일,19,13.9,T3,20,11.66,T2,1
34-1,4371781,KBS방송국,학기,토요일,08,13.26,T3,07,6.21,T1,-1
34-1,4371781,KBS방송국,학기,토요일,09,13.87,T3,07,6.21,T1,-2
34-1,4371781,KBS방송국,학기,일요일·공휴일,08,14.69,T3,06,5.39,T1,-2
34-1,4371781,KBS방송국,학기,일요일·공휴일,12,15.29,T3,11,11.34,T2,-1
34-1,4371781,KBS방송국,학기,일요일·공휴일,13,14.77,T3,11,11.34,T2,-2
34-1,4371781,KBS방송국,시험,평일,08,19.51,T3,06,7.61,T1,-2
34-1,4371781,KBS방송국,시험,평일,09,15.65,T3,07,8.43,T1,-2
34-1,4371781,KBS방송국,시험,평일,17,21.51,T3,19,9.44,T2,2
34-1,4371781,KBS방송국,시험,평일,18,23.42,T3,19,9.44,T2,1
34-1,4371781,KBS방송국,시험,토요일,06,14.52,T3,07,7.94,T1,1
34-1,4371781,KBS방송국,시험,토요일,09,16.02,T3,07,7.94,T1,-2
34-1,4371781,KBS방송국,시험,토요일,11,17.12,T3,10,11.66,T2,-1
34-1,4371781,KBS방송국,시험,토요일,12,17.48,T3,10,11.66,T2,-2
34-1,4371781,KBS방송국,시험,토요일,14,21.63,T3,16,11.43,T2,2
34-1,4371781,KBS방송국,시험,토요일,15,13.48,T3,16,11.43,T2,1
34-1,4371781,KBS방송국,시험,토요일,20,17.25,T3,19,10.13,T2,-1
34-1,4371781,KBS방송국,시험,일요일·공휴일,08,16.1,T3,07,4.37,T1,-1
34-1,4371781,KBS방송국,시험,일요일·공휴일,10,14.39,T3,09,11.05,T2,-1
34-1,4371781,KBS방송국,시험,일요일·공휴일,11,14.87,T3,09,11.05,T2,-2
34-1,4371781,KBS방송국,시험,일요일·공휴일,17,15.46,T3,19,13.03,T2,2
34-1,4371781,KBS방송국,시험,일요일·공휴일,18,13.31,T3,19,13.03,T2,1
34-1,4371781,KBS방송국,시험,일요일·공휴일,20,21.63,T3,19,13.03,T2,-1
34-1,4371781,KBS방송국,시험,일요일·공휴일,21,20.47,T3,19,13.03,T2,-2
34-1,4371781,KBS방송국,계절학기,평일,08,16.52,T3,07,9.28,T2,-1
34-1,4371781,KBS방송국,계절학기,평일,09,17.29,T3,07,9.28,T2,-2
34-1,4371781,KBS방송국,계절학기,평일,17,24.01,T3,19,10.26,T2,2
34-1,4371781,KBS방송국,계절학기,평일,18,16.79,T3,19,10.26,T2,1
34-1,4371781,KBS방송국,계절학기,토요일,11,23.3,T3,09,11.87,T2,-2
34-1,4371781,KBS방송국,계절학기,토요일,12,15.53,T3,13,12.7,T2,1
34-1,4371781,KBS방송국,계절학기,토요일,15,15.18,T3,13,12.7,T2,-2
34-1,4371781,KBS방송국,계절학기,토요일,18,13.47,T3,20,6.88,T1,2
34-1,4371781,KBS방송국,계절학기,일요일·공휴일,12,16.42,T3,14,10.85,T2,2
34-1,4371781,KBS방송국,계절학기,일요일·공휴일,13,13.83,T3,15,9.42,T2,2
34-1,4371781,KBS방송국,방학,평일,08,19.47,T3,06,7.24,T1,-2
34-1,4371781,KBS방송국,방학,평일,09,17.29,T3,07,9.46,T2,-2
34-1,4371781,KBS방송국,방학,평일,18,18.83,T3,20,10.45,T2,2
34-1,4371781,KBS방송국,방학,평일,19,13.59,T3,20,10.45,T2,1
34-1,4371781,KBS방송국,방학,토요일,10,15.65,T3,08,9.12,T2,-2
34-1,4371781,KBS방송국,방학,토요일,11,20.1,T3,09,9.44,T2,-2
34-1,4371781,KBS방송국,방학,토요일,17,17.52,T3,19,9.05,T2,2
34-1,4371781,KBS방송국,방학,토요일,18,15.95,T3,20,8.54,T1,2
34-1,4371781,KBS방송국,방학,토요일,21,13.99,T3,20,8.54,T1,-1
34-1,4371781,KBS방송국,방학,일요일·공휴일,11,14.0,T3,09,9.25,T2,-2
34-1,4371781,KBS방송국,방학,일요일·공휴일,12,15.0,T3,10,11.15,T2,-2
34-1,4371871,금불사거리,학기,평일,08,14.31,T3,09,6.36,T1,1
34-1,4371871,금불사거리,학기,평일,15,15.85,T3,14,12.5,T2,-1
34-1,4371871,금불사거리,학기,평일,16,17.59,T3,14,12.5,T2,-2
34-1,4371871,금불사거리,학기,평일,17,13.92,T3,19,9.35,T2,2
34-1,4371871,금불사거리,학기,평일,18,16.89,T3,19,9.35,T2,1
34-1,4371871,금불사거리,학기,토요일,11,15.36,T3,10,8.8,T1,-1
34-1,4371871,금불사거리,학기,토요일,13,13.34,T3,15,11.9,T2,2
34-1,4371871,금불사거리,학기,토요일,14,14.01,T3,15,11.9,T2,1
34-1,4371871,금불사거리,학기,일요일·공휴일,14,13.34,T3,12,9.53,T2,-2
34-1,4371871,금불사거리,학기,일요일·공휴일,17,13.93,T3,15,11.95,T2,-2
34-1,4371871,금불사거리,학기,일요일·공휴일,18,17.03,T3,16,12.78,T2,-2
34-1,4371871,금불사거리,시험,평일,08,17.68,T3,10,12.84,T2,2
34-1,4371871,금불사거리,시험,평일,12,14.49,T3,10,12.84,T2,-2
34-1,4371871,금불사거리,시험,평일,13,21.06,T3,11,12.96,T2,-2
34-1,4371871,금불사거리,시험,평일,17,17.7,T3,19,9.44,T2,2
34-1,4371871,금불사거리,시험,평일,18,19.26,T3,19,9.44,T2,1
34-1,4371871,금불사거리,시험,토요일,09,16.69,T3,10,12.33,T2,1
34-1,4371871,금불사거리,시험,토요일,12,15.4,T3,10,12.33,T2,-2
34-1,4371871,금불사거리,시험,일요일·공휴일,11,14.71,T3,09,9.05,T2,-2
34-1,4371871,금불사거리,계절학기,평일,12,16.23,T3,10,9.03,T1,-2
34-1,4371871,금불사거리,계절학기,평일,13,16.0,T3,11,12.29,T2,-2
34-1,4371871,금불사거리,계절학기,평일,15,14.82,T3,14,12.68,T2,-1
34-1,4371871,금불사거리,계절학기,평일,16,15.63,T3,14,12.68,T2,-2
34-1,4371871,금불사거리,계절학기,평일,17,14.12,T3,19,8.59,T1,2
34-1,4371871,금불사거리,계절학기,평일,18,15.29,T3,20,8.58,T1,2
34-1,4371871,금불사거리,계절학기,토요일,11,15.04,T3,10,11.61,T2,-1
34-1,4371871,금불사거리,계절학기,토요일,13,14.74,T3,15,11.44,T2,2
34-1,4371871,금불사거리,계절학기,토요일,16,13.9,T3,17,9.47,T2,1
34-1,4371871,금불사거리,계절학기,토요일,18,14.61,T3,19,7.59,T1,1
34-1,4371871,금불사거리,방학,평일,12,13.89,T3,10,9.85,T2,-2
34-1,4371871,금불사거리,방학,평일,13,16.02,T3,11,11.04,T2,-2
34-1,4371871,금불사거리,방학,평일,15,18.63,T3,17,12.53,T2,2
34-1,4371871,금불사거리,방학,평일,16,17.88,T3,17,12.53,T2,1
34-1,4371871,금불사거리,방학,평일,18,18.84,T3,19,9.67,T2,1
34-1,4371871,금불사거리,방학,토요일,13,14.3,T3,14,12.5,T2,1
34-1,4371871,금불사거리,방학,토요일,15,14.55,T3,17,9.59,T2,2
34-1,4371871,금불사거리,방학,일요일·공휴일,14,13.74,T3,12,7.27,T1,-2
34-1,4371871,금불사거리,방학,일요일·공휴일,15,14.95,T3,13,9.61,T2,-2
34-1,4371971,단계현진아파트,학기,평일,08,17.55,T3,06,9.12,T2,-2
34-1,4371971,단계현진아파트,학기,평일,09,15.05,T3,07,12.82,T2,-2
34-1,4371971,단계현진아파트,학기,평일,10,13.68,T3,11,12.96,T2,1
34-1,4371971,단계현진아파트,학기,평일,12,18.64,T3,11,12.96,T2,-1
34-1,4371971,단계현진아파트,학기,평일,13,16.69,T3,11,12.96,T2,-2
34-1,4371971,단계현진아파트,학기,평일,16,14.9,T3,15,13.02,T2,-1
34-1,4371971,단계현진아파트,학기,평일,17,16.24,T3,19,7.86,T1,2
34-1,4371971,단계현진아파트,학기,평일,18,14.19,T3,20,5.76,T1,2
34-1,4371971,단계현진아파트,학기,토요일,08,13.37,T3,06,6.78,T1,-2
34-1,4371971,단계현진아파트,학기,토요일,09,14.46,T3,07,8.11,T1,-2
34-1,4371971,단계현진아파트,학기,토요일,13,15.15,T3,15,10.81,T2,2
34-1,4371971,단계현진아파트,학기,토요일,14,14.93,T3,15,10.81,T2,1
34-1,4371971,단계현진아파트,학기,토요일,16,13.45,T3,18,10.04,T2,2
34-1,4371971,단계현진아파트,학기,일요일·공휴일,12,15.93,T3,11,10.24,T2,-1
34-1,4371971,단계현진아파트,학기,일요일·공휴일,14,17.26,T3,13,10.73,T2,-1
34-1,4371971,단계현진아파트,학기,일요일·공휴일,16,14.82,T3,18,9.92,T2,2
34-1,4371971,단계현진아파트,학기,일요일·공휴일,19,13.5,T3,18,9.92,T2,-1
34-1,4371971,단계현진아파트,학기,일요일·공휴일,21,17.46,T3,20,11.65,T2,-1
34-1,4371971,단계현진아파트,시험,평일,08,19.51,T3,07,10.69,T2,-1
34-1,4371971,단계현진아파트,시험,평일,09,15.08,T3,07,10.69,T2,-2
34-1,4371971,단계현진아파트,시험,평일,17,17.29,T3,19,11.25,T2,2
34-1,4371971,단계현진아파트,시험,평일,18,13.51,T3,20,8.51,T1,2
34-1,4371971,단계현진아파트,시험,토요일,13,14.78,T3,15,12.65,T2,2
34-1,4371971,단계현진아파트,시험,토요일,14,19.8,T3,15,12.65,T2,1
34-1,4371971,단계현진아파트,시험,일요일·공휴일,11,13.37,T3,09,9.55,T2,-2
34-1,4371971,단계현진아파트,계절학기,평일,08,14.3,T3,06,7.55,T1,-2
34-1,4371971,단계현진아파트,계절학기,평일,10,15.65,T3,09,12.74,T2,-1
34-1,4371971,단계현진아파트,계절학기,평일,11,15.31,T3,09,12.74,T2,-2
34-1,4371971,단계현진아파트,계절학기,평일,16,14.21,T3,18,11.79,T2,2
34-1,4371971,단계현진아파트,계절학기,평일,17,16.73,T3,19,8.12,T1,2
34-1,4371971,단계현진아파트,계절학기,토요일,10,15.9,T3,08,7.42,T1,-2
34-1,4371971,단계현진아파트,계절학기,토요일,11,17.26,T3,12,12.69,T2,1
34-1,4371971,단계현진아파트,계절학기,토요일,13,14.54,T3,14,12.41,T2,1
34-1,4371971,단계현진아파트,계절학기,토요일,15,14.87,T3,14,12.41,T2,-1
34-1,4371971,단계현진아파트,계절학기,일요일·공휴일,11,15.4,T3,09,6.77,T1,-2
34-1,4371971,단계현진아파트,방학,평일,08,18.77,T3,06,8.74,T1,-2
34-1,4371971,단계현진아파트,방학,평일,10,17.57,T3,09,13.09,T2,-1
34-1,4371971,단계현진아파트,방학,평일,11,14.23,T3,09,13.09,T2,-2
34-1,4371971,단계현진아파트,방학,평일,13,15.82,T3,15,11.6,T2,2
34-1,4371971,단계현진아파트,방학,평일,14,15.07,T3,15,11.6,T2,1
34-1,4371971,단계현진아파트,방학,평일,17,13.31,T3,19,7.64,T1,2
34-1,4371971,단계현진아파트,방학,평일,18,13.62,T3,20,5.94,T1,2
34-1,4371971,단계현진아파트,방학,토요일,11,14.65,T3,09,11.34,T2,-2
34-1,4371971,단계현진아파트,방학,토요일,12,15.62,T3,10,12.74,T2,-2
34-1,4371971,단계현진아파트,방학,토요일,15,15.38,T3,17,10.78,T2,2
34-1,4371971,단계현진아파트,방학,토요일,16,13.66,T3,18,8.7,T1,2
34-1,4371971,단계현진아파트,방학,일요일·공휴일,12,13.28,T3,10,11.21,T2,-2
34-1,4371971,단계현진아파트,방학,일요일·공휴일,14,17.49,T3,16,10.62,T2,2
34-1,4371981,옛합동청사,학기,평일,08,21.33,T3,06,8.4,T1,-2
34-1,4371981,옛합동청사,학기,평일,09,19.93,T3,07,12.71,T2,-2
34-1,4371981,옛합동청사,학기,평일,18,20.03,T3,20,10.19,T2,2
34-1,4371981,옛합동청사,학기,평일,19,16.53,T3,20,10.19,T2,1
34-1,4371981,옛합동청사,학기,토요일,08,16.49,T3,07,5.52,T1,-1
34-1,4371981,옛합동청사,학기,토요일,09,15.11,T3,07,5.52,T1,-2
34-1,4371981,옛합동청사,학기,토요일,15,17.73,T3,17,12.99,T2,2
34-1,4371981,옛합동청사,학기,토요일,16,14.59,T3,17,12.99,T2,1
34-1,4371981,옛합동청사,학기,토요일,18,13.72,T3,20,11.67,T2,2
34-1,4371981,옛합동청사,학기,일요일·공휴일,10,16.9,T3,09,11.83,T2,-1
34-1,4371981,옛합동청사,학기,일요일·공휴일,14,15.74,T3,13,12.58,T2,-1
34-1,4371981,옛합동청사,학기,일요일·공휴일,15,18.31,T3,13,12.58,T2,-2
34-1,4371981,옛합동청사,시험,평일,08,21.34,T3,07,10.92,T2,-1
34-1,4371981,옛합동청사,시험,평일,09,15.42,T3,07,10.92,T2,-2
34-1,4371981,옛합동청사,시험,평일,18,20.61,T3,19,10.94,T2,1
34-1,4371981,옛합동청사,계절학기,평일,08,14.93,T3,06,6.07,T1,-2
34-1,4371981,옛합동청사,계절학기,평일,09,17.23,T3,07,12.45,T2,-2
34-1,4371981,옛합동청사,계절학기,평일,19,13.42,T3,21,5.72,T1,2
34-1,4371981,옛합동청사,계절학기,토요일,18,15.71,T3,19,6.77,T1,1
34-1,4371981,옛합동청사,방학,평일,08,22.02,T3,06,6.86,T1,-2
34-1,4371981,옛합동청사,방학,평일,09,18.76,T3,07,7.97,T1,-2
34-1,4371981,옛합동청사,방학,평일,18,14.1,T3,20,10.31,T2,2
34-1,4371981,옛합동청사,방학,평일,19,13.76,T3,21,8.6,T1,2
34-1,4371981,옛합동청사,방학,토요일,10,16.77,T3,08,12.56,T2,-2
34-1,4371981,옛합동청사,방학,토요일,15,15.9,T3,17,13.09,T2,2
34-1,4371981,옛합동청사,방학,일요일·공휴일,10,13.41,T3,09,10.49,T2,-1
34-1,4371981,옛합동청사,방학,일요일·공휴일,12,13.32,T3,11,11.26,T2,-1
34-1,4371981,옛합동청사,방학,일요일·공휴일,13,14.29,T3,11,11.26,T2,-2
34-1,4371981,옛합동청사,방학,일요일·공휴일,15,14.51,T3,17,10.92,T2,2
34-1,4371981,옛합동청사,방학,일요일·공휴일,16,15.77,T3,17,10.92,T2,1
34-1,4371981,옛합동청사,방학,일요일·공휴일,18,13.95,T3,19,10.9,T2,1
34-1,4371981,옛합동청사,방학,일요일·공휴일,21,17.44,T3,19,10.9,T2,-2
34-1,4372311,구곡현대아파트,학기,평일,07,15.64,T3,06,8.34,T1,-1
34-1,4372311,구곡현대아파트,학기,평일,08,18.56,T3,06,8.34,T1,-2
34-1,4372311,구곡현대아파트,학기,평일,18,22.07,T3,20,12.77,T2,2
34-1,4372311,구곡현대아파트,학기,평일,19,15.33,T3,21,9.24,T2,2
34-1,4372311,구곡현대아파트,학기,토요일,08,18.45,T3,07,6.18,T1,-1
34-1,4372311,구곡현대아파트,학기,토요일,09,23.77,T3,07,6.18,T1,-2
34-1,4372311,구곡현대아파트,학기,토요일,15,15.79,T3,17,11.65,T2,2
34-1,4372311,구곡현대아파트,학기,토요일,16,14.91,T3,17,11.65,T2,1
34-1,4372311,구곡현대아파트,학기,토요일,18,20.84,T3,20,8.28,T1,2
34-1,4372311,구곡현대아파트,학기,일요일·공휴일,09,14.37,T3,07,5.08,T1,-2
34-1,4372311,구곡현대아파트,학기,일요일·공휴일,10,14.77,T3,08,10.85,T2,-2
34-1,4372311,구곡현대아파트,학기,일요일·공휴일,11,17.37,T3,12,12.97,T2,1
34-1,4372311,구곡현대아파트,학기,일요일·공휴일,13,17.11,T3,12,12.97,T2,-1
34-1,4372311,구곡현대아파트,학기,일요일·공휴일,14,15.83,T3,12,12.97,T2,-2
34-1,4372311,구곡현대아파트,학기,일요일·공휴일,17,16.79,T3,19,11.79,T2,2
34-1,4372311,구곡현대아파트,학기,일요일·공휴일,18,18.95,T3,20,11.33,T2,2
34-1,4372311,구곡현대아파트,학기,일요일·공휴일,21,15.96,T3,20,11.33,T2,-1
34-1,4372311,구곡현대아파트,시험,평일,08,17.9,T3,07,9.18,T2,-1
34-1,4372311,구곡현대아파트,시험,평일,09,16.67,T3,07,9.18,T2,-2
34-1,4372311,구곡현대아파트,시험,평일,17,22.68,T3,19,12.5,T2,2
34-1,4372311,구곡현대아파트,시험,평일,18,19.92,T3,20,9.68,T2,2
34-1,4372311,구곡현대아파트,시험,토요일,08,13.42,T3,10,13.16,T2,2
34-1,4372311,구곡현대아파트,시험,토요일,09,18.52,T3,10,13.16,T2,1
34-1,4372311,구곡현대아파트,시험,토요일,11,19.37,T3,10,13.16,T2,-1
34-1,4372311,구곡현대아파트,시험,토요일,12,17.23,T3,10,13.16,T2,-2
34-1,4372311,구곡현대아파트,시험,토요일,18,13.76,T3,19,8.88,T1,1
34-1,4372311,구곡현대아파트,시험,토요일,20,15.5,T3,19,8.88,T1,-1
34-1,4372311,구곡현대아파트,시험,일요일·공휴일,11,16.04,T3,09,10.8,T2,-2
34-1,4372311,구곡현대아파트,시험,일요일·공휴일,12,16.53,T3,10,12.06,T2,-2
34-1,4372311,구곡현대아파트,시험,일요일·공휴일,17,15.13,T3,19,11.86,T2,2
34-1,4372311,구곡현대아파트,시험,일요일·공휴일,18,13.39,T3,19,11.86,T2,1
34-1,4372311,구곡현대아파트,시험,일요일·공휴일,20,18.13,T3,19,11.86,T2,-1
34-1,4372311,구곡현대아파트,계절학기,평일,08,20.41,T3,06,7.9,T1,-2
34-1,4372311,구곡현대아파트,계절학기,평일,09,20.52,T3,07,11.21,T2,-2
34-1,4372311,구곡현대아파트,계절학기,평일,17,17.48,T3,19,8.69,T1,2
34-1,4372311,구곡현대아파트,계절학기,평일,18,17.2,T3,19,8.69,T1,1
34-1,4372311,구곡현대아파트,계절학기,토요일,10,16.63,T3,08,9.0,T1,-2
34-1,4372311,구곡현대아파트,계절학기,토요일,11,20.9,T3,12,11.69,T2,1
34-1,4372311,구곡현대아파트,계절학기,토요일,13,14.53,T3,12,11.69,T2,-1
34-1,4372311,구곡현대아파트,계절학기,토요일,14,13.85,T3,12,11.69,T2,-2
34-1,4372311,구곡현대아파트,계절학기,토요일,16,14.15,T3,18,12.47,T2,2
34-1,4372311,구곡현대아파트,계절학기,토요일,17,13.3,T3,19,7.95,T1,2
34-1,4372311,구곡현대아파트,계절학기,일요일·공휴일,11,15.75,T3,09,7.35,T1,-2
34-1,4372311,구곡현대아파트,계절학기,일요일·공휴일,12,13.82,T3,10,9.54,T2,-2
34-1,4372311,구곡현대아파트,방학,평일,08,23.5,T3,07,9.56,T2,-1
34-1,4372311,구곡현대아파트,방학,평일,09,22.74,T3,07,9.56,T2,-2
34-1,4372311,구곡현대아파트,방학,평일,17,17.44,T3,19,8.77,T1,2
34-1,4372311,구곡현대아파트,방학,평일,18,16.09,T3,19,8.77,T1,1
34-1,4372311,구곡현대아파트,방학,토요일,10,13.24,T3,08,11.95,T2,-2
34-1,4372311,구곡현대아파트,방학,토요일,11,18.7,T3,09,12.21,T2,-2
34-1,4372311,구곡현대아파트,방학,토요일,15,17.49,T3,17,12.43,T2,2
34-1,4372311,구곡현대아파트,방학,토요일,16,13.43,T3,18,12.35,T2,2
34-1,4372311,구곡현대아파트,방학,일요일·공휴일,11,16.89,T3,09,11.1,T2,-2
34-1,4372311,구곡현대아파트,방학,일요일·공휴일,12,13.58,T3,10,12.38,T2,-2
34-1,4372311,구곡현대아파트,방학,일요일·공휴일,15,16.62,T3,17,12.54,T2,2
34-1,4372311,구곡현대아파트,방학,일요일·공휴일,16,16.54,T3,17,12.54,T2,1
34-1,4372311,구곡현대아파트,방학,일요일·공휴일,18,13.5,T3,19,8.84,T1,1
34-1,4372661,단계사거리,학기,평일,16,14.74,T3,14,8.42,T1,-2
34-1,4372661,단계사거리,학기,토요일,11,14.15,T3,10,9.25,T2,-1
34-1,4372661,단계사거리,시험,평일,09,14.79,T3,10,11.29,T2,1
34-1,4372661,단계사거리,시험,평일,12,13.92,T3,10,11.29,T2,-2
34-1,4372661,단계사거리,시험,평일,13,19.65,T3,15,12.56,T2,2
34-1,4372661,단계사거리,시험,평일,14,15.2,T3,15,12.56,T2,1
34-1,4372661,단계사거리,시험,평일,16,14.1,T3,15,12.56,T2,-1
34-1,4372661,단계사거리,시험,평일,17,14.23,T3,19,8.64,T1,2
34-1,4372661,단계사거리,시험,평일,18,14.41,T3,19,8.64,T1,1
34-1,4372661,단계사거리,시험,토요일,09,18.52,T3,08,8.58,T1,-1
34-1,4372661,단계사거리,시험,토요일,10,14.66,T3,08,8.58,T1,-2
34-1,4372661,단계사거리,시험,토요일,11,15.21,T3,13,12.44,T2,2
34-1,4372661,단계사거리,시험,토요일,14,16.13,T3,13,12.44,T2,-1
34-1,4372661,단계사거리,시험,일요일·공휴일,17,13.96,T3,19,12.36,T2,2
34-1,4372661,단계사거리,시험,일요일·공휴일,20,20.46,T3,19,12.36,T2,-1
34-1,4372661,단계사거리,계절학기,토요일,11,16.38,T3,09,8.89,T1,-2
34-1,4372661,단계사거리,계절학기,토요일,15,13.68,T3,17,9.55,T2,2
34-1,4372671,우산철교.폴리텍대학,학기,평일,16,14.46,T3,14,7.36,T1,-2
34-1,4372671,우산철교.폴리텍대학,학기,토요일,11,16.1,T3,09,9.37,T2,-2
34-1,4372671,우산철교.폴리텍대학,학기,일요일·공휴일,16,13.45,T3,14,10.18,T2,-2
34-1,4372671,우산철교.폴리텍대학,학기,일요일·공휴일,20,15.62,T3,19,11.79,T2,-1
34-1,4372671,우산철교.폴리텍대학,학기,일요일·공휴일,21,13.49,T3,19,11.79,T2,-2
34-1,4372671,우산철교.폴리텍대학,시험,평일,12,15.34,T3,10,11.0,T2,-2
34-1,4372671,우산철교.폴리텍대학,시험,평일,13,17.7,T3,11,11.79,T2,-2
34-1,4372671,우산철교.폴리텍대학,시험,평일,17,13.45,T3,19,9.42,T2,2
34-1,4372671,우산철교.폴리텍대학,시험,평일,18,14.9,T3,19,9.42,T2,1
34-1,4372671,우산철교.폴리텍대학,시험,토요일,09,15.19,T3,07,6.44,T1,-2
34-1,4372671,우산철교.폴리텍대학,시험,일요일·공휴일,12,18.03,T3,11,13.04,T2,-1
34-1,4372671,우산철교.폴리텍대학,시험,일요일·공휴일,13,14.07,T3,11,13.04,T2,-2
34-1,4372671,우산철교.폴리텍대학,시험,일요일·공휴일,17,13.8,T3,19,12.36,T2,2
34-1,4372671,우산철교.폴리텍대학,시험,일요일·공휴일,20,20.13,T3,19,12.36,T2,-1
34-1,4372671,우산철교.폴리텍대학,시험,일요일·공휴일,21,17.06,T3,19,12.36,T2,-2
34-1,4372681,삼한주유소,시험,평일,10,13.34,T3,09,11.43,T2,-1
34-1,4372681,삼한주유소,시험,평일,13,15.61,T3,11,11.89,T2,-2
34-1,4372681,삼한주유소,시험,평일,15,14.43,T3,14,12.17,T2,-1
34-1,4372681,삼한주유소,시험,평일,16,14.28,T3,14,12.17,T2,-2
34-1,4372681,삼한주유소,시험,평일,17,16.02,T3,19,8.24,T1,2
34-1,4372681,삼한주유소,시험,평일,18,14.33,T3,20,7.73,T1,2
34-1,4372681,삼한주유소,시험,토요일,12,13.56,T3,10,12.91,T2,-2
34-1,4372681,삼한주유소,시험,토요일,20,14.08,T3,19,7.71,T1,-1
34-1,4372681,삼한주유소,시험,일요일·공휴일,12,16.2,T3,10,10.47,T2,-2
34-1,4372681,삼한주유소,시험,일요일·공휴일,17,13.46,T3,19,10.78,T2,2
34-1,4372681,삼한주유소,시험,일요일·공휴일,18,13.97,T3,19,10.78,T2,1
34-1,4372681,삼한주유소,시험,일요일·공휴일,20,17.13,T3,19,10.78,T2,-1
34-1,4372681,삼한주유소,시험,일요일·공휴일,21,16.89,T3,19,10.78,T2,-2
34-1,4372681,삼한주유소,계절학기,토요일,11,16.46,T3,12,8.88,T1,1
34-1,4372681,삼한주유소,방학,토요일,11,13.79,T3,09,8.79,T1,-2
34-1,4372691,현대자동차.상공회의소,학기,일요일·공휴일,18,13.98,T3,19,10.79,T2,1
34-1,4372691,현대자동차.상공회의소,시험,평일,08,15.85,T3,07,9.41,T2,-1
34-1,4372691,현대자동차.상공회의소,시험,평일,09,15.42,T3,07,9.41,T2,-2
34-1,4372691,현대자동차.상공회의소,시험,평일,12,13.55,T3,10,9.63,T2,-2
34-1,4372691,현대자동차.상공회의소,시험,평일,13,20.32,T3,11,11.02,T2,-2
34-1,4372691,현대자동차.상공회의소,시험,평일,16,15.23,T3,18,12.81,T2,2
34-1,4372691,현대자동차.상공회의소,시험,평일,17,14.02,T3,19,7.69,T1,2
34-1,4372691,현대자동차.상공회의소,시험,토요일,09,14.85,T3,08,8.25,T1,-1
34-1,4372691,현대자동차.상공회의소,계절학기,토요일,11,14.47,T3,09,9.54,T2,-2
34-1,4372701,우리병원,학기,평일,13,14.23,T3,12,8.66,T1,-1
34-1,4372701,우리병원,학기,평일,15,13.84,T3,14,9.23,T2,-1
34-1,4372701,우리병원,학기,평일,16,16.14,T3,14,9.23,T2,-2
34-1,4372701,우리병원,학기,토요일,11,14.46,T3,09,10.34,T2,-2
34-1,4372701,우리병원,학기,일요일·공휴일,16,15.23,T3,15,12.16,T2,-1
34-1,4372701,우리병원,학기,일요일·공휴일,18,14.72,T3,17,12.55,T2,-1
34-1,4372701,우리병원,학기,일요일·공휴일,19,15.42,T3,17,12.55,T2,-2
34-1,4372701,우리병원,시험,평일,08,14.87,T3,10,11.38,T2,2
34-1,4372701,우리병원,시험,평일,09,15.09,T3,10,11.38,T2,1
34-1,4372701,우리병원,시험,평일,18,15.88,T3,20,9.34,T2,2
34-1,4372701,우리병원,계절학기,평일,16,14.22,T3,14,11.27,T2,-2
34-1,4372701,우리병원,방학,평일,08,15.41,T3,10,8.63,T1,2
34-1,4372701,우리병원,방학,평일,16,14.91,T3,14,11.05,T2,-2
34-1,4372711,북원교,학기,토요일,10,13.38,T3,09,9.77,T2,-1
34-1,4372711,북원교,학기,토요일,11,14.4,T3,09,9.77,T2,-2
34-1,4372711,북원교,학기,토요일,13,13.42,T3,14,11.44,T2,1
34-1,4372711,북원교,학기,일요일·공휴일,21,13.68,T3,19,12.75,T2,-2
34-1,4372711,북원교,시험,평일,08,15.35,T3,07,8.18,T1,-1
34-1,4372711,북원교,시험,평일,18,15.55,T3,19,7.93,T1,1
34-1,4372711,북원교,계절학기,평일,15,13.23,T3,13,9.4,T2,-2
34-1,4372711,북원교,계절학기,토요일,11,15.71,T3,13,12.2,T2,2
34-1,4372711,북원교,방학,평일,08,15.08,T3,07,6.68,T1,-1
34-1,4372721,태장삼거리,시험,평일,08,14.16,T3,07,7.27,T1,-1
34-1,4372721,태장삼거리,시험,평일,13,15.24,T3,11,10.24,T2,-2
34-1,4372721,태장삼거리,시험,토요일,09,13.35,T3,07,6.11,T1,-2
34-1,4372721,태장삼거리,시험,토요일,11,15.21,T3,10,11.33,T2,-1
34-1,4372721,태장삼거리,시험,토요일,12,13.56,T3,10,11.33,T2,-2
34-1,4372721,태장삼거리,시험,토요일,14,15.55,T3,16,9.1,T2,2
34-1,4372721,태장삼거리,시험,토요일,20,13.5,T3,21,8.14,T1,1
34-1,4372721,태장삼거리,시험,일요일·공휴일,13,14.07,T3,11,12.71,T2,-2
34-1,4372721,태장삼거리,시험,일요일·공휴일,16,14.5,T3,18,12.47,T2,2
34-1,4372721,태장삼거리,시험,일요일·공휴일,20,17.46,T3,19,10.03,T2,-1
34-1,4372721,태장삼거리,시험,일요일·공휴일,21,15.22,T3,19,10.03,T2,-2
34-1,4372721,태장삼거리,계절학기,토요일,11,16.38,T3,09,9.21,T2,-2
34-1,4372721,태장삼거리,계절학기,토요일,15,13.35,T3,17,9.14,T2,2
34-1,4372731,태장2동,시험,평일,08,15.02,T3,07,7.91,T1,-1
34-1,4372731,태장2동,시험,평일,12,14.23,T3,11,8.68,T1,-1
34-1,4372731,태장2동,시험,평일,13,16.56,T3,11,8.68,T1,-2
34-1,4372731,태장2동,시험,평일,16,14.07,T3,18,10.14,T2,2
34-1,4372731,태장2동,시험,일요일·공휴일,12,16.62,T3,11,12.21,T2,-1
34-1,4372731,태장2동,시험,일요일·공휴일,13,14.07,T3,11,12.21,T2,-2
34-1,4372731,태장2동,시험,일요일·공휴일,16,14.08,T3,18,11.31,T2,2
34-1,4372731,태장2동,시험,일요일·공휴일,20,16.79,T3,19,9.7,T2,-1
34-1,4372731,태장2동,시험,일요일·공휴일,21,14.89,T3,19,9.7,T2,-2
34-1,4372731,태장2동,계절학기,토요일,11,14.04,T3,10,11.26,T2,-1
34-1,4372741,북원중학교,시험,평일,08,14.68,T3,07,8.06,T1,-1
34-1,4372741,북원중학교,시험,평일,13,14.61,T3,11,9.64,T2,-2
34-1,4372741,북원중학교,시험,토요일,11,14.71,T3,10,12.08,T2,-1
34-1,4372741,북원중학교,시험,토요일,20,13.83,T3,19,7.71,T1,-1
34-1,4372741,북원중학교,시험,일요일·공휴일,21,15.56,T3,19,10.86,T2,-2
34-1,4372741,북원중학교,계절학기,토요일,11,16.38,T3,12,11.19,T2,1
34-1,4372751,우성아파트,학기,일요일·공휴일,18,13.22,T3,17,10.54,T2,-1
34-1,4372751,우성아파트,시험,평일,13,18.82,T3,12,11.17,T2,-1
34-1,4372751,우성아파트,시험,평일,16,13.44,T3,18,11.04,T2,2
34-1,4372751,우성아파트,시험,평일,17,13.45,T3,18,11.04,T2,1
34-1,4372751,우성아파트,시험,일요일·공휴일,21,16.72,T3,19,10.36,T2,-2
34-1,4372751,우성아파트,계절학기,평일,13,14.17,T3,15,8.04,T1,2
34-1,4372751,우성아파트,계절학기,토요일,11,16.05,T3,10,12.13,T2,-1
34-1,4372751,우성아파트,방학,평일,08,13.49,T3,07,4.29,T1,-1
34-1,4372761,장양초등학교,학기,평일,08,14.79,T3,07,5.67,T1,-1
34-1,4372761,장양초등학교,학기,평일,13,14.13,T3,12,4.42,T1,-1
34-1,4372761,장양초등학교,학기,평일,14,13.67,T3,12,4.42,T1,-2
34-1,4372761,장양초등학교,시험,평일,13,18.49,T3,12,12.77,T2,-1
34-1,4372761,장양초등학교,시험,평일,14,14.59,T3,12,12.77,T2,-2
34-1,4372761,장양초등학교,시험,일요일·공휴일,12,16.2,T3,11,11.87,T2,-1
34-1,4372761,장양초등학교,계절학기,토요일,11,16.05,T3,12,10.03,T2,1
34-1,4372761,장양초등학교,방학,평일,08,15.08,T3,07,6.86,T1,-1
34-1,4372761,장양초등학교,방학,평일,15,13.4,T3,14,11.19,T2,-1
34-1,4372761,장양초등학교,방학,평일,18,13.46,T3,20,6.96,T1,2
34-1,4372771,태장농공단지,시험,평일,15,13.72,T3,14,12.8,T2,-1
34-1,4372771,태장농공단지,시험,토요일,11,14.54,T3,10,10.16,T2,-1
34-1,4372771,태장농공단지,시험,일요일·공휴일,12,15.87,T3,11,11.54,T2,-1
34-1,4372771,태장농공단지,시험,일요일·공휴일,13,13.74,T3,11,11.54,T2,-2
34-1,4372771,태장농공단지,시험,일요일·공휴일,20,16.46,T3,19,9.7,T2,-1
34-1,4372771,태장농공단지,시험,일요일·공휴일,21,15.64,T3,19,9.7,T2,-2
34-1,4372771,태장농공단지,계절학기,평일,13,14.17,T3,12,6.5,T1,-1
34-1,4372781,KGC인삼공사원주공장,시험,평일,08,15.02,T3,09,11.76,T2,1
34-1,4372781,KGC인삼공사원주공장,시험,평일,13,15.56,T3,14,10.7,T2,1
34-1,4372781,KGC인삼공사원주공장,시험,평일,17,14.52,T3,19,6.44,T1,2
34-1,4372781,KGC인삼공사원주공장,시험,평일,18,13.72,T3,19,6.44,T1,1
34-1,4372791,영진아파트,학기,평일,08,14.45,T3,10,5.72,T1,2
34-1,4372791,영진아파트,학기,일요일·공휴일,20,14.47,T3,19,10.44,T2,-1
34-1,4372791,영진아파트,시험,평일,08,14.68,T3,07,7.91,T1,-1
34-1,4372791,영진아파트,시험,평일,15,15.34,T3,14,12.22,T2,-1
34-1,4372791,영진아파트,시험,평일,16,14.15,T3,14,12.22,T2,-2
34-1,4372791,영진아파트,시험,평일,18,14.05,T3,19,7.07,T1,1
34-1,4372791,영진아파트,시험,토요일,14,14.96,T3,16,8.77,T1,2
34-1,4372791,영진아파트,계절학기,토요일,11,15.71,T3,13,11.54,T2,2
34-1,4372791,영진아파트,방학,평일,08,14.24,T3,10,7.92,T1,2
34-1,4372801,부안동,학기,평일,08,14.45,T3,07,8.89,T1,-1
34-1,4372801,부안동,학기,평일,09,14.9,T3,07,8.89,T1,-2
34-1,4372801,부안동,학기,평일,12,14.92,T3,10,11.44,T2,-2
34-1,4372801,부안동,학기,평일,15,13.83,T3,16,12.41,T2,1
34-1,4372801,부안동,학기,평일,17,13.79,T3,18,3.78,T1,1
34-1,4372801,부안동,시험,평일,16,16.51,T3,18,11.76,T2,2
34-1,4372801,부안동,계절학기,평일,13,13.5,T3,12,10.57,T2,-1
34-1,4372801,부안동,방학,평일,08,13.91,T3,10,11.88,T2,2
34-1,4372801,부안동,방학,평일,13,14.99,T3,15,8.93,T1,2
34-1,4372801,부안동,방학,평일,14,14.93,T3,15,8.93,T1,1
34-1,4372811,원대,학기,평일,08,14.45,T3,07,7.34,T1,-1
34-1,4372811,원대,학기,평일,12,14.92,T3,14,8.9,T1,2
34-1,4372811,원대,학기,평일,16,13.9,T3,14,8.9,T1,-2
34-1,4372811,원대,학기,평일,17,16.42,T3,19,6.39,T1,2
34-1,4372811,원대,학기,일요일·공휴일,16,13.4,T3,15,11.83,T2,-1
34-1,4372811,원대,학기,일요일·공휴일,18,13.22,T3,17,12.55,T2,-1
34-1,4372811,원대,학기,일요일·공휴일,19,13.92,T3,17,12.55,T2,-2
34-1,4372811,원대,계절학기,평일,13,13.5,T3,14,12.19,T2,1
34-1,4372901,원대,학기,평일,13,13.67,T3,11,7.06,T1,-2
34-1,4372901,원대,학기,토요일,11,14.13,T3,09,11.4,T2,-2
34-1,4372901,원대,학기,토요일,12,14.18,T3,10,12.38,T2,-2
34-1,4372901,원대,학기,토요일,13,13.33,T3,15,11.88,T2,2
34-1,4372901,원대,학기,일요일·공휴일,16,14.06,T3,15,9.87,T2,-1
34-1,4372901,원대,학기,일요일·공휴일,19,13.92,T3,17,11.04,T2,-2
34-1,4372901,원대,시험,토요일,09,13.69,T3,08,8.58,T1,-1
34-1,4372901,원대,계절학기,평일,13,13.83,T3,15,10.8,T2,2
34-1,4372901,원대,계절학기,평일,16,13.33,T3,15,10.8,T2,-1
34-1,4372901,원대,방학,평일,13,14.99,T3,15,7.87,T1,2
34-1,4372911,소초농협앞,학기,평일,14,13.67,T3,12,10.15,T2,-2
34-1,4372911,소초농협앞,학기,평일,15,16.14,T3,17,13.07,T2,2
34-1,4372911,소초농협앞,학기,평일,16,16.55,T3,17,13.07,T2,1
34-1,4372911,소초농협앞,학기,평일,18,14.83,T3,19,6.57,T1,1
34-1,4372911,소초농협앞,계절학기,평일,16,13.33,T3,17,12.79,T2,1
34-1,4372911,소초농협앞,방학,평일,08,13.91,T3,09,10.01,T2,1
34-1,4372911,소초농협앞,방학,평일,14,13.36,T3,15,10.27,T2,1
34-1,4372911,소초농협앞,방학,평일,16,14.06,T3,15,10.27,T2,-1
34-1,4372911,소초농협앞,방학,평일,17,13.45,T3,15,10.27,T2,-2
34-1,4372921,영진아파트,학기,일요일·공휴일,19,13.92,T3,17,9.91,T2,-2
34-1,4372921,영진아파트,시험,평일,12,14.56,T3,10,11.29,T2,-2
34-1,4372921,영진아파트,시험,평일,15,15.67,T3,14,12.8,T2,-1
34-1,4372921,영진아파트,시험,평일,16,16.84,T3,18,12.61,T2,2
34-1,4372921,영진아파트,시험,평일,17,15.19,T3,19,8.92,T1,2
34-1,4372921,영진아파트,방학,토요일,14,13.41,T3,13,11.01,T2,-1
34-1,4372931,KGC인삼공사원주공장,학기,일요일·공휴일,16,15.23,T3,18,10.67,T2,2
34-1,4372931,KGC인삼공사원주공장,학기,일요일·공휴일,19,14.26,T3,18,10.67,T2,-1
34-1,4372931,KGC인삼공사원주공장,시험,평일,08,14.14,T3,06,6.91,T1,-2
34-1,4372931,KGC인삼공사원주공장,시험,평일,18,14.38,T3,19,7.81,T1,1
34-1,4372931,KGC인삼공사원주공장,계절학기,평일,16,13.33,T3,18,8.95,T1,2
34-1,4372931,KGC인삼공사원주공장,방학,평일,14,15.26,T3,12,9.66,T2,-2
34-1,4372931,KGC인삼공사원주공장,방학,평일,16,14.06,T3,18,7.8,T1,2
34-1,4372941,한국도로공사,시험,평일,16,15.0,T3,17,11.01,T2,1
34-1,4372941,한국도로공사,시험,토요일,12,13.9,T3,13,12.44,T2,1
34-1,4372941,한국도로공사,시험,토요일,14,15.3,T3,13,12.44,T2,-1
34-1,4372941,한국도로공사,시험,일요일·공휴일,12,16.2,T3,11,12.21,T2,-1
34-1,4372941,한국도로공사,시험,일요일·공휴일,16,14.08,T3,15,12.96,T2,-1
34-1,4372941,한국도로공사,계절학기,토요일,15,13.51,T3,13,11.1,T2,-2
34-1,4372941,한국도로공사,방학,토요일,11,13.22,T3,09,6.81,T1,-2
34-1,4372961,우성아파트,학기,일요일·공휴일,19,13.92,T3,20,9.88,T2,1
34-1,4372961,우성아파트,시험,평일,08,13.45,T3,07,7.63,T1,-1
34-1,4372961,우성아파트,시험,평일,10,13.34,T3,09,9.28,T2,-1
34-1,4372961,우성아파트,시험,평일,13,17.56,T3,11,10.33,T2,-2
34-1,4372961,우성아파트,시험,평일,15,13.86,T3,14,11.95,T2,-1
34-1,4372961,우성아파트,시험,평일,16,15.79,T3,14,11.95,T2,-2
34-1,4372961,우성아파트,시험,평일,17,13.2,T3,19,8.36,T1,2
34-1,4372961,우성아파트,시험,평일,18,14.61,T3,19,8.36,T1,1
34-1,4372961,우성아파트,시험,일요일·공휴일,12,16.2,T3,10,10.47,T2,-2
34-1,4372961,우성아파트,계절학기,토요일,11,16.05,T3,09,8.46,T1,-2
34-1,4372961,우성아파트,방학,토요일,13,14.35,T3,15,10.18,T2,2
34-1,4372971,북원중학교,시험,평일,08,14.12,T3,06,5.56,T1,-2
34-1,4372971,북원중학교,시험,평일,13,16.11,T3,11,11.45,T2,-2
34-1,4372971,북원중학교,시험,평일,14,13.58,T3,12,12.48,T2,-2
34-1,4372971,북원중학교,시험,평일,15,13.72,T3,17,12.35,T2,2
34-1,4372971,북원중학교,시험,평일,16,14.57,T3,17,12.35,T2,1
34-1,4372971,북원중학교,시험,평일,18,13.29,T3,19,7.81,T1,1
34-1,4372971,북원중학교,시험,토요일,14,15.3,T3,16,9.43,T2,2
34-1,4372971,북원중학교,시험,일요일·공휴일,12,16.53,T3,10,11.14,T2,-2
34-1,4372971,북원중학교,방학,토요일,11,14.25,T3,10,8.02,T1,-1
34-1,4372971,북원중학교,방학,토요일,13,14.16,T3,12,10.83,T2,-1
34-1,4372981,태장2동,시험,평일,08,13.76,T3,06,6.99,T1,-2
34-1,4372981,태장2동,시험,평일,13,14.55,T3,11,9.85,T2,-2
34-1,4372981,태장2동,시험,평일,16,15.22,T3,15,11.35,T2,-1
34-1,4372981,태장2동,시험,평일,18,14.28,T3,20,7.72,T1,2
34-1,4372981,태장2동,시험,토요일,09,14.02,T3,08,9.42,T2,-1
34-1,4372981,태장2동,시험,토요일,14,15.88,T3,15,11.48,T2,1
34-1,4372981,태장2동,시험,일요일·공휴일,13,13.74,T3,11,12.46,T2,-2
34-1,4372981,태장2동,시험,일요일·공휴일,15,13.79,T3,17,12.46,T2,2
34-1,4372981,태장2동,계절학기,토요일,11,16.05,T3,09,9.96,T2,-2
34-1,4372981,태장2동,계절학기,토요일,15,14.01,T3,14,9.85,T2,-1
34-1,4372991,한일주유소,학기,평일,08,13.22,T3,06,5.03,T1,-2
34-1,4372991,한일주유소,학기,일요일·공휴일,14,13.21,T3,12,9.37,T2,-2
34-1,4372991,한일주유소,시험,평일,08,14.9,T3,07,7.49,T1,-1
34-1,4372991,한일주유소,시험,평일,13,18.49,T3,11,11.85,T2,-2
34-1,4372991,한일주유소,시험,평일,15,16.0,T3,14,13.07,T2,-1
34-1,4372991,한일주유소,시험,평일,16,13.67,T3,14,13.07,T2,-2
34-1,4372991,한일주유소,시험,평일,17,14.12,T3,19,8.37,T1,2
34-1,4372991,한일주유소,시험,평일,18,14.78,T3,20,8.29,T1,2
34-1,4372991,한일주유소,시험,토요일,11,14.87,T3,10,11.33,T2,-1
34-1,4372991,한일주유소,시험,토요일,12,15.06,T3,10,11.33,T2,-2
34-1,4372991,한일주유소,시험,토요일,14,16.8,T3,16,9.1,T2,2
34-1,4372991,한일주유소,시험,토요일,20,13.5,T3,18,10.6,T2,-2
34-1,4372991,한일주유소,시험,일요일·공휴일,14,15.94,T3,15,12.96,T2,1
34-1,4372991,한일주유소,시험,일요일·공휴일,20,15.63,T3,18,10.97,T2,-2
34-1,4372991,한일주유소,계절학기,토요일,11,14.54,T3,12,10.17,T2,1
34-1,4372991,한일주유소,방학,평일,18,15.14,T3,20,4.79,T1,2
34-1,4372991,한일주유소,방학,토요일,13,14.01,T3,11,10.28,T2,-2
34-1,4373001,북원교,학기,평일,10,14.85,T3,11,10.78,T2,1
34-1,4373001,북원교,학기,평일,12,14.69,T3,11,10.78,T2,-1
34-1,4373001,북원교,학기,평일,13,15.88,T3,15,9.56,T2,2
34-1,4373001,북원교,학기,평일,18,13.79,T3,20,7.21,T1,2
34-1,4373001,북원교,학기,토요일,10,13.55,T3,09,10.8,T2,-1
34-1,4373001,북원교,학기,토요일,12,14.44,T3,14,11.89,T2,2
34-1,4373001,북원교,학기,일요일·공휴일,14,21.49,T3,12,10.3,T2,-2
34-1,4373001,북원교,학기,일요일·공휴일,16,14.56,T3,15,12.57,T2,-1
34-1,4373001,북원교,시험,평일,08,16.51,T3,07,7.91,T1,-1
34-1,4373001,북원교,시험,평일,17,15.39,T3,19,9.42,T2,2
34-1,4373001,북원교,시험,평일,18,17.76,T3,20,8.51,T1,2
34-1,4373001,북원교,계절학기,평일,08,13.33,T3,06,5.49,T1,-2
34-1,4373001,북원교,계절학기,평일,12,13.86,T3,10,12.97,T2,-2
34-1,4373001,북원교,계절학기,평일,16,14.83,T3,17,12.21,T2,1
34-1,4373001,북원교,방학,평일,08,13.57,T3,07,6.8,T1,-1
34-1,4373001,북원교,방학,평일,14,13.27,T3,16,11.24,T2,2
34-1,4373001,북원교,방학,평일,18,16.11,T3,19,6.74,T1,1
34-1,4373001,북원교,방학,토요일,14,14.58,T3,16,12.65,T2,2
34-1,4373001,북원교,방학,일요일·공휴일,14,16.43,T3,13,11.01,T2,-1
34-1,4373021,현대자동차.상공회의소,학기,평일,18,13.76,T3,20,5.19,T1,2
34-1,4373021,현대자동차.상공회의소,학기,토요일,13,15.11,T3,15,9.03,T1,2
34-1,4373021,현대자동차.상공회의소,학기,일요일·공휴일,14,14.68,T3,13,9.63,T2,-1
34-1,4373021,현대자동차.상공회의소,학기,일요일·공휴일,20,13.35,T3,18,10.17,T2,-2
34-1,4373021,현대자동차.상공회의소,시험,평일,08,15.23,T3,07,7.31,T1,-1
34-1,4373021,현대자동차.상공회의소,시험,평일,12,13.8,T3,10,12.43,T2,-2
34-1,4373021,현대자동차.상공회의소,시험,평일,17,15.35,T3,19,8.58,T1,2
34-1,4373021,현대자동차.상공회의소,시험,평일,18,14.81,T3,19,8.58,T1,1
34-1,4373021,현대자동차.상공회의소,시험,토요일,09,14.1,T3,08,8.58,T1,-1
34-1,4373021,현대자동차.상공회의소,시험,토요일,13,13.28,T3,15,11.48,T2,2
34-1,4373021,현대자동차.상공회의소,시험,토요일,14,16.8,T3,16,9.43,T2,2
34-1,4373021,현대자동차.상공회의소,시험,일요일·공휴일,11,13.37,T3,09,9.46,T2,-2
34-1,4373021,현대자동차.상공회의소,시험,일요일·공휴일,16,14.42,T3,18,10.97,T2,2
34-1,4373021,현대자동차.상공회의소,계절학기,평일,18,13.38,T3,20,5.76,T1,2
34-1,4373021,현대자동차.상공회의소,계절학기,토요일,10,13.97,T3,08,7.92,T1,-2
34-1,4373021,현대자동차.상공회의소,계절학기,토요일,11,17.05,T3,09,10.32,T2,-2
34-1,4373021,현대자동차.상공회의소,계절학기,토요일,13,13.7,T3,12,11.19,T2,-1
34-1,4373021,현대자동차.상공회의소,계절학기,토요일,14,13.78,T3,12,11.19,T2,-2
34-1,4373021,현대자동차.상공회의소,계절학기,토요일,15,13.68,T3,17,10.3,T2,2
34-1,4373021,현대자동차.상공회의소,방학,평일,18,14.03,T3,20,3.67,T1,2
34-1,4373021,현대자동차.상공회의소,방학,토요일,13,13.52,T3,11,11.86,T2,-2
34-1,4373021,현대자동차.상공회의소,방학,토요일,14,14.3,T3,16,12.61,T2,2
34-1,4373031,강원정비기술학원,학기,평일,17,16.05,T3,19,6.63,T1,2
34-1,4373031,강원정비기술학원,학기,평일,18,14.8,T3,20,4.6,T1,2
34-1,4373031,강원정비기술학원,학기,토요일,12,13.92,T3,11,9.79,T2,-1
34-1,4373031,강원정비기술학원,학기,일요일·공휴일,14,15.95,T3,16,10.23,T2,2
34-1,4373031,강원정비기술학원,학기,일요일·공휴일,21,17.13,T3,20,8.49,T1,-1
34-1,4373031,강원정비기술학원,시험,평일,08,15.36,T3,06,6.49,T1,-2
34-1,4373031,강원정비기술학원,시험,평일,11,13.81,T3,10,11.61,T2,-1
34-1,4373031,강원정비기술학원,시험,평일,12,14.54,T3,10,11.61,T2,-2
34-1,4373031,강원정비기술학원,시험,평일,13,17.42,T3,14,12.12,T2,1
34-1,4373031,강원정비기술학원,시험,평일,15,14.29,T3,14,12.12,T2,-1
34-1,4373031,강원정비기술학원,시험,평일,16,14.82,T3,14,12.12,T2,-2
34-1,4373031,강원정비기술학원,시험,평일,17,15.31,T3,19,8.22,T1,2
34-1,4373031,강원정비기술학원,시험,평일,18,16.92,T3,20,7.8,T1,2
34-1,4373031,강원정비기술학원,시험,토요일,09,14.02,T3,10,10.83,T2,1
34-1,4373031,강원정비기술학원,시험,토요일,11,15.21,T3,10,10.83,T2,-1
34-1,4373031,강원정비기술학원,시험,토요일,13,14.11,T3,15,11.98,T2,2
34-1,4373031,강원정비기술학원,시험,토요일,14,16.96,T3,15,11.98,T2,1
34-1,4373031,강원정비기술학원,시험,토요일,20,14.33,T3,19,7.71,T1,-1
34-1,4373031,강원정비기술학원,시험,일요일·공휴일,11,13.37,T3,10,10.47,T2,-1
34-1,4373031,강원정비기술학원,시험,일요일·공휴일,12,17.03,T3,10,10.47,T2,-2
34-1,4373031,강원정비기술학원,시험,일요일·공휴일,17,13.3,T3,19,10.36,T2,2
34-1,4373031,강원정비기술학원,시험,일요일·공휴일,20,16.46,T3,19,10.36,T2,-1
34-1,4373031,강원정비기술학원,계절학기,평일,13,13.5,T3,11,10.45,T2,-2
34-1,4373031,강원정비기술학원,계절학기,토요일,10,13.47,T3,08,7.08,T1,-2
34-1,4373031,강원정비기술학원,계절학기,토요일,11,16.09,T3,12,10.45,T2,1
34-1,4373031,강원정비기술학원,계절학기,토요일,15,14.87,T3,17,10.64,T2,2
34-1,4373031,강원정비기술학원,계절학기,토요일,16,14.15,T3,18,10.18,T2,2
34-1,4373031,강원정비기술학원,계절학기,일요일·공휴일,11,14.16,T3,09,6.66,T1,-2
34-1,4373031,강원정비기술학원,방학,평일,13,13.28,T3,15,7.69,T1,2
34-1,4373031,강원정비기술학원,방학,평일,18,13.56,T3,19,4.83,T1,1
34-1,4373031,강원정비기술학원,방학,토요일,14,13.41,T3,16,11.82,T2,2
34-1,4373041,우산철교.폴리텍대학,학기,평일,12,14.81,T3,11,8.68,T1,-1
34-1,4373041,우산철교.폴리텍대학,학기,평일,17,17.32,T3,19,5.62,T1,2
34-1,4373041,우산철교.폴리텍대학,학기,평일,18,13.39,T3,20,4.49,T1,2
34-1,4373041,우산철교.폴리텍대학,학기,토요일,08,13.35,T3,07,6.36,T1,-1
34-1,4373041,우산철교.폴리텍대학,학기,토요일,12,14.46,T3,13,11.45,T2,1
34-1,4373041,우산철교.폴리텍대학,학기,토요일,14,13.28,T3,16,10.38,T2,2
34-1,4373041,우산철교.폴리텍대학,학기,일요일·공휴일,12,13.61,T3,13,9.34,T2,1
34-1,4373041,우산철교.폴리텍대학,학기,일요일·공휴일,14,17.58,T3,13,9.34,T2,-1
34-1,4373041,우산철교.폴리텍대학,시험,평일,08,16.89,T3,06,7.24,T1,-2
34-1,4373041,우산철교.폴리텍대학,시험,평일,11,13.79,T3,10,10.84,T2,-1
34-1,4373041,우산철교.폴리텍대학,시험,평일,12,15.74,T3,10,10.84,T2,-2
34-1,4373041,우산철교.폴리텍대학,시험,평일,13,17.85,T3,15,12.89,T2,2
34-1,4373041,우산철교.폴리텍대학,시험,평일,14,13.82,T3,15,12.89,T2,1
34-1,4373041,우산철교.폴리텍대학,시험,평일,16,14.89,T3,15,12.89,T2,-1
34-1,4373041,우산철교.폴리텍대학,시험,평일,17,17.51,T3,19,10.5,T2,2
34-1,4373041,우산철교.폴리텍대학,시험,평일,18,15.33,T3,20,8.51,T1,2
34-1,4373041,우산철교.폴리텍대학,시험,토요일,14,16.88,T3,15,12.31,T2,1
34-1,4373041,우산철교.폴리텍대학,시험,일요일·공휴일,13,14.07,T3,11,13.04,T2,-2
34-1,4373041,우산철교.폴리텍대학,계절학기,평일,13,13.25,T3,11,11.69,T2,-2
34-1,4373041,우산철교.폴리텍대학,계절학기,토요일,11,17.8,T3,12,11.86,T2,1
34-1,4373041,우산철교.폴리텍대학,계절학기,토요일,13,13.37,T3,12,11.86,T2,-1
34-1,4373041,우산철교.폴리텍대학,계절학기,토요일,15,14.35,T3,17,9.47,T2,2
34-1,4373041,우산철교.폴리텍대학,계절학기,토요일,16,14.15,T3,17,9.47,T2,1
34-1,4373041,우산철교.폴리텍대학,계절학기,일요일·공휴일,11,14.6,T3,09,5.87,T1,-2
34-1,4373041,우산철교.폴리텍대학,계절학기,일요일·공휴일,12,14.36,T3,10,7.76,T1,-2
34-1,4373041,우산철교.폴리텍대학,방학,평일,08,15.95,T3,06,6.76,T1,-2
34-1,4373041,우산철교.폴리텍대학,방학,평일,12,13.5,T3,11,9.38,T2,-1
34-1,4373041,우산철교.폴리텍대학,방학,평일,14,15.62,T3,16,10.71,T2,2
34-1,4373041,우산철교.폴리텍대학,방학,평일,18,14.7,T3,20,5.38,T1,2
34-1,4373041,우산철교.폴리텍대학,방학,토요일,11,14.84,T3,10,10.24,T2,-1
34-1,4373041,우산철교.폴리텍대학,방학,토요일,12,14.37,T3,10,10.24,T2,-2
34-1,4373041,우산철교.폴리텍대학,방학,토요일,15,13.3,T3,17,8.59,T1,2
34-1,4373041,우산철교.폴리텍대학,방학,일요일·공휴일,14,16.35,T3,16,8.35,T1,2
34-1,4373051,단계사거리,학기,평일,12,14.5,T3,11,10.12,T2,-1
34-1,4373051,단계사거리,학기,평일,13,13.36,T3,15,9.93,T2,2
34-1,4373051,단계사거리,학기,평일,17,19.05,T3,19,8.05,T1,2
34-1,4373051,단계사거리,학기,평일,18,15.76,T3,20,5.36,T1,2
34-1,4373051,단계사거리,학기,토요일,10,13.31,T3,09,11.32,T2,-1
34-1,4373051,단계사거리,학기,토요일,12,17.19,T3,13,12.3,T2,1
34-1,4373051,단계사거리,학기,토요일,18,13.62,T3,20,7.19,T1,2
34-1,4373051,단계사거리,학기,일요일·공휴일,12,16.04,T3,11,7.79,T1,-1
34-1,4373051,단계사거리,학기,일요일·공휴일,14,14.3,T3,13,9.82,T2,-1
34-1,4373051,단계사거리,학기,일요일·공휴일,17,13.33,T3,19,11.65,T2,2
34-1,4373051,단계사거리,학기,일요일·공휴일,21,17.96,T3,19,11.65,T2,-2
34-1,4373051,단계사거리,시험,평일,08,17.01,T3,10,11.0,T2,2
34-1,4373051,단계사거리,시험,평일,12,15.4,T3,10,11.0,T2,-2
34-1,4373051,단계사거리,시험,평일,18,17.76,T3,20,9.68,T2,2
34-1,4373051,단계사거리,시험,평일,19,13.5,T3,20,9.68,T2,1
34-1,4373051,단계사거리,계절학기,평일,12,14.7,T3,11,9.56,T2,-1
34-1,4373051,단계사거리,계절학기,평일,13,15.37,T3,11,9.56,T2,-2
34-1,4373051,단계사거리,계절학기,평일,15,13.76,T3,14,10.86,T2,-1
34-1,4373051,단계사거리,계절학기,토요일,10,14.8,T3,09,10.37,T2,-1
34-1,4373051,단계사거리,계절학기,토요일,11,17.55,T3,09,10.37,T2,-2
34-1,4373051,단계사거리,계절학기,토요일,14,13.78,T3,16,11.81,T2,2
34-1,4373051,단계사거리,계절학기,토요일,15,14.85,T3,16,11.81,T2,1
34-1,4373051,단계사거리,계절학기,일요일·공휴일,12,14.94,T3,10,7.88,T1,-2
34-1,4373051,단계사거리,방학,평일,08,13.32,T3,06,6.17,T1,-2
34-1,4373051,단계사거리,방학,평일,12,15.09,T3,11,12.14,T2,-1
34-1,4373051,단계사거리,방학,평일,14,15.82,T3,15,11.66,T2,1
34-1,4373051,단계사거리,방학,평일,18,13.66,T3,20,5.98,T1,2
34-1,4373051,단계사거리,방학,토요일,11,14.17,T3,10,10.27,T2,-1
34-1,4373051,단계사거리,방학,토요일,13,13.27,T3,12,12.83,T2,-1
34-1,4373051,단계사거리,방학,토요일,14,15.18,T3,16,12.65,T2,2
34-1,4373051,단계사거리,방학,토요일,15,15.63,T3,16,12.65,T2,1
34-1,4373051,단계사거리,방학,일요일·공휴일,13,13.44,T3,15,10.76,T2,2
34-1,4373051,단계사거리,방학,일요일·공휴일,14,14.78,T3,15,10.76,T2,1
34-1,4373111,장양리차고지,시험,평일,08,15.35,T3,06,6.91,T1,-2
34-1,4373111,장양리차고지,시험,평일,13,16.13,T3,11,12.86,T2,-2
34-1,4373111,장양리차고지,시험,평일,15,16.0,T3,17,13.02,T2,2
34-1,4373111,장양리차고지,시험,평일,16,16.84,T3,17,13.02,T2,1
34-1,4373111,장양리차고지,시험,평일,18,14.05,T3,17,13.02,T2,-1
34-1,4373111,장양리차고지,계절학기,평일,08,13.33,T3,06,6.07,T1,-2
34-1,4373651,장양리차고지,학기,평일,08,14.79,T3,07,6.42,T1,-1
34-1,4373651,장양리차고지,시험,평일,18,13.72,T3,20,6.13,T1,2
34-1,4373651,장양리차고지,시험,일요일·공휴일,20,15.29,T3,19,9.7,T2,-1
34-1,4373651,장양리차고지,시험,일요일·공휴일,21,14.89,T3,19,9.7,T2,-2
34-1,4373651,장양리차고지,방학,평일,14,14.93,T3,12,7.69,T1,-2
34-1,4373651,장양리차고지,방학,평일,16,13.73,T3,18,7.38,T1,2
34-1,4373981,도영쇼핑,학기,평일,06,16.1,T3,07,12.94,T2,1
34-1,4373981,도영쇼핑,학기,평일,08,23.72,T3,07,12.94,T2,-1
34-1,4373981,도영쇼핑,학기,평일,09,21.14,T3,07,12.94,T2,-2
34-1,4373981,도영쇼핑,학기,평일,18,25.04,T3,20,12.41,T2,2
34-1,4373981,도영쇼핑,학기,평일,19,13.5,T3,21,11.87,T2,2
34-1,4373981,도영쇼핑,학기,토요일,08,16.41,T3,07,6.86,T1,-1
34-1,4373981,도영쇼핑,학기,토요일,10,16.52,T3,09,11.52,T2,-1
34-1,4373981,도영쇼핑,학기,토요일,11,15.34,T3,09,11.52,T2,-2
34-1,4373981,도영쇼핑,학기,토요일,16,17.66,T3,18,12.65,T2,2
34-1,4373981,도영쇼핑,학기,토요일,17,16.84,T3,18,12.65,T2,1
34-1,4373981,도영쇼핑,학기,토요일,20,14.97,T3,18,12.65,T2,-2
34-1,4373981,도영쇼핑,학기,일요일·공휴일,08,13.83,T3,07,4.93,T1,-1
34-1,4373981,도영쇼핑,학기,일요일·공휴일,10,14.42,T3,11,10.99,T2,1
34-1,4373981,도영쇼핑,학기,일요일·공휴일,13,13.44,T3,11,10.99,T2,-2
34-1,4373981,도영쇼핑,학기,일요일·공휴일,14,17.82,T3,12,12.58,T2,-2
34-1,4373981,도영쇼핑,시험,평일,08,21.16,T3,06,11.5,T2,-2
34-1,4373981,도영쇼핑,시험,평일,17,21.66,T3,19,11.24,T2,2
34-1,4373981,도영쇼핑,시험,평일,18,20.86,T3,19,11.24,T2,1
34-1,4373981,도영쇼핑,시험,토요일,06,15.85,T3,08,10.08,T2,2
34-1,4373981,도영쇼핑,시험,토요일,09,14.77,T3,08,10.08,T2,-1
34-1,4373981,도영쇼핑,시험,토요일,12,17.23,T3,10,12.25,T2,-2
34-1,4373981,도영쇼핑,시험,토요일,14,20.96,T3,16,10.6,T2,2
34-1,4373981,도영쇼핑,시험,토요일,15,14.48,T3,16,10.6,T2,1
34-1,4373981,도영쇼핑,시험,토요일,18,13.93,T3,19,8.63,T1,1
34-1,4373981,도영쇼핑,시험,토요일,20,20.5,T3,19,8.63,T1,-1
34-1,4373981,도영쇼핑,시험,일요일·공휴일,10,15.81,T3,09,10.8,T2,-1
34-1,4373981,도영쇼핑,시험,일요일·공휴일,11,14.37,T3,09,10.8,T2,-2
34-1,4373981,도영쇼핑,시험,일요일·공휴일,17,14.55,T3,19,12.7,T2,2
34-1,4373981,도영쇼핑,시험,일요일·공휴일,18,15.14,T3,19,12.7,T2,1
34-1,4373981,도영쇼핑,시험,일요일·공휴일,20,20.71,T3,19,12.7,T2,-1
34-1,4373981,도영쇼핑,시험,일요일·공휴일,21,20.39,T3,19,12.7,T2,-2
34-1,4373981,도영쇼핑,계절학기,평일,08,16.15,T3,06,7.17,T1,-2
34-1,4373981,도영쇼핑,계절학기,평일,10,14.0,T3,09,10.89,T2,-1
34-1,4373981,도영쇼핑,계절학기,평일,11,16.35,T3,09,10.89,T2,-2
34-1,4373981,도영쇼핑,계절학기,평일,17,19.04,T3,19,9.5,T2,2
34-1,4373981,도영쇼핑,계절학기,평일,18,16.23,T3,20,7.9,T1,2
34-1,4373981,도영쇼핑,계절학기,토요일,10,13.47,T3,08,7.42,T1,-2
34-1,4373981,도영쇼핑,계절학기,토요일,11,17.68,T3,09,9.32,T2,-2
34-1,4373981,도영쇼핑,계절학기,토요일,13,14.54,T3,14,12.24,T2,1
34-1,4373981,도영쇼핑,계절학기,토요일,15,14.35,T3,17,10.64,T2,2
34-1,4373981,도영쇼핑,계절학기,일요일·공휴일,12,13.38,T3,10,7.83,T1,-2
34-1,4373981,도영쇼핑,계절학기,일요일·공휴일,13,13.6,T3,15,9.51,T2,2
34-1,4373981,도영쇼핑,방학,평일,08,21.03,T3,07,9.37,T2,-1
34-1,4373981,도영쇼핑,방학,평일,10,15.69,T3,09,12.32,T2,-1
34-1,4373981,도영쇼핑,방학,평일,11,15.57,T3,09,12.32,T2,-2
34-1,4373981,도영쇼핑,방학,평일,17,23.7,T3,19,11.53,T2,2
34-1,4373981,도영쇼핑,방학,평일,18,15.07,T3,20,9.2,T2,2
34-1,4373981,도영쇼핑,방학,토요일,11,16.62,T3,09,9.16,T2,-2
34-1,4373981,도영쇼핑,방학,토요일,12,18.94,T3,10,12.87,T2,-2
34-1,4373981,도영쇼핑,방학,토요일,16,19.34,T3,18,13.19,T2,2
34-1,4373981,도영쇼핑,방학,토요일,17,13.38,T3,19,10.34,T2,2
34-1,4373981,도영쇼핑,방학,일요일·공휴일,13,13.24,T3,11,11.36,T2,-2
34-1,4373981,도영쇼핑,방학,일요일·공휴일,14,18.44,T3,12,12.7,T2,-2
34-1,4373981,도영쇼핑,방학,일요일·공휴일,16,14.2,T3,18,12.31,T2,2
34-1,4373981,도영쇼핑,방학,일요일·공휴일,17,14.78,T3,19,11.61,T2,2
34-1,4374311,지하상가사거리,학기,평일,08,17.0,T3,07,8.56,T1,-1
34-1,4374311,지하상가사거리,학기,평일,11,19.65,T3,09,10.78,T2,-2
34-1,4374311,지하상가사거리,학기,평일,12,19.22,T3,10,11.94,T2,-2
34-1,4374311,지하상가사거리,학기,평일,17,25.52,T3,19,11.8,T2,2
34-1,4374311,지하상가사거리,학기,평일,18,20.94,T3,20,10.65,T2,2
34-1,4374311,지하상가사거리,학기,토요일,08,15.83,T3,07,6.07,T1,-1
34-1,4374311,지하상가사거리,학기,토요일,09,14.14,T3,07,6.07,T1,-2
34-1,4374311,지하상가사거리,학기,토요일,17,17.24,T3,19,11.16,T2,2
34-1,4374311,지하상가사거리,학기,토요일,18,16.94,T3,20,9.41,T2,2
34-1,4374311,지하상가사거리,학기,일요일·공휴일,10,13.45,T3,12,10.24,T2,2
34-1,4374311,지하상가사거리,학기,일요일·공휴일,13,16.67,T3,12,10.24,T2,-1
34-1,4374311,지하상가사거리,학기,일요일·공휴일,14,19.06,T3,12,10.24,T2,-2
34-1,4374311,지하상가사거리,시험,평일,08,16.51,T3,09,11.34,T2,1
34-1,4374311,지하상가사거리,시험,평일,10,15.32,T3,09,11.34,T2,-1
34-1,4374311,지하상가사거리,시험,평일,11,16.36,T3,09,11.34,T2,-2
34-1,4374311,지하상가사거리,시험,평일,17,20.4,T3,19,11.55,T2,2
34-1,4374311,지하상가사거리,시험,평일,18,15.29,T3,20,9.17,T2,2
34-1,4374311,지하상가사거리,시험,토요일,11,18.79,T3,10,13.08,T2,-1
34-1,4374311,지하상가사거리,시험,토요일,12,16.4,T3,10,13.08,T2,-2
34-1,4374311,지하상가사거리,시험,토요일,14,19.05,T3,16,10.27,T2,2
34-1,4374311,지하상가사거리,시험,토요일,15,14.4,T3,16,10.27,T2,1
34-1,4374311,지하상가사거리,시험,토요일,17,16.38,T3,19,9.55,T2,2
34-1,4374311,지하상가사거리,시험,토요일,18,13.93,T3,19,9.55,T2,1
34-1,4374311,지하상가사거리,시험,토요일,20,15.17,T3,19,9.55,T2,-1
34-1,4374311,지하상가사거리,시험,일요일·공휴일,11,14.54,T3,09,10.21,T2,-2
34-1,4374311,지하상가사거리,시험,일요일·공휴일,17,16.96,T3,19,10.03,T2,2
34-1,4374311,지하상가사거리,시험,일요일·공휴일,21,17.56,T3,19,10.03,T2,-2
34-1,4374311,지하상가사거리,계절학기,평일,11,18.27,T3,10,10.49,T2,-1
34-1,4374311,지하상가사거리,계절학기,평일,12,18.16,T3,10,10.49,T2,-2
34-1,4374311,지하상가사거리,계절학기,평일,17,21.04,T3,19,8.01,T1,2
34-1,4374311,지하상가사거리,계절학기,평일,18,20.44,T3,20,7.02,T1,2
34-1,4374311,지하상가사거리,계절학기,토요일,10,13.69,T3,09,11.32,T2,-1
34-1,4374311,지하상가사거리,계절학기,토요일,11,20.61,T3,09,11.32,T2,-2
34-1,4374311,지하상가사거리,계절학기,토요일,13,18.08,T3,12,12.11,T2,-1
34-1,4374311,지하상가사거리,계절학기,토요일,14,14.78,T3,12,12.11,T2,-2
34-1,4374311,지하상가사거리,계절학기,토요일,15,20.58,T3,17,10.9,T2,2
34-1,4374311,지하상가사거리,계절학기,토요일,16,17.7,T3,17,10.9,T2,1
34-1,4374311,지하상가사거리,계절학기,토요일,18,14.61,T3,19,8.27,T1,1
34-1,4374311,지하상가사거리,계절학기,일요일·공휴일,12,13.51,T3,10,7.73,T1,-2
34-1,4374311,지하상가사거리,계절학기,일요일·공휴일,15,14.57,T3,16,10.29,T2,1
34-1,4374311,지하상가사거리,방학,평일,08,14.2,T3,09,10.28,T2,1
34-1,4374311,지하상가사거리,방학,평일,10,14.48,T3,09,10.28,T2,-1
34-1,4374311,지하상가사거리,방학,평일,11,16.5,T3,09,10.28,T2,-2
34-1,4374311,지하상가사거리,방학,평일,17,20.29,T3,19,9.7,T2,2
34-1,4374311,지하상가사거리,방학,평일,18,29.58,T3,20,8.39,T1,2
34-1,4374311,지하상가사거리,방학,토요일,10,13.91,T3,09,11.13,T2,-1
34-1,4374311,지하상가사거리,방학,토요일,11,14.32,T3,09,11.13,T2,-2
34-1,4374311,지하상가사거리,방학,토요일,15,18.04,T3,17,12.79,T2,2
34-1,4374311,지하상가사거리,방학,토요일,16,17.29,T3,17,12.79,T2,1
34-1,4374311,지하상가사거리,방학,토요일,18,16.02,T3,20,7.14,T1,2
34-1,4374311,지하상가사거리,방학,일요일·공휴일,13,16.48,T3,12,12.07,T2,-1
34-1,4374311,지하상가사거리,방학,일요일·공휴일,14,21.56,T3,12,12.07,T2,-2
34-1,4374311,지하상가사거리,방학,일요일·공휴일,17,18.1,T3,19,12.66,T2,2
34-1,4374311,지하상가사거리,방학,일요일·공휴일,18,14.44,T3,20,8.13,T1,2
34-1,4374441,도영쇼핑,학기,평일,07,15.08,T3,06,10.54,T2,-1
34-1,4374441,도영쇼핑,학기,평일,08,22.38,T3,06,10.54,T2,-2
34-1,4374441,도영쇼핑,학기,평일,17,24.2,T3,19,12.26,T2,2
34-1,4374441,도영쇼핑,학기,평일,18,17.05,T3,20,8.24,T1,2
34-1,4374441,도영쇼핑,학기,토요일,08,20.58,T3,07,7.26,T1,-1
34-1,4374441,도영쇼핑,학기,토요일,09,22.33,T3,07,7.26,T1,-2
34-1,4374441,도영쇼핑,학기,토요일,17,13.46,T3,19,8.16,T1,2
34-1,4374441,도영쇼핑,학기,토요일,18,17.27,T3,20,7.21,T1,2
34-1,4374441,도영쇼핑,학기,일요일·공휴일,09,14.55,T3,07,7.18,T1,-2
34-1,4374441,도영쇼핑,학기,일요일·공휴일,10,15.07,T3,08,11.88,T2,-2
34-1,4374441,도영쇼핑,학기,일요일·공휴일,17,13.36,T3,19,11.0,T2,2
34-1,4374441,도영쇼핑,학기,일요일·공휴일,18,15.79,T3,20,10.32,T2,2
34-1,4374441,도영쇼핑,학기,일요일·공휴일,21,15.22,T3,20,10.32,T2,-1
34-1,4374441,도영쇼핑,시험,평일,08,19.71,T3,07,11.72,T2,-1
34-1,4374441,도영쇼핑,시험,평일,09,16.29,T3,07,11.72,T2,-2
34-1,4374441,도영쇼핑,시험,평일,17,20.76,T3,19,11.81,T2,2
34-1,4374441,도영쇼핑,시험,평일,18,15.6,T3,20,9.31,T2,2
34-1,4374441,도영쇼핑,시험,토요일,09,16.69,T3,08,12.17,T2,-1
34-1,4374441,도영쇼핑,시험,토요일,10,14.0,T3,08,12.17,T2,-2
34-1,4374441,도영쇼핑,시험,토요일,14,19.46,T3,16,10.85,T2,2
34-1,4374441,도영쇼핑,시험,토요일,15,13.81,T3,16,10.85,T2,1
34-1,4374441,도영쇼핑,시험,토요일,18,13.93,T3,16,10.85,T2,-2
34-1,4374441,도영쇼핑,시험,토요일,20,14.25,T3,21,9.39,T2,1
34-1,4374441,도영쇼핑,시험,일요일·공휴일,08,13.77,T3,09,11.71,T2,1
34-1,4374441,도영쇼핑,시험,일요일·공휴일,11,14.65,T3,09,11.71,T2,-2
34-1,4374441,도영쇼핑,시험,일요일·공휴일,16,17.5,T3,18,13.06,T2,2
34-1,4374441,도영쇼핑,시험,일요일·공휴일,17,14.8,T3,18,13.06,T2,1
34-1,4374441,도영쇼핑,시험,일요일·공휴일,20,18.63,T3,18,13.06,T2,-2
34-1,4374441,도영쇼핑,계절학기,평일,08,22.82,T3,06,8.73,T1,-2
34-1,4374441,도영쇼핑,계절학기,평일,09,22.48,T3,07,13.08,T2,-2
34-1,4374441,도영쇼핑,계절학기,평일,17,16.22,T3,19,9.09,T2,2
34-1,4374441,도영쇼핑,계절학기,평일,18,14.29,T3,20,8.05,T1,2
34-1,4374441,도영쇼핑,계절학기,토요일,09,14.61,T3,08,9.58,T2,-1
34-1,4374441,도영쇼핑,계절학기,토요일,10,16.19,T3,08,9.58,T2,-2
34-1,4374441,도영쇼핑,계절학기,토요일,11,20.52,T3,12,12.74,T2,1
34-1,4374441,도영쇼핑,계절학기,토요일,13,15.48,T3,12,12.74,T2,-1
34-1,4374441,도영쇼핑,계절학기,토요일,14,15.35,T3,12,12.74,T2,-2
34-1,4374441,도영쇼핑,계절학기,토요일,16,13.34,T3,18,11.18,T2,2
34-1,4374441,도영쇼핑,계절학기,토요일,17,13.26,T3,19,7.23,T1,2
34-1,4374441,도영쇼핑,계절학기,일요일·공휴일,11,14.72,T3,09,8.07,T1,-2
34-1,4374441,도영쇼핑,계절학기,일요일·공휴일,12,13.84,T3,10,10.1,T2,-2
34-1,4374441,도영쇼핑,계절학기,일요일·공휴일,13,13.58,T3,15,10.7,T2,2
34-1,4374441,도영쇼핑,방학,평일,08,28.58,T3,07,11.39,T2,-1
34-1,4374441,도영쇼핑,방학,평일,09,24.52,T3,07,11.39,T2,-2
34-1,4374441,도영쇼핑,방학,평일,15,18.45,T3,17,12.77,T2,2
34-1,4374441,도영쇼핑,방학,평일,16,19.04,T3,17,12.77,T2,1
34-1,4374441,도영쇼핑,방학,평일,18,15.98,T3,20,7.41,T1,2
34-1,4374441,도영쇼핑,방학,토요일,08,14.41,T3,07,4.63,T1,-1
34-1,4374441,도영쇼핑,방학,토요일,09,15.66,T3,07,4.63,T1,-2
34-1,4374441,도영쇼핑,방학,토요일,15,16.86,T3,17,11.82,T2,2
34-1,4374441,도영쇼핑,방학,토요일,16,14.63,T3,17,11.82,T2,1
34-1,4374441,도영쇼핑,방학,일요일·공휴일,10,15.29,T3,09,11.68,T2,-1
34-1,4374441,도영쇼핑,방학,일요일·공휴일,11,19.12,T3,09,11.68,T2,-2
34-1,4374441,도영쇼핑,방학,일요일·공휴일,15,16.91,T3,17,9.56,T2,2
34-1,4374441,도영쇼핑,방학,일요일·공휴일,16,14.01,T3,17,9.56,T2,1
34-1,4374441,도영쇼핑,방학,일요일·공휴일,18,13.47,T3,20,6.57,T1,2
34-1,4374661,롯데아파트,학기,평일,08,14.03,T3,10,6.86,T1,2
34-1,4374661,롯데아파트,학기,평일,16,15.49,T3,14,9.1,T2,-2
34-1,4374661,롯데아파트,학기,평일,18,14.04,T3,20,7.88,T1,2
34-1,4374661,롯데아파트,학기,토요일,10,13.41,T3,08,9.38,T2,-2
34-1,4374661,롯데아파트,학기,토요일,11,13.71,T3,13,10.66,T2,2
34-1,4374661,롯데아파트,학기,토요일,16,15.19,T3,14,10.82,T2,-2
34-1,4374661,롯데아파트,학기,토요일,17,13.65,T3,19,11.05,T2,2
34-1,4374661,롯데아파트,학기,일요일·공휴일,16,14.04,T3,15,12.07,T2,-1
34-1,4374661,롯데아파트,학기,일요일·공휴일,18,13.49,T3,17,12.79,T2,-1
34-1,4374661,롯데아파트,학기,일요일·공휴일,19,13.41,T3,17,12.79,T2,-2
34-1,4374661,롯데아파트,시험,평일,11,13.57,T3,10,12.0,T2,-1
34-1,4374661,롯데아파트,시험,평일,12,16.06,T3,10,12.0,T2,-2
34-1,4374661,롯데아파트,시험,평일,17,14.68,T3,19,8.54,T1,2
34-1,4374661,롯데아파트,시험,평일,18,15.53,T3,19,8.54,T1,1
34-1,4374661,롯데아파트,시험,토요일,14,15.71,T3,16,9.93,T2,2
34-1,4374661,롯데아파트,시험,일요일·공휴일,11,14.71,T3,10,10.97,T2,-1
34-1,4374661,롯데아파트,시험,일요일·공휴일,12,17.03,T3,10,10.97,T2,-2
34-1,4374661,롯데아파트,시험,일요일·공휴일,17,13.96,T3,19,11.86,T2,2
34-1,4374661,롯데아파트,시험,일요일·공휴일,21,17.56,T3,19,11.86,T2,-2
34-1,4374661,롯데아파트,계절학기,평일,08,14.5,T3,07,9.01,T1,-1
34-1,4374661,롯데아파트,계절학기,평일,13,14.32,T3,11,10.92,T2,-2
34-1,4374661,롯데아파트,계절학기,평일,15,15.65,T3,14,11.29,T2,-1
34-1,4374661,롯데아파트,계절학기,평일,16,16.63,T3,14,11.29,T2,-2
34-1,4374661,롯데아파트,계절학기,평일,18,13.57,T3,20,6.46,T1,2
34-1,4374661,롯데아파트,계절학기,토요일,11,16.38,T3,09,9.75,T2,-2
34-1,4374661,롯데아파트,계절학기,토요일,13,14.37,T3,12,12.28,T2,-1
34-1,4374661,롯데아파트,계절학기,토요일,18,13.61,T3,20,7.03,T1,2
34-1,4374661,롯데아파트,방학,평일,13,13.27,T3,11,9.65,T2,-2
34-1,4374661,롯데아파트,방학,평일,15,13.8,T3,17,10.79,T2,2
34-1,4374661,롯데아파트,방학,평일,16,14.98,T3,17,10.79,T2,1
34-1,4374661,롯데아파트,방학,평일,18,14.85,T3,20,7.29,T1,2
34-1,4374661,롯데아파트,방학,토요일,13,13.74,T3,14,11.11,T2,1
34-1,4374661,롯데아파트,방학,토요일,16,14.04,T3,17,9.97,T2,1
34-1,4374661,롯데아파트,방학,일요일·공휴일,17,13.49,T3,18,10.0,T2,1
34-1,4374671,단계현진아파트,학기,평일,08,14.33,T3,10,6.55,T1,2
34-1,4374671,단계현진아파트,학기,평일,16,14.53,T3,14,9.5,T2,-2
34-1,4374671,단계현진아파트,학기,평일,18,13.8,T3,19,7.91,T1,1
34-1,4374671,단계현진아파트,학기,일요일·공휴일,19,13.57,T3,17,10.83,T2,-2
34-1,4374671,단계현진아파트,학기,일요일·공휴일,20,14.97,T3,18,12.94,T2,-2
34-1,4374671,단계현진아파트,시험,평일,08,17.16,T3,07,10.24,T2,-1
34-1,4374671,단계현진아파트,시험,평일,13,16.49,T3,12,12.54,T2,-1
34-1,4374671,단계현진아파트,시험,평일,14,16.43,T3,12,12.54,T2,-2
34-1,4374671,단계현진아파트,시험,평일,17,13.85,T3,19,8.83,T1,2
34-1,4374671,단계현진아파트,시험,평일,18,15.43,T3,19,8.83,T1,1
34-1,4374671,단계현진아파트,시험,토요일,09,16.02,T3,07,6.77,T1,-2
34-1,4374671,단계현진아파트,시험,토요일,11,15.21,T3,10,11.66,T2,-1
34-1,4374671,단계현진아파트,시험,토요일,14,16.8,T3,16,9.43,T2,2
34-1,4374671,단계현진아파트,계절학기,평일,08,14.25,T3,10,9.09,T2,2
34-1,4374671,단계현진아파트,계절학기,평일,13,14.03,T3,14,10.38,T2,1
34-1,4374671,단계현진아파트,계절학기,평일,16,13.64,T3,14,10.38,T2,-2
34-1,4374671,단계현진아파트,계절학기,토요일,11,17.21,T3,10,12.13,T2,-1
34-1,4374671,단계현진아파트,계절학기,토요일,13,13.24,T3,15,12.01,T2,2
34-1,4374671,단계현진아파트,계절학기,토요일,18,13.75,T3,17,8.8,T1,-1
34-1,4374671,단계현진아파트,계절학기,일요일·공휴일,12,13.42,T3,10,7.55,T1,-2
34-1,4374671,단계현진아파트,방학,평일,14,14.04,T3,12,10.14,T2,-2
34-1,4374671,단계현진아파트,방학,평일,15,16.59,T3,17,9.73,T2,2
34-1,4374671,단계현진아파트,방학,평일,16,13.91,T3,17,9.73,T2,1
34-1,4374671,단계현진아파트,방학,토요일,14,14.58,T3,12,11.58,T2,-2
34-1,4374751,롯데아파트,학기,평일,07,14.02,T3,06,9.99,T2,-1
34-1,4374751,롯데아파트,학기,평일,08,17.57,T3,06,9.99,T2,-2
34-1,4374751,롯데아파트,학기,평일,09,17.95,T3,11,10.61,T2,2
34-1,4374751,롯데아파트,학기,평일,10,13.47,T3,11,10.61,T2,1
34-1,4374751,롯데아파트,학기,평일,12,17.72,T3,11,10.61,T2,-1
34-1,4374751,롯데아파트,학기,평일,13,16.52,T3,11,10.61,T2,-2
34-1,4374751,롯데아파트,학기,평일,15,13.61,T3,14,12.14,T2,-1
34-1,4374751,롯데아파트,학기,평일,16,15.09,T3,14,12.14,T2,-2
34-1,4374751,롯데아파트,학기,평일,17,16.27,T3,19,6.38,T1,2
34-1,4374751,롯데아파트,학기,평일,18,14.12,T3,20,5.53,T1,2
34-1,4374751,롯데아파트,학기,토요일,09,15.81,T3,07,7.57,T1,-2
34-1,4374751,롯데아파트,학기,토요일,10,16.43,T3,08,12.49,T2,-2
34-1,4374751,롯데아파트,학기,토요일,11,13.56,T3,13,12.0,T2,2
34-1,4374751,롯데아파트,학기,토요일,12,19.9,T3,13,12.0,T2,1
34-1,4374751,롯데아파트,학기,토요일,14,15.18,T3,13,12.0,T2,-1
34-1,4374751,롯데아파트,학기,일요일·공휴일,10,13.88,T3,08,8.98,T1,-2
34-1,4374751,롯데아파트,학기,일요일·공휴일,12,16.59,T3,11,10.59,T2,-1
34-1,4374751,롯데아파트,학기,일요일·공휴일,14,17.13,T3,13,12.01,T2,-1
34-1,4374751,롯데아파트,학기,일요일·공휴일,19,14.26,T3,18,9.81,T2,-1
34-1,4374751,롯데아파트,학기,일요일·공휴일,20,14.3,T3,18,9.81,T2,-2
34-1,4374751,롯데아파트,시험,평일,08,18.81,T3,07,8.35,T1,-1
34-1,4374751,롯데아파트,시험,평일,17,14.68,T3,19,10.92,T2,2
34-1,4374751,롯데아파트,시험,평일,18,15.64,T3,20,8.18,T1,2
34-1,4374751,롯데아파트,시험,일요일·공휴일,12,19.53,T3,10,11.81,T2,-2
34-1,4374751,롯데아파트,계절학기,평일,08,15.14,T3,06,8.06,T1,-2
34-1,4374751,롯데아파트,계절학기,평일,09,14.09,T3,07,11.01,T2,-2
34-1,4374751,롯데아파트,계절학기,평일,16,14.66,T3,18,11.14,T2,2
34-1,4374751,롯데아파트,계절학기,평일,17,14.75,T3,19,10.27,T2,2
34-1,4374751,롯데아파트,계절학기,토요일,10,16.97,T3,08,7.5,T1,-2
34-1,4374751,롯데아파트,계절학기,토요일,12,13.45,T3,14,11.78,T2,2
34-1,4374751,롯데아파트,계절학기,토요일,13,14.87,T3,14,11.78,T2,1
34-1,4374751,롯데아파트,계절학기,토요일,15,14.85,T3,17,10.97,T2,2
34-1,4374751,롯데아파트,계절학기,일요일·공휴일,12,13.42,T3,14,8.97,T1,2
34-1,4374751,롯데아파트,계절학기,일요일·공휴일,13,13.28,T3,14,8.97,T1,1
34-1,4374751,롯데아파트,방학,평일,08,19.84,T3,06,8.94,T1,-2
34-1,4374751,롯데아파트,방학,평일,09,16.43,T3,07,10.12,T2,-2
34-1,4374751,롯데아파트,방학,평일,13,15.9,T3,15,12.89,T2,2
34-1,4374751,롯데아파트,방학,평일,14,18.34,T3,15,12.89,T2,1
34-1,4374751,롯데아파트,방학,평일,16,13.52,T3,17,12.41,T2,1
34-1,4374751,롯데아파트,방학,평일,18,13.39,T3,20,5.47,T1,2
34-1,4374751,롯데아파트,방학,토요일,11,14.55,T3,09,10.38,T2,-2
34-1,4374751,롯데아파트,방학,토요일,12,15.45,T3,10,12.24,T2,-2
34-1,4374751,롯데아파트,방학,토요일,16,13.43,T3,18,10.84,T2,2
34-1,4374751,롯데아파트,방학,일요일·공휴일,14,14.57,T3,13,10.77,T2,-1
34-1,4375211,청구아파트,학기,평일,17,20.86,T3,19,11.23,T2,2
34-1,4375211,청구아파트,학기,평일,18,25.54,T3,19,11.23,T2,1
34-1,4375211,청구아파트,학기,토요일,08,19.35,T3,07,5.13,T1,-1
34-1,4375211,청구아파트,학기,토요일,10,15.88,T3,09,11.76,T2,-1
34-1,4375211,청구아파트,학기,토요일,11,19.38,T3,09,11.76,T2,-2
34-1,4375211,청구아파트,학기,토요일,15,15.96,T3,17,12.92,T2,2
34-1,4375211,청구아파트,학기,토요일,16,13.75,T3,18,11.75,T2,2
34-1,4375211,청구아파트,학기,토요일,21,16.39,T3,20,12.0,T2,-1
34-1,4375211,청구아파트,학기,일요일·공휴일,08,15.6,T3,06,5.11,T1,-2
34-1,4375211,청구아파트,학기,일요일·공휴일,10,16.24,T3,11,11.02,T2,1
34-1,4375211,청구아파트,학기,일요일·공휴일,12,13.93,T3,11,11.02,T2,-1
34-1,4375211,청구아파트,학기,일요일·공휴일,13,15.44,T3,11,11.02,T2,-2
34-1,4375211,청구아파트,시험,평일,08,28.81,T3,07,11.38,T2,-1
34-1,4375211,청구아파트,시험,평일,09,19.17,T3,07,11.38,T2,-2
34-1,4375211,청구아파트,시험,평일,17,18.21,T3,19,10.72,T2,2
34-1,4375211,청구아파트,시험,평일,18,20.11,T3,19,10.72,T2,1
34-1,4375211,청구아파트,시험,토요일,06,15.19,T3,07,9.11,T2,1
34-1,4375211,청구아파트,시험,토요일,11,15.87,T3,10,11.66,T2,-1
34-1,4375211,청구아파트,시험,토요일,12,17.65,T3,10,11.66,T2,-2
34-1,4375211,청구아파트,시험,토요일,14,17.96,T3,16,12.43,T2,2
34-1,4375211,청구아파트,시험,토요일,15,13.81,T3,17,11.88,T2,2
34-1,4375211,청구아파트,시험,토요일,20,19.17,T3,19,9.05,T2,-1
34-1,4375211,청구아파트,시험,일요일·공휴일,11,15.54,T3,09,9.55,T2,-2
34-1,4375211,청구아파트,시험,일요일·공휴일,16,16.92,T3,18,12.47,T2,2
34-1,4375211,청구아파트,시험,일요일·공휴일,17,14.71,T3,18,12.47,T2,1
34-1,4375211,청구아파트,시험,일요일·공휴일,20,19.79,T3,18,12.47,T2,-2
34-1,4375211,청구아파트,시험,일요일·공휴일,21,20.06,T3,19,13.03,T2,-2
34-1,4375211,청구아파트,계절학기,평일,08,19.56,T3,07,7.49,T1,-1
34-1,4375211,청구아파트,계절학기,평일,10,15.25,T3,09,10.88,T2,-1
34-1,4375211,청구아파트,계절학기,평일,13,14.54,T3,12,12.32,T2,-1
34-1,4375211,청구아파트,계절학기,평일,14,17.21,T3,12,12.32,T2,-2
34-1,4375211,청구아파트,계절학기,평일,17,16.84,T3,19,8.8,T1,2
34-1,4375211,청구아파트,계절학기,평일,18,15.02,T3,20,8.05,T1,2
34-1,4375211,청구아파트,계절학기,토요일,10,13.54,T3,08,7.92,T1,-2
34-1,4375211,청구아파트,계절학기,토요일,11,24.96,T3,09,9.46,T2,-2
34-1,4375211,청구아파트,계절학기,토요일,13,14.54,T3,14,11.49,T2,1
34-1,4375211,청구아파트,방학,평일,08,24.68,T3,07,9.46,T2,-1
34-1,4375211,청구아파트,방학,평일,10,18.57,T3,09,12.02,T2,-1
34-1,4375211,청구아파트,방학,평일,11,16.07,T3,09,12.02,T2,-2
34-1,4375211,청구아파트,방학,평일,17,22.17,T3,19,9.59,T2,2
34-1,4375211,청구아파트,방학,평일,18,13.79,T3,19,9.59,T2,1
34-1,4375211,청구아파트,방학,토요일,10,13.34,T3,09,11.1,T2,-1
34-1,4375211,청구아파트,방학,토요일,11,17.15,T3,09,11.1,T2,-2
34-1,4375211,청구아파트,방학,토요일,17,13.24,T3,19,11.67,T2,2
34-1,4375211,청구아파트,방학,토요일,18,14.05,T3,20,8.05,T1,2
34-1,4375211,청구아파트,방학,일요일·공휴일,10,14.34,T3,09,10.23,T2,-1
34-1,4375211,청구아파트,방학,일요일·공휴일,14,14.53,T3,12,12.62,T2,-2
34-1,4375211,청구아파트,방학,일요일·공휴일,15,15.88,T3,13,13.08,T2,-2
34-1,4375211,청구아파트,방학,일요일·공휴일,17,13.78,T3,19,10.52,T2,2
34-1,4375211,청구아파트,방학,일요일·공휴일,18,13.97,T3,20,7.74,T1,2
34-1,4375221,동보노빌리티입구,학기,평일,06,18.39,T3,07,12.62,T2,1
34-1,4375221,동보노빌리티입구,학기,평일,08,35.98,T3,07,12.62,T2,-1
34-1,4375221,동보노빌리티입구,학기,평일,09,27.28,T3,07,12.62,T2,-2
34-1,4375221,동보노빌리티입구,학기,평일,17,20.66,T3,19,12.27,T2,2
34-1,4375221,동보노빌리티입구,학기,평일,18,24.45,T3,19,12.27,T2,1
34-1,4375221,동보노빌리티입구,학기,평일,20,14.16,T3,21,11.25,T2,1
34-1,4375221,동보노빌리티입구,학기,토요일,08,18.35,T3,07,4.51,T1,-1
34-1,4375221,동보노빌리티입구,학기,토요일,09,14.03,T3,07,4.51,T1,-2
34-1,4375221,동보노빌리티입구,학기,토요일,15,17.76,T3,17,11.99,T2,2
34-1,4375221,동보노빌리티입구,학기,토요일,16,13.86,T3,17,11.99,T2,1
34-1,4375221,동보노빌리티입구,학기,토요일,18,13.67,T3,19,11.19,T2,1
34-1,4375221,동보노빌리티입구,학기,일요일·공휴일,08,17.81,T3,07,5.08,T1,-1
34-1,4375221,동보노빌리티입구,학기,일요일·공휴일,10,16.51,T3,09,10.4,T2,-1
34-1,4375221,동보노빌리티입구,학기,일요일·공휴일,12,13.32,T3,11,12.63,T2,-1
34-1,4375221,동보노빌리티입구,학기,일요일·공휴일,13,14.28,T3,11,12.63,T2,-2
34-1,4375221,동보노빌리티입구,시험,평일,08,24.31,T3,07,9.41,T2,-1
34-1,4375221,동보노빌리티입구,시험,평일,09,19.44,T3,07,9.41,T2,-2
34-1,4375221,동보노빌리티입구,시험,평일,17,18.14,T3,19,11.69,T2,2
34-1,4375221,동보노빌리티입구,시험,평일,18,21.79,T3,19,11.69,T2,1
34-1,4375221,동보노빌리티입구,시험,토요일,09,15.19,T3,08,11.25,T2,-1
34-1,4375221,동보노빌리티입구,시험,토요일,11,15.71,T3,10,12.0,T2,-1
34-1,4375221,동보노빌리티입구,시험,토요일,12,18.73,T3,10,12.0,T2,-2
34-1,4375221,동보노빌리티입구,시험,토요일,14,20.46,T3,16,11.52,T2,2
34-1,4375221,동보노빌리티입구,시험,토요일,15,13.48,T3,16,11.52,T2,1
34-1,4375221,동보노빌리티입구,시험,토요일,18,13.93,T3,16,11.52,T2,-2
34-1,4375221,동보노빌리티입구,계절학기,평일,08,19.66,T3,07,9.01,T1,-1
34-1,4375221,동보노빌리티입구,계절학기,평일,10,14.91,T3,09,11.8,T2,-1
34-1,4375221,동보노빌리티입구,계절학기,평일,11,15.11,T3,09,11.8,T2,-2
34-1,4375221,동보노빌리티입구,계절학기,평일,13,15.73,T3,12,12.33,T2,-1
34-1,4375221,동보노빌리티입구,계절학기,평일,14,17.97,T3,12,12.33,T2,-2
34-1,4375221,동보노빌리티입구,계절학기,평일,17,17.99,T3,19,9.97,T2,2
34-1,4375221,동보노빌리티입구,계절학기,평일,18,13.63,T3,20,7.9,T1,2
34-1,4375221,동보노빌리티입구,계절학기,토요일,11,17.21,T3,09,9.54,T2,-2
34-1,4375221,동보노빌리티입구,계절학기,토요일,15,14.01,T3,17,11.04,T2,2
34-1,4375221,동보노빌리티입구,방학,평일,06,14.3,T3,07,9.95,T2,1
34-1,4375221,동보노빌리티입구,방학,평일,08,25.71,T3,07,9.95,T2,-1
34-1,4375221,동보노빌리티입구,방학,평일,09,15.46,T3,07,9.95,T2,-2
34-1,4375221,동보노빌리티입구,방학,평일,17,22.69,T3,19,10.09,T2,2
34-1,4375221,동보노빌리티입구,방학,평일,18,16.21,T3,19,10.09,T2,1
34-1,4375221,동보노빌리티입구,방학,토요일,10,14.03,T3,09,10.03,T2,-1
34-1,4375221,동보노빌리티입구,방학,토요일,11,15.78,T3,09,10.03,T2,-2
34-1,4375221,동보노빌리티입구,방학,토요일,15,14.99,T3,17,12.15,T2,2
34-1,4375221,동보노빌리티입구,방학,토요일,16,14.66,T3,17,12.15,T2,1
34-1,4375221,동보노빌리티입구,방학,일요일·공휴일,10,15.44,T3,09,8.33,T1,-1
34-1,4375221,동보노빌리티입구,방학,일요일·공휴일,14,15.66,T3,12,11.55,T2,-2
34-1,4375221,동보노빌리티입구,방학,일요일·공휴일,15,13.76,T3,13,12.41,T2,-2
34-1,4375221,동보노빌리티입구,방학,일요일·공휴일,16,14.37,T3,18,11.5,T2,2
34-1,4375221,동보노빌리티입구,방학,일요일·공휴일,17,15.17,T3,18,11.5,T2,1
34-1,4375231,오페라웨딩홀,학기,평일,06,14.26,T3,07,12.57,T2,1
34-1,4375231,오페라웨딩홀,학기,평일,08,35.65,T3,07,12.57,T2,-1
34-1,4375231,오페라웨딩홀,학기,평일,09,28.94,T3,07,12.57,T2,-2
34-1,4375231,오페라웨딩홀,학기,평일,19,13.28,T3,21,10.68,T2,2
34-1,4375231,오페라웨딩홀,학기,평일,20,15.87,T3,21,10.68,T2,1
34-1,4375231,오페라웨딩홀,학기,토요일,08,22.49,T3,07,4.43,T1,-1
34-1,4375231,오페라웨딩홀,학기,토요일,09,14.61,T3,07,4.43,T1,-2
34-1,4375231,오페라웨딩홀,학기,토요일,10,17.53,T3,12,13.1,T2,2
34-1,4375231,오페라웨딩홀,학기,토요일,11,15.7,T3,12,13.1,T2,1
34-1,4375231,오페라웨딩홀,학기,토요일,13,16.0,T3,12,13.1,T2,-1
34-1,4375231,오페라웨딩홀,학기,토요일,14,18.59,T3,12,13.1,T2,-2
34-1,4375231,오페라웨딩홀,학기,토요일,17,14.79,T3,19,11.44,T2,2
34-1,4375231,오페라웨딩홀,학기,토요일,18,13.3,T3,20,11.29,T2,2
34-1,4375231,오페라웨딩홀,학기,일요일·공휴일,08,13.88,T3,07,6.35,T1,-1
34-1,4375231,오페라웨딩홀,학기,일요일·공휴일,12,16.47,T3,11,12.2,T2,-1
34-1,4375231,오페라웨딩홀,학기,일요일·공휴일,13,13.72,T3,11,12.2,T2,-2
34-1,4375231,오페라웨딩홀,시험,평일,08,20.58,T3,07,11.06,T2,-1
34-1,4375231,오페라웨딩홀,시험,평일,09,15.06,T3,07,11.06,T2,-2
34-1,4375231,오페라웨딩홀,시험,평일,17,17.52,T3,19,10.42,T2,2
34-1,4375231,오페라웨딩홀,시험,평일,18,22.23,T3,19,10.42,T2,1
34-1,4375231,오페라웨딩홀,시험,토요일,09,15.52,T3,07,9.11,T2,-2
34-1,4375231,오페라웨딩홀,시험,토요일,11,15.62,T3,10,11.33,T2,-1
34-1,4375231,오페라웨딩홀,시험,토요일,12,15.4,T3,10,11.33,T2,-2
34-1,4375231,오페라웨딩홀,시험,토요일,15,14.9,T3,17,11.88,T2,2
34-1,4375231,오페라웨딩홀,시험,일요일·공휴일,11,14.21,T3,09,11.38,T2,-2
34-1,4375231,오페라웨딩홀,계절학기,평일,08,20.04,T3,07,9.39,T2,-1
34-1,4375231,오페라웨딩홀,계절학기,평일,10,16.53,T3,09,12.07,T2,-1
34-1,4375231,오페라웨딩홀,계절학기,평일,11,15.86,T3,09,12.07,T2,-2
34-1,4375231,오페라웨딩홀,계절학기,평일,17,17.72,T3,19,7.37,T1,2
34-1,4375231,오페라웨딩홀,계절학기,평일,18,13.36,T3,20,7.01,T1,2
34-1,4375231,오페라웨딩홀,계절학기,토요일,11,16.38,T3,10,12.47,T2,-1
34-1,4375231,오페라웨딩홀,방학,평일,08,24.59,T3,07,9.82,T2,-1
34-1,4375231,오페라웨딩홀,방학,평일,09,13.61,T3,07,9.82,T2,-2
34-1,4375231,오페라웨딩홀,방학,평일,17,20.67,T3,19,10.02,T2,2
34-1,4375231,오페라웨딩홀,방학,평일,18,15.89,T3,19,10.02,T2,1
34-1,4375231,오페라웨딩홀,방학,토요일,11,17.07,T3,09,11.37,T2,-2
34-1,4375231,오페라웨딩홀,방학,토요일,12,17.97,T3,10,11.88,T2,-2
34-1,4375231,오페라웨딩홀,방학,토요일,15,17.05,T3,17,11.95,T2,2
34-1,4375231,오페라웨딩홀,방학,토요일,16,15.15,T3,17,11.95,T2,1
34-1,4375231,오페라웨딩홀,방학,토요일,18,14.26,T3,20,8.56,T1,2
34-1,4375231,오페라웨딩홀,방학,일요일·공휴일,13,14.58,T3,12,10.26,T2,-1
34-1,4375231,오페라웨딩홀,방학,일요일·공휴일,14,18.77,T3,12,10.26,T2,-2
34-1,4375231,오페라웨딩홀,방학,일요일·공휴일,15,15.93,T3,17,11.4,T2,2
34-1,4375231,오페라웨딩홀,방학,일요일·공휴일,16,13.58,T3,18,11.39,T2,2
34-1,4375241,남송,학기,평일,08,30.92,T3,07,12.04,T2,-1
34-1,4375241,남송,학기,평일,09,25.63,T3,07,12.04,T2,-2
34-1,4375241,남송,학기,평일,17,18.97,T3,19,13.18,T2,2
34-1,4375241,남송,학기,평일,18,26.04,T3,19,13.18,T2,1
34-1,4375241,남송,학기,평일,20,13.6,T3,21,9.97,T2,1
34-1,4375241,남송,학기,토요일,08,14.24,T3,06,8.4,T1,-2
34-1,4375241,남송,학기,일요일·공휴일,12,15.39,T3,10,11.19,T2,-2
34-1,4375241,남송,학기,일요일·공휴일,13,15.23,T3,11,11.7,T2,-2
34-1,4375241,남송,시험,평일,08,20.16,T3,07,8.74,T1,-1
34-1,4375241,남송,시험,평일,09,19.93,T3,07,8.74,T1,-2
34-1,4375241,남송,시험,토요일,17,13.71,T3,19,10.05,T2,2
34-1,4375241,남송,계절학기,평일,08,21.39,T3,07,9.68,T2,-1
34-1,4375241,남송,계절학기,평일,10,16.26,T3,09,11.78,T2,-1
34-1,4375241,남송,계절학기,평일,11,14.13,T3,09,11.78,T2,-2
34-1,4375241,남송,계절학기,평일,17,18.53,T3,19,7.31,T1,2
34-1,4375241,남송,계절학기,평일,18,13.6,T3,19,7.31,T1,1
34-1,4375241,남송,방학,평일,08,20.2,T3,06,9.53,T2,-2
34-1,4375241,남송,방학,평일,10,16.41,T3,09,11.34,T2,-1
34-1,4375241,남송,방학,평일,11,18.46,T3,09,11.34,T2,-2
34-1,4375241,남송,방학,평일,17,23.23,T3,19,12.16,T2,2
34-1,4375241,남송,방학,평일,18,15.57,T3,20,8.64,T1,2
34-1,4375241,남송,방학,토요일,11,16.42,T3,10,11.86,T2,-1
34-1,4375241,남송,방학,일요일·공휴일,14,18.3,T3,16,11.52,T2,2
34-1,4375241,남송,방학,일요일·공휴일,17,14.3,T3,19,9.62,T2,2
34-1,4375261,아랫거리,학기,평일,07,13.53,T3,06,11.77,T2,-1
34-1,4375261,아랫거리,학기,평일,08,33.57,T3,06,11.77,T2,-2
34-1,4375261,아랫거리,학기,평일,17,22.12,T3,19,11.04,T2,2
34-1,4375261,아랫거리,학기,평일,18,21.01,T3,19,11.04,T2,1
34-1,4375261,아랫거리,학기,토요일,10,13.22,T3,12,13.02,T2,2
34-1,4375261,아랫거리,학기,토요일,11,15.3,T3,12,13.02,T2,1
34-1,4375261,아랫거리,학기,토요일,13,14.42,T3,12,13.02,T2,-1
34-1,4375261,아랫거리,학기,토요일,14,15.18,T3,12,13.02,T2,-2
34-1,4375261,아랫거리,학기,토요일,15,14.76,T3,17,12.7,T2,2
34-1,4375261,아랫거리,학기,토요일,16,13.92,T3,18,11.58,T2,2
34-1,4375261,아랫거리,학기,일요일·공휴일,12,13.81,T3,11,9.43,T2,-1
34-1,4375261,아랫거리,학기,일요일·공휴일,15,16.72,T3,14,12.99,T2,-1
34-1,4375261,아랫거리,학기,일요일·공휴일,16,18.9,T3,14,12.99,T2,-2
34-1,4375261,아랫거리,시험,평일,18,17.47,T3,20,9.68,T2,2
34-1,4375261,아랫거리,계절학기,평일,16,16.57,T3,18,11.66,T2,2
34-1,4375261,아랫거리,계절학기,평일,17,14.39,T3,19,9.37,T2,2
34-1,4375261,아랫거리,방학,평일,08,21.35,T3,07,8.36,T1,-1
34-1,4375261,아랫거리,방학,평일,09,14.26,T3,07,8.36,T1,-2
34-1,4375261,아랫거리,방학,평일,17,19.02,T3,19,11.72,T2,2
34-1,4375261,아랫거리,방학,평일,18,16.44,T3,20,7.68,T1,2
34-1,4375261,아랫거리,방학,토요일,15,14.73,T3,17,10.78,T2,2
34-1,4375261,아랫거리,방학,토요일,16,15.36,T3,17,10.78,T2,1
34-1,4375261,아랫거리,방학,일요일·공휴일,10,14.35,T3,09,8.85,T1,-1
34-1,4375261,아랫거리,방학,일요일·공휴일,14,14.91,T3,16,10.85,T2,2
34-1,4375261,아랫거리,방학,일요일·공휴일,15,18.2,T3,16,10.85,T2,1
34-1,4375271,거장아파트,학기,평일,07,15.21,T3,06,4.46,T1,-1
34-1,4375271,거장아파트,학기,평일,08,26.02,T3,06,4.46,T1,-2
34-1,4375271,거장아파트,학기,평일,09,36.02,T3,11,13.08,T2,2
34-1,4375271,거장아파트,학기,평일,10,29.1,T3,11,13.08,T2,1
34-1,4375271,거장아파트,학기,평일,12,24.72,T3,11,13.08,T2,-1
34-1,4375271,거장아파트,학기,평일,13,36.75,T3,11,13.08,T2,-2
34-1,4375271,거장아파트,학기,평일,17,16.95,T3,19,10.73,T2,2
34-1,4375271,거장아파트,학기,평일,18,19.81,T3,19,10.73,T2,1
34-1,4375271,거장아파트,학기,토요일,13,13.29,T3,12,10.16,T2,-1
34-1,4375271,거장아파트,학기,토요일,15,13.99,T3,17,12.24,T2,2
34-1,4375271,거장아파트,학기,토요일,20,14.16,T3,19,10.7,T2,-1
34-1,4375271,거장아파트,학기,일요일·공휴일,13,13.23,T3,11,9.74,T2,-2
34-1,4375271,거장아파트,학기,일요일·공휴일,15,16.9,T3,14,10.82,T2,-1
34-1,4375271,거장아파트,학기,일요일·공휴일,16,18.67,T3,14,10.82,T2,-2
34-1,4375271,거장아파트,시험,평일,08,17.4,T3,06,6.58,T1,-2
34-1,4375271,거장아파트,시험,평일,09,14.72,T3,07,9.41,T2,-2
34-1,4375271,거장아파트,시험,평일,10,17.61,T3,11,12.38,T2,1
34-1,4375271,거장아파트,시험,평일,12,21.24,T3,11,12.38,T2,-1
34-1,4375271,거장아파트,시험,평일,13,22.27,T3,11,12.38,T2,-2
34-1,4375271,거장아파트,시험,평일,17,16.35,T3,19,10.31,T2,2
34-1,4375271,거장아파트,시험,평일,18,18.3,T3,19,10.31,T2,1
34-1,4375271,거장아파트,시험,토요일,17,13.88,T3,19,10.38,T2,2
34-1,4375271,거장아파트,시험,일요일·공휴일,17,13.63,T3,19,10.95,T2,2
34-1,4375271,거장아파트,시험,일요일·공휴일,18,13.64,T3,19,10.95,T2,1
34-1,4375271,거장아파트,시험,일요일·공휴일,20,20.79,T3,19,10.95,T2,-1
34-1,4375271,거장아파트,계절학기,평일,08,24.0,T3,06,6.4,T1,-2
34-1,4375271,거장아파트,계절학기,평일,09,13.55,T3,07,8.01,T1,-2
34-1,4375271,거장아파트,계절학기,평일,13,16.23,T3,15,11.89,T2,2
34-1,4375271,거장아파트,계절학기,평일,14,13.28,T3,15,11.89,T2,1
34-1,4375271,거장아파트,계절학기,평일,16,15.73,T3,15,11.89,T2,-1
34-1,4375271,거장아파트,계절학기,평일,17,14.53,T3,19,8.19,T1,2
34-1,4375271,거장아파트,계절학기,평일,18,13.57,T3,20,8.03,T1,2
34-1,4375271,거장아파트,계절학기,토요일,11,16.38,T3,09,10.37,T2,-2
34-1,4375271,거장아파트,계절학기,토요일,13,14.87,T3,14,10.91,T2,1
34-1,4375271,거장아파트,계절학기,토요일,15,13.68,T3,17,10.12,T2,2
34-1,4375271,거장아파트,방학,평일,08,15.19,T3,06,5.32,T1,-2
34-1,4375271,거장아파트,방학,평일,09,15.66,T3,07,5.79,T1,-2
34-1,4375271,거장아파트,방학,평일,11,15.8,T3,10,12.63,T2,-1
34-1,4375271,거장아파트,방학,평일,12,13.81,T3,10,12.63,T2,-2
34-1,4375271,거장아파트,방학,평일,17,17.96,T3,19,8.97,T1,2
34-1,4375271,거장아파트,방학,평일,18,14.37,T3,20,8.75,T1,2
34-1,4375271,거장아파트,방학,토요일,11,13.28,T3,10,8.9,T1,-1
34-1,4375271,거장아파트,방학,토요일,12,14.37,T3,10,8.9,T1,-2
34-1,4375271,거장아파트,방학,토요일,13,14.88,T3,15,9.82,T2,2
34-1,4375281,서곡삼거리,학기,평일,07,18.92,T3,06,8.91,T1,-1
34-1,4375281,서곡삼거리,학기,평일,08,19.12,T3,06,8.91,T1,-2
34-1,4375281,서곡삼거리,학기,평일,17,18.5,T3,19,10.16,T2,2
34-1,4375281,서곡삼거리,학기,평일,18,22.5,T3,19,10.16,T2,1
34-1,4375281,서곡삼거리,학기,토요일,11,14.11,T3,09,11.73,T2,-2
34-1,4375281,서곡삼거리,학기,토요일,14,13.68,T3,16,13.09,T2,2
34-1,4375281,서곡삼거리,학기,토요일,15,16.05,T3,16,13.09,T2,1
34-1,4375281,서곡삼거리,학기,일요일·공휴일,12,14.05,T3,10,10.31,T2,-2
34-1,4375281,서곡삼거리,학기,일요일·공휴일,13,13.84,T3,14,12.49,T2,1
34-1,4375281,서곡삼거리,학기,일요일·공휴일,15,20.78,T3,14,12.49,T2,-1
34-1,4375281,서곡삼거리,학기,일요일·공휴일,16,23.06,T3,14,12.49,T2,-2
34-1,4375281,서곡삼거리,계절학기,평일,17,16.11,T3,19,8.2,T1,2
34-1,4375281,서곡삼거리,계절학기,토요일,10,15.13,T3,12,10.69,T2,2
34-1,4375281,서곡삼거리,계절학기,토요일,13,14.54,T3,12,10.69,T2,-1
34-1,4375281,서곡삼거리,방학,평일,08,14.68,T3,07,9.02,T1,-1
34-1,4375281,서곡삼거리,방학,평일,10,14.79,T3,09,12.77,T2,-1
34-1,4375281,서곡삼거리,방학,평일,11,17.51,T3,09,12.77,T2,-2
34-1,4375281,서곡삼거리,방학,평일,13,15.13,T3,12,13.16,T2,-1
34-1,4375281,서곡삼거리,방학,평일,14,16.36,T3,12,13.16,T2,-2
34-1,4375281,서곡삼거리,방학,평일,16,17.03,T3,18,13.18,T2,2
34-1,4375281,서곡삼거리,방학,평일,17,14.95,T3,19,8.49,T1,2
34-1,4375281,서곡삼거리,방학,토요일,13,14.02,T3,14,12.5,T2,1
34-1,4375281,서곡삼거리,방학,일요일·공휴일,10,13.38,T3,08,8.86,T1,-2
34-1,4375291,국립강릉원주대학교,학기,평일,07,16.06,T3,06,6.04,T1,-1
34-1,4375291,국립강릉원주대학교,학기,평일,08,22.98,T3,06,6.04,T1,-2
34-1,4375291,국립강릉원주대학교,학기,평일,09,32.55,T3,11,12.34,T2,2
34-1,4375291,국립강릉원주대학교,학기,평일,10,30.85,T3,11,12.34,T2,1
34-1,4375291,국립강릉원주대학교,학기,평일,12,24.31,T3,11,12.34,T2,-1
34-1,4375291,국립강릉원주대학교,학기,평일,13,34.56,T3,11,12.34,T2,-2
34-1,4375291,국립강릉원주대학교,학기,평일,14,13.96,T3,15,13.12,T2,1
34-1,4375291,국립강릉원주대학교,학기,평일,16,16.12,T3,15,13.12,T2,-1
34-1,4375291,국립강릉원주대학교,학기,평일,17,14.8,T3,19,10.18,T2,2
34-1,4375291,국립강릉원주대학교,학기,평일,18,20.45,T3,20,9.49,T2,2
34-1,4375291,국립강릉원주대학교,학기,토요일,11,14.03,T3,12,11.12,T2,1
34-1,4375291,국립강릉원주대학교,학기,토요일,13,13.99,T3,14,10.38,T2,1
34-1,4375291,국립강릉원주대학교,학기,토요일,15,13.53,T3,17,9.89,T2,2
34-1,4375291,국립강릉원주대학교,학기,일요일·공휴일,15,15.85,T3,14,10.39,T2,-1
34-1,4375291,국립강릉원주대학교,학기,일요일·공휴일,16,28.42,T3,14,10.39,T2,-2
34-1,4375291,국립강릉원주대학교,시험,평일,08,16.16,T3,06,6.91,T1,-2
34-1,4375291,국립강릉원주대학교,시험,평일,09,19.67,T3,07,10.43,T2,-2
34-1,4375291,국립강릉원주대학교,시험,평일,17,13.89,T3,19,8.21,T1,2
34-1,4375291,국립강릉원주대학교,시험,평일,18,15.88,T3,19,8.21,T1,1
34-1,4375291,국립강릉원주대학교,시험,평일,20,14.58,T3,19,8.21,T1,-1
34-1,4375291,국립강릉원주대학교,시험,토요일,15,13.81,T3,16,10.27,T2,1
34-1,4375291,국립강릉원주대학교,시험,일요일·공휴일,17,16.38,T3,19,11.2,T2,2
34-1,4375291,국립강릉원주대학교,시험,일요일·공휴일,20,19.29,T3,19,11.2,T2,-1
34-1,4375291,국립강릉원주대학교,시험,일요일·공휴일,21,19.72,T3,19,11.2,T2,-2
34-1,4375291,국립강릉원주대학교,계절학기,평일,08,18.71,T3,10,10.42,T2,2
34-1,4375291,국립강릉원주대학교,계절학기,평일,11,14.63,T3,10,10.42,T2,-1
34-1,4375291,국립강릉원주대학교,계절학기,평일,12,16.0,T3,10,10.42,T2,-2
34-1,4375291,국립강릉원주대학교,계절학기,평일,13,15.0,T3,14,12.45,T2,1
34-1,4375291,국립강릉원주대학교,계절학기,평일,15,14.64,T3,16,11.66,T2,1
34-1,4375291,국립강릉원주대학교,계절학기,평일,17,13.85,T3,19,9.6,T2,2
34-1,4375291,국립강릉원주대학교,계절학기,평일,18,15.95,T3,20,6.35,T1,2
34-1,4375291,국립강릉원주대학교,계절학기,토요일,15,14.35,T3,16,12.15,T2,1
34-1,4375291,국립강릉원주대학교,방학,평일,08,15.65,T3,06,6.53,T1,-2
34-1,4375291,국립강릉원주대학교,방학,평일,11,15.83,T3,10,10.16,T2,-1
34-1,4375291,국립강릉원주대학교,방학,평일,13,15.33,T3,12,11.82,T2,-1
34-1,4375291,국립강릉원주대학교,방학,평일,14,13.61,T3,12,11.82,T2,-2
34-1,4375291,국립강릉원주대학교,방학,평일,17,16.98,T3,19,9.79,T2,2
34-1,4375291,국립강릉원주대학교,방학,평일,18,15.82,T3,20,8.54,T1,2
34-1,4375291,국립강릉원주대학교,방학,토요일,12,13.44,T3,10,10.86,T2,-2
34-1,4375291,국립강릉원주대학교,방학,토요일,14,13.78,T3,15,10.18,T2,1
34-1,4375291,국립강릉원주대학교,방학,일요일·공휴일,14,13.34,T3,12,11.06,T2,-2
34-1,4375291,국립강릉원주대학교,방학,일요일·공휴일,15,18.95,T3,16,11.27,T2,1
34-1,4375291,국립강릉원주대학교,방학,일요일·공휴일,19,17.04,T3,17,11.49,T2,-2
34-1,4375291,국립강릉원주대학교,방학,일요일·공휴일,20,15.2,T3,21,12.28,T2,1
34-1,4375301,육민관중.고등학교,학기,평일,08,13.54,T3,06,5.28,T1,-2
34-1,4375301,육민관중.고등학교,학기,평일,09,26.18,T3,07,12.45,T2,-2
34-1,4375301,육민관중.고등학교,학기,평일,12,19.84,T3,14,12.43,T2,2
34-1,4375301,육민관중.고등학교,학기,평일,13,29.25,T3,14,12.43,T2,1
34-1,4375301,육민관중.고등학교,학기,평일,15,13.66,T3,14,12.43,T2,-1
34-1,4375301,육민관중.고등학교,학기,평일,16,18.6,T3,14,12.43,T2,-2
34-1,4375301,육민관중.고등학교,학기,평일,17,14.53,T3,19,10.62,T2,2
34-1,4375301,육민관중.고등학교,학기,평일,18,19.71,T3,19,10.62,T2,1
34-1,4375301,육민관중.고등학교,학기,토요일,15,15.43,T3,14,9.92,T2,-1
34-1,4375301,육민관중.고등학교,학기,토요일,17,13.99,T3,19,9.73,T2,2
34-1,4375301,육민관중.고등학교,학기,일요일·공휴일,13,17.09,T3,12,7.66,T1,-1
34-1,4375301,육민관중.고등학교,학기,일요일·공휴일,14,13.99,T3,12,7.66,T1,-2
34-1,4375301,육민관중.고등학교,시험,평일,08,16.21,T3,07,8.56,T1,-1
34-1,4375301,육민관중.고등학교,시험,평일,09,15.62,T3,07,8.56,T1,-2
34-1,4375301,육민관중.고등학교,시험,평일,11,19.77,T3,10,13.11,T2,-1
34-1,4375301,육민관중.고등학교,시험,평일,12,15.59,T3,10,13.11,T2,-2
34-1,4375301,육민관중.고등학교,시험,평일,17,16.44,T3,19,11.21,T2,2
34-1,4375301,육민관중.고등학교,시험,평일,18,17.4,T3,19,11.21,T2,1
34-1,4375301,육민관중.고등학교,시험,평일,20,14.01,T3,21,6.78,T1,1
34-1,4375301,육민관중.고등학교,시험,일요일·공휴일,12,19.53,T3,10,11.64,T2,-2
34-1,4375301,육민관중.고등학교,계절학기,평일,08,18.39,T3,06,5.2,T1,-2
34-1,4375301,육민관중.고등학교,계절학기,평일,12,17.0,T3,10,7.77,T1,-2
34-1,4375301,육민관중.고등학교,계절학기,평일,13,16.33,T3,15,11.45,T2,2
34-1,4375301,육민관중.고등학교,계절학기,평일,14,14.57,T3,15,11.45,T2,1
34-1,4375301,육민관중.고등학교,계절학기,평일,16,15.4,T3,15,11.45,T2,-1
34-1,4375301,육민관중.고등학교,계절학기,평일,17,14.63,T3,19,8.03,T1,2
34-1,4375301,육민관중.고등학교,계절학기,평일,18,14.85,T3,20,6.35,T1,2
34-1,4375301,육민관중.고등학교,계절학기,토요일,13,13.74,T3,12,12.19,T2,-1
34-1,4375301,육민관중.고등학교,방학,평일,11,15.23,T3,10,9.38,T2,-1
34-1,4375301,육민관중.고등학교,방학,평일,12,13.63,T3,10,9.38,T2,-2
34-1,4375301,육민관중.고등학교,방학,평일,14,13.64,T3,16,12.99,T2,2
34-1,4375301,육민관중.고등학교,방학,평일,15,17.13,T3,16,12.99,T2,1
34-1,4375301,육민관중.고등학교,방학,평일,17,18.25,T3,19,6.61,T1,2
34-1,4375301,육민관중.고등학교,방학,토요일,11,14.22,T3,09,7.9,T1,-2
34-1,4375301,육민관중.고등학교,방학,토요일,14,13.91,T3,12,12.37,T2,-2
34-1,4375301,육민관중.고등학교,방학,일요일·공휴일,16,16.46,T3,15,10.76,T2,-1
34-1,4375301,육민관중.고등학교,방학,일요일·공휴일,17,13.6,T3,15,10.76,T2,-2
34-1,4375301,육민관중.고등학교,방학,일요일·공휴일,18,13.41,T3,20,8.88,T1,2
34-1,4375301,육민관중.고등학교,방학,일요일·공휴일,19,13.22,T3,20,8.88,T1,1
34-1,4375351,흥업사거리,학기,평일,12,16.5,T3,10,12.27,T2,-2
34-1,4375351,흥업사거리,학기,평일,13,18.38,T3,11,12.66,T2,-2
34-1,4375351,흥업사거리,학기,평일,17,25.28,T3,19,9.95,T2,2
34-1,4375351,흥업사거리,학기,평일,18,15.86,T3,20,7.07,T1,2
34-1,4375351,흥업사거리,학기,토요일,08,15.05,T3,07,4.51,T1,-1
34-1,4375351,흥업사거리,학기,토요일,13,13.38,T3,12,10.74,T2,-1
34-1,4375351,흥업사거리,시험,평일,08,14.68,T3,06,8.49,T1,-2
34-1,4375351,흥업사거리,시험,평일,10,13.75,T3,09,11.4,T2,-1
34-1,4375351,흥업사거리,시험,평일,11,13.83,T3,09,11.4,T2,-2
34-1,4375351,흥업사거리,시험,평일,17,17.35,T3,19,10.45,T2,2
34-1,4375351,흥업사거리,시험,평일,18,15.41,T3,20,7.56,T1,2
34-1,4375351,흥업사거리,시험,토요일,09,14.52,T3,08,9.92,T2,-1
34-1,4375351,흥업사거리,시험,토요일,11,19.71,T3,10,11.66,T2,-1
34-1,4375351,흥업사거리,시험,토요일,12,16.56,T3,10,11.66,T2,-2
34-1,4375351,흥업사거리,시험,토요일,14,16.46,T3,15,11.98,T2,1
34-1,4375351,흥업사거리,시험,일요일·공휴일,11,13.79,T3,09,9.46,T2,-2
34-1,4375351,흥업사거리,시험,일요일·공휴일,13,14.9,T3,15,12.96,T2,2
34-1,4375351,흥업사거리,시험,일요일·공휴일,16,14.08,T3,18,11.31,T2,2
34-1,4375351,흥업사거리,시험,일요일·공휴일,17,14.71,T3,19,10.03,T2,2
34-1,4375351,흥업사거리,시험,일요일·공휴일,20,16.46,T3,19,10.03,T2,-1
34-1,4375351,흥업사거리,시험,일요일·공휴일,21,15.56,T3,19,10.03,T2,-2
34-1,4375351,흥업사거리,계절학기,평일,15,15.12,T3,16,10.2,T2,1
34-1,4375351,흥업사거리,계절학기,평일,17,13.61,T3,19,6.09,T1,2
34-1,4375351,흥업사거리,계절학기,토요일,11,17.61,T3,09,10.13,T2,-2
34-1,4375351,흥업사거리,계절학기,토요일,13,14.32,T3,12,10.24,T2,-1
34-1,4375351,흥업사거리,계절학기,토요일,14,14.21,T3,12,10.24,T2,-2
34-1,4375351,흥업사거리,계절학기,토요일,15,14.37,T3,17,10.19,T2,2
34-1,4375351,흥업사거리,방학,평일,08,15.02,T3,07,7.24,T1,-1
34-1,4375351,흥업사거리,방학,평일,14,15.26,T3,12,9.42,T2,-2
34-1,4375351,흥업사거리,방학,토요일,13,15.01,T3,15,10.22,T2,2
34-1,4375601,흥업사거리,학기,평일,08,13.95,T3,06,4.79,T1,-2
34-1,4375601,흥업사거리,학기,평일,09,26.58,T3,11,9.99,T2,2
34-1,4375601,흥업사거리,학기,평일,10,21.5,T3,11,9.99,T2,1
34-1,4375601,흥업사거리,학기,평일,12,16.12,T3,14,9.44,T2,2
34-1,4375601,흥업사거리,학기,평일,13,26.85,T3,14,9.44,T2,1
34-1,4375601,흥업사거리,학기,평일,16,14.8,T3,14,9.44,T2,-2
34-1,4375601,흥업사거리,학기,평일,18,15.71,T3,19,8.45,T1,1
34-1,4375601,흥업사거리,학기,일요일·공휴일,16,26.62,T3,14,9.33,T2,-2
34-1,4375601,흥업사거리,학기,일요일·공휴일,17,17.4,T3,15,12.16,T2,-2
34-1,4375601,흥업사거리,시험,평일,08,14.89,T3,07,11.33,T2,-1
34-1,4375601,흥업사거리,시험,평일,09,14.3,T3,07,11.33,T2,-2
34-1,4375601,흥업사거리,시험,평일,13,25.79,T3,15,12.5,T2,2
34-1,4375601,흥업사거리,시험,평일,14,13.66,T3,15,12.5,T2,1
34-1,4375601,흥업사거리,시험,평일,16,19.52,T3,15,12.5,T2,-1
34-1,4375601,흥업사거리,시험,평일,17,13.74,T3,19,7.58,T1,2
34-1,4375601,흥업사거리,시험,평일,18,15.36,T3,19,7.58,T1,1
34-1,4375601,흥업사거리,시험,토요일,14,17.13,T3,16,9.43,T2,2
34-1,4375601,흥업사거리,시험,토요일,20,16.83,T3,19,8.13,T1,-1
34-1,4375601,흥업사거리,시험,일요일·공휴일,11,13.46,T3,09,10.21,T2,-2
34-1,4375601,흥업사거리,시험,일요일·공휴일,12,17.37,T3,10,11.64,T2,-2
34-1,4375601,흥업사거리,계절학기,평일,08,15.4,T3,06,5.16,T1,-2
34-1,4375601,흥업사거리,계절학기,토요일,10,13.61,T3,08,5.79,T1,-2
34-1,4375601,흥업사거리,계절학기,토요일,11,25.54,T3,12,10.6,T2,1
34-1,4375621,국립강릉원주대학교,학기,평일,10,17.81,T3,09,8.6,T1,-1
34-1,4375621,국립강릉원주대학교,학기,평일,11,17.85,T3,09,8.6,T1,-2
34-1,4375621,국립강릉원주대학교,학기,평일,17,32.34,T3,19,13.17,T2,2
34-1,4375621,국립강릉원주대학교,학기,평일,18,19.17,T3,20,8.67,T1,2
34-1,4375621,국립강릉원주대학교,학기,토요일,08,17.55,T3,09,11.42,T2,1
34-1,4375621,국립강릉원주대학교,학기,토요일,10,15.19,T3,09,11.42,T2,-1
34-1,4375621,국립강릉원주대학교,학기,토요일,11,13.42,T3,09,11.42,T2,-2
34-1,4375621,국립강릉원주대학교,학기,토요일,13,15.88,T3,15,11.73,T2,2
34-1,4375621,국립강릉원주대학교,학기,토요일,14,14.35,T3,15,11.73,T2,1
34-1,4375621,국립강릉원주대학교,학기,일요일·공휴일,14,14.32,T3,12,9.84,T2,-2
34-1,4375621,국립강릉원주대학교,학기,일요일·공휴일,16,13.42,T3,15,11.42,T2,-1
34-1,4375621,국립강릉원주대학교,학기,일요일·공휴일,17,14.41,T3,15,11.42,T2,-2
34-1,4375621,국립강릉원주대학교,학기,일요일·공휴일,18,16.43,T3,20,11.65,T2,2
34-1,4375621,국립강릉원주대학교,학기,일요일·공휴일,19,15.09,T3,20,11.65,T2,1
34-1,4375621,국립강릉원주대학교,학기,일요일·공휴일,21,15.96,T3,20,11.65,T2,-1
34-1,4375621,국립강릉원주대학교,시험,평일,10,16.34,T3,09,12.06,T2,-1
34-1,4375621,국립강릉원주대학교,시험,평일,11,16.96,T3,09,12.06,T2,-2
34-1,4375621,국립강릉원주대학교,시험,평일,17,23.51,T3,19,11.62,T2,2
34-1,4375621,국립강릉원주대학교,시험,평일,18,19.6,T3,20,8.88,T1,2
34-1,4375621,국립강릉원주대학교,시험,일요일·공휴일,17,15.8,T3,18,11.81,T2,1
34-1,4375621,국립강릉원주대학교,계절학기,평일,08,13.44,T3,09,10.85,T2,1
34-1,4375621,국립강릉원주대학교,계절학기,평일,11,18.96,T3,09,10.85,T2,-2
34-1,4375621,국립강릉원주대학교,계절학기,평일,13,16.88,T3,12,12.72,T2,-1
34-1,4375621,국립강릉원주대학교,계절학기,평일,14,13.68,T3,12,12.72,T2,-2
34-1,4375621,국립강릉원주대학교,계절학기,평일,17,17.73,T3,19,7.03,T1,2
34-1,4375621,국립강릉원주대학교,계절학기,평일,18,13.86,T3,20,6.43,T1,2
34-1,4375621,국립강릉원주대학교,계절학기,토요일,16,13.31,T3,18,10.38,T2,2
34-1,4375621,국립강릉원주대학교,방학,평일,08,18.45,T3,09,10.01,T2,1
34-1,4375621,국립강릉원주대학교,방학,평일,10,13.54,T3,09,10.01,T2,-1
34-1,4375621,국립강릉원주대학교,방학,평일,11,14.26,T3,09,10.01,T2,-2
34-1,4375621,국립강릉원주대학교,방학,평일,13,15.15,T3,15,11.15,T2,2
34-1,4375621,국립강릉원주대학교,방학,평일,14,19.14,T3,15,11.15,T2,1
34-1,4375621,국립강릉원주대학교,방학,평일,16,13.92,T3,15,11.15,T2,-1
34-1,4375621,국립강릉원주대학교,방학,평일,17,14.51,T3,19,6.99,T1,2
34-1,4375621,국립강릉원주대학교,방학,토요일,14,13.78,T3,15,12.07,T2,1
34-1,4375621,국립강릉원주대학교,방학,일요일·공휴일,14,15.82,T3,16,9.02,T1,2
34-1,4375621,국립강릉원주대학교,방학,일요일·공휴일,15,13.8,T3,16,9.02,T1,1
34-1,4375631,국립강릉원주대학교,학기,평일,09,14.18,T3,07,10.29,T2,-2
34-1,4375631,국립강릉원주대학교,학기,평일,10,18.81,T3,08,12.36,T2,-2
34-1,4375631,국립강릉원주대학교,학기,평일,17,33.31,T3,19,12.56,T2,2
34-1,4375631,국립강릉원주대학교,학기,평일,18,21.41,T3,20,10.12,T2,2
34-1,4375631,국립강릉원주대학교,학기,토요일,08,15.3,T3,09,10.77,T2,1
34-1,4375631,국립강릉원주대학교,학기,토요일,13,14.33,T3,11,12.33,T2,-2
34-1,4375631,국립강릉원주대학교,학기,토요일,14,14.57,T3,16,11.5,T2,2
34-1,4375631,국립강릉원주대학교,학기,토요일,18,13.56,T3,20,6.56,T1,2
34-1,4375631,국립강릉원주대학교,학기,일요일·공휴일,14,13.28,T3,12,9.47,T2,-2
34-1,4375631,국립강릉원주대학교,학기,일요일·공휴일,15,13.66,T3,13,10.88,T2,-2
34-1,4375631,국립강릉원주대학교,학기,일요일·공휴일,17,14.29,T3,19,11.19,T2,2
34-1,4375631,국립강릉원주대학교,학기,일요일·공휴일,18,14.48,T3,19,11.19,T2,1
34-1,4375631,국립강릉원주대학교,학기,일요일·공휴일,20,14.4,T3,19,11.19,T2,-1
34-1,4375631,국립강릉원주대학교,시험,평일,17,22.01,T3,19,9.33,T2,2
34-1,4375631,국립강릉원주대학교,시험,평일,18,14.03,T3,19,9.33,T2,1
34-1,4375631,국립강릉원주대학교,시험,토요일,14,15.63,T3,16,10.6,T2,2
34-1,4375631,국립강릉원주대학교,시험,토요일,18,13.93,T3,16,10.6,T2,-2
34-1,4375631,국립강릉원주대학교,계절학기,평일,08,16.78,T3,09,9.73,T2,1
34-1,4375631,국립강릉원주대학교,계절학기,평일,15,15.36,T3,16,12.5,T2,1
34-1,4375631,국립강릉원주대학교,계절학기,평일,17,16.82,T3,19,6.9,T1,2
34-1,4375631,국립강릉원주대학교,계절학기,평일,18,14.6,T3,19,6.9,T1,1
34-1,4375631,국립강릉원주대학교,계절학기,토요일,10,13.97,T3,08,8.25,T1,-2
34-1,4375631,국립강릉원주대학교,방학,평일,08,15.59,T3,10,13.05,T2,2
34-1,4375631,국립강릉원주대학교,방학,평일,09,14.41,T3,10,13.05,T2,1
34-1,4375631,국립강릉원주대학교,방학,평일,11,15.83,T3,10,13.05,T2,-1
34-1,4375631,국립강릉원주대학교,방학,평일,12,13.66,T3,10,13.05,T2,-2
34-1,4375631,국립강릉원주대학교,방학,평일,18,14.65,T3,20,8.48,T1,2
34-1,4375631,국립강릉원주대학교,방학,토요일,14,14.91,T3,15,12.07,T2,1
34-1,4375651,거장아파트,학기,평일,10,19.55,T3,08,11.86,T2,-2
34-1,4375651,거장아파트,학기,평일,11,20.08,T3,09,11.88,T2,-2
34-1,4375651,거장아파트,학기,평일,17,36.42,T3,19,11.83,T2,2
34-1,4375651,거장아파트,학기,평일,18,22.43,T3,20,9.73,T2,2
34-1,4375651,거장아파트,학기,토요일,08,17.37,T3,07,5.93,T1,-1
34-1,4375651,거장아파트,학기,토요일,10,15.39,T3,09,10.69,T2,-1
34-1,4375651,거장아파트,학기,토요일,11,16.27,T3,09,10.69,T2,-2
34-1,4375651,거장아파트,학기,토요일,14,13.67,T3,16,11.69,T2,2
34-1,4375651,거장아파트,학기,토요일,15,14.54,T3,17,10.33,T2,2
34-1,4375651,거장아파트,학기,일요일·공휴일,16,15.22,T3,15,10.77,T2,-1
34-1,4375651,거장아파트,학기,일요일·공휴일,21,15.29,T3,20,10.48,T2,-1
34-1,4375651,거장아파트,시험,평일,08,16.89,T3,06,8.05,T1,-2
34-1,4375651,거장아파트,시험,평일,09,14.15,T3,07,9.24,T2,-2
34-1,4375651,거장아파트,시험,평일,18,19.1,T3,20,8.87,T1,2
34-1,4375651,거장아파트,시험,평일,19,13.93,T3,20,8.87,T1,1
34-1,4375651,거장아파트,시험,토요일,09,14.52,T3,08,10.92,T2,-1
34-1,4375651,거장아파트,시험,토요일,11,20.04,T3,10,12.33,T2,-1
34-1,4375651,거장아파트,시험,토요일,12,16.56,T3,10,12.33,T2,-2
34-1,4375651,거장아파트,시험,일요일·공휴일,12,21.03,T3,10,10.97,T2,-2
34-1,4375651,거장아파트,시험,일요일·공휴일,21,16.06,T3,19,10.36,T2,-2
34-1,4375651,거장아파트,계절학기,평일,08,15.41,T3,06,7.68,T1,-2
34-1,4375651,거장아파트,계절학기,평일,10,13.29,T3,09,11.89,T2,-1
34-1,4375651,거장아파트,계절학기,평일,11,13.63,T3,09,11.89,T2,-2
34-1,4375651,거장아파트,계절학기,평일,16,13.79,T3,18,11.38,T2,2
34-1,4375651,거장아파트,계절학기,평일,17,16.32,T3,19,6.15,T1,2
34-1,4375651,거장아파트,계절학기,토요일,10,13.97,T3,08,8.0,T1,-2
34-1,4375651,거장아파트,계절학기,토요일,11,18.47,T3,09,10.37,T2,-2
34-1,4375651,거장아파트,계절학기,토요일,12,13.31,T3,13,11.89,T2,1
34-1,4375651,거장아파트,계절학기,토요일,16,15.48,T3,18,10.05,T2,2
34-1,4375651,거장아파트,방학,평일,08,17.26,T3,07,7.64,T1,-1
34-1,4375651,거장아파트,방학,평일,09,13.68,T3,07,7.64,T1,-2
34-1,4375651,거장아파트,방학,평일,13,17.27,T3,15,10.03,T2,2
34-1,4375651,거장아파트,방학,평일,14,20.36,T3,15,10.03,T2,1
34-1,4375651,거장아파트,방학,평일,17,14.05,T3,19,4.71,T1,2
34-1,4375651,거장아파트,방학,토요일,11,15.1,T3,09,7.58,T1,-2
34-1,4375651,거장아파트,방학,토요일,12,14.4,T3,10,10.32,T2,-2
34-1,4375651,거장아파트,방학,토요일,13,15.89,T3,14,12.5,T2,1
34-1,4375651,거장아파트,방학,일요일·공휴일,14,13.96,T3,16,9.12,T2,2
34-1,4375661,아랫거리,학기,평일,19,14.03,T3,21,11.7,T2,2
34-1,4375661,아랫거리,학기,평일,20,14.71,T3,21,11.7,T2,1
34-1,4375661,아랫거리,학기,토요일,09,20.36,T3,07,6.09,T1,-2
34-1,4375661,아랫거리,학기,토요일,15,18.47,T3,17,9.12,T2,2
34-1,4375661,아랫거리,학기,토요일,16,15.19,T3,17,9.12,T2,1
34-1,4375661,아랫거리,학기,일요일·공휴일,10,14.74,T3,09,11.33,T2,-1
34-1,4375661,아랫거리,학기,일요일·공휴일,13,17.17,T3,11,11.98,T2,-2
34-1,4375661,아랫거리,학기,일요일·공휴일,14,15.49,T3,12,12.21,T2,-2
34-1,4375661,아랫거리,시험,평일,08,16.01,T3,07,10.21,T2,-1
34-1,4375661,아랫거리,시험,평일,09,14.01,T3,07,10.21,T2,-2
34-1,4375661,아랫거리,시험,평일,18,23.61,T3,20,10.34,T2,2
34-1,4375661,아랫거리,시험,토요일,13,15.78,T3,15,12.98,T2,2
34-1,4375661,아랫거리,시험,토요일,14,17.13,T3,15,12.98,T2,1
34-1,4375661,아랫거리,계절학기,평일,09,17.23,T3,07,9.51,T2,-2
34-1,4375661,아랫거리,계절학기,평일,18,17.94,T3,20,6.85,T1,2
34-1,4375661,아랫거리,방학,평일,08,19.28,T3,07,8.02,T1,-1
34-1,4375661,아랫거리,방학,평일,09,19.12,T3,07,8.02,T1,-2
34-1,4375661,아랫거리,방학,평일,18,17.83,T3,20,6.08,T1,2
34-1,4375661,아랫거리,방학,토요일,11,19.5,T3,09,11.41,T2,-2
34-1,4375661,아랫거리,방학,토요일,15,14.49,T3,17,10.12,T2,2
34-1,4375661,아랫거리,방학,토요일,16,14.06,T3,18,9.76,T2,2
34-1,4375661,아랫거리,방학,일요일·공휴일,13,16.11,T3,12,11.76,T2,-1
34-1,4375661,아랫거리,방학,일요일·공휴일,14,16.4,T3,12,11.76,T2,-2
34-1,4375661,아랫거리,방학,일요일·공휴일,15,13.8,T3,17,10.2,T2,2
34-1,4375661,아랫거리,방학,일요일·공휴일,16,16.27,T3,17,10.2,T2,1
34-1,4375661,아랫거리,방학,일요일·공휴일,18,13.91,T3,20,7.36,T1,2
34-1,4375681,남송,학기,평일,07,13.48,T3,06,8.91,T1,-1
34-1,4375681,남송,학기,평일,08,16.36,T3,06,8.91,T1,-2
34-1,4375681,남송,학기,평일,18,22.81,T3,20,12.78,T2,2
34-1,4375681,남송,학기,평일,19,17.61,T3,21,9.97,T2,2
34-1,4375681,남송,학기,토요일,13,21.33,T3,15,12.72,T2,2
34-1,4375681,남송,학기,토요일,14,16.44,T3,15,12.72,T2,1
34-1,4375681,남송,학기,토요일,16,15.23,T3,17,12.69,T2,1
34-1,4375681,남송,학기,토요일,18,16.51,T3,19,10.09,T2,1
34-1,4375681,남송,학기,일요일·공휴일,11,13.49,T3,12,9.88,T2,1
34-1,4375681,남송,학기,일요일·공휴일,13,14.5,T3,12,9.88,T2,-1
34-1,4375681,남송,학기,일요일·공휴일,14,16.99,T3,12,9.88,T2,-2
34-1,4375681,남송,학기,일요일·공휴일,16,18.56,T3,15,12.16,T2,-1
34-1,4375681,남송,학기,일요일·공휴일,17,14.85,T3,15,12.16,T2,-2
34-1,4375681,남송,시험,평일,18,21.05,T3,19,12.5,T2,1
34-1,4375681,남송,시험,일요일·공휴일,11,15.21,T3,09,10.55,T2,-2
34-1,4375681,남송,시험,일요일·공휴일,12,22.53,T3,10,10.75,T2,-2
34-1,4375681,남송,계절학기,평일,08,18.35,T3,06,9.06,T2,-2
34-1,4375681,남송,계절학기,평일,17,16.13,T3,19,10.2,T2,2
34-1,4375681,남송,계절학기,평일,18,20.29,T3,20,8.73,T1,2
34-1,4375681,남송,계절학기,토요일,10,16.13,T3,08,7.92,T1,-2
34-1,4375681,남송,방학,평일,08,18.14,T3,07,7.7,T1,-1
34-1,4375681,남송,방학,평일,09,15.19,T3,07,7.7,T1,-2
34-1,4375681,남송,방학,평일,10,22.21,T3,11,12.52,T2,1
34-1,4375681,남송,방학,평일,12,13.49,T3,11,12.52,T2,-1
34-1,4375681,남송,방학,평일,13,25.3,T3,11,12.52,T2,-2
34-1,4375681,남송,방학,평일,17,14.82,T3,19,12.58,T2,2
34-1,4375681,남송,방학,평일,18,18.69,T3,19,12.58,T2,1
34-1,4375681,남송,방학,토요일,11,14.82,T3,10,10.9,T2,-1
34-1,4375681,남송,방학,토요일,13,16.45,T3,15,11.93,T2,2
34-1,4375681,남송,방학,토요일,14,14.35,T3,15,11.93,T2,1
34-1,4375681,남송,방학,토요일,16,13.42,T3,15,11.93,T2,-1
34-1,4375681,남송,방학,일요일·공휴일,11,13.42,T3,09,8.28,T1,-2
34-1,4375681,남송,방학,일요일·공휴일,13,16.91,T3,12,10.92,T2,-1
34-1,4375681,남송,방학,일요일·공휴일,15,15.08,T3,16,10.53,T2,1
34-1,4375691,오페라웨딩홀,학기,평일,06,13.62,T3,08,11.99,T2,2
34-1,4375691,오페라웨딩홀,학기,평일,07,16.54,T3,08,11.99,T2,1
34-1,4375691,오페라웨딩홀,학기,평일,09,21.61,T3,08,11.99,T2,-1
34-1,4375691,오페라웨딩홀,학기,평일,10,22.72,T3,08,11.99,T2,-2
34-1,4375691,오페라웨딩홀,학기,평일,19,16.17,T3,21,9.41,T2,2
34-1,4375691,오페라웨딩홀,학기,평일,20,14.1,T3,21,9.41,T2,1
34-1,4375691,오페라웨딩홀,학기,토요일,08,16.82,T3,07,5.66,T1,-1
34-1,4375691,오페라웨딩홀,학기,토요일,09,20.24,T3,07,5.66,T1,-2
34-1,4375691,오페라웨딩홀,학기,토요일,17,13.95,T3,19,7.33,T1,2
34-1,4375691,오페라웨딩홀,학기,토요일,18,19.01,T3,19,7.33,T1,1
34-1,4375691,오페라웨딩홀,학기,일요일·공휴일,10,14.02,T3,09,11.5,T2,-1
34-1,4375691,오페라웨딩홀,학기,일요일·공휴일,13,15.88,T3,11,11.99,T2,-2
34-1,4375691,오페라웨딩홀,학기,일요일·공휴일,14,13.38,T3,12,12.23,T2,-2
34-1,4375691,오페라웨딩홀,시험,평일,08,14.51,T3,07,10.24,T2,-1
34-1,4375691,오페라웨딩홀,시험,평일,09,14.35,T3,07,10.24,T2,-2
34-1,4375691,오페라웨딩홀,시험,평일,18,22.81,T3,20,9.58,T2,2
34-1,4375691,오페라웨딩홀,시험,평일,19,15.05,T3,21,6.71,T1,2
34-1,4375691,오페라웨딩홀,시험,토요일,11,23.04,T3,10,12.83,T2,-1
34-1,4375691,오페라웨딩홀,시험,토요일,12,17.56,T3,10,12.83,T2,-2
34-1,4375691,오페라웨딩홀,시험,토요일,13,17.61,T3,15,11.98,T2,2
34-1,4375691,오페라웨딩홀,시험,토요일,18,14.01,T3,19,8.88,T1,1
34-1,4375691,오페라웨딩홀,시험,토요일,20,17.17,T3,19,8.88,T1,-1
34-1,4375691,오페라웨딩홀,시험,일요일·공휴일,12,22.2,T3,10,10.47,T2,-2
34-1,4375691,오페라웨딩홀,시험,일요일·공휴일,13,21.24,T3,11,12.21,T2,-2
34-1,4375691,오페라웨딩홀,계절학기,평일,08,16.11,T3,06,9.34,T2,-2
34-1,4375691,오페라웨딩홀,계절학기,평일,09,16.03,T3,07,10.57,T2,-2
34-1,4375691,오페라웨딩홀,계절학기,평일,17,15.38,T3,19,10.35,T2,2
34-1,4375691,오페라웨딩홀,계절학기,평일,18,17.89,T3,20,7.35,T1,2
34-1,4375691,오페라웨딩홀,계절학기,토요일,09,14.25,T3,08,8.92,T1,-1
34-1,4375691,오페라웨딩홀,계절학기,토요일,10,13.97,T3,08,8.92,T1,-2
34-1,4375691,오페라웨딩홀,계절학기,토요일,13,14.89,T3,14,11.24,T2,1
34-1,4375691,오페라웨딩홀,계절학기,토요일,16,15.84,T3,14,11.24,T2,-2
34-1,4375691,오페라웨딩홀,계절학기,토요일,17,13.54,T3,19,8.27,T1,2
34-1,4375691,오페라웨딩홀,계절학기,일요일·공휴일,12,13.42,T3,10,9.41,T2,-2
34-1,4375691,오페라웨딩홀,방학,평일,08,18.84,T3,07,8.6,T1,-1
34-1,4375691,오페라웨딩홀,방학,평일,09,19.75,T3,07,8.6,T1,-2
34-1,4375691,오페라웨딩홀,방학,평일,17,14.93,T3,19,8.94,T1,2
34-1,4375691,오페라웨딩홀,방학,평일,18,21.13,T3,19,8.94,T1,1
34-1,4375691,오페라웨딩홀,방학,토요일,13,19.68,T3,15,11.77,T2,2
34-1,4375691,오페라웨딩홀,방학,토요일,14,14.61,T3,15,11.77,T2,1
34-1,4375691,오페라웨딩홀,방학,일요일·공휴일,11,17.2,T3,09,10.7,T2,-2
34-1,4375691,오페라웨딩홀,방학,일요일·공휴일,12,15.08,T3,10,11.86,T2,-2
34-1,4375691,오페라웨딩홀,방학,일요일·공휴일,15,14.8,T3,17,10.49,T2,2
34-1,4375691,오페라웨딩홀,방학,일요일·공휴일,16,15.92,T3,17,10.49,T2,1
34-1,4375701,청구아파트,학기,평일,07,16.67,T3,06,12.16,T2,-1
34-1,4375701,청구아파트,학기,평일,08,16.19,T3,06,12.16,T2,-2
34-1,4375701,청구아파트,학기,평일,18,24.27,T3,20,12.69,T2,2
34-1,4375701,청구아파트,학기,평일,19,15.72,T3,21,9.5,T2,2
34-1,4375701,청구아파트,학기,토요일,08,17.65,T3,07,6.95,T1,-1
34-1,4375701,청구아파트,학기,토요일,09,22.25,T3,07,6.95,T1,-2
34-1,4375701,청구아파트,학기,토요일,17,14.92,T3,19,7.89,T1,2
34-1,4375701,청구아파트,학기,토요일,18,17.81,T3,19,7.89,T1,1
34-1,4375701,청구아파트,학기,일요일·공휴일,10,14.55,T3,08,9.25,T2,-2
34-1,4375701,청구아파트,학기,일요일·공휴일,11,14.67,T3,12,10.35,T2,1
34-1,4375701,청구아파트,학기,일요일·공휴일,13,18.2,T3,12,10.35,T2,-1
34-1,4375701,청구아파트,학기,일요일·공휴일,14,14.91,T3,12,10.35,T2,-2
34-1,4375701,청구아파트,학기,일요일·공휴일,16,17.84,T3,15,11.42,T2,-1
34-1,4375701,청구아파트,학기,일요일·공휴일,17,14.1,T3,15,11.42,T2,-2
34-1,4375701,청구아파트,학기,일요일·공휴일,18,19.1,T3,19,11.47,T2,1
34-1,4375701,청구아파트,학기,일요일·공휴일,21,15.22,T3,19,11.47,T2,-2
34-1,4375701,청구아파트,시험,평일,08,15.99,T3,07,10.56,T2,-1
34-1,4375701,청구아파트,시험,평일,09,18.62,T3,07,10.56,T2,-2
34-1,4375701,청구아파트,시험,평일,18,18.6,T3,20,9.66,T2,2
34-1,4375701,청구아파트,시험,평일,19,16.28,T3,21,6.02,T1,2
34-1,4375701,청구아파트,시험,토요일,09,17.77,T3,08,11.42,T2,-1
34-1,4375701,청구아파트,시험,토요일,10,13.5,T3,08,11.42,T2,-2
34-1,4375701,청구아파트,시험,토요일,13,16.94,T3,15,12.65,T2,2
34-1,4375701,청구아파트,시험,토요일,14,17.13,T3,16,11.52,T2,2
34-1,4375701,청구아파트,시험,토요일,18,16.26,T3,19,9.21,T2,1
34-1,4375701,청구아파트,시험,토요일,20,17.67,T3,21,8.06,T1,1
34-1,4375701,청구아파트,시험,일요일·공휴일,11,15.54,T3,10,10.72,T2,-1
34-1,4375701,청구아파트,시험,일요일·공휴일,12,23.2,T3,10,10.72,T2,-2
34-1,4375701,청구아파트,시험,일요일·공휴일,16,18.25,T3,18,11.31,T2,2
34-1,4375701,청구아파트,시험,일요일·공휴일,17,16.13,T3,18,11.31,T2,1
34-1,4375701,청구아파트,시험,일요일·공휴일,20,18.07,T3,18,11.31,T2,-2
34-1,4375701,청구아파트,계절학기,평일,08,18.94,T3,06,7.8,T1,-2
34-1,4375701,청구아파트,계절학기,평일,09,20.86,T3,07,12.51,T2,-2
34-1,4375701,청구아파트,계절학기,평일,17,17.25,T3,19,9.57,T2,2
34-1,4375701,청구아파트,계절학기,평일,18,18.51,T3,20,8.9,T1,2
34-1,4375701,청구아파트,계절학기,토요일,10,14.69,T3,08,9.42,T2,-2
34-1,4375701,청구아파트,계절학기,토요일,11,23.04,T3,12,12.17,T2,1
34-1,4375701,청구아파트,계절학기,토요일,13,16.1,T3,12,12.17,T2,-1
34-1,4375701,청구아파트,계절학기,토요일,15,16.15,T3,14,13.02,T2,-1
34-1,4375701,청구아파트,계절학기,토요일,16,16.41,T3,18,11.47,T2,2
34-1,4375701,청구아파트,계절학기,토요일,17,15.54,T3,19,8.37,T1,2
34-1,4375701,청구아파트,계절학기,일요일·공휴일,11,13.4,T3,09,6.16,T1,-2
34-1,4375701,청구아파트,계절학기,일요일·공휴일,12,13.51,T3,10,7.79,T1,-2
34-1,4375701,청구아파트,방학,평일,08,22.5,T3,07,8.51,T1,-1
34-1,4375701,청구아파트,방학,평일,09,19.3,T3,07,8.51,T1,-2
34-1,4375701,청구아파트,방학,평일,17,18.24,T3,19,10.34,T2,2
34-1,4375701,청구아파트,방학,평일,18,18.56,T3,20,10.2,T2,2
34-1,4375701,청구아파트,방학,토요일,09,14.75,T3,08,12.91,T2,-1
34-1,4375701,청구아파트,방학,토요일,10,14.88,T3,08,12.91,T2,-2
34-1,4375701,청구아파트,방학,토요일,15,14.45,T3,17,12.87,T2,2
34-1,4375701,청구아파트,방학,토요일,16,13.51,T3,18,10.35,T2,2
34-1,4375701,청구아파트,방학,일요일·공휴일,10,14.53,T3,08,10.2,T2,-2
34-1,4375701,청구아파트,방학,일요일·공휴일,11,16.46,T3,09,11.1,T2,-2
34-1,4375701,청구아파트,방학,일요일·공휴일,13,18.14,T3,12,12.8,T2,-1
34-1,4375701,청구아파트,방학,일요일·공휴일,14,16.44,T3,12,12.8,T2,-2
34-1,4375701,청구아파트,방학,일요일·공휴일,15,15.54,T3,17,11.83,T2,2
34-1,4375701,청구아파트,방학,일요일·공휴일,16,14.44,T3,17,11.83,T2,1
34-1,4376201,동막골,학기,평일,08,14.79,T3,06,4.88,T1,-2
34-1,4376201,동막골,학기,평일,13,18.51,T3,14,9.18,T2,1
34-1,4376201,동막골,학기,평일,18,14.5,T3,20,7.81,T1,2
34-1,4376201,동막골,계절학기,평일,13,16.83,T3,14,12.52,T2,1
34-1,4376201,동막골,방학,평일,08,14.24,T3,06,4.47,T1,-2
34-1,4376201,동막골,방학,평일,14,14.08,T3,12,8.27,T1,-2
34-1,4376201,동막골,방학,평일,16,16.4,T3,15,12.34,T2,-1
34-1,4376311,동막골,학기,평일,16,18.05,T3,17,9.96,T2,1
34-1,4376311,동막골,학기,토요일,13,13.83,T3,11,9.47,T2,-2
34-1,4376311,동막골,학기,일요일·공휴일,16,13.4,T3,15,12.16,T2,-1
34-1,4376311,동막골,시험,평일,08,15.02,T3,07,5.68,T1,-1
34-1,4376311,동막골,시험,평일,12,14.23,T3,10,12.17,T2,-2
34-1,4376451,꿈드림새마을금고,학기,평일,08,13.53,T3,06,5.59,T1,-2
34-1,4376451,꿈드림새마을금고,학기,평일,12,14.87,T3,11,8.92,T1,-1
34-1,4376451,꿈드림새마을금고,학기,평일,17,15.15,T3,19,7.24,T1,2
34-1,4376451,꿈드림새마을금고,학기,평일,18,14.1,T3,20,5.27,T1,2
34-1,4376451,꿈드림새마을금고,학기,토요일,09,14.03,T3,07,5.18,T1,-2
34-1,4376451,꿈드림새마을금고,학기,토요일,12,18.01,T3,10,11.32,T2,-2
34-1,4376451,꿈드림새마을금고,학기,토요일,14,13.68,T3,16,11.45,T2,2
34-1,4376451,꿈드림새마을금고,학기,일요일·공휴일,14,18.18,T3,13,10.67,T2,-1
34-1,4376451,꿈드림새마을금고,학기,일요일·공휴일,17,13.33,T3,19,10.35,T2,2
34-1,4376451,꿈드림새마을금고,학기,일요일·공휴일,18,13.43,T3,19,10.35,T2,1
34-1,4376451,꿈드림새마을금고,학기,일요일·공휴일,20,13.97,T3,19,10.35,T2,-1
34-1,4376451,꿈드림새마을금고,시험,평일,08,17.2,T3,09,11.55,T2,1
34-1,4376451,꿈드림새마을금고,시험,평일,11,13.64,T3,09,11.55,T2,-2
34-1,4376451,꿈드림새마을금고,시험,평일,12,13.94,T3,14,12.56,T2,2
34-1,4376451,꿈드림새마을금고,시험,평일,13,17.1,T3,14,12.56,T2,1
34-1,4376451,꿈드림새마을금고,시험,평일,15,15.0,T3,14,12.56,T2,-1
34-1,4376451,꿈드림새마을금고,시험,평일,16,17.84,T3,14,12.56,T2,-2
34-1,4376451,꿈드림새마을금고,시험,평일,17,16.61,T3,19,9.75,T2,2
34-1,4376451,꿈드림새마을금고,시험,토요일,13,14.28,T3,15,11.98,T2,2
34-1,4376451,꿈드림새마을금고,시험,토요일,14,17.21,T3,15,11.98,T2,1
34-1,4376451,꿈드림새마을금고,시험,일요일·공휴일,20,17.46,T3,18,11.81,T2,-2
34-1,4376451,꿈드림새마을금고,계절학기,평일,12,13.64,T3,10,10.3,T2,-2
34-1,4376451,꿈드림새마을금고,계절학기,평일,13,13.54,T3,11,10.92,T2,-2
34-1,4376451,꿈드림새마을금고,계절학기,평일,17,15.9,T3,19,6.02,T1,2
34-1,4376451,꿈드림새마을금고,계절학기,토요일,10,15.83,T3,08,7.92,T1,-2
34-1,4376451,꿈드림새마을금고,계절학기,토요일,11,16.9,T3,12,11.53,T2,1
34-1,4376451,꿈드림새마을금고,계절학기,토요일,15,15.18,T3,14,10.91,T2,-1
34-1,4376451,꿈드림새마을금고,방학,평일,08,16.87,T3,07,6.33,T1,-1
34-1,4376451,꿈드림새마을금고,방학,평일,12,14.52,T3,11,11.4,T2,-1
34-1,4376451,꿈드림새마을금고,방학,평일,14,14.87,T3,15,10.62,T2,1
34-1,4376451,꿈드림새마을금고,방학,평일,18,15.06,T3,20,7.38,T1,2
34-1,4376451,꿈드림새마을금고,방학,토요일,11,13.86,T3,10,10.17,T2,-1
34-1,4376451,꿈드림새마을금고,방학,토요일,12,13.95,T3,10,10.17,T2,-2
34-1,4376451,꿈드림새마을금고,방학,토요일,14,17.25,T3,15,12.18,T2,1
34-1,4376451,꿈드림새마을금고,방학,토요일,16,13.99,T3,17,9.62,T2,1
34-1,4376451,꿈드림새마을금고,방학,일요일·공휴일,14,14.13,T3,16,10.14,T2,2
34-1,4376451,꿈드림새마을금고,방학,일요일·공휴일,15,14.95,T3,16,10.14,T2,1
34-1,4376461,단계은행아파트,학기,평일,08,15.78,T3,06,8.07,T1,-2
34-1,4376461,단계은행아파트,학기,평일,09,13.4,T3,11,10.77,T2,2
34-1,4376461,단계은행아파트,학기,평일,12,17.47,T3,11,10.77,T2,-1
34-1,4376461,단계은행아파트,학기,평일,13,15.96,T3,11,10.77,T2,-2
34-1,4376461,단계은행아파트,학기,평일,15,14.02,T3,14,11.03,T2,-1
34-1,4376461,단계은행아파트,학기,평일,16,14.45,T3,14,11.03,T2,-2
34-1,4376461,단계은행아파트,학기,평일,17,17.86,T3,19,8.33,T1,2
34-1,4376461,단계은행아파트,학기,평일,18,15.3,T3,20,6.07,T1,2
34-1,4376461,단계은행아파트,학기,토요일,09,13.55,T3,07,6.21,T1,-2
34-1,4376461,단계은행아파트,학기,토요일,10,13.81,T3,08,11.78,T2,-2
34-1,4376461,단계은행아파트,학기,토요일,12,20.61,T3,11,13.01,T2,-1
34-1,4376461,단계은행아파트,학기,토요일,13,15.6,T3,15,12.56,T2,2
34-1,4376461,단계은행아파트,학기,토요일,14,14.33,T3,16,11.5,T2,2
34-1,4376461,단계은행아파트,학기,일요일·공휴일,12,14.84,T3,13,9.53,T2,1
34-1,4376461,단계은행아파트,학기,일요일·공휴일,14,20.8,T3,13,9.53,T2,-1
34-1,4376461,단계은행아파트,학기,일요일·공휴일,20,13.35,T3,18,11.22,T2,-2
34-1,4376461,단계은행아파트,학기,일요일·공휴일,21,15.34,T3,19,12.94,T2,-2
34-1,4376461,단계은행아파트,시험,평일,08,18.41,T3,06,6.6,T1,-2
34-1,4376461,단계은행아파트,시험,평일,09,13.7,T3,07,10.14,T2,-2
34-1,4376461,단계은행아파트,시험,평일,17,17.79,T3,19,10.36,T2,2
34-1,4376461,단계은행아파트,시험,평일,18,17.2,T3,20,9.26,T2,2
34-1,4376461,단계은행아파트,시험,토요일,06,13.69,T3,07,6.44,T1,1
34-1,4376461,단계은행아파트,시험,토요일,09,14.85,T3,07,6.44,T1,-2
34-1,4376461,단계은행아파트,시험,토요일,11,15.87,T3,10,10.5,T2,-1
34-1,4376461,단계은행아파트,시험,토요일,12,16.23,T3,10,10.5,T2,-2
34-1,4376461,단계은행아파트,시험,토요일,14,18.13,T3,16,9.1,T2,2
34-1,4376461,단계은행아파트,시험,일요일·공휴일,11,13.62,T3,10,11.31,T2,-1
34-1,4376461,단계은행아파트,시험,일요일·공휴일,12,17.7,T3,10,11.31,T2,-2
34-1,4376461,단계은행아파트,시험,일요일·공휴일,16,14.08,T3,18,12.06,T2,2
34-1,4376461,단계은행아파트,시험,일요일·공휴일,20,15.96,T3,19,10.36,T2,-1
34-1,4376461,단계은행아파트,계절학기,평일,08,13.81,T3,06,6.99,T1,-2
34-1,4376461,단계은행아파트,계절학기,평일,10,13.31,T3,09,11.89,T2,-1
34-1,4376461,단계은행아파트,계절학기,평일,12,17.5,T3,11,12.07,T2,-1
34-1,4376461,단계은행아파트,계절학기,평일,13,16.12,T3,11,12.07,T2,-2
34-1,4376461,단계은행아파트,계절학기,평일,14,13.89,T3,16,12.25,T2,2
34-1,4376461,단계은행아파트,계절학기,평일,15,14.44,T3,16,12.25,T2,1
34-1,4376461,단계은행아파트,계절학기,평일,17,14.9,T3,19,7.63,T1,2
34-1,4376461,단계은행아파트,계절학기,토요일,10,13.54,T3,08,6.79,T1,-2
34-1,4376461,단계은행아파트,계절학기,토요일,11,17.76,T3,12,11.86,T2,1
34-1,4376461,단계은행아파트,계절학기,토요일,15,15.3,T3,17,9.97,T2,2
34-1,4376461,단계은행아파트,계절학기,토요일,16,14.48,T3,17,9.97,T2,1
34-1,4376461,단계은행아파트,계절학기,일요일·공휴일,12,16.22,T3,10,7.54,T1,-2
34-1,4376461,단계은행아파트,방학,평일,08,15.61,T3,06,6.9,T1,-2
34-1,4376461,단계은행아파트,방학,평일,09,13.43,T3,07,10.24,T2,-2
34-1,4376461,단계은행아파트,방학,평일,10,14.99,T3,11,13.19,T2,1
34-1,4376461,단계은행아파트,방학,평일,12,17.0,T3,11,13.19,T2,-1
34-1,4376461,단계은행아파트,방학,평일,13,14.31,T3,15,10.5,T2,2
34-1,4376461,단계은행아파트,방학,평일,14,16.61,T3,15,10.5,T2,1
34-1,4376461,단계은행아파트,방학,평일,18,15.09,T3,20,5.52,T1,2
34-1,4376461,단계은행아파트,방학,토요일,11,13.59,T3,10,10.43,T2,-1
34-1,4376461,단계은행아파트,방학,토요일,12,15.36,T3,10,10.43,T2,-2
34-1,4376461,단계은행아파트,방학,토요일,15,14.43,T3,17,9.67,T2,2
34-1,4376461,단계은행아파트,방학,토요일,16,13.3,T3,17,9.67,T2,1
34-1,4376461,단계은행아파트,방학,일요일·공휴일,14,15.3,T3,15,10.9,T2,1
34-1,4376491,보촌,학기,평일,07,13.3,T3,06,5.53,T1,-1
34-1,4376491,보촌,학기,평일,08,21.35,T3,06,5.53,T1,-2
34-1,4376491,보촌,학기,평일,09,23.41,T3,11,10.19,T2,2
34-1,4376491,보촌,학기,평일,10,19.77,T3,11,10.19,T2,1
34-1,4376491,보촌,학기,평일,12,19.04,T3,11,10.19,T2,-1
34-1,4376491,보촌,학기,평일,13,27.64,T3,11,10.19,T2,-2
34-1,4376491,보촌,학기,평일,16,14.63,T3,15,10.67,T2,-1
34-1,4376491,보촌,학기,평일,18,14.97,T3,19,9.39,T2,1
34-1,4376491,보촌,학기,일요일·공휴일,16,19.35,T3,14,11.69,T2,-2
34-1,4376491,보촌,학기,일요일·공휴일,17,18.33,T3,15,13.18,T2,-2
34-1,4376491,보촌,시험,평일,08,20.58,T3,06,7.24,T1,-2
34-1,4376491,보촌,시험,평일,10,13.45,T3,09,11.82,T2,-1
34-1,4376491,보촌,시험,평일,12,17.63,T3,11,12.52,T2,-1
34-1,4376491,보촌,시험,평일,13,24.05,T3,11,12.52,T2,-2
34-1,4376491,보촌,시험,평일,15,16.79,T3,17,13.02,T2,2
34-1,4376491,보촌,시험,평일,16,20.2,T3,17,13.02,T2,1
34-1,4376491,보촌,시험,평일,18,14.16,T3,19,7.81,T1,1
34-1,4376491,보촌,시험,일요일·공휴일,11,14.54,T3,09,9.88,T2,-2
34-1,4376491,보촌,시험,일요일·공휴일,12,18.03,T3,10,12.81,T2,-2
34-1,4376491,보촌,시험,일요일·공휴일,17,15.13,T3,19,10.03,T2,2
34-1,4376491,보촌,시험,일요일·공휴일,20,20.79,T3,19,10.03,T2,-1
34-1,4376491,보촌,시험,일요일·공휴일,21,17.14,T3,19,10.03,T2,-2
34-1,4376491,보촌,계절학기,평일,08,19.0,T3,09,9.59,T2,1
34-1,4376491,보촌,계절학기,평일,13,13.43,T3,15,8.8,T1,2
34-1,4376491,보촌,계절학기,토요일,10,16.97,T3,12,11.69,T2,2
34-1,4376491,보촌,계절학기,토요일,11,24.9,T3,12,11.69,T2,1
34-1,4376491,보촌,계절학기,토요일,15,13.35,T3,16,11.13,T2,1
34-1,4376501,두산위브정문,학기,평일,08,13.34,T3,06,8.56,T1,-2
34-1,4376501,두산위브정문,학기,평일,09,27.34,T3,07,8.89,T1,-2
34-1,4376501,두산위브정문,학기,평일,10,25.68,T3,11,10.18,T2,1
34-1,4376501,두산위브정문,학기,평일,12,16.15,T3,14,8.4,T1,2
34-1,4376501,두산위브정문,학기,평일,13,21.25,T3,14,8.4,T1,1
34-1,4376501,두산위브정문,학기,평일,16,13.4,T3,14,8.4,T1,-2
34-1,4376501,두산위브정문,학기,평일,18,14.99,T3,19,6.75,T1,1
34-1,4376501,두산위브정문,학기,일요일·공휴일,13,13.73,T3,11,7.55,T1,-2
34-1,4376501,두산위브정문,학기,일요일·공휴일,16,22.87,T3,14,11.64,T2,-2
34-1,4376501,두산위브정문,학기,일요일·공휴일,17,18.63,T3,15,12.27,T2,-2
34-1,4376501,두산위브정문,시험,평일,08,13.51,T3,07,8.24,T1,-1
34-1,4376501,두산위브정문,시험,평일,09,13.79,T3,07,8.24,T1,-2
34-1,4376501,두산위브정문,시험,평일,10,18.43,T3,11,12.39,T2,1
34-1,4376501,두산위브정문,시험,평일,12,19.4,T3,11,12.39,T2,-1
34-1,4376501,두산위브정문,시험,평일,13,23.13,T3,11,12.39,T2,-2
34-1,4376501,두산위브정문,시험,평일,17,14.85,T3,19,8.27,T1,2
34-1,4376501,두산위브정문,시험,평일,18,14.53,T3,19,8.27,T1,1
34-1,4376501,두산위브정문,시험,토요일,20,13.83,T3,18,11.43,T2,-2
34-1,4376501,두산위브정문,시험,일요일·공휴일,12,17.7,T3,10,9.81,T2,-2
34-1,4376501,두산위브정문,시험,일요일·공휴일,13,14.57,T3,11,12.21,T2,-2
34-1,4376501,두산위브정문,계절학기,평일,13,14.86,T3,14,8.88,T1,1
34-1,4376521,벌밤골,학기,평일,08,17.67,T3,06,7.73,T1,-2
34-1,4376521,벌밤골,학기,평일,09,24.84,T3,11,8.19,T1,2
34-1,4376521,벌밤골,학기,평일,10,23.74,T3,11,8.19,T1,1
34-1,4376521,벌밤골,학기,평일,12,15.34,T3,11,8.19,T1,-1
34-1,4376521,벌밤골,학기,평일,13,24.0,T3,11,8.19,T1,-2
34-1,4376521,벌밤골,학기,평일,16,15.65,T3,17,9.18,T2,1
34-1,4376521,벌밤골,학기,평일,18,13.62,T3,19,6.37,T1,1
34-1,4376521,벌밤골,학기,토요일,12,13.85,T3,11,10.66,T2,-1
34-1,4376521,벌밤골,학기,토요일,14,13.35,T3,13,11.14,T2,-1
34-1,4376521,벌밤골,학기,토요일,15,13.33,T3,17,10.59,T2,2
34-1,4376521,벌밤골,학기,일요일·공휴일,14,14.82,T3,12,8.04,T1,-2
34-1,4376521,벌밤골,학기,일요일·공휴일,15,14.06,T3,13,12.15,T2,-2
34-1,4376521,벌밤골,학기,일요일·공휴일,17,20.03,T3,16,13.17,T2,-1
34-1,4376521,벌밤골,학기,일요일·공휴일,18,14.67,T3,16,13.17,T2,-2
34-1,4376521,벌밤골,시험,평일,11,22.52,T3,10,12.25,T2,-1
34-1,4376521,벌밤골,시험,평일,12,17.34,T3,10,12.25,T2,-2
34-1,4376521,벌밤골,시험,평일,16,16.72,T3,18,12.23,T2,2
34-1,4376521,벌밤골,시험,평일,17,15.19,T3,19,8.25,T1,2
34-1,4376521,벌밤골,시험,평일,20,14.76,T3,21,8.03,T1,1
34-1,4376521,벌밤골,계절학기,평일,08,17.14,T3,07,8.68,T1,-1
34-1,4376521,벌밤골,계절학기,평일,12,14.0,T3,10,11.1,T2,-2
34-1,4376521,벌밤골,계절학기,평일,13,13.78,T3,15,10.8,T2,2
34-1,4376521,벌밤골,계절학기,토요일,11,26.38,T3,09,9.54,T2,-2
34-1,4376521,벌밤골,계절학기,토요일,13,13.37,T3,14,11.24,T2,1
34-1,4376521,벌밤골,방학,평일,13,13.99,T3,15,8.63,T1,2
34-1,4376521,벌밤골,방학,토요일,12,13.44,T3,10,6.69,T1,-2
34-1,4376531,무수막마을,학기,평일,08,22.13,T3,06,5.31,T1,-2
34-1,4376531,무수막마을,학기,평일,09,30.26,T3,07,6.64,T1,-2
34-1,4376531,무수막마을,학기,평일,10,19.35,T3,11,11.41,T2,1
34-1,4376531,무수막마을,학기,평일,12,16.32,T3,14,9.18,T2,2
34-1,4376531,무수막마을,학기,평일,13,28.72,T3,14,9.18,T2,1
34-1,4376531,무수막마을,학기,평일,16,13.93,T3,14,9.18,T2,-2
34-1,4376531,무수막마을,학기,평일,18,15.31,T3,20,9.34,T2,2
34-1,4376531,무수막마을,학기,일요일·공휴일,14,13.71,T3,12,10.75,T2,-2
34-1,4376531,무수막마을,학기,일요일·공휴일,16,14.06,T3,15,11.7,T2,-1
34-1,4376531,무수막마을,학기,일요일·공휴일,17,15.54,T3,15,11.7,T2,-2
34-1,4376531,무수막마을,시험,평일,08,20.68,T3,07,7.91,T1,-1
34-1,4376531,무수막마을,시험,평일,11,20.59,T3,09,10.51,T2,-2
34-1,4376531,무수막마을,시험,평일,12,14.77,T3,10,12.58,T2,-2
34-1,4376531,무수막마을,시험,평일,17,14.85,T3,19,9.56,T2,2
34-1,4376531,무수막마을,시험,평일,18,13.91,T3,19,9.56,T2,1
34-1,4376531,무수막마을,계절학기,평일,08,15.16,T3,07,4.91,T1,-1
34-1,4376531,무수막마을,계절학기,평일,13,14.5,T3,15,10.92,T2,2
34-1,4376531,무수막마을,계절학기,토요일,10,14.11,T3,09,9.54,T2,-1
34-1,4376531,무수막마을,계절학기,토요일,11,30.55,T3,09,9.54,T2,-2
34-1,4376531,무수막마을,방학,평일,08,14.25,T3,07,3.31,T1,-1
34-1,4376531,무수막마을,방학,평일,12,14.66,T3,10,7.86,T1,-2
34-1,4376531,무수막마을,방학,평일,13,13.49,T3,15,7.66,T1,2
34-1,4376531,무수막마을,방학,일요일·공휴일,15,15.73,T3,16,8.74,T1,1
34-1,4376531,무수막마을,방학,일요일·공휴일,20,17.03,T3,19,8.26,T1,-1
34-1,4376541,세동마을,학기,평일,07,13.83,T3,06,8.56,T1,-1
34-1,4376541,세동마을,학기,평일,08,24.65,T3,06,8.56,T1,-2
34-1,4376541,세동마을,학기,평일,09,25.95,T3,11,10.53,T2,2
34-1,4376541,세동마을,학기,평일,10,20.6,T3,11,10.53,T2,1
34-1,4376541,세동마을,학기,평일,12,18.88,T3,14,8.31,T1,2
34-1,4376541,세동마을,학기,평일,13,29.43,T3,15,7.12,T1,2
34-1,4376541,세동마을,학기,일요일·공휴일,16,27.13,T3,15,9.39,T2,-1
34-1,4376541,세동마을,학기,일요일·공휴일,17,16.32,T3,15,9.39,T2,-2
34-1,4376541,세동마을,학기,일요일·공휴일,19,25.89,T3,18,13.13,T2,-1
34-1,4376541,세동마을,학기,일요일·공휴일,20,20.9,T3,18,13.13,T2,-2
34-1,4376541,세동마을,시험,평일,08,18.45,T3,06,6.58,T1,-2
34-1,4376541,세동마을,시험,평일,10,13.34,T3,09,11.28,T2,-1
34-1,4376541,세동마을,시험,평일,11,16.83,T3,09,11.28,T2,-2
34-1,4376541,세동마을,시험,평일,12,15.8,T3,14,12.06,T2,2
34-1,4376541,세동마을,시험,평일,13,25.79,T3,15,11.39,T2,2
34-1,4376541,세동마을,시험,평일,16,15.6,T3,15,11.39,T2,-1
34-1,4376541,세동마을,시험,일요일·공휴일,12,16.45,T3,11,11.87,T2,-1
34-1,4376541,세동마을,시험,일요일·공휴일,16,14.92,T3,18,12.31,T2,2
34-1,4376541,세동마을,시험,일요일·공휴일,17,15.46,T3,19,12.03,T2,2
34-1,4376541,세동마을,시험,일요일·공휴일,20,18.63,T3,19,12.03,T2,-1
34-1,4376541,세동마을,시험,일요일·공휴일,21,17.81,T3,19,12.03,T2,-2
34-1,4376541,세동마을,계절학기,평일,08,17.61,T3,09,9.57,T2,1
34-1,4376541,세동마을,계절학기,토요일,10,15.97,T3,12,10.36,T2,2
34-1,4376561,연세대스포츠센터,학기,평일,08,16.82,T3,06,2.96,T1,-2
34-1,4376561,연세대스포츠센터,학기,평일,09,20.73,T3,07,3.35,T1,-2
34-1,4376561,연세대스포츠센터,학기,평일,13,16.49,T3,15,4.29,T1,2
34-1,4376561,연세대스포츠센터,시험,평일,08,14.31,T3,06,6.58,T1,-2
34-1,4376561,연세대스포츠센터,시험,평일,12,13.24,T3,14,10.84,T2,2
34-1,4376561,연세대스포츠센터,시험,평일,13,21.99,T3,14,10.84,T2,1
34-1,4376561,연세대스포츠센터,시험,토요일,09,13.35,T3,07,6.11,T1,-2
34-1,4376561,연세대스포츠센터,시험,토요일,12,13.9,T3,13,12.11,T2,1
34-1,4376561,연세대스포츠센터,시험,토요일,14,14.96,T3,15,11.48,T2,1
34-1,4376561,연세대스포츠센터,시험,일요일·공휴일,11,13.71,T3,09,8.38,T1,-2
34-1,4376561,연세대스포츠센터,시험,일요일·공휴일,12,15.87,T3,10,11.31,T2,-2
34-1,4376561,연세대스포츠센터,시험,일요일·공휴일,13,13.4,T3,15,12.63,T2,2
34-1,4376561,연세대스포츠센터,시험,일요일·공휴일,14,15.36,T3,15,12.63,T2,1
34-1,4376561,연세대스포츠센터,시험,일요일·공휴일,16,14.08,T3,18,10.64,T2,2
34-1,4376561,연세대스포츠센터,시험,일요일·공휴일,20,16.46,T3,19,9.7,T2,-1
34-1,4376561,연세대스포츠센터,시험,일요일·공휴일,21,15.0,T3,19,9.7,T2,-2
34-1,4376561,연세대스포츠센터,계절학기,토요일,11,24.38,T3,12,9.52,T2,1
34-1,4376581,연세대복지타운,학기,평일,15,16.57,T3,14,10.24,T2,-1
34-1,4376581,연세대복지타운,학기,평일,16,21.9,T3,14,10.24,T2,-2
34-1,4376581,연세대복지타운,학기,평일,17,21.83,T3,19,9.22,T2,2
34-1,4376581,연세대복지타운,학기,평일,18,13.44,T3,20,7.59,T1,2
34-1,4376581,연세대복지타운,시험,평일,12,13.34,T3,10,10.8,T2,-2
34-1,4376581,연세대복지타운,시험,평일,13,16.19,T3,11,13.08,T2,-2
34-1,4376581,연세대복지타운,시험,평일,17,17.96,T3,19,7.65,T1,2
34-1,4376581,연세대복지타운,시험,평일,18,13.28,T3,19,7.65,T1,1
34-1,4376581,연세대복지타운,시험,토요일,12,13.9,T3,10,10.83,T2,-2
34-1,4376581,연세대복지타운,시험,토요일,14,16.46,T3,16,9.27,T2,2
34-1,4376581,연세대복지타운,시험,일요일·공휴일,12,18.12,T3,11,11.87,T2,-1
34-1,4376581,연세대복지타운,시험,일요일·공휴일,13,14.07,T3,11,11.87,T2,-2
34-1,4376581,연세대복지타운,계절학기,평일,17,14.36,T3,19,5.09,T1,2
34-1,4376581,연세대복지타운,계절학기,토요일,11,14.04,T3,09,8.46,T1,-2
34-1,4376581,연세대복지타운,방학,토요일,12,15.6,T3,11,9.17,T2,-1
34-1,4376591,연세대학교,학기,평일,13,13.22,T3,11,10.37,T2,-2
34-1,4376591,연세대학교,학기,평일,15,17.57,T3,14,13.05,T2,-1
34-1,4376591,연세대학교,학기,평일,16,24.11,T3,14,13.05,T2,-2
34-1,4376591,연세대학교,학기,평일,17,28.26,T3,19,11.56,T2,2
34-1,4376591,연세대학교,학기,평일,18,15.09,T3,20,6.71,T1,2
34-1,4376591,연세대학교,학기,토요일,11,14.11,T3,09,8.49,T1,-2
34-1,4376591,연세대학교,학기,일요일·공휴일,20,14.8,T3,19,10.5,T2,-1
34-1,4376591,연세대학교,시험,평일,12,16.06,T3,10,11.88,T2,-2
34-1,4376591,연세대학교,시험,평일,18,13.79,T3,20,8.84,T1,2
34-1,4376591,연세대학교,시험,토요일,18,13.6,T3,16,10.27,T2,-2
34-1,4376591,연세대학교,시험,일요일·공휴일,13,14.57,T3,11,12.21,T2,-2
34-1,4376591,연세대학교,계절학기,평일,17,15.08,T3,19,6.74,T1,2
34-1,4376591,연세대학교,계절학기,토요일,10,13.22,T3,08,7.08,T1,-2
34-1,4376591,연세대학교,계절학기,토요일,11,16.05,T3,12,10.36,T2,1
34-1,4376591,연세대학교,계절학기,토요일,14,13.66,T3,12,10.36,T2,-2
34-1,4376591,연세대학교,계절학기,토요일,16,13.31,T3,17,9.14,T2,1
34-1,4376601,세동,학기,평일,13,15.56,T3,12,8.87,T1,-1
34-1,4376601,세동,학기,평일,15,18.41,T3,14,12.21,T2,-1
34-1,4376601,세동,학기,평일,16,16.79,T3,14,12.21,T2,-2
34-1,4376601,세동,학기,평일,17,26.99,T3,19,11.44,T2,2
34-1,4376601,세동,학기,평일,18,15.84,T3,20,6.77,T1,2
34-1,4376601,세동,시험,평일,10,13.44,T3,09,10.57,T2,-1
34-1,4376601,세동,시험,평일,13,15.39,T3,11,13.06,T2,-2
34-1,4376601,세동,시험,평일,14,15.12,T3,12,13.17,T2,-2
34-1,4376601,세동,시험,평일,17,19.58,T3,19,7.17,T1,2
34-1,4376601,세동,시험,평일,18,17.59,T3,19,7.17,T1,1
34-1,4376601,세동,시험,토요일,09,13.69,T3,08,9.42,T2,-1
34-1,4376601,세동,시험,토요일,11,15.96,T3,10,11.41,T2,-1
34-1,4376601,세동,시험,토요일,12,14.73,T3,10,11.41,T2,-2
34-1,4376601,세동,시험,토요일,13,13.61,T3,15,11.15,T2,2
34-1,4376601,세동,시험,토요일,14,15.3,T3,15,11.15,T2,1
34-1,4376601,세동,시험,토요일,18,13.93,T3,17,10.71,T2,-1
34-1,4376601,세동,시험,토요일,20,13.83,T3,21,7.73,T1,1
34-1,4376601,세동,시험,일요일·공휴일,13,14.32,T3,11,12.71,T2,-2
34-1,4376601,세동,시험,일요일·공휴일,17,13.21,T3,19,10.36,T2,2
34-1,4376601,세동,시험,일요일·공휴일,20,15.96,T3,19,10.36,T2,-1
34-1,4376601,세동,시험,일요일·공휴일,21,15.56,T3,19,10.36,T2,-2
34-1,4376601,세동,계절학기,평일,13,13.23,T3,14,8.97,T1,1
34-1,4376601,세동,계절학기,평일,15,13.21,T3,14,8.97,T1,-1
34-1,4376601,세동,계절학기,평일,16,13.32,T3,14,8.97,T1,-2
34-1,4376601,세동,계절학기,평일,17,14.73,T3,19,6.14,T1,2
34-1,4376601,세동,계절학기,토요일,11,17.21,T3,09,9.54,T2,-2
34-1,4376601,세동,계절학기,토요일,14,13.71,T3,12,10.53,T2,-2
34-1,4376601,세동,계절학기,토요일,15,21.01,T3,17,9.72,T2,2
34-1,4376611,무수막마을,학기,평일,08,13.59,T3,06,7.48,T1,-2
34-1,4376611,무수막마을,학기,평일,12,13.71,T3,14,10.09,T2,2
34-1,4376611,무수막마을,학기,평일,13,18.4,T3,14,10.09,T2,1
34-1,4376611,무수막마을,학기,평일,15,18.68,T3,14,10.09,T2,-1
34-1,4376611,무수막마을,학기,평일,16,16.48,T3,14,10.09,T2,-2
34-1,4376611,무수막마을,학기,평일,17,31.39,T3,19,10.9,T2,2
34-1,4376611,무수막마을,학기,평일,18,14.91,T3,20,9.64,T2,2
34-1,4376611,무수막마을,학기,토요일,10,14.76,T3,08,11.92,T2,-2
34-1,4376611,무수막마을,학기,토요일,11,13.47,T3,13,11.11,T2,2
34-1,4376611,무수막마을,학기,토요일,16,14.69,T3,17,10.56,T2,1
34-1,4376611,무수막마을,학기,일요일·공휴일,16,14.06,T3,15,12.49,T2,-1
34-1,4376611,무수막마을,학기,일요일·공휴일,18,14.04,T3,20,12.4,T2,2
34-1,4376611,무수막마을,학기,일요일·공휴일,19,14.76,T3,20,12.4,T2,1
34-1,4376611,무수막마을,시험,평일,10,16.67,T3,09,11.65,T2,-1
34-1,4376611,무수막마을,시험,평일,13,18.85,T3,11,12.59,T2,-2
34-1,4376611,무수막마을,시험,평일,18,15.22,T3,20,8.63,T1,2
34-1,4376611,무수막마을,계절학기,평일,13,14.17,T3,11,11.25,T2,-2
34-1,4376611,무수막마을,계절학기,평일,15,13.56,T3,14,12.35,T2,-1
34-1,4376611,무수막마을,계절학기,평일,16,13.57,T3,18,10.66,T2,2
34-1,4376611,무수막마을,계절학기,평일,17,16.97,T3,18,10.66,T2,1
34-1,4376611,무수막마을,계절학기,토요일,11,15.04,T3,09,9.46,T2,-2
34-1,4376611,무수막마을,방학,평일,16,15.56,T3,18,10.08,T2,2
34-1,4376611,무수막마을,방학,토요일,14,14.58,T3,15,11.73,T2,1
34-1,4376621,벌밤골,학기,평일,12,15.94,T3,11,10.16,T2,-1
34-1,4376621,벌밤골,학기,평일,13,16.77,T3,11,10.16,T2,-2
34-1,4376621,벌밤골,학기,평일,17,28.78,T3,19,10.76,T2,2
34-1,4376621,벌밤골,학기,평일,18,16.55,T3,20,7.73,T1,2
34-1,4376621,벌밤골,학기,토요일,10,13.54,T3,09,11.34,T2,-1
34-1,4376621,벌밤골,학기,토요일,11,13.36,T3,09,11.34,T2,-2
34-1,4376621,벌밤골,학기,토요일,13,13.99,T3,15,10.54,T2,2
34-1,4376621,벌밤골,학기,토요일,14,15.52,T3,15,10.54,T2,1
34-1,4376621,벌밤골,학기,일요일·공휴일,14,13.41,T3,12,8.47,T1,-2
34-1,4376621,벌밤골,시험,평일,08,15.85,T3,07,7.91,T1,-1
34-1,4376621,벌밤골,계절학기,평일,13,14.89,T3,11,9.26,T2,-2
34-1,4376621,벌밤골,계절학기,평일,15,14.67,T3,14,12.13,T2,-1
34-1,4376621,벌밤골,계절학기,평일,16,13.44,T3,18,10.95,T2,2
34-1,4376621,벌밤골,계절학기,토요일,11,17.55,T3,13,11.87,T2,2
34-1,4376621,벌밤골,방학,평일,14,14.9,T3,12,9.64,T2,-2
34-1,4376621,벌밤골,방학,토요일,14,13.21,T3,13,11.79,T2,-1
34-1,4376631,두산위브아파트,학기,평일,13,16.85,T3,11,10.62,T2,-2
34-1,4376631,두산위브아파트,학기,평일,14,13.59,T3,12,12.0,T2,-2
34-1,4376631,두산위브아파트,학기,평일,17,27.23,T3,19,10.71,T2,2
34-1,4376631,두산위브아파트,학기,평일,18,14.16,T3,20,6.88,T1,2
34-1,4376631,두산위브아파트,학기,토요일,11,14.68,T3,09,8.26,T1,-2
34-1,4376631,두산위브아파트,학기,일요일·공휴일,17,14.48,T3,15,10.18,T2,-2
34-1,4376631,두산위브아파트,학기,일요일·공휴일,19,13.92,T3,20,10.18,T2,1
34-1,4376631,두산위브아파트,학기,일요일·공휴일,21,15.96,T3,20,10.18,T2,-1
34-1,4376631,두산위브아파트,시험,평일,11,13.27,T3,09,10.95,T2,-2
34-1,4376631,두산위브아파트,시험,평일,17,19.02,T3,19,9.21,T2,2
34-1,4376631,두산위브아파트,시험,평일,18,16.26,T3,19,9.21,T2,1
34-1,4376631,두산위브아파트,시험,토요일,09,13.69,T3,08,9.33,T2,-1
34-1,4376631,두산위브아파트,시험,토요일,11,17.21,T3,10,11.66,T2,-1
34-1,4376631,두산위브아파트,계절학기,평일,12,13.43,T3,14,10.44,T2,2
34-1,4376631,두산위브아파트,계절학기,평일,15,15.14,T3,14,10.44,T2,-1
34-1,4376631,두산위브아파트,계절학기,평일,16,14.55,T3,14,10.44,T2,-2
34-1,4376631,두산위브아파트,계절학기,평일,17,15.95,T3,19,7.03,T1,2
34-1,4376631,두산위브아파트,계절학기,토요일,11,15.47,T3,09,9.96,T2,-2
34-1,4376631,두산위브아파트,방학,토요일,11,13.22,T3,09,8.03,T1,-2
34-1,4376631,두산위브아파트,방학,토요일,14,13.41,T3,12,11.07,T2,-2
34-1,4376641,흥업지구대,학기,평일,13,16.95,T3,11,10.35,T2,-2
34-1,4376641,흥업지구대,학기,평일,15,17.97,T3,14,12.46,T2,-1
34-1,4376641,흥업지구대,학기,평일,16,13.22,T3,14,12.46,T2,-2
34-1,4376641,흥업지구대,학기,평일,17,27.13,T3,19,11.46,T2,2
34-1,4376641,흥업지구대,학기,평일,18,14.88,T3,20,6.72,T1,2
34-1,4376641,흥업지구대,시험,평일,08,16.85,T3,07,7.16,T1,-1
34-1,4376641,흥업지구대,시험,평일,13,15.54,T3,11,12.65,T2,-2
34-1,4376641,흥업지구대,시험,평일,14,15.95,T3,12,13.15,T2,-2
34-1,4376641,흥업지구대,시험,평일,16,19.29,T3,18,12.98,T2,2
34-1,4376641,흥업지구대,시험,평일,17,19.81,T3,18,12.98,T2,1
34-1,4376641,흥업지구대,시험,토요일,09,14.02,T3,08,8.92,T1,-1
34-1,4376641,흥업지구대,시험,토요일,11,17.54,T3,10,12.0,T2,-1
34-1,4376641,흥업지구대,시험,토요일,12,14.65,T3,10,12.0,T2,-2
34-1,4376641,흥업지구대,시험,토요일,18,13.6,T3,19,8.05,T1,1
34-1,4376641,흥업지구대,시험,일요일·공휴일,12,15.87,T3,10,10.97,T2,-2
34-1,4376641,흥업지구대,시험,일요일·공휴일,13,15.57,T3,15,12.63,T2,2
34-1,4376641,흥업지구대,시험,일요일·공휴일,14,16.52,T3,15,12.63,T2,1
34-1,4376641,흥업지구대,시험,일요일·공휴일,20,15.63,T3,18,10.97,T2,-2
34-1,4376641,흥업지구대,계절학기,평일,15,15.68,T3,13,11.13,T2,-2
34-1,4376641,흥업지구대,계절학기,평일,16,13.25,T3,18,11.79,T2,2
34-1,4376641,흥업지구대,계절학기,평일,17,13.36,T3,19,4.82,T1,2
34-1,4376641,흥업지구대,계절학기,토요일,10,13.63,T3,08,7.92,T1,-2
34-1,4376641,흥업지구대,계절학기,토요일,11,15.71,T3,09,10.12,T2,-2
34-1,4376641,흥업지구대,계절학기,토요일,16,13.41,T3,17,9.83,T2,1
34-1,4376641,흥업지구대,방학,토요일,13,13.51,T3,11,10.87,T2,-2
34-1,4376691,단계은행아파트,학기,평일,15,13.69,T3,14,7.59,T1,-1
34-1,4376691,단계은행아파트,학기,평일,16,14.96,T3,14,7.59,T1,-2
34-1,4376691,단계은행아파트,학기,일요일·공휴일,16,15.44,T3,14,10.89,T2,-2
34-1,4376691,단계은행아파트,학기,일요일·공휴일,18,14.3,T3,17,11.31,T2,-1
34-1,4376691,단계은행아파트,학기,일요일·공휴일,20,14.68,T3,19,11.46,T2,-1
34-1,4376691,단계은행아파트,학기,일요일·공휴일,21,13.19,T3,19,11.46,T2,-2
34-1,4376691,단계은행아파트,시험,평일,08,13.71,T3,07,9.93,T2,-1
34-1,4376691,단계은행아파트,시험,평일,09,15.19,T3,07,9.93,T2,-2
34-1,4376691,단계은행아파트,시험,평일,12,13.59,T3,11,10.85,T2,-1
34-1,4376691,단계은행아파트,시험,평일,13,15.32,T3,11,10.85,T2,-2
34-1,4376691,단계은행아파트,시험,평일,15,14.05,T3,14,12.96,T2,-1
34-1,4376691,단계은행아파트,시험,평일,16,13.59,T3,14,12.96,T2,-2
34-1,4376691,단계은행아파트,시험,평일,17,15.16,T3,19,7.87,T1,2
34-1,4376691,단계은행아파트,시험,평일,18,13.83,T3,19,7.87,T1,1
34-1,4376691,단계은행아파트,시험,토요일,09,15.52,T3,08,8.58,T1,-1
34-1,4376691,단계은행아파트,시험,토요일,12,14.23,T3,10,10.5,T2,-2
34-1,4376691,단계은행아파트,시험,토요일,14,16.63,T3,13,12.11,T2,-1
34-1,4376691,단계은행아파트,시험,토요일,20,14.5,T3,21,8.89,T1,1
34-1,4376691,단계은행아파트,시험,일요일·공휴일,17,14.3,T3,19,12.36,T2,2
34-1,4376691,단계은행아파트,시험,일요일·공휴일,18,15.14,T3,19,12.36,T2,1
34-1,4376691,단계은행아파트,계절학기,평일,08,14.5,T3,10,7.83,T1,2
34-1,4376691,단계은행아파트,계절학기,토요일,11,14.76,T3,09,10.54,T2,-2
34-1,4376691,단계은행아파트,계절학기,토요일,15,13.35,T3,13,11.17,T2,-2
34-1,4376691,단계은행아파트,계절학기,토요일,16,14.27,T3,18,10.9,T2,2
34-1,4376701,꿈드림새마을금고,학기,평일,08,13.58,T3,10,5.91,T1,2
34-1,4376701,꿈드림새마을금고,학기,평일,16,14.05,T3,14,9.1,T2,-2
34-1,4376701,꿈드림새마을금고,학기,토요일,11,15.66,T3,09,9.53,T2,-2
34-1,4376701,꿈드림새마을금고,학기,일요일·공휴일,15,13.57,T3,13,9.34,T2,-2
34-1,4376701,꿈드림새마을금고,학기,일요일·공휴일,16,14.42,T3,17,11.9,T2,1
34-1,4376701,꿈드림새마을금고,학기,일요일·공휴일,18,13.79,T3,17,11.9,T2,-1
34-1,4376701,꿈드림새마을금고,학기,일요일·공휴일,19,13.82,T3,17,11.9,T2,-2
34-1,4376701,꿈드림새마을금고,시험,평일,08,15.35,T3,07,9.41,T2,-1
34-1,4376701,꿈드림새마을금고,시험,평일,09,16.26,T3,07,9.41,T2,-2
34-1,4376701,꿈드림새마을금고,시험,평일,11,13.35,T3,10,12.84,T2,-1
34-1,4376701,꿈드림새마을금고,시험,평일,12,14.2,T3,10,12.84,T2,-2
34-1,4376701,꿈드림새마을금고,시험,평일,18,13.85,T3,20,10.25,T2,2
34-1,4376701,꿈드림새마을금고,계절학기,토요일,10,13.3,T3,12,11.19,T2,2
34-1,4376701,꿈드림새마을금고,계절학기,토요일,11,15.26,T3,12,11.19,T2,1
34-1,4376701,꿈드림새마을금고,계절학기,토요일,13,13.37,T3,12,11.19,T2,-1
34-1,4376701,꿈드림새마을금고,계절학기,토요일,16,14.81,T3,18,11.55,T2,2
34-1,4376701,꿈드림새마을금고,방학,평일,08,15.08,T3,10,6.99,T1,2
34-1,4376701,꿈드림새마을금고,방학,토요일,16,13.36,T3,17,9.84,T2,1
34-1,4376711,우리병원,학기,평일,18,14.66,T3,20,5.13,T1,2
34-1,4376711,우리병원,학기,토요일,11,13.68,T3,09,11.73,T2,-2
34-1,4376711,우리병원,학기,토요일,12,14.68,T3,14,11.14,T2,2
34-1,4376711,우리병원,학기,토요일,13,13.42,T3,14,11.14,T2,1
34-1,4376711,우리병원,학기,일요일·공휴일,14,17.13,T3,13,10.84,T2,-1
34-1,4376711,우리병원,학기,일요일·공휴일,19,15.09,T3,18,11.48,T2,-1
34-1,4376711,우리병원,학기,일요일·공휴일,20,15.97,T3,18,11.48,T2,-2
34-1,4376711,우리병원,시험,평일,08,14.89,T3,07,9.07,T2,-1
34-1,4376711,우리병원,시험,평일,09,13.59,T3,07,9.07,T2,-2
34-1,4376711,우리병원,시험,평일,12,15.48,T3,10,10.23,T2,-2
34-1,4376711,우리병원,시험,일요일·공휴일,16,14.42,T3,18,11.31,T2,2
34-1,4376711,우리병원,계절학기,평일,12,14.0,T3,14,11.26,T2,2
34-1,4376711,우리병원,계절학기,평일,15,14.07,T3,16,10.33,T2,1
34-1,4376711,우리병원,계절학기,평일,18,14.29,T3,19,5.38,T1,1
34-1,4376711,우리병원,계절학기,토요일,14,13.91,T3,12,11.19,T2,-2
34-1,4376711,우리병원,방학,평일,18,15.71,T3,19,4.9,T1,1
34-1,4376711,우리병원,방학,토요일,14,13.44,T3,13,11.33,T2,-1
34-1,4376711,우리병원,방학,일요일·공휴일,14,13.84,T3,12,10.92,T2,-2
34-1,4376831,서곡삼거리,학기,평일,09,13.49,T3,07,10.62,T2,-2
34-1,4376831,서곡삼거리,학기,평일,17,37.78,T3,19,10.26,T2,2
34-1,4376831,서곡삼거리,학기,평일,18,22.55,T3,19,10.26,T2,1
34-1,4376831,서곡삼거리,학기,토요일,10,14.22,T3,09,12.34,T2,-1
34-1,4376831,서곡삼거리,학기,토요일,13,16.33,T3,12,12.39,T2,-1
34-1,4376831,서곡삼거리,학기,토요일,14,18.18,T3,12,12.39,T2,-2
34-1,4376831,서곡삼거리,학기,일요일·공휴일,14,14.82,T3,12,10.21,T2,-2
34-1,4376831,서곡삼거리,계절학기,평일,13,15.62,T3,11,12.39,T2,-2
34-1,4377061,회촌,학기,토요일,13,14.16,T3,11,7.62,T1,-2
34-1,4377061,회촌,학기,일요일·공휴일,19,13.92,T3,17,7.93,T1,-2
34-1,4377061,회촌,시험,평일,13,14.8,T3,12,11.17,T2,-1
34-1,4377061,회촌,시험,평일,15,14.17,T3,14,11.95,T2,-1
34-1,4377061,회촌,시험,평일,16,16.72,T3,14,11.95,T2,-2
34-1,4377061,회촌,시험,평일,18,14.38,T3,20,7.58,T1,2
34-1,4377061,회촌,시험,토요일,20,13.5,T3,19,7.71,T1,-1
34-1,4377061,회촌,계절학기,평일,15,13.23,T3,13,9.67,T2,-2
34-1,4377061,회촌,계절학기,토요일,11,15.88,T3,12,10.36,T2,1
34-1,4377331,한촌,학기,평일,13,18.84,T3,14,5.54,T1,1
34-1,4377331,한촌,학기,일요일·공휴일,18,13.56,T3,16,12.2,T2,-2
34-1,4377331,한촌,계절학기,평일,08,13.33,T3,06,6.06,T1,-2
34-1,4377331,한촌,계절학기,평일,13,13.83,T3,15,11.34,T2,2
34-1,4377331,한촌,계절학기,토요일,10,13.63,T3,09,9.54,T2,-1
34-1,4377331,한촌,방학,평일,08,14.58,T3,07,4.92,T1,-1
34-1,4377331,한촌,방학,평일,16,13.55,T3,15,9.24,T2,-1
34-1,4377341,한촌,학기,일요일·공휴일,18,13.56,T3,19,10.19,T2,1
34-1,4377341,한촌,시험,평일,08,14.68,T3,10,12.17,T2,2
34-1,4377341,한촌,시험,평일,12,14.56,T3,10,12.17,T2,-2
34-1,4377341,한촌,방학,평일,13,13.56,T3,15,7.34,T1,2
34-1,4377401,변판서골,학기,평일,08,23.82,T3,07,9.72,T2,-1
34-1,4377401,변판서골,학기,평일,17,18.19,T3,19,12.57,T2,2
34-1,4377401,변판서골,학기,평일,18,23.07,T3,19,12.57,T2,1
34-1,4377401,변판서골,학기,토요일,13,15.99,T3,15,12.76,T2,2
34-1,4377401,변판서골,학기,토요일,14,16.68,T3,15,12.76,T2,1
34-1,4377401,변판서골,학기,토요일,17,13.32,T3,15,12.76,T2,-2
34-1,4377401,변판서골,학기,일요일·공휴일,14,13.99,T3,13,12.34,T2,-1
34-1,4377401,변판서골,학기,일요일·공휴일,15,14.57,T3,13,12.34,T2,-2
34-1,4377401,변판서골,시험,평일,18,19.22,T3,20,9.34,T2,2
34-1,4377401,변판서골,계절학기,평일,17,15.13,T3,18,10.93,T2,1
34-1,4377401,변판서골,방학,평일,17,17.22,T3,19,10.99,T2,2
34-1,4377401,변판서골,방학,일요일·공휴일,13,14.01,T3,12,10.26,T2,-1
34-1,4377881,변판서골,학기,평일,19,16.94,T3,21,11.25,T2,2
34-1,4377881,변판서골,학기,토요일,10,17.41,T3,12,13.02,T2,2
34-1,4377881,변판서골,학기,토요일,11,24.54,T3,12,13.02,T2,1
34-1,4377881,변판서골,학기,일요일·공휴일,10,14.56,T3,08,10.87,T2,-2
34-1,4377881,변판서골,학기,일요일·공휴일,13,18.63,T3,12,11.66,T2,-1
34-1,4377881,변판서골,학기,일요일·공휴일,14,14.16,T3,12,11.66,T2,-2
34-1,4377881,변판서골,계절학기,평일,09,15.58,T3,10,12.63,T2,1
34-1,4377881,변판서골,계절학기,일요일·공휴일,13,13.28,T3,11,13.04,T2,-2
34-1,4377881,변판서골,방학,토요일,11,19.09,T3,10,11.2,T2,-1
34-1,4377881,변판서골,방학,일요일·공휴일,11,13.44,T3,10,12.61,T2,-1
34-1,4377881,변판서골,방학,일요일·공휴일,12,13.57,T3,10,12.61,T2,-2
34-1,4379181,연세대(시내방면),학기,평일,16,14.96,T3,14,7.2,T1,-2
34-1,4379181,연세대(시내방면),시험,평일,15,14.47,T3,14,11.54,T2,-1
34-1,4379181,연세대(시내방면),시험,일요일·공휴일,11,13.37,T3,09,8.38,T1,-2
34-1,4379181,연세대(시내방면),시험,일요일·공휴일,12,19.53,T3,10,10.14,T2,-2
34-1,4379181,연세대(시내방면),시험,일요일·공휴일,13,13.74,T3,15,12.29,T2,2
34-1,4379181,연세대(시내방면),시험,일요일·공휴일,16,14.08,T3,15,12.29,T2,-1
34-1,4379181,연세대(시내방면),계절학기,토요일,11,16.05,T3,09,7.89,T1,-2
34-1,4379181,연세대(시내방면),계절학기,토요일,14,13.91,T3,12,8.6,T1,-2
34-1,4379181,연세대(시내방면),계절학기,토요일,15,18.3,T3,16,10.41,T2,1
34-1,4379191,연세대정문,학기,평일,09,25.65,T3,11,12.11,T2,2
34-1,4379191,연세대정문,학기,평일,10,20.51,T3,11,12.11,T2,1
34-1,4379191,연세대정문,학기,평일,12,17.21,T3,11,12.11,T2,-1
34-1,4379191,연세대정문,학기,평일,13,23.63,T3,11,12.11,T2,-2
34-1,4379191,연세대정문,학기,평일,15,13.73,T3,17,12.09,T2,2
34-1,4379191,연세대정문,학기,평일,16,15.85,T3,18,12.0,T2,2
34-1,4379191,연세대정문,학기,토요일,11,13.3,T3,09,8.04,T1,-2
34-1,4379191,연세대정문,학기,토요일,13,13.71,T3,15,11.47,T2,2
34-1,4379191,연세대정문,학기,일요일·공휴일,12,13.33,T3,11,9.48,T2,-1
34-1,4379191,연세대정문,학기,일요일·공휴일,15,13.94,T3,13,10.84,T2,-2
34-1,4379191,연세대정문,학기,일요일·공휴일,16,21.14,T3,14,10.99,T2,-2
34-1,4379191,연세대정문,계절학기,평일,08,18.62,T3,10,8.6,T1,2
34-1,4379191,연세대정문,계절학기,평일,13,13.43,T3,12,12.67,T2,-1
34-1,4379191,연세대정문,계절학기,평일,14,13.36,T3,16,10.0,T2,2
34-1,4379191,연세대정문,방학,평일,13,14.99,T3,11,9.56,T2,-2
34-1,4379191,연세대정문,방학,평일,14,15.65,T3,12,9.62,T2,-2
34-1,4379191,연세대정문,방학,평일,16,15.23,T3,17,8.37,T1,1
34-1,4381451,미촌,학기,평일,18,14.5,T3,17,4.92,T1,-1
34-1,4381451,미촌,학기,일요일·공휴일,16,13.73,T3,14,11.28,T2,-2
34-1,4381451,미촌,시험,평일,12,14.23,T3,10,12.5,T2,-2
34-1,4381451,미촌,시험,일요일·공휴일,12,17.03,T3,10,10.14,T2,-2
34-1,4381451,미촌,계절학기,평일,08,13.33,T3,07,7.85,T1,-1
34-1,4381451,미촌,계절학기,평일,13,14.43,T3,11,10.82,T2,-2
34-1,4381451,미촌,계절학기,평일,16,13.33,T3,17,10.1,T2,1
34-1,4381451,미촌,계절학기,토요일,10,13.3,T3,12,10.69,T2,2
34-1,4381451,미촌,계절학기,토요일,11,14.33,T3,12,10.69,T2,1
34-1,4381451,미촌,방학,평일,08,14.24,T3,07,6.17,T1,-1
34-1,4381451,미촌,방학,토요일,13,14.02,T3,11,11.22,T2,-2
34-1,4381461,매지리,학기,평일,16,13.59,T3,14,6.57,T1,-2
34-1,4381461,매지리,학기,토요일,11,13.3,T3,12,10.59,T2,1
34-1,4381461,매지리,학기,일요일·공휴일,16,13.4,T3,15,9.12,T2,-1
34-1,4381461,매지리,시험,평일,08,14.68,T3,07,7.57,T1,-1
34-1,4381461,매지리,시험,평일,13,13.61,T3,11,11.73,T2,-2
34-1,4381911,단구은행아파트,학기,평일,07,15.11,T3,06,10.77,T2,-1
34-1,4381911,단구은행아파트,학기,평일,08,21.07,T3,06,10.77,T2,-2
34-1,4381911,단구은행아파트,학기,평일,17,25.39,T3,19,12.37,T2,2
34-1,4381911,단구은행아파트,학기,평일,18,19.33,T3,20,8.44,T1,2
34-1,4381911,단구은행아파트,학기,토요일,08,17.79,T3,07,6.32,T1,-1
34-1,4381911,단구은행아파트,학기,토요일,09,21.88,T3,07,6.32,T1,-2
34-1,4381911,단구은행아파트,학기,토요일,15,16.37,T3,17,10.93,T2,2
34-1,4381911,단구은행아파트,학기,토요일,16,17.09,T3,17,10.93,T2,1
34-1,4381911,단구은행아파트,학기,토요일,18,18.37,T3,19,8.58,T1,1
34-1,4381911,단구은행아파트,학기,일요일·공휴일,10,13.61,T3,09,10.66,T2,-1
34-1,4381911,단구은행아파트,학기,일요일·공휴일,11,16.1,T3,09,10.66,T2,-2
34-1,4381911,단구은행아파트,학기,일요일·공휴일,13,16.9,T3,12,13.02,T2,-1
34-1,4381911,단구은행아파트,학기,일요일·공휴일,14,16.13,T3,12,13.02,T2,-2
34-1,4381911,단구은행아파트,학기,일요일·공휴일,15,14.62,T3,17,11.98,T2,2
34-1,4381911,단구은행아파트,학기,일요일·공휴일,16,16.64,T3,17,11.98,T2,1
34-1,4381911,단구은행아파트,학기,일요일·공휴일,19,14.08,T3,17,11.98,T2,-2
34-1,4381911,단구은행아파트,학기,일요일·공휴일,21,15.63,T3,20,12.71,T2,-1
34-1,4381911,단구은행아파트,시험,평일,08,18.7,T3,07,10.06,T2,-1
34-1,4381911,단구은행아파트,시험,평일,09,14.29,T3,07,10.06,T2,-2
34-1,4381911,단구은행아파트,시험,평일,17,19.96,T3,19,12.75,T2,2
34-1,4381911,단구은행아파트,시험,평일,18,14.33,T3,19,12.75,T2,1
34-1,4381911,단구은행아파트,시험,일요일·공휴일,11,16.37,T3,10,10.97,T2,-1
34-1,4381911,단구은행아파트,시험,일요일·공휴일,17,14.8,T3,18,12.47,T2,1
34-1,4381911,단구은행아파트,계절학기,평일,08,19.13,T3,07,10.51,T2,-1
34-1,4381911,단구은행아파트,계절학기,평일,09,19.6,T3,07,10.51,T2,-2
34-1,4381911,단구은행아파트,계절학기,평일,17,18.38,T3,19,7.31,T1,2
34-1,4381911,단구은행아파트,계절학기,평일,18,17.16,T3,19,7.31,T1,1
34-1,4381911,단구은행아파트,계절학기,일요일·공휴일,13,13.61,T3,11,10.54,T2,-2
34-1,4381911,단구은행아파트,방학,평일,08,24.21,T3,07,10.01,T2,-1
34-1,4381911,단구은행아파트,방학,평일,09,23.27,T3,07,10.01,T2,-2
34-1,4381911,단구은행아파트,방학,평일,17,16.36,T3,19,8.24,T1,2
34-1,4381911,단구은행아파트,방학,평일,18,16.44,T3,19,8.24,T1,1
34-1,4381911,단구은행아파트,방학,토요일,08,13.35,T3,07,5.63,T1,-1
34-1,4381911,단구은행아파트,방학,토요일,10,14.21,T3,09,12.54,T2,-1
34-1,4381911,단구은행아파트,방학,토요일,11,19.17,T3,09,12.54,T2,-2
34-1,4381911,단구은행아파트,방학,토요일,15,14.86,T3,17,11.95,T2,2
34-1,4381911,단구은행아파트,방학,토요일,16,13.97,T3,18,11.58,T2,2
34-1,4381911,단구은행아파트,방학,일요일·공휴일,11,16.04,T3,10,11.84,T2,-1
34-1,4381911,단구은행아파트,방학,일요일·공휴일,12,14.31,T3,10,11.84,T2,-2
34-1,4381911,단구은행아파트,방학,일요일·공휴일,14,16.14,T3,16,12.11,T2,2
34-1,4381911,단구은행아파트,방학,일요일·공휴일,15,13.81,T3,17,11.05,T2,2
34-1,4381921,단구은행아파트,학기,평일,08,25.49,T3,07,10.28,T2,-1
34-1,4381921,단구은행아파트,학기,평일,09,25.24,T3,07,10.28,T2,-2
34-1,4381921,단구은행아파트,학기,평일,17,24.47,T3,19,12.81,T2,2
34-1,4381921,단구은행아파트,학기,평일,18,27.35,T3,20,8.72,T1,2
34-1,4381921,단구은행아파트,학기,토요일,08,15.57,T3,09,12.62,T2,1
34-1,4381921,단구은행아파트,학기,토요일,10,17.36,T3,09,12.62,T2,-1
34-1,4381921,단구은행아파트,학기,토요일,11,16.53,T3,09,12.62,T2,-2
34-1,4381921,단구은행아파트,학기,토요일,16,17.26,T3,18,12.95,T2,2
34-1,4381921,단구은행아파트,학기,토요일,17,18.24,T3,19,11.16,T2,2
34-1,4381921,단구은행아파트,학기,토요일,21,16.01,T3,19,11.16,T2,-2
34-1,4381921,단구은행아파트,학기,일요일·공휴일,10,13.27,T3,11,10.29,T2,1
34-1,4381921,단구은행아파트,학기,일요일·공휴일,13,14.34,T3,11,10.29,T2,-2
34-1,4381921,단구은행아파트,학기,일요일·공휴일,14,15.39,T3,12,12.9,T2,-2
34-1,4381921,단구은행아파트,시험,평일,08,22.12,T3,07,9.07,T2,-1
34-1,4381921,단구은행아파트,시험,평일,09,15.29,T3,07,9.07,T2,-2
34-1,4381921,단구은행아파트,시험,평일,17,21.35,T3,19,10.21,T2,2
34-1,4381921,단구은행아파트,시험,평일,18,18.66,T3,19,10.21,T2,1
34-1,4381921,단구은행아파트,시험,일요일·공휴일,20,20.04,T3,19,12.7,T2,-1
34-1,4381921,단구은행아파트,계절학기,평일,08,16.33,T3,06,7.23,T1,-2
34-1,4381921,단구은행아파트,계절학기,평일,12,17.0,T3,10,12.54,T2,-2
34-1,4381921,단구은행아파트,계절학기,평일,13,15.0,T3,11,12.85,T2,-2
34-1,4381921,단구은행아파트,계절학기,평일,17,15.75,T3,19,9.24,T2,2
34-1,4381921,단구은행아파트,계절학기,평일,18,14.58,T3,20,6.29,T1,2
34-1,4381921,단구은행아파트,계절학기,일요일·공휴일,13,13.95,T3,15,9.6,T2,2
34-1,4381921,단구은행아파트,방학,평일,08,21.38,T3,06,8.17,T1,-2
34-1,4381921,단구은행아파트,방학,평일,10,16.96,T3,09,12.08,T2,-1
34-1,4381921,단구은행아파트,방학,평일,11,16.35,T3,09,12.08,T2,-2
34-1,4381921,단구은행아파트,방학,평일,17,22.65,T3,19,9.13,T2,2
34-1,4381921,단구은행아파트,방학,평일,18,15.2,T3,20,8.46,T1,2
34-1,4381921,단구은행아파트,방학,토요일,11,16.09,T3,09,10.05,T2,-2
34-1,4381921,단구은행아파트,방학,토요일,12,15.66,T3,10,13.03,T2,-2
34-1,4381921,단구은행아파트,방학,토요일,17,14.02,T3,19,8.82,T1,2
34-1,4381921,단구은행아파트,방학,토요일,18,13.22,T3,20,7.77,T1,2
34-1,4381921,단구은행아파트,방학,일요일·공휴일,14,15.34,T3,16,12.22,T2,2
34-1,4381921,단구은행아파트,방학,일요일·공휴일,15,19.62,T3,16,12.22,T2,1
34-1,4381921,단구은행아파트,방학,일요일·공휴일,17,16.24,T3,19,9.29,T2,2
34-1,4381921,단구은행아파트,방학,일요일·공휴일,18,15.36,T3,20,6.81,T1,2
34-1,4386361,,학기,평일,13,17.15,T3,14,12.0,T2,1
34-1,4386361,,학기,평일,15,14.83,T3,14,12.0,T2,-1
34-1,4386361,,학기,평일,16,16.88,T3,14,12.0,T2,-2
34-1,4388781,원주역(흥업방면.승차전용),학기,평일,07,16.14,T3,06,6.84,T1,-1
34-1,4388781,원주역(흥업방면.승차전용),학기,평일,08,26.55,T3,06,6.84,T1,-2
34-1,4388781,원주역(흥업방면.승차전용),학기,평일,17,17.24,T3,19,12.1,T2,2
34-1,4388781,원주역(흥업방면.승차전용),학기,평일,18,23.07,T3,19,12.1,T2,1
34-1,4388781,원주역(흥업방면.승차전용),학기,평일,20,15.25,T3,19,12.1,T2,-1
34-1,4388781,원주역(흥업방면.승차전용),학기,평일,21,13.52,T3,19,12.1,T2,-2
34-1,4388781,원주역(흥업방면.승차전용),학기,토요일,09,13.79,T3,07,4.94,T1,-2
34-1,4388781,원주역(흥업방면.승차전용),학기,토요일,11,14.7,T3,12,12.01,T2,1
34-1,4388781,원주역(흥업방면.승차전용),학기,토요일,13,13.66,T3,14,11.21,T2,1
34-1,4388781,원주역(흥업방면.승차전용),학기,토요일,15,14.74,T3,14,11.21,T2,-1
34-1,4388781,원주역(흥업방면.승차전용),학기,토요일,17,13.5,T3,19,11.42,T2,2
34-1,4388781,원주역(흥업방면.승차전용),학기,토요일,20,13.76,T3,19,11.42,T2,-1
34-1,4388781,원주역(흥업방면.승차전용),학기,토요일,21,13.21,T3,19,11.42,T2,-2
34-1,4388781,원주역(흥업방면.승차전용),학기,일요일·공휴일,12,15.87,T3,11,9.99,T2,-1
34-1,4388781,원주역(흥업방면.승차전용),학기,일요일·공휴일,13,18.47,T3,11,9.99,T2,-2
34-1,4388781,원주역(흥업방면.승차전용),학기,일요일·공휴일,15,19.96,T3,14,12.66,T2,-1
34-1,4388781,원주역(흥업방면.승차전용),학기,일요일·공휴일,16,35.14,T3,14,12.66,T2,-2
34-1,4388781,원주역(흥업방면.승차전용),시험,평일,07,15.16,T3,06,7.24,T1,-1
34-1,4388781,원주역(흥업방면.승차전용),시험,평일,08,22.26,T3,06,7.24,T1,-2
34-1,4388781,원주역(흥업방면.승차전용),시험,평일,17,16.02,T3,19,10.69,T2,2
34-1,4388781,원주역(흥업방면.승차전용),시험,평일,18,20.13,T3,19,10.69,T2,1
34-1,4388781,원주역(흥업방면.승차전용),시험,평일,20,17.01,T3,21,10.65,T2,1
34-1,4388781,원주역(흥업방면.승차전용),시험,토요일,09,13.69,T3,07,8.77,T1,-2
34-1,4388781,원주역(흥업방면.승차전용),시험,토요일,11,16.37,T3,10,10.83,T2,-1
34-1,4388781,원주역(흥업방면.승차전용),시험,토요일,20,15.75,T3,21,8.89,T1,1
34-1,4388781,원주역(흥업방면.승차전용),시험,일요일·공휴일,11,14.87,T3,09,9.05,T2,-2
34-1,4388781,원주역(흥업방면.승차전용),시험,일요일·공휴일,12,20.7,T3,10,12.39,T2,-2
34-1,4388781,원주역(흥업방면.승차전용),계절학기,평일,08,20.59,T3,06,6.4,T1,-2
34-1,4388781,원주역(흥업방면.승차전용),계절학기,평일,09,13.31,T3,07,11.86,T2,-2
34-1,4388781,원주역(흥업방면.승차전용),계절학기,평일,17,13.78,T3,19,10.51,T2,2
34-1,4388781,원주역(흥업방면.승차전용),계절학기,평일,18,14.94,T3,20,8.49,T1,2
34-1,4388781,원주역(흥업방면.승차전용),계절학기,토요일,10,15.69,T3,08,7.93,T1,-2
34-1,4388781,원주역(흥업방면.승차전용),계절학기,토요일,11,26.4,T3,09,11.96,T2,-2
34-1,4388781,원주역(흥업방면.승차전용),계절학기,토요일,15,13.65,T3,17,11.19,T2,2
34-1,4388781,원주역(흥업방면.승차전용),계절학기,일요일·공휴일,13,13.28,T3,11,9.61,T2,-2
34-1,4388781,원주역(흥업방면.승차전용),방학,평일,08,13.95,T3,06,6.86,T1,-2
34-1,4388781,원주역(흥업방면.승차전용),방학,평일,09,14.11,T3,07,11.15,T2,-2
34-1,4388781,원주역(흥업방면.승차전용),방학,평일,17,19.71,T3,19,10.69,T2,2
34-1,4388781,원주역(흥업방면.승차전용),방학,평일,18,15.63,T3,19,10.69,T2,1
34-1,4388781,원주역(흥업방면.승차전용),방학,토요일,11,14.11,T3,09,8.08,T1,-2
34-1,4388781,원주역(흥업방면.승차전용),방학,토요일,13,13.3,T3,15,11.93,T2,2
34-1,4388781,원주역(흥업방면.승차전용),방학,토요일,14,15.43,T3,16,11.59,T2,2
34-1,4388781,원주역(흥업방면.승차전용),방학,일요일·공휴일,15,13.9,T3,14,11.49,T2,-1
34-1,4388781,원주역(흥업방면.승차전용),방학,일요일·공휴일,16,15.08,T3,14,11.49,T2,-2
34-1,4388811,연세대(귀래방면),시험,평일,08,14.57,T3,07,7.91,T1,-1
34-1,4388811,연세대(귀래방면),시험,평일,13,21.77,T3,11,9.01,T1,-2
34-1,4389041,은행정마을,학기,평일,06,13.95,T3,07,11.93,T2,1
34-1,4389041,은행정마을,학기,평일,08,30.8,T3,07,11.93,T2,-1
34-1,4389041,은행정마을,학기,평일,09,22.24,T3,07,11.93,T2,-2
34-1,4389041,은행정마을,학기,평일,17,19.81,T3,19,10.09,T2,2
34-1,4389041,은행정마을,학기,평일,18,24.36,T3,19,10.09,T2,1
34-1,4389041,은행정마을,학기,토요일,08,17.92,T3,07,5.37,T1,-1
34-1,4389041,은행정마을,학기,토요일,09,14.88,T3,07,5.37,T1,-2
34-1,4389041,은행정마을,학기,토요일,10,16.61,T3,12,12.8,T2,2
34-1,4389041,은행정마을,학기,토요일,11,13.4,T3,12,12.8,T2,1
34-1,4389041,은행정마을,학기,토요일,13,14.62,T3,12,12.8,T2,-1
34-1,4389041,은행정마을,학기,토요일,14,15.55,T3,16,11.73,T2,2
34-1,4389041,은행정마을,학기,토요일,15,18.41,T3,16,11.73,T2,1
34-1,4389041,은행정마을,학기,토요일,17,13.79,T3,19,11.09,T2,2
34-1,4389041,은행정마을,학기,토요일,18,14.26,T3,19,11.09,T2,1
34-1,4389041,은행정마을,학기,일요일·공휴일,10,14.74,T3,09,8.92,T1,-1
34-1,4389041,은행정마을,학기,일요일·공휴일,12,13.54,T3,11,12.48,T2,-1
34-1,4389041,은행정마을,학기,일요일·공휴일,13,15.88,T3,11,12.48,T2,-2
34-1,4389041,은행정마을,시험,평일,08,21.73,T3,07,8.24,T1,-1
34-1,4389041,은행정마을,시험,평일,09,14.82,T3,07,8.24,T1,-2
34-1,4389041,은행정마을,시험,평일,17,16.59,T3,19,10.42,T2,2
34-1,4389041,은행정마을,시험,평일,18,19.61,T3,19,10.42,T2,1
34-1,4389041,은행정마을,계절학기,평일,08,17.64,T3,07,8.01,T1,-1
34-1,4389041,은행정마을,계절학기,평일,10,15.97,T3,09,12.2,T2,-1
34-1,4389041,은행정마을,계절학기,평일,11,15.42,T3,09,12.2,T2,-2
34-1,4389041,은행정마을,계절학기,평일,17,13.98,T3,19,7.6,T1,2
34-1,4389041,은행정마을,계절학기,평일,18,14.09,T3,20,6.44,T1,2
34-1,4389041,은행정마을,계절학기,토요일,10,13.97,T3,09,9.21,T2,-1
34-1,4389041,은행정마을,계절학기,토요일,11,15.88,T3,09,9.21,T2,-2
34-1,4389041,은행정마을,방학,평일,08,24.51,T3,06,8.36,T1,-2
34-1,4389041,은행정마을,방학,평일,10,16.75,T3,11,12.4,T2,1
34-1,4389041,은행정마을,방학,평일,12,17.11,T3,11,12.4,T2,-1
34-1,4389041,은행정마을,방학,평일,13,21.36,T3,11,12.4,T2,-2
34-1,4389041,은행정마을,방학,평일,17,21.28,T3,19,9.54,T2,2
34-1,4389041,은행정마을,방학,평일,18,18.7,T3,20,8.75,T1,2
34-1,4389041,은행정마을,방학,토요일,11,16.67,T3,09,10.25,T2,-2
34-1,4389041,은행정마을,방학,토요일,14,15.5,T3,16,9.84,T2,2
34-1,4389041,은행정마을,방학,토요일,18,13.42,T3,16,9.84,T2,-2
34-1,4389041,은행정마을,방학,일요일·공휴일,13,13.29,T3,11,9.39,T2,-2
34-1,4389041,은행정마을,방학,일요일·공휴일,15,15.87,T3,16,11.69,T2,1
34-1,4389041,은행정마을,방학,일요일·공휴일,17,15.67,T3,19,8.04,T1,2
34-1,4389041,은행정마을,방학,일요일·공휴일,18,13.27,T3,19,8.04,T1,1
34-1,4389051,은행정마을,학기,평일,10,19.74,T3,09,10.27,T2,-1
34-1,4389051,은행정마을,학기,평일,12,19.9,T3,14,10.28,T2,2
34-1,4389051,은행정마을,학기,평일,13,28.44,T3,14,10.28,T2,1
34-1,4389051,은행정마을,학기,평일,16,22.51,T3,14,10.28,T2,-2
34-1,4389051,은행정마을,학기,평일,17,16.27,T3,19,9.93,T2,2
34-1,4389051,은행정마을,학기,평일,18,14.52,T3,19,9.93,T2,1
34-1,4389051,은행정마을,학기,토요일,15,15.2,T3,17,8.93,T1,2
34-1,4389051,은행정마을,학기,일요일·공휴일,14,14.32,T3,12,9.04,T2,-2
34-1,4389051,은행정마을,학기,일요일·공휴일,16,13.38,T3,18,11.91,T2,2
34-1,4389051,은행정마을,학기,일요일·공휴일,17,13.54,T3,18,11.91,T2,1
34-1,4389051,은행정마을,학기,일요일·공휴일,19,18.95,T3,18,11.91,T2,-1
34-1,4389051,은행정마을,학기,일요일·공휴일,20,32.48,T3,18,11.91,T2,-2
34-1,4389051,은행정마을,시험,평일,08,15.02,T3,09,11.95,T2,1
34-1,4389051,은행정마을,시험,평일,10,20.58,T3,09,11.95,T2,-1
34-1,4389051,은행정마을,시험,평일,13,26.7,T3,12,12.48,T2,-1
34-1,4389051,은행정마을,시험,평일,17,13.73,T3,19,8.92,T1,2
34-1,4389051,은행정마을,시험,평일,18,15.47,T3,19,8.92,T1,1
34-1,4389051,은행정마을,시험,토요일,12,15.9,T3,10,10.66,T2,-2
34-1,4389051,은행정마을,계절학기,평일,10,15.25,T3,08,10.5,T2,-2
34-1,4389051,은행정마을,계절학기,평일,11,15.72,T3,09,10.8,T2,-2
34-1,4389051,은행정마을,계절학기,평일,13,17.5,T3,12,11.38,T2,-1
34-1,4389051,은행정마을,계절학기,평일,15,14.22,T3,14,12.68,T2,-1
34-1,4389051,은행정마을,계절학기,평일,16,16.57,T3,18,10.08,T2,2
34-1,4389051,은행정마을,계절학기,평일,17,16.11,T3,19,8.02,T1,2
34-1,4389051,은행정마을,방학,평일,13,15.36,T3,11,9.8,T2,-2
34-1,4389051,은행정마을,방학,평일,14,13.21,T3,12,12.31,T2,-2
34-1,4389051,은행정마을,방학,평일,16,14.04,T3,18,10.86,T2,2
34-1,4389051,은행정마을,방학,평일,17,19.52,T3,19,9.81,T2,2
34-1,4389051,은행정마을,방학,토요일,12,14.66,T3,10,9.4,T2,-2
34-1,4389051,은행정마을,방학,토요일,14,14.07,T3,16,11.49,T2,2
34-1,4389051,은행정마을,방학,일요일·공휴일,14,14.57,T3,12,8.36,T1,-2
34-1,4389051,은행정마을,방학,일요일·공휴일,15,14.65,T3,17,9.18,T2,2
34-1,4389061,연세대삼거리,학기,평일,12,13.44,T3,11,5.85,T1,-1
34-1,4389061,연세대삼거리,시험,평일,10,14.34,T3,11,11.02,T2,1
34-1,4389071,회촌,학기,평일,18,14.16,T3,19,5.9,T1,1
34-1,4389071,회촌,학기,일요일·공휴일,19,13.59,T3,18,11.33,T2,-1
34-1,4389071,회촌,시험,평일,08,14.68,T3,10,10.43,T2,2
34-1,4389071,회촌,시험,평일,12,13.9,T3,10,10.43,T2,-2
34-1,4389071,회촌,방학,평일,13,14.66,T3,11,7.36,T1,-2
34-1,4389081,원주역(시내방면.승차전용),학기,평일,07,13.57,T3,08,12.24,T2,1
34-1,4389081,원주역(시내방면.승차전용),학기,평일,09,20.0,T3,08,12.24,T2,-1
34-1,4389081,원주역(시내방면.승차전용),학기,평일,10,23.79,T3,08,12.24,T2,-2
34-1,4389081,원주역(시내방면.승차전용),학기,평일,19,19.17,T3,21,10.17,T2,2
34-1,4389081,원주역(시내방면.승차전용),학기,평일,20,15.56,T3,21,10.17,T2,1
34-1,4389081,원주역(시내방면.승차전용),학기,토요일,08,18.82,T3,07,5.28,T1,-1
34-1,4389081,원주역(시내방면.승차전용),학기,토요일,09,17.38,T3,07,5.28,T1,-2
34-1,4389081,원주역(시내방면.승차전용),학기,토요일,17,14.03,T3,19,9.42,T2,2
34-1,4389081,원주역(시내방면.승차전용),학기,토요일,18,21.39,T3,19,9.42,T2,1
34-1,4389081,원주역(시내방면.승차전용),학기,일요일·공휴일,10,14.86,T3,08,8.77,T1,-2
34-1,4389081,원주역(시내방면.승차전용),학기,일요일·공휴일,11,16.16,T3,12,11.37,T2,1
34-1,4389081,원주역(시내방면.승차전용),학기,일요일·공휴일,13,17.36,T3,12,11.37,T2,-1
34-1,4389081,원주역(시내방면.승차전용),학기,일요일·공휴일,15,16.88,T3,14,12.81,T2,-1
34-1,4389081,원주역(시내방면.승차전용),학기,일요일·공휴일,16,20.1,T3,14,12.81,T2,-2
34-1,4389081,원주역(시내방면.승차전용),학기,일요일·공휴일,17,15.52,T3,19,12.39,T2,2
34-1,4389081,원주역(시내방면.승차전용),학기,일요일·공휴일,18,23.1,T3,19,12.39,T2,1
34-1,4389081,원주역(시내방면.승차전용),학기,일요일·공휴일,20,13.95,T3,21,12.19,T2,1
34-1,4389081,원주역(시내방면.승차전용),시험,평일,08,16.31,T3,06,8.08,T1,-2
34-1,4389081,원주역(시내방면.승차전용),시험,평일,09,17.54,T3,07,9.41,T2,-2
34-1,4389081,원주역(시내방면.승차전용),시험,평일,18,21.38,T3,20,11.31,T2,2
34-1,4389081,원주역(시내방면.승차전용),시험,평일,19,14.93,T3,21,9.32,T2,2
34-1,4389081,원주역(시내방면.승차전용),시험,토요일,09,17.27,T3,08,10.83,T2,-1
34-1,4389081,원주역(시내방면.승차전용),시험,토요일,11,23.37,T3,10,13.16,T2,-1
34-1,4389081,원주역(시내방면.승차전용),시험,토요일,12,18.06,T3,10,13.16,T2,-2
34-1,4389081,원주역(시내방면.승차전용),시험,토요일,13,14.69,T3,15,12.48,T2,2
34-1,4389081,원주역(시내방면.승차전용),시험,토요일,17,13.71,T3,19,8.88,T1,2
34-1,4389081,원주역(시내방면.승차전용),시험,토요일,18,15.76,T3,19,8.88,T1,1
34-1,4389081,원주역(시내방면.승차전용),시험,토요일,20,15.0,T3,21,8.56,T1,1
34-1,4389081,원주역(시내방면.승차전용),시험,일요일·공휴일,11,14.87,T3,09,10.1,T2,-2
34-1,4389081,원주역(시내방면.승차전용),시험,일요일·공휴일,17,16.63,T3,19,13.03,T2,2
34-1,4389081,원주역(시내방면.승차전용),시험,일요일·공휴일,18,13.22,T3,19,13.03,T2,1
34-1,4389081,원주역(시내방면.승차전용),시험,일요일·공휴일,20,17.52,T3,19,13.03,T2,-1
34-1,4389081,원주역(시내방면.승차전용),계절학기,평일,08,17.32,T3,06,7.93,T1,-2
34-1,4389081,원주역(시내방면.승차전용),계절학기,평일,09,17.45,T3,07,11.91,T2,-2
34-1,4389081,원주역(시내방면.승차전용),계절학기,평일,17,16.77,T3,19,10.31,T2,2
34-1,4389081,원주역(시내방면.승차전용),계절학기,평일,18,21.3,T3,20,9.91,T2,2
34-1,4389081,원주역(시내방면.승차전용),계절학기,토요일,09,14.25,T3,07,3.06,T1,-2
34-1,4389081,원주역(시내방면.승차전용),계절학기,토요일,10,14.26,T3,08,9.42,T2,-2
34-1,4389081,원주역(시내방면.승차전용),계절학기,토요일,11,24.04,T3,12,11.74,T2,1
34-1,4389081,원주역(시내방면.승차전용),계절학기,토요일,13,16.1,T3,12,11.74,T2,-1
34-1,4389081,원주역(시내방면.승차전용),계절학기,토요일,14,17.49,T3,12,11.74,T2,-2
34-1,4389081,원주역(시내방면.승차전용),계절학기,토요일,16,15.13,T3,18,12.54,T2,2
34-1,4389081,원주역(시내방면.승차전용),계절학기,토요일,17,14.62,T3,19,8.09,T1,2
34-1,4389081,원주역(시내방면.승차전용),방학,평일,08,18.63,T3,07,6.83,T1,-1
34-1,4389081,원주역(시내방면.승차전용),방학,평일,09,17.02,T3,07,6.83,T1,-2
34-1,4389081,원주역(시내방면.승차전용),방학,평일,17,16.54,T3,19,11.51,T2,2
34-1,4389081,원주역(시내방면.승차전용),방학,평일,18,25.8,T3,19,11.51,T2,1
34-1,4389081,원주역(시내방면.승차전용),방학,토요일,10,16.74,T3,08,12.36,T2,-2
34-1,4389081,원주역(시내방면.승차전용),방학,토요일,11,17.82,T3,09,12.53,T2,-2
34-1,4389081,원주역(시내방면.승차전용),방학,토요일,14,14.41,T3,16,12.67,T2,2
34-1,4389081,원주역(시내방면.승차전용),방학,토요일,15,14.36,T3,16,12.67,T2,1
34-1,4389081,원주역(시내방면.승차전용),방학,토요일,18,14.19,T3,19,8.13,T1,1
34-1,4389081,원주역(시내방면.승차전용),방학,일요일·공휴일,10,16.26,T3,08,9.22,T2,-2
34-1,4389081,원주역(시내방면.승차전용),방학,일요일·공휴일,11,17.31,T3,09,9.54,T2,-2
34-1,4389081,원주역(시내방면.승차전용),방학,일요일·공휴일,15,16.56,T3,17,10.31,T2,2
34-1,4389081,원주역(시내방면.승차전용),방학,일요일·공휴일,16,14.43,T3,17,10.31,T2,1
34-1,4389081,원주역(시내방면.승차전용),방학,일요일·공휴일,18,19.3,T3,17,10.31,T2,-1
34-1,4389451,원주역(하차전용),학기,평일,08,17.64,T3,06,2.84,T1,-2
34-1,4389451,원주역(하차전용),학기,평일,09,18.76,T3,07,8.08,T1,-2
34-1,4389451,원주역(하차전용),학기,평일,10,15.23,T3,11,9.78,T2,1
34-1,4389451,원주역(하차전용),학기,평일,12,18.08,T3,11,9.78,T2,-1
34-1,4389451,원주역(하차전용),학기,평일,13,21.59,T3,11,9.78,T2,-2
34-1,4389451,원주역(하차전용),학기,평일,16,14.98,T3,15,12.65,T2,-1
34-1,4389451,원주역(하차전용),학기,평일,17,13.99,T3,19,9.61,T2,2
34-1,4389451,원주역(하차전용),학기,평일,18,17.75,T3,19,9.61,T2,1
34-1,4389451,원주역(하차전용),학기,일요일·공휴일,16,16.05,T3,14,9.55,T2,-2
34-1,4389451,원주역(하차전용),학기,일요일·공휴일,17,16.04,T3,15,10.89,T2,-2
34-1,4389451,원주역(하차전용),시험,평일,08,15.46,T3,06,5.15,T1,-2
34-1,4389451,원주역(하차전용),시험,평일,12,15.79,T3,11,12.5,T2,-1
34-1,4389451,원주역(하차전용),시험,평일,13,20.39,T3,11,12.5,T2,-2
34-1,4389451,원주역(하차전용),시험,평일,17,13.26,T3,19,8.17,T1,2
34-1,4389451,원주역(하차전용),시험,평일,18,17.01,T3,19,8.17,T1,1
34-1,4389451,원주역(하차전용),시험,토요일,09,13.69,T3,07,7.02,T1,-2
34-1,4389451,원주역(하차전용),시험,토요일,11,15.29,T3,10,10.91,T2,-1
34-1,4389451,원주역(하차전용),시험,토요일,12,15.98,T3,10,10.91,T2,-2
34-1,4389451,원주역(하차전용),시험,토요일,14,16.96,T3,13,12.44,T2,-1
34-1,4389451,원주역(하차전용),시험,토요일,15,13.4,T3,17,11.71,T2,2
34-1,4389451,원주역(하차전용),시험,토요일,20,16.83,T3,21,8.56,T1,1
34-1,4389451,원주역(하차전용),시험,일요일·공휴일,11,13.21,T3,09,9.46,T2,-2
34-1,4389451,원주역(하차전용),시험,일요일·공휴일,12,17.42,T3,10,12.06,T2,-2
34-1,4389451,원주역(하차전용),시험,일요일·공휴일,16,17.08,T3,18,13.06,T2,2
34-1,4389451,원주역(하차전용),시험,일요일·공휴일,17,14.8,T3,19,11.11,T2,2
34-1,4389451,원주역(하차전용),시험,일요일·공휴일,20,19.38,T3,19,11.11,T2,-1
34-1,4389451,원주역(하차전용),시험,일요일·공휴일,21,19.0,T3,19,11.11,T2,-2
34-1,4389451,원주역(하차전용),계절학기,평일,12,13.98,T3,10,11.15,T2,-2
34-1,4389451,원주역(하차전용),계절학기,평일,13,14.3,T3,14,12.11,T2,1
34-1,4389451,원주역(하차전용),계절학기,평일,16,13.81,T3,14,12.11,T2,-2
34-1,4389451,원주역(하차전용),계절학기,평일,17,18.33,T3,19,8.77,T1,2
34-1,4389451,원주역(하차전용),방학,평일,13,15.46,T3,11,10.14,T2,-2
34-1,4389451,원주역(하차전용),방학,평일,14,13.22,T3,12,10.64,T2,-2
34-1,4389451,원주역(하차전용),방학,평일,16,13.72,T3,18,11.33,T2,2
34-1,4389451,원주역(하차전용),방학,평일,17,16.32,T3,19,6.35,T1,2
